binding_energy_eV,synthetic_observation,total,primary1,primary3,primary2
2.818000000000000114e+02,3.048861429645938204e-02,2.803409649419239327e-02,8.654993590208551729e-31,3.786573460898458873e-21,3.409649419239158555e-05
2.818113999999999919e+02,3.150109155091151275e-02,2.803695676875322604e-02,1.089586367193528969e-30,4.692545733956255089e-21,3.695676875322437776e-05
2.818228000000000293e+02,3.491698033089362524e-02,2.804004427753700734e-02,1.371162072384545560e-30,5.812375243063164203e-21,4.004427753700811010e-05
2.818342000000000098e+02,2.735726820918983268e-02,2.804337596379460895e-02,1.724837332861731502e-30,7.195844629726671782e-21,4.337596379460872107e-05
2.818455999999999904e+02,3.465345842301728596e-02,2.804696994131608903e-02,2.168900936505459735e-30,8.904159153604815663e-21,4.696994131608799424e-05
2.818570000000000277e+02,3.334399400269494329e-02,2.805084556788212113e-02,2.726236385597872093e-30,1.101252870433011112e-20,5.084556788211908100e-05
2.818684000000000083e+02,2.005016278281570793e-02,2.805502352275935501e-02,3.425464918822532027e-30,1.361332446760905720e-20,5.502352275935552958e-05
2.818797999999999888e+02,2.486693599866232965e-02,2.805952588842146322e-02,4.302370027054520798e-30,1.681993609160189045e-20,5.952588842146354961e-05
2.818912000000000262e+02,2.040349011752433037e-02,2.806437623668222442e-02,5.401672073399430816e-30,2.077148229849416152e-20,6.437623668222264370e-05
2.819026000000000067e+02,2.273437069479852801e-02,2.806959971943276053e-02,6.779238174376377149e-30,2.563856071923503442e-20,6.959971943276072937e-05
2.819139999999999873e+02,3.560718919735919585e-02,2.807522316418020747e-02,8.504832992716003714e-30,3.163026248709820237e-20,7.522316418020817371e-05
2.819254000000000246e+02,2.186320980343426507e-02,2.808127517458936656e-02,1.066554146382426353e-29,3.900272524077470537e-20,8.127517458936427065e-05
2.819368000000000052e+02,1.019607789986919089e-02,2.808778623623444520e-02,1.337002587624485724e-29,4.806955638657157397e-20,8.778623623444414576e-05
2.819481999999999857e+02,2.231499075475932084e-02,2.809478882777284234e-02,1.675381856656986784e-29,5.921452882460130884e-20,9.478882777284172788e-05
2.819596000000000231e+02,2.812803176931885293e-02,2.810231753775652500e-02,2.098589951465117162e-29,7.290703634576347448e-20,1.023175377565244262e-04
2.819710000000000036e+02,3.089131597366213955e-02,2.811040918730177765e-02,2.627686748452200248e-29,8.972089855059680307e-20,1.104091873017758749e-04
2.819823999999999842e+02,2.627385824316099197e-02,2.811910295884227987e-02,3.288908669390370138e-29,1.103572290174119807e-19,1.191029588422778056e-04
2.819938000000000216e+02,3.866847801350738884e-02,2.812844053119330223e-02,4.114928156362692656e-29,1.356722298609259078e-19,1.284405311933006191e-04
2.820052000000000021e+02,1.811861447909024481e-02,2.813846622115925150e-02,5.146416390225668340e-29,1.667109559449695374e-19,1.384662211592523550e-04
2.820165999999999826e+02,4.142402035389913112e-02,2.814922713192026180e-02,6.433981484106302129e-29,2.047483090284923906e-19,1.492271319202621892e-04
2.820280000000000200e+02,1.076698223656727404e-02,2.816077330843499982e-02,8.040571399700349679e-29,2.513387834379948456e-19,1.607733084349991805e-04
2.820394000000000005e+02,3.246083611026217425e-02,2.817315790010053653e-02,1.004445181407288175e-28,3.083767993508145962e-19,1.731579001005343179e-04
2.820508000000000379e+02,3.242916093631572488e-02,2.818643733091237905e-02,1.254289502058554257e-28,3.781698380428996212e-19,1.864373309123770804e-04
2.820622000000000185e+02,2.392434119603734782e-02,2.820067147736715629e-02,1.565674779899078049e-28,4.635270481666348762e-19,2.006714773671548421e-04
2.820735999999999990e+02,3.561633051414444390e-02,2.821592385435475400e-02,1.953608541219156756e-28,5.678665384629571936e-19,2.159238543547537447e-04
2.820850000000000364e+02,3.076852382109890316e-02,2.823226180928372492e-02,2.436720716398074941e-28,6.953452283033315659e-19,2.322618092837219230e-04
2.820964000000000169e+02,2.480970254278425796e-02,2.824975672468564916e-02,3.038128835127171275e-28,8.510159147353942906e-19,2.497567246856481453e-04
2.821077999999999975e+02,2.964189408077666510e-02,2.826848422954369305e-02,3.786507649671076315e-28,1.041017158975502718e-18,2.684842295436924708e-04
2.821192000000000348e+02,3.039366024702405689e-02,2.828852441958655192e-02,4.717410955310723630e-28,1.272802727196674650e-18,2.885244195865490084e-04
2.821306000000000154e+02,2.607786485104905683e-02,2.830996208678887571e-02,5.874904412865101413e-28,1.555418676587818685e-18,3.099620867888722565e-04
2.821419999999999959e+02,3.074957090141774985e-02,2.833288695831650064e-02,7.313581733662763330e-28,1.899837801462754165e-18,3.328869583164975111e-04
2.821534000000000333e+02,3.096879666184426325e-02,2.835739394514796147e-02,9.101053230726696837e-28,2.319363097364861132e-18,3.573939451479596916e-04
2.821648000000000138e+02,2.882758273320118469e-02,2.838358340060145868e-02,1.132101616667820047e-27,2.830114225262944456e-18,3.835834006014544103e-04
2.821761999999999944e+02,1.172282148004904004e-02,2.841156138899103220e-02,1.407704138822763101e-27,3.451613736106294408e-18,4.115613889910269018e-04
2.821876000000000317e+02,2.781898898934886608e-02,2.844143996462545135e-02,1.749724146658138589e-27,4.207493134929508382e-18,4.414399646254466990e-04
2.821990000000000123e+02,2.905423253543524750e-02,2.847333746135835217e-02,2.174002323088302749e-27,5.126342826596777419e-18,4.733374613583471945e-04
2.822103999999999928e+02,2.234087421765256626e-02,2.850737879288976415e-02,2.700117373469174384e-27,6.242734714265747592e-18,5.073787928897577088e-04
2.822218000000000302e+02,4.585990029438979931e-02,2.854369576400468678e-02,3.352258522053368651e-27,7.598451861477825005e-18,5.436957640046778456e-04
2.822332000000000107e+02,3.420317511338521327e-02,2.858242739292659110e-02,4.160299384878831746e-27,9.243966351447308446e-18,5.824273929265802148e-04
2.822445999999999913e+02,3.027821098485006593e-02,2.862372024495172043e-02,5.161119164078709848e-27,1.124021448570766574e-17,6.237202449517080310e-04
2.822560000000000286e+02,2.253516402948588931e-02,2.866772877751074325e-02,6.400227467135887196e-27,1.366072799904227842e-17,6.677287775107277040e-04
2.822674000000000092e+02,2.833208522061618495e-02,2.871461569679334414e-02,7.933761720273651388e-27,1.659419131367001051e-17,7.146156967933286986e-04
2.822787999999999897e+02,1.522532101338337079e-02,2.876455232605526491e-02,9.830941625161561961e-27,2.014750834886788745e-17,7.645523260552447012e-04
2.822902000000000271e+02,2.751600671781546242e-02,2.881771898570244239e-02,1.217708401959481881e-26,2.444947843927887519e-17,8.177189857024168718e-04
2.823016000000000076e+02,1.508873261431222662e-02,2.887430538523251197e-02,1.507730459749113686e-26,2.965519996607210237e-17,8.743053852324811403e-04
2.823129999999999882e+02,4.083499019728125540e-02,2.893451102709314673e-02,1.866106113454236764e-26,3.595134292242809599e-17,9.345110270931113487e-04
2.823244000000000256e+02,3.507239001964260888e-02,2.899854562248591408e-02,2.308772726290468447e-26,4.356245847000797227e-17,9.985456224858686117e-04
2.823358000000000061e+02,2.017734860049936324e-02,2.906662951912587084e-02,2.855342779136980598e-26,5.275852536664985941e-17,1.066629519125819082e-03
2.823471999999999866e+02,3.709790765354038788e-02,2.913899414094168333e-02,3.529941771413869289e-26,6.386397086171244794e-17,1.138994140941620081e-03
2.823586000000000240e+02,1.307614627883524686e-02,2.921588243966313433e-02,4.362234937936543029e-26,7.726844832811835101e-17,1.215882439663056773e-03
2.823700000000000045e+02,3.267709320551728802e-02,2.929754935822074385e-02,5.388684821301505314e-26,9.343970678599467227e-17,1.297549358220650897e-03
2.823813999999999851e+02,3.722178354870293859e-02,2.938426230585117552e-02,6.654090984004074093e-26,1.129389500430240634e-16,1.384262305851062178e-03
2.823928000000000225e+02,2.328822673114599659e-02,2.947630164475707401e-02,8.213474395994865374e-26,1.364391571594793483e-16,1.476301644756936818e-03
2.824042000000000030e+02,1.294879176363030251e-02,2.957396118814348968e-02,1.013438272212392495e-25,1.647469233796538175e-16,1.573961188143325161e-03
2.824155999999999835e+02,2.918190774258334896e-02,2.967754870941664500e-02,1.249970938057398568e-25,1.988284839369502431e-16,1.677548709416445136e-03
2.824270000000000209e+02,2.892683532769775231e-02,2.978738646227768391e-02,1.541113947829273539e-25,2.398407050293080459e-16,1.787386462277442637e-03
2.824384000000000015e+02,2.588990621256097302e-02,2.990381171141359359e-02,1.899336031661086730e-25,2.891679700625156429e-16,1.903811711413303746e-03
2.824497999999999820e+02,2.958917760879081760e-02,3.002717727344542814e-02,2.339920402269746785e-25,3.484660588038074036e-16,2.027177273445077144e-03
2.824612000000000194e+02,3.491672180004967013e-02,3.015785206773234639e-02,2.881592611631151650e-25,4.197143168620199171e-16,2.157852067731924704e-03
2.824725999999999999e+02,4.007894588494649579e-02,3.029622167659586779e-02,3.547286781745608364e-25,5.052776481883112427e-16,2.296221676595362401e-03
2.824840000000000373e+02,9.751402028023516827e-03,3.044268891448172198e-02,4.365080326909834106e-25,6.079801402073253123e-16,2.442688914481112947e-03
2.824954000000000178e+02,3.098322205259238307e-02,3.059767440550026363e-02,5.369333755789763239e-25,7.311924569033788831e-16,2.597674405499530992e-03
2.825067999999999984e+02,2.661215871249087220e-02,3.076161716877010704e-02,6.602079984677941637e-25,8.789355181400350560e-16,2.761617168769228258e-03
2.825182000000000357e+02,3.777688670372295748e-02,3.093497521089523181e-02,8.114717094811795125e-25,1.056003433382243079e-15,2.934975210894176078e-03
2.825296000000000163e+02,2.972871448570833450e-02,3.111822612487191372e-02,9.970069973185665176e-25,1.268109186310537343e-15,3.118226124870643757e-03
2.825409999999999968e+02,2.880276204162396728e-02,3.131186769466459685e-02,1.224490020472414385e-24,1.522057186822172095e-15,3.311867694663074482e-03
2.825524000000000342e+02,2.192092456487351043e-02,3.151641850460432104e-02,1.503296043639076941e-24,1.825947534061433479e-15,3.516418504602495092e-03
2.825638000000000147e+02,3.864103903527993378e-02,3.173241855272219275e-02,1.844870981696179719e-24,2.189417686518088274e-15,3.732418552720004248e-03
2.825751999999999953e+02,2.584796575616865252e-02,3.196042986706958133e-02,2.263183175847556081e-24,2.623928233803704214e-15,3.960429867066958716e-03
2.825866000000000327e+02,2.647217652233852317e-02,3.220103712398186824e-02,2.775272504361771142e-24,3.143100633784552323e-15,4.201037123978724336e-03
2.825980000000000132e+02,3.934314275504351144e-02,3.245484826720104743e-02,3.401917527432520701e-24,3.763116146784121945e-15,4.454848267197285099e-03
2.826093999999999937e+02,2.386066228826909386e-02,3.272249512670810656e-02,4.168445708920923084e-24,4.503186798374827711e-15,4.722495126703601769e-03
2.826208000000000311e+02,3.483157916550224525e-02,3.300463403601210793e-02,5.105716999558314114e-24,5.386111071932219409e-15,5.004634036006722769e-03
2.826322000000000116e+02,3.429380247063589654e-02,3.330194644660289943e-02,6.251317390108119408e-24,6.438929216121320054e-15,5.301946446596462158e-03
2.826435999999999922e+02,1.767961260636164225e-02,3.361513953820710610e-02,7.651006668992173618e-24,7.693695601978905274e-15,5.615139538199408545e-03
2.826550000000000296e+02,3.878612114732894051e-02,3.394494682337505925e-02,9.360473811007300717e-24,9.188388538495889627e-15,5.944946823365870707e-03
2.826664000000000101e+02,4.282411899855119441e-02,3.429212874488912766e-02,1.144746449944632933e-23,1.096798142376287927e-14,6.292128744878161886e-03
2.826777999999999906e+02,4.140018426389970724e-02,3.465747326441592085e-02,1.399435862317348197e-23,1.308570315011206700e-14,6.657473264402836120e-03
2.826892000000000280e+02,3.226627693971910460e-02,3.504179644070491706e-02,1.710129164847914495e-23,1.560452038796205015e-14,7.041796440689315241e-03
2.827006000000000085e+02,4.862211008387977429e-02,3.544594299560469008e-02,2.088993308981702013e-23,1.859887985114772539e-14,7.445942995586093266e-03
2.827119999999999891e+02,4.532264248800680490e-02,3.587078686610051942e-02,2.550805854763285252e-23,2.215675501862843678e-14,7.870786866078361213e-03
2.827234000000000265e+02,4.329096701306958672e-02,3.631723174045067837e-02,3.113507972809247340e-23,2.638204919466869238e-14,8.317231740424296110e-03
2.827348000000000070e+02,2.520049464273775575e-02,3.678621157647550544e-02,3.798873044738611860e-23,3.139741539616599927e-14,8.786211576444111562e-03
2.827461999999999875e+02,3.699333039771320053e-02,3.727869109998924874e-02,4.633314697299976696e-23,3.734756354907901272e-14,9.278691099951903026e-03
2.827576000000000249e+02,3.838738254649369519e-02,3.779566628123232075e-02,5.648862950548427872e-23,4.440313707162737319e-14,9.795666281187912980e-03
2.827690000000000055e+02,5.082589507472523582e-02,3.833816478715004056e-02,6.884342976181469708e-23,5.276525437114955933e-14,1.033816478709727489e-02
2.827803999999999860e+02,4.254055457203770318e-02,3.890724640730577888e-02,8.386797939829655445e-23,6.267082636959227945e-14,1.090724640724310968e-02
2.827918000000000234e+02,2.739605011540554441e-02,3.950400345107892702e-02,1.021320576910835742e-22,7.439877922760452379e-14,1.150400345100452588e-02
2.828032000000000039e+02,2.627797456777576646e-02,4.012956111380272528e-02,1.243254972087528145e-22,8.827733234061285127e-14,1.212956111371444462e-02
2.828145999999999844e+02,4.072118202593302122e-02,4.078507780944647804e-02,1.512831464168505623e-22,1.046925058641880626e-13,1.278507780934178689e-02
2.828260000000000218e+02,4.836738117762440226e-02,4.147174546730679479e-02,1.840149521272693653e-22,1.240980599864551873e-13,1.347174546718269729e-02
2.828374000000000024e+02,4.855907260047521296e-02,4.219078979019609543e-02,2.237421970817445792e-22,1.470271004784382549e-13,1.419078979004906663e-02
2.828487999999999829e+02,4.883252244508546475e-02,4.294347047157763553e-02,2.719411342476639229e-22,1.741056223696835658e-13,1.494347047140352942e-02
2.828602000000000203e+02,4.824533300271970776e-02,4.373108136895528797e-02,3.303955061664918781e-22,2.060683066616228555e-13,1.573108136874922305e-02
2.828716000000000008e+02,3.223060891741424960e-02,4.455495063087318297e-02,4.012597327624953397e-22,2.437769346701254053e-13,1.655495063062940864e-02
2.828829999999999814e+02,5.021703681445102707e-02,4.541644077485663955e-02,4.871349036866413063e-22,2.882418418553193261e-13,1.741644077456839385e-02
2.828944000000000187e+02,3.395992550189635972e-02,4.631694871348414344e-02,5.911601325901227566e-22,3.406468989643335176e-13,1.831694871314349174e-02
2.829057999999999993e+02,6.231229234185174659e-02,4.725790572585663457e-02,7.171223338756027685e-22,4.023785842728622670e-13,1.925790572545425447e-02
2.829172000000000367e+02,4.130083578031740199e-02,4.824077737172835501e-02,8.695880830792156621e-22,4.750597981133544863e-13,2.024077737125329346e-02
2.829286000000000172e+02,6.042808788795341057e-02,4.926706334538474841e-02,1.054061938633831063e-21,5.605891713699016913e-13,2.126706334482415806e-02
2.829399999999999977e+02,5.242191336631463888e-02,5.033829726660216108e-02,1.277176457484979976e-21,6.611867351379602827e-13,2.233829726594097065e-02
2.829514000000000351e+02,4.662544064494340140e-02,5.145604640576409428e-02,1.546920155915886774e-21,7.794469513852510911e-13,2.345604640498465121e-02
2.829628000000000156e+02,5.062995406076833266e-02,5.262191134037831619e-02,1.872910881150047190e-21,9.184002567242133464e-13,2.462191133945991831e-02
2.829741999999999962e+02,5.061001543703068373e-02,5.383752554026507292e-02,2.266723505584929199e-21,1.081584446074706356e-12,2.583752553918348960e-02
2.829856000000000336e+02,6.393129872744812703e-02,5.510455487855447920e-02,2.742282577440807946e-21,1.273127423211264109e-12,2.710455487728135465e-02
2.829970000000000141e+02,5.938747530749066000e-02,5.642469706580643951e-02,3.316332610986700136e-21,1.497843074606379931e-12,2.842469706430859194e-02
2.830083999999999946e+02,6.850383022690902102e-02,5.779968100462408442e-02,4.009001137454261466e-21,1.761342285651548148e-12,2.979968100286273930e-02
2.830198000000000320e+02,6.358607046573000465e-02,5.923126606200418420e-02,4.844472536617955906e-21,2.070161418863724356e-12,3.123126605993402360e-02
2.830312000000000126e+02,6.384072002557963921e-02,6.072124125689032370e-02,5.851794114714604634e-21,2.431910917403073101e-12,3.272124125445841775e-02
2.830425999999999931e+02,5.850764455184664925e-02,6.227142436048103968e-02,7.065839988126632887e-21,2.855447090031529164e-12,3.427142435762559752e-02
2.830540000000000305e+02,4.824771278357647963e-02,6.388366090672421838e-02,8.528463193696160355e-21,3.351070582207627470e-12,3.588366090337315184e-02
2.830654000000000110e+02,6.857855437226895168e-02,6.555982311070158997e-02,1.028987221760346085e-20,3.930755550093214895e-12,3.755982310677082742e-02
2.830767999999999915e+02,6.501204476435089308e-02,6.730180869272635313e-02,1.241027498238174270e-20,4.608414138352843523e-12,3.930180868811793821e-02
2.830882000000000289e+02,8.127638234898393321e-02,6.911153960586120804e-02,1.496184145292158788e-20,5.400201528387691969e-12,4.111153960046100980e-02
2.830996000000000095e+02,7.525940151510052134e-02,7.099096066489213319e-02,1.803104565076493297e-20,6.324867582248793030e-12,4.299096065856726490e-02
2.831109999999999900e+02,7.188357941734190015e-02,7.294203807494623049e-02,2.172145927586246318e-20,7.404161971135502001e-12,4.494203806754207275e-02
2.831224000000000274e+02,7.185597547996989964e-02,7.496675785783157853e-02,2.615708264956275363e-20,8.663300659904106128e-12,4.696675784916827523e-02
2.831338000000000079e+02,7.856065790321301034e-02,7.706712417456343389e-02,3.148631469463933147e-20,1.013150273643279662e-11,4.906712416443193697e-02
2.831451999999999884e+02,7.605948261919821818e-02,7.924515754272966339e-02,3.788668260633449979e-20,1.184260784443058903e-11,5.124515753088704911e-02
2.831566000000000258e+02,8.648551987795739804e-02,8.150289294724095968e-02,4.557047427100814515e-20,1.383578591998699835e-11,5.350289293340516894e-02
2.831680000000000064e+02,7.543060991670945403e-02,8.384237784346032507e-02,5.479144298066080884e-20,1.615635256870092370e-11,5.584237782730397393e-02
2.831793999999999869e+02,8.374146341205576660e-02,8.626567005192919968e-02,6.585278530358550832e-20,1.885670527628105279e-11,5.826567003307248777e-02
2.831908000000000243e+02,9.183148338139170141e-02,8.877483554380245778e-02,7.911662996338593164e-20,2.199739774884803494e-11,6.077483552180506371e-02
2.832022000000000048e+02,9.627629947267044019e-02,9.137194611661630939e-02,9.501531926606452171e-20,2.564837206219262170e-11,6.337194609096793996e-02
2.832135999999999854e+02,1.035966731426568588e-01,9.405907696027117348e-02,1.140648161846166317e-19,2.989037099666709601e-11,6.605907693038080841e-02
2.832250000000000227e+02,8.722843119932981171e-02,9.683830411300418939e-02,1.368806310559360465e-19,3.481655598521359538e-11,6.883830407818763986e-02
2.832364000000000033e+02,1.195427696292139103e-01,9.971170180770226599e-02,1.641967336100772159e-19,4.053435955188963504e-11,7.171170176716791522e-02
2.832477999999999838e+02,1.042172262942779454e-01,1.026813397091977248e-01,1.968880006553619863e-19,4.716760501561708993e-11,7.468133966203012453e-02
2.832592000000000212e+02,1.105844146205561679e-01,1.057492800430742952e-01,2.359968494336688530e-19,5.485893063317853903e-11,7.774927998821536124e-02
2.832706000000000017e+02,1.136434629081922443e-01,1.089175746171512360e-01,2.827648240900558232e-19,6.377256032053314111e-11,8.091757455337868221e-02
2.832819999999999823e+02,1.185347078214543104e-01,1.121882617371365298e-01,3.386700409578151002e-19,7.409746868958587098e-11,8.418826166303906844e-02
2.832934000000000196e+02,1.069976299984551904e-01,1.155633630178100890e-01,4.054715610602077033e-19,8.605099444397543680e-11,8.756336293175909224e-02
2.833048000000000002e+02,1.157040030693207711e-01,1.190448800918040562e-01,4.852619496320590579e-19,9.988296328099651722e-11,9.104487999192109604e-02
2.833161999999999807e+02,1.300464904413593525e-01,1.226347912183939626e-01,5.805295075194006329e-19,1.158803894400547251e-10,9.463479110251357684e-02
2.833276000000000181e+02,1.224968430628767396e-01,1.263350477945660855e-01,6.942319238131102223e-19,1.343728340246757975e-10,9.833504766019325605e-02
2.833389999999999986e+02,1.402961446974825277e-01,1.301475707713923846e-01,8.298834098253620930e-19,1.557385083277097411e-10,1.021475706156538682e-01
2.833504000000000360e+02,1.279333745336931338e-01,1.340742469791316727e-01,9.916577394319163642e-19,1.804112217346252034e-10,1.060742467987204479e-01
2.833618000000000166e+02,1.419449331553810367e-01,1.381169253641399697e-01,1.184510049102462219e-18,2.088882865078812136e-10,1.101169251552516909e-01
2.833731999999999971e+02,1.544998831917412663e-01,1.422774131420520283e-01,1.414320753518192851e-18,2.417395060405146305e-10,1.142774129003125277e-01
2.833846000000000345e+02,1.329830197740965170e-01,1.465574718709857505e-01,1.688065521996496549e-18,2.796173891653071580e-10,1.185574715913683685e-01
2.833960000000000150e+02,1.544479695739964520e-01,1.509588134495260248e-01,2.014015951839502976e-18,3.232687510345693980e-10,1.229588131262572548e-01
2.834073999999999955e+02,1.514231526115408788e-01,1.554830960446092758e-01,2.401976384260646729e-18,3.735478811501648465e-10,1.274830956710613916e-01
2.834188000000000329e+02,1.521390546698402346e-01,1.601319199541889338e-01,2.863563256637446528e-18,4.314314815584471044e-10,1.321319195227574628e-01
2.834302000000000135e+02,1.664187896733391181e-01,1.649068234104624220e-01,3.412534494859242555e-18,4.980356033117460147e-10,1.369068229124268121e-01
2.834415999999999940e+02,1.700448152613087127e-01,1.698092783298310593e-01,4.065177748473495046e-18,5.746348373168244736e-10,1.418092777551962225e-01
2.834530000000000314e+02,1.617745142640520939e-01,1.748406860154595455e-01,4.840767790584340207e-18,6.626840469539236064e-10,1.468406853527755018e-01
2.834644000000000119e+02,1.742663245904461367e-01,1.800023728192499950e-01,5.762105180853746739e-18,7.638429647376693830e-10,1.520023720554070368e-01
2.834757999999999925e+02,1.833930322820250258e-01,1.852955857704203513e-01,6.856150365938853907e-18,8.800040141743118889e-10,1.572955848904163401e-01
2.834872000000000298e+02,1.981468924653852770e-01,1.907214881775093906e-01,8.154769816595313742e-18,1.013323761263630025e-09,1.627214871641856353e-01
2.834986000000000104e+02,1.947962822480630851e-01,1.962811552116092706e-01,9.695613632284166668e-18,1.166258448307335541e-09,1.682811540453508226e-01
2.835099999999999909e+02,2.062029059656904084e-01,2.019755694789818756e-01,1.152314734890568586e-17,1.341604116307630509e-09,1.739755681373777452e-01
2.835214000000000283e+02,2.183898438558382893e-01,2.078056165907682107e-01,1.368986454041703372e-17,1.542541881815054325e-09,1.798056150482263138e-01
2.835328000000000088e+02,2.141810984598546130e-01,2.137720807385026234e-01,1.625771130087985559e-17,1.772689000292590635e-09,1.857720789658136029e-01
2.835441999999999894e+02,2.137811753554887118e-01,2.198756402844680435e-01,1.929975893363222255e-17,2.036156421539728369e-09,1.918756382483116085e-01
2.835556000000000267e+02,2.275603961121971386e-01,2.261168633753893042e-01,2.290216727894655367e-17,2.337613624176132735e-09,1.981168610377756489e-01
2.835670000000000073e+02,2.281504823725368780e-01,2.324962035889800160e-01,2.716648822133071412e-17,2.682361606519821378e-09,2.044962009066183806e-01
2.835783999999999878e+02,2.552272950109215621e-01,2.390139956231388807e-01,3.221236719358619384e-17,3.076415011228617478e-09,2.110139925467238442e-01
2.835898000000000252e+02,2.366000270050610532e-01,2.456704510369507044e-01,3.818071012325070982e-17,3.526594471725149457e-09,2.176704475103561909e-01
2.836012000000000057e+02,2.422231252764254772e-01,2.524656540536686644e-01,4.523739446609433894e-17,4.040630390878033417e-09,2.244656500130381982e-01
2.836125999999999863e+02,2.515470897545709072e-01,2.593995574360836720e-01,5.357761598992968416e-17,4.627279497711929520e-09,2.313995528088041154e-01
2.836240000000000236e+02,2.716835749304157832e-01,2.664719784439304462e-01,6.343097809810484615e-17,5.296455677241105245e-09,2.384719731474746751e-01
2.836354000000000042e+02,2.653364063149667440e-01,2.736825948839968214e-01,7.506744805207017514e-17,6.059376733413806161e-09,2.456825888246200185e-01
2.836467999999999847e+02,2.800997874391710774e-01,2.810309412637676529e-01,8.880432484995982052e-17,6.928728926937871163e-09,2.530309343350385931e-01
2.836582000000000221e+02,2.936683523520264849e-01,2.885164050585549145e-01,1.050143871860455411e-16,7.918851329918805334e-09,2.605163971397034817e-01
2.836696000000000026e+02,2.947814320729906790e-01,2.961382231030705303e-01,1.241354173713987054e-16,9.045942259793381065e-09,2.681382140571281214e-01
2.836809999999999832e+02,3.068812161945315697e-01,3.038954781184836640e-01,1.466813289273982826e-16,1.032829029762950034e-08,2.758954677901931940e-01
2.836924000000000206e+02,3.007105826623744371e-01,3.117870953850004345e-01,1.732551624491307112e-16,1.178653266234551415e-08,2.837870835984675488e-01
2.837038000000000011e+02,3.095722870574070806e-01,3.198118395709775852e-01,2.045642570669861017e-16,1.344394400538991863e-08,2.918118261270333247e-01
2.837151999999999816e+02,3.174068326867321987e-01,3.279683117295939532e-01,2.414379543101374485e-16,1.532675901192501767e-08,2.999682964028346777e-01
2.837266000000000190e+02,3.419456635557401869e-01,3.362549464729525650e-01,2.848482484297033956e-16,1.746453254688500021e-08,3.082549290084197202e-01
2.837379999999999995e+02,3.491802487734787519e-01,3.446700093344356453e-01,3.359338634788624053e-16,1.989054147078160874e-08,3.166699894438937957e-01
2.837493999999999801e+02,3.482934537787771290e-01,3.532115943300557226e-01,3.960283140384704152e-16,2.264223267323702615e-08,3.252115716878226093e-01
2.837608000000000175e+02,3.509982515307190076e-01,3.618776217282532182e-01,4.666925949902052296e-16,2.576172233476159869e-08,3.338775959665303827e-01
2.837721999999999980e+02,3.832201517248168821e-01,3.706658360385046147e-01,5.497532480075131864e-16,2.929635193353553763e-08,3.426658067421520792e-01
2.837836000000000354e+02,3.936036431895539867e-01,3.795738042289758529e-01,6.473466705261497780e-16,3.329930706682319139e-08,3.515737709296681279e-01
2.837950000000000159e+02,3.792118436753076915e-01,3.885989141816635351e-01,7.619706692410713490e-16,3.783030575930824949e-08,3.605988763513570117e-01
2.838063999999999965e+02,4.034692926281110981e-01,3.977383733955905387e-01,8.965444174480035778e-16,4.295636358951800143e-08,3.697383304392260484e-01
2.838178000000000338e+02,4.099933530202075627e-01,4.069892079458943823e-01,1.054478156861873912e-15,4.875264368142202020e-08,3.789891591932496029e-01
2.838292000000000144e+02,4.207392683840722181e-01,4.163482617078320125e-01,1.239754193578652030e-15,5.530340038941587090e-08,3.883482064044303517e-01
2.838405999999999949e+02,4.306344369934592131e-01,4.258121958543454877e-01,1.457020978676538688e-15,6.270302635420191870e-08,3.978121331513176373e-01
2.838520000000000323e+02,4.282847619873860756e-01,4.353774886341707506e-01,1.711702341266656758e-15,7.105721352912560427e-08,4.073774175769555028e-01
2.838634000000000128e+02,4.415490806398920109e-01,4.450404354382682670e-01,2.010124261065337359e-15,8.048423977945505863e-08,4.170403549540264709e-01
2.838747999999999934e+02,4.641177977905859842e-01,4.547971491619245965e-01,2.359661934888987367e-15,9.111639374486337289e-08,4.267970580455284768e-01
2.838862000000000307e+02,4.703248603487026336e-01,4.646435608680815621e-01,2.768910313874826594e-15,1.031015518330899824e-07,4.366434577665269101e-01
2.838976000000000113e+02,4.619064305042174245e-01,4.745754207582024709e-01,3.247881773869177269e-15,1.166049224906564864e-07,4.465753041532767309e-01
2.839089999999999918e+02,4.973574035054097453e-01,4.845882994564687518e-01,3.808235139422987512e-15,1.318109742787927418e-07,4.565881676454906501e-01
2.839204000000000292e+02,4.952187968303691235e-01,4.946775896111846871e-01,4.463540922610588223e-15,1.489255657750452349e-07,4.666774406856143975e-01
2.839318000000000097e+02,4.996927833251117446e-01,5.048385078179857821e-01,5.229588373601200658e-15,1.681782969363077323e-07,4.768383396396836393e-01
2.839431999999999903e+02,5.126532187084736902e-01,5.150660968688465235e-01,6.124740784087207529e-15,1.898251033013480883e-07,4.870659070437370897e-01
2.839546000000000276e+02,5.143305373499740263e-01,5.253552283288634994e-01,7.170346452755953510e-15,2.141511162863415461e-07,4.973550141777400291e-01
2.839660000000000082e+02,5.340937239026419814e-01,5.357006054434765296e-01,8.391213831991651555e-15,2.414738148517939830e-07,5.077003639696532344e-01
2.839773999999999887e+02,5.397731923872159943e-01,5.460967663781145509e-01,9.816160646896404680e-15,2.721464959970558787e-07,5.180964942316087507e-01
2.839888000000000261e+02,5.529671750523399432e-01,5.565380877901571210e-01,1.147864823429561346e-14,3.065620938755226182e-07,5.285377812280517285e-01
2.840002000000000066e+02,5.724271132215846825e-01,5.670187887337501120e-01,1.341751401723559852e-14,3.451573798402973644e-07,5.390184435763568649e-01
2.840115999999999872e+02,5.739100210491074883e-01,5.775329348972952914e-01,1.567781693895407869e-14,3.884175784285504786e-07,5.495325464797011783e-01
2.840230000000000246e+02,5.832663065462778684e-01,5.880744431712615627e-01,1.831181286287229139e-14,4.368814371791063905e-07,5.600740062898060811e-01
2.840344000000000051e+02,5.979766040934926252e-01,5.986370865446049017e-01,2.138007944086686447e-14,4.911467912778050553e-07,5.706365953977922123e-01
2.840457999999999856e+02,6.060271135278946231e-01,6.092144993273200804e-01,2.495281280393778733e-14,5.518766673386431591e-07,5.812139474506277104e-01
2.840572000000000230e+02,6.249454049744000983e-01,6.198001826944363746e-01,2.911132168629302465e-14,6.198059741605840496e-07,5.917995628884330506e-01
2.840686000000000035e+02,6.226092516702659285e-01,6.303875105474066043e-01,3.394974831297047724e-14,6.957488320830979204e-07,6.023868147985405042e-01
2.840799999999999841e+02,6.354420849931542437e-01,6.409697356880447172e-01,3.957704962505904517e-14,7.806065965936140171e-07,6.129689550814084731e-01
2.840914000000000215e+02,6.526563677559635845e-01,6.515399962979528947e-01,4.611927725653898082e-14,8.753766361200596880e-07,6.235391209212706176e-01
2.841028000000000020e+02,6.644531596552210040e-01,6.620913227170148740e-01,5.372220019597990046e-14,9.811619285136115416e-07,6.340903415550326327e-01
2.841141999999999825e+02,6.765017937580690699e-01,6.726166445137400363e-01,6.255432035567954837e-14,1.099181545579615401e-06,6.446155453321318340e-01
2.841256000000000199e+02,6.881221401343338151e-01,6.831087978380430137e-01,7.281033843341052813e-14,1.230782100148404415e-06,6.551075670558700326e-01
2.841370000000000005e+02,6.671563123122613570e-01,6.935605330476976027e-01,8.471513560850954617e-14,1.377450235645829953e-06,6.655591555973772167e-01
2.841483999999999810e+02,7.192737901195010997e-01,7.039645225989320521e-01,9.852834589575615125e-14,1.540826243905335433e-06,6.759629817725896217e-01
2.841598000000000184e+02,7.235987687363172327e-01,7.143133691894782977e-01,1.145496045360976253e-13,1.722718903054288566e-06,6.863116464704607234e-01
2.841711999999999989e+02,7.220069959707269280e-01,7.245996141430700588e-01,1.331245698070876779e-13,1.925121633775532372e-06,6.965976890213031458e-01
2.841825999999999794e+02,7.354120541118792653e-01,7.348157460236606209e-01,1.546518292764716852e-13,2.150230079056788609e-06,7.068135957934268410e-01
2.841940000000000168e+02,7.472856052539331717e-01,7.449542094655436930e-01,1.795908170131049039e-13,2.400461219682726519e-06,7.169518090041443470e-01
2.842053999999999974e+02,7.487037853600142512e-01,7.550074142062973559e-01,2.084708858610951996e-13,2.678474145286065026e-06,7.270047357319435744e-01
2.842168000000000347e+02,7.877627167995684410e-01,7.649677443088461759e-01,2.419016988454298748e-13,2.987192608703120607e-06,7.369647571159955168e-01
2.842282000000000153e+02,7.766412767968902120e-01,7.748275675565710063e-01,2.805851264136326654e-13,3.329829499635687469e-06,7.468242377267907406e-01
2.842395999999999958e+02,7.863758332418769870e-01,7.845792450075651514e-01,3.253288618952349840e-13,3.709913382393584333e-06,7.565755350938574431e-01
2.842510000000000332e+02,8.033351442955161126e-01,7.942151406908271039e-01,3.770619966415095943e-13,4.131317251508112776e-06,7.662110093731985261e-01
2.842624000000000137e+02,8.141676135009410231e-01,8.037276314284160783e-01,4.368528292605326517e-13,4.598289668544731001e-06,7.757230331383107025e-01
2.842737999999999943e+02,8.110815574303462672e-01,8.131091167670279063e-01,5.059292206664770093e-13,5.115488453346280538e-06,7.851040012780685640e-01
2.842852000000000317e+02,8.263563049190781884e-01,8.223520290007023670e-01,5.857018488650678867e-13,5.688017113166901209e-06,7.943463409830034960e-01
2.842966000000000122e+02,8.210979837669235559e-01,8.314488432672900720e-01,6.777907651459799501e-13,6.321464203890297922e-06,8.034425218024083826e-01
2.843079999999999927e+02,8.412699680050689244e-01,8.403920877008791424e-01,7.840557073312258718e-13,7.021945828616627560e-06,8.123850657542664999e-01
2.843194000000000301e+02,8.518991117270262592e-01,8.491743536208390397e-01,9.066306867081655442e-13,7.796151490270465242e-06,8.211665574684421376e-01
2.843308000000000106e+02,8.564989687481807668e-01,8.577883057391101351e-01,1.047963434171606640e-12,8.651393526772523164e-06,8.297796543445353779e-01
2.843421999999999912e+02,8.532025219428893692e-01,8.662266923670810526e-01,1.210860368871916207e-12,9.595660369513328230e-06,8.382170967055007083e-01
2.843536000000000286e+02,8.884331222138115436e-01,8.744823556020447919e-01,1.398537840399542475e-12,1.063767387826394238e-05,8.464717179267680081e-01
2.843650000000000091e+02,8.892458320733479527e-01,8.825482414742797932e-01,1.614680494518882377e-12,1.178695101857208516e-05,8.545364545216465046e-01
2.843763999999999896e+02,9.027013863781139236e-01,8.904174100356516686e-01,1.863507724039955827e-12,1.305387016082914598e-05,8.624043561636273170e-01
2.843878000000000270e+02,9.060093288322528249e-01,8.980830453694972348e-01,2.149849292098289922e-12,1.444974229340622759e-05,8.700685956250540087e-01
2.843992000000000075e+02,9.078335510485640025e-01,9.055384655026895713e-01,2.479231356710863501e-12,1.598688745596286905e-05,8.775224786127543419e-01
2.844105999999999881e+02,9.238820143845889454e-01,9.127771322007737220e-01,2.857974284855804727e-12,1.767871671283489612e-05,8.847594534812028844e-01
2.844220000000000255e+02,9.188310672992150430e-01,9.197926606261640492e-01,3.293303823591820629e-12,1.953982000010149849e-05,8.917731208028706336e-01
2.844334000000000060e+02,9.307170587889715963e-01,9.265788288406020534e-01,3.793477397415826194e-12,2.158606019407549278e-05,8.985572427766145287e-01
2.844447999999999865e+02,9.383415045408654009e-01,9.331295871332186964e-01,4.367927527737610110e-12,2.383467376301824642e-05,9.051057524550877309e-01
2.844562000000000239e+02,9.362127646712932183e-01,9.394390671548757954e-01,5.027424624941543052e-12,2.630437837757198854e-05,9.114127627714707636e-01
2.844676000000000045e+02,9.458562121297957592e-01,9.455015908407526926e-01,5.784261689521172204e-12,2.901548786948577615e-05,9.174725753470989176e-01
2.844789999999999850e+02,9.518118647093862794e-01,9.513116791034165187e-01,6.652463779766284026e-12,3.199003494194642118e-05,9.232796890618221175e-01
2.844904000000000224e+02,9.425798078869855878e-01,9.568640602782070292e-01,7.648025463468922012e-12,3.525190204787067606e-05,9.288288083685111163e-01
2.845018000000000029e+02,9.707936160353419774e-01,9.621536783040993690e-01,8.789179874949896044e-12,3.882696086585280302e-05,9.341148513344442739e-01
2.845131999999999834e+02,9.803429883905939723e-01,9.671757006236305632e-01,1.009670345127020808e-11,4.274322081612794291e-05,9.391329573927177377e-01
2.845246000000000208e+02,9.643799626763195354e-01,9.719255257853045560e-01,1.159426092826358501e-11,4.703098707046072228e-05,9.438784947866397657e-01
2.845360000000000014e+02,9.840498109525888104e-01,9.763987907332664085e-01,1.330879574471477145e-11,5.172302852158860715e-05,9.483470676914359521e-01
2.845473999999999819e+02,9.747786200565943249e-01,9.805913777695847156e-01,1.527097163824959855e-11,5.685475618850026672e-05,9.525345229981252437e-01
2.845588000000000193e+02,9.859744168689791310e-01,9.844994211745480284e-01,1.751567192676397530e-11,6.246441254280496111e-05,9.564369567444894749e-01
2.845701999999999998e+02,9.915196909851607954e-01,9.881193134717782822e-01,2.008256376371223617e-11,6.859327225048836036e-05,9.600507201794452605e-01
2.845815999999999804e+02,9.782022111854725699e-01,9.914477113256240370e-01,2.301673554327771580e-11,7.528585483080601636e-05,9.633724254477764593e-01
2.845930000000000177e+02,9.985707778194878870e-01,9.944815410585878812e-01,2.636941662248829213e-11,8.259014973917351457e-05,9.663989508824792907e-01
2.846043999999999983e+02,1.011899036156401088e+00,9.972180037779417860e-01,3.019878963429556956e-11,9.055785438598622922e-05,9.691274458933569758e-01
2.846157999999999788e+02,9.950195693005876585e-01,9.996545801014283805e-01,3.457090690060503091e-11,9.924462560615986736e-05,9.715553354412512777e-01
2.846272000000000162e+02,9.906335813536397694e-01,1.001789034472461815e+00,3.956072383086477241e-11,1.087103450939052148e-04,9.736803240878071364e-01
2.846385999999999967e+02,1.008581149088386253e+00,1.003619419056595907e+00,4.525326372722540817e-11,1.190193993168470242e-04,9.755003996120257259e-01
2.846499999999999773e+02,1.019442143557177438e+00,1.005144077211856501e+00,5.174493012763512177e-11,1.302409744202485096e-04,9.770138361856912645e-01
2.846614000000000146e+02,1.013453533359408576e+00,1.006361646526235276e+00,5.914498472185214780e-11,1.424493666247022541e-04,9.782191971004655651e-01
2.846727999999999952e+02,9.950993882799330503e-01,1.007271061416938229e+00,6.757721099541522217e-11,1.557243086130415772e-04,9.791153370407480461e-01
2.846842000000000326e+02,1.006311105210172085e+00,1.007871555286862675e+00,7.718178611469369290e-11,1.701513123909856426e-04,9.797014038972898797e-01
2.846956000000000131e+02,1.001717343383699887e+00,1.008162662234624252e+00,8.811738618612607303e-11,1.858220290889025757e-04,9.799768401174179244e-01
2.847069999999999936e+02,1.009535593434594203e+00,1.008144218315730312e+00,1.005635529382275498e-10,2.028346261575675715e-04,9.799413835890091740e-01
2.847184000000000310e+02,1.004957393831114709e+00,1.007816362353260331e+00,1.147233531083253718e-10,2.212941823854035726e-04,9.795950680561517077e-01
2.847298000000000116e+02,9.993803335090596374e-01,1.007179536297606370e+00,1.308263654095061448e-10,2.413131011414462366e-04,9.789382230656384909e-01
2.847411999999999921e+02,1.001057189982232032e+00,1.006234485135713674e+00,1.491320339395760889e-10,2.630115422191726710e-04,9.779714734443624158e-01
2.847526000000000295e+02,1.011306089297513422e+00,1.004982256351356629e+00,1.699334313120287845e-10,2.865178726199085909e-04,9.766957383088034073e-01
2.847640000000000100e+02,9.940960798342759475e-01,1.003424198938965395e+00,1.935614796902729759e-10,3.119691365785233332e-04,9.751122296088253760e-01
2.847753999999999905e+02,9.885873319601170550e-01,1.001561961974400727e+00,2.203896833352651223e-10,3.395115450917257399e-04,9.732224502089193985e-01
2.847868000000000279e+02,9.960592855646929200e-01,9.993974927472599745e-01,2.508394322841641653e-10,3.693009851579548116e-04,9.710281915112625173e-01
2.847982000000000085e+02,9.769857094832545830e-01,9.969330344601028404e-01,2.853859434319183282e-10,4.015035488876699020e-04,9.685315306258291956e-01
2.848095999999999890e+02,9.988574795684488361e-01,9.941711235008322545e-01,3.245649126467977049e-10,4.362960825850788291e-04,9.657348270936821910e-01
2.848210000000000264e+02,9.893028155307945770e-01,9.911145862956893815e-01,3.689799596810630710e-10,4.738667558340554789e-04,9.626407191708753475e-01
2.848324000000000069e+02,9.779769422755328900e-01,9.877665357509618493e-01,4.193109566300952480e-10,5.144156505548263180e-04,9.592521196810960271e-01
2.848437999999999874e+02,9.937206608416538911e-01,9.841303672922473433e-01,4.763233406219461992e-10,5.581553699231802616e-04,9.555722114460007965e-01
2.848552000000000248e+02,9.941357478441582574e-01,9.802097545113925836e-01,5.408785223703913260e-10,6.053116669566972058e-04,9.516044423035573407e-01
2.848666000000000054e+02,9.818579040793639079e-01,9.760086444316353749e-01,6.139455143184128035e-10,6.561240924890461611e-04,9.473525197252007368e-01
2.848779999999999859e+02,9.756645811275371782e-01,9.715312524021307850e-01,6.966139154310276908e-10,7.108466621600149742e-04,9.428204050433568462e-01
2.848894000000000233e+02,9.653353431211412206e-01,9.667820566343160449e-01,7.901084043767838277e-10,7.697485419412646544e-04,9.380123073022663682e-01
2.849008000000000038e+02,9.653683234776277988e-01,9.617657923927472874e-01,8.958049090253997777e-10,8.331147516161435977e-04,9.329326767453262059e-01
2.849121999999999844e+02,9.664598617390220969e-01,9.564874458535689294e-01,1.015248638004980285e-09,9.012468855191329252e-04,9.275861979528011725e-01
2.849236000000000217e+02,9.480246592570777953e-01,9.509522476450310569e-01,1.150174179647616280e-09,9.744638497114511142e-04,9.219777826451454050e-01
2.849350000000000023e+02,9.565905877330690421e-01,9.451656660843980040e-01,1.302527895215989762e-09,1.053102614649284582e-03,9.161125621672208119e-01
2.849463999999999828e+02,9.419365350178422469e-01,9.391334001259800113e-01,1.474492856996802773e-09,1.137518982268962255e-03,9.099958796692181329e-01
2.849578000000000202e+02,9.323321654683993653e-01,9.328613720362322059e-01,1.668516607848887182e-09,1.228088366262644138e-03,9.036332820014528755e-01
2.849692000000000007e+02,9.302282327987960731e-01,9.263557198115327518e-01,1.887342047378673377e-09,1.325206584180567198e-03,8.970305113400101060e-01
2.849805999999999813e+02,9.093157244963304686e-01,9.196227893544905996e-01,2.134041781270849143e-09,1.429290659845092355e-03,8.901934965606036476e-01
2.849920000000000186e+02,9.140177196323039377e-01,9.126691264257862368e-01,2.412056304653599117e-09,1.540779634390238191e-03,8.831283443793396248e-01
2.850033999999999992e+02,9.022210101605635524e-01,9.055014683879497595e-01,2.725236428082520490e-09,1.660135384087207868e-03,8.758413302786260957e-01
2.850147999999999797e+02,8.986339772199695153e-01,8.981267357575664079e-01,3.077890396018003125e-09,1.787843442949176584e-03,8.683388892367268630e-01
2.850262000000000171e+02,8.914763430767547181e-01,8.905520235834750720e-01,3.474836192826043695e-09,1.924413827917969243e-03,8.606276062807208804e-01
2.850375999999999976e+02,8.765326724805158065e-01,8.827845926676692878e-01,3.921459580820599989e-09,2.070381864269996760e-03,8.527142068819396625e-01
2.850489999999999782e+02,8.736800565748487069e-01,8.748318606455349755e-01,4.423778468966380551e-09,2.226309008698262263e-03,8.446055472130582498e-01
2.850604000000000156e+02,8.677078061340850468e-01,8.667013929430543717e-01,4.988514269919856506e-09,2.392783667321151785e-03,8.363086042872188708e-01
2.850717999999999961e+02,8.529146582645841246e-01,8.584008936274974966e-01,5.623170967712363060e-09,2.570422005695875787e-03,8.278304659986306380e-01
2.850832000000000335e+02,8.514773699008116870e-01,8.499381961678539321e-01,6.336122688908450834e-09,2.759868747726910727e-03,8.191783210840043461e-01
2.850946000000000140e+02,8.384838823881186620e-01,8.413212541225049135e-01,7.136710646892914465e-09,2.961797960134738162e-03,8.103594490256594840e-01
2.851059999999999945e+02,8.304014821648338929e-01,8.325581317691036487e-01,8.035350413007610029e-09,3.176913819004043796e-03,8.013812099147491486e-01
2.851174000000000319e+02,8.089150312829356260e-01,8.236569946936028730e-01,9.043650559518820667e-09,3.405951354686933413e-03,7.922510342952653328e-01
2.851288000000000125e+02,8.207878400441367406e-01,8.146261003535676393e-01,1.017454381910069250e-08,3.649677171173770079e-03,7.829764130078500362e-01
2.851401999999999930e+02,7.958799629206541049e-01,8.054737886304952355e-01,1.144243201397652957e-08,3.908890135856728579e-03,7.735648870522064957e-01
2.851516000000000304e+02,8.063395122723574504e-01,7.962084723866315050e-01,1.286334612567987200e-08,4.184422035390431178e-03,7.640240374878949359e-01
2.851630000000000109e+02,7.828707793451591401e-01,7.868386280401054034e-01,1.445512300478297889e-08,4.477138193198960600e-03,7.543614753917834426e-01
2.851743999999999915e+02,7.818563221561404264e-01,7.773727861716286380e-01,1.623760035937795873e-08,4.787938044004862517e-03,7.445848318900234464e-01
2.851858000000000288e+02,7.587290279745092514e-01,7.678195221767124545e-01,1.823283181227227444e-08,5.117755660544493108e-03,7.347017482833361202e-01
2.851972000000000094e+02,7.552452985867484925e-01,7.581874469755216506e-01,2.046532398133615079e-08,5.467560227504299902e-03,7.247198662826933591e-01
2.852085999999999899e+02,7.530933635335768095e-01,7.484851977918269839e-01,2.296229771574343877e-08,5.838356457563169052e-03,7.146468183719660860e-01
2.852200000000000273e+02,7.408902747865424576e-01,7.387214290131678407e-01,2.575397581377609663e-08,6.231184944234287836e-03,7.044902183149577279e-01
2.852314000000000078e+02,7.354798684933571140e-01,7.289048031423820406e-01,2.887389975743835679e-08,6.647122446108238124e-03,6.942576518223739779e-01
2.852427999999999884e+02,7.042677194885124115e-01,7.190439818499452240e-01,3.235927822588261185e-08,7.087282096986262207e-03,6.839566673936806618e-01
2.852542000000000257e+02,6.932209508617751537e-01,7.091476171371742243e-01,3.625137039451667641e-08,7.552813536231508217e-03,6.735947673495722432e-01
2.852656000000000063e+02,6.972039413509418804e-01,6.992243426183177846e-01,4.059590729222537599e-08,8.044902953626807338e-03,6.631793990687836482e-01
2.852769999999999868e+02,6.966342919543030421e-01,6.892827649288144620e-01,4.544355477592563306e-08,8.564773042964103980e-03,6.527179464422955268e-01
2.852884000000000242e+02,6.795105544969682887e-01,6.793314552675945306e-01,5.085042199071114975e-08,9.113682858472532330e-03,6.422177215586999388e-01
2.852998000000000047e+02,6.650829838829620533e-01,6.693789410792431172e-01,5.687861951847473367e-08,9.692927568219614209e-03,6.316859566324040109e-01
2.853111999999999853e+02,6.474727086993730119e-01,6.594336978810946270e-01,6.359687177854257010e-08,1.030383809861995861e-02,6.211297961856028227e-01
2.853226000000000226e+02,6.437280301105480218e-01,6.495041412409453541e-01,7.108118863165591444e-08,1.094778066412251116e-02,6.105562894956342301e-01
2.853340000000000032e+02,6.302575854540243272e-01,6.395986189090147045e-01,7.941560155787897715e-08,1.162615617625668320e-02,5.999723833171564102e-01
2.853453999999999837e+02,6.346793699218442608e-01,6.297254031070818048e-01,8.869297022993345542e-08,1.234039952629412996e-02,5.893849148878174127e-01
2.853568000000000211e+02,6.235057989157002378e-01,6.198926829783769632e-01,9.901586578723073175e-08,1.309197873578612711e-02,5.788006052267250512e-01
2.853682000000000016e+02,6.129156531938481089e-01,6.101085571998015045e-01,1.104975376380794243e-07,1.388239396944150779e-02,5.682260527328223398e-01
2.853795999999999822e+02,6.032396711163928726e-01,6.003810267574225534e-01,1.232629711779800294e-07,1.471317640497592921e-02,5.576677270894754290e-01
2.853910000000000196e+02,5.926294395531073178e-01,5.907179878868992207e-01,1.374500444118197997e-07,1.558588695464247810e-02,5.471319634822122691e-01
2.854024000000000001e+02,5.685831380952948155e-01,5.811272251785887244e-01,1.532107921143172022e-07,1.650211483346794225e-02,5.366249571343286728e-01
2.854137999999999806e+02,5.674714755461592874e-01,5.716164048465571801e-01,1.707127868554059136e-07,1.746347596948397141e-02,5.261527581642863050e-01
2.854252000000000180e+02,5.614716260096244138e-01,5.621930681615078251e-01,1.901406469565857747e-07,1.847161125140644317e-02,5.157212667694544006e-01
2.854365999999999985e+02,5.404703190726325435e-01,5.528646250458723044e-01,2.116976822398005384e-07,1.952818460964927602e-02,5.053362287385407825e-01
2.854479999999999791e+02,5.459887330960272456e-01,5.436383478289107396e-01,2.356076892804026980e-07,2.063488092693216772e-02,4.950032312942893031e-01
2.854594000000000165e+02,5.232596163941100054e-01,5.345213651605612570e-01,2.621169087811501168e-07,2.179340377499357218e-02,4.847276992686588848e-01
2.854707999999999970e+02,5.149688827837722860e-01,5.255206560811680472e-01,2.914961586569063660e-07,2.300547297448104003e-02,4.745148916105283443e-01
2.854821999999999775e+02,5.111000294749136197e-01,5.166430442439858828e-01,3.240431574565429755e-07,2.427282197557448229e-02,4.643698982252539298e-01
2.854936000000000149e+02,5.135256625130349972e-01,5.078951922883495618e-01,3.600850538501166683e-07,2.559719505724036837e-02,4.542976371460553664e-01
2.855049999999999955e+02,5.028972238833749886e-01,4.992835963599898119e-01,3.999811790909199351e-07,2.698034434370388465e-02,4.443028520351068322e-01
2.855163999999999760e+02,4.878716827661852551e-01,4.908145807749090817e-01,4.441260406185169863e-07,2.842402663732198839e-02,4.343901100115464264e-01
2.855278000000000134e+02,4.905346389857366818e-01,4.824942928243384777e-01,4.929525762999602053e-07,2.993000006746620104e-02,4.245637998042959271e-01
2.855391999999999939e+02,4.838884591652751754e-01,4.743286977171039531e-01,5.469356902320064355e-07,3.150002055584164712e-02,4.148281302255720782e-01
2.855506000000000313e+02,4.607616544157963623e-01,4.663235736557982958e-01,6.065960925397187569e-07,3.313583809937729191e-02,4.051871289603284354e-01
2.855620000000000118e+02,4.595215799847192084e-01,4.584845070446887938e-01,6.725044672014835398e-07,3.483919287225682726e-02,3.956446416679647582e-01
2.855733999999999924e+02,4.558623653529769171e-01,4.508168878252198919e-01,7.452859936475268255e-07,3.661181114982962198e-02,3.862043313893965824e-01
2.855848000000000297e+02,4.273431302266543774e-01,4.433259049374242977e-01,8.256252496687840614e-07,3.845540105747793924e-02,3.768696782546966384e-01
2.855962000000000103e+02,4.360112150473628989e-01,4.360165419044062518e-01,9.142715250942717165e-07,4.037164814858283657e-02,3.676439794842982778e-01
2.856075999999999908e+02,4.303119411626094570e-01,4.288935725374978802e-01,1.012044577721175533e-06,4.236221081657148141e-02,3.585303496763486697e-01
2.856190000000000282e+02,4.136259560167959703e-01,4.219615567610608409e-01,1.119840865110910668e-06,4.442871554661279726e-02,3.495317213735829043e-01
2.856304000000000087e+02,4.181292149697389826e-01,4.152248365553101728e-01,1.238640288136095025e-06,4.657275201363088313e-02,3.406508459013911083e-01
2.856417999999999893e+02,3.929276997925296167e-01,4.086875320160852643e-01,1.369513484554398917e-06,4.879586803420855878e-02,3.318902944683921330e-01
2.856532000000000266e+02,4.029742700351916507e-01,4.023535375319231555e-01,1.513629713388881826e-06,5.109956438055773126e-02,3.232524595216519914e-01
2.856646000000000072e+02,3.953121992293709419e-01,3.962265180784035890e-01,1.672265373561687376e-06,5.348528946589983790e-02,3.147395563471301894e-01
2.856759999999999877e+02,3.967747191846873189e-01,3.903099056304006886e-01,1.846813203027319754e-06,5.595443391153472057e-02,3.063536249056629246e-01
2.856874000000000251e+02,4.014282301264904818e-01,3.846068956943420880e-01,2.038792207570759671e-06,5.850832500646124812e-02,2.980965318956732557e-01
2.856988000000000056e+02,3.763317905088857662e-01,3.791204439623643285e-01,2.249858371542379043e-06,6.114822107161893561e-02,2.899699730323738178e-01
2.857101999999999862e+02,3.866126727012318964e-01,3.738532630910078036e-01,2.481816206050680337e-06,6.387530574174553333e-02,2.819754755330561857e-01
2.857216000000000236e+02,3.725181923840102938e-01,3.688078196085537996e-01,2.736631193507676980e-06,6.669068217837822998e-02,2.741144007989820275e-01
2.857330000000000041e+02,3.618558943391013139e-01,3.639863309550265269e-01,3.016443191008522539e-06,6.959536722873067849e-02,2.663879472831048312e-01
2.857443999999999846e+02,3.520245090101858931e-01,3.593907626596992144e-01,3.323580858764331246e-06,7.259028554605766181e-02,2.587971535327827644e-01
2.857558000000000220e+02,3.668053388948525062e-01,3.550228256623268464e-01,3.660577183669627903e-06,7.567626368755461796e-02,2.513429013975885251e-01
2.857672000000000025e+02,3.476090826108357845e-01,3.508839737843638118e-01,4.030186172188625975e-06,7.885402420700271531e-02,2.440259193911888669e-01
2.857785999999999831e+02,3.413108368832222794e-01,3.469754013572291518e-01,4.435400791002176805e-06,8.212417976016009313e-02,2.368467861962780530e-01
2.857900000000000205e+02,3.392124079926393532e-01,3.432980410159623963e-01,4.879472238234086789e-06,8.548722724119309224e-02,2.298059343025310453e-01
2.858014000000000010e+02,3.319832823980033432e-01,3.398525616666955296e-01,5.365930632722353823e-06,8.894354196952000691e-02,2.229036537665427808e-01
2.858127999999999815e+02,3.325390410094775095e-01,3.366393666371228499e-01,5.898607213599644651e-06,9.249337194709497667e-02,2.161400960828142315e-01
2.858242000000000189e+02,3.290573638614633922e-01,3.336585920202646549e-01,6.481658147353745557e-06,9.613683220626517700e-02,2.095152781558520805e-01
2.858355999999999995e+02,3.461214858720519372e-01,3.309101052219053929e-01,7.119590044743120933e-06,9.987389926928424977e-02,2.030290863625763553e-01
2.858469999999999800e+02,3.362461843455540333e-01,3.283935037227398435e-01,7.817287295292514216e-06,1.037044057410412418e-01,1.966812806944032710e-01
2.858584000000000174e+02,3.146623543981036386e-01,3.261081140671528988e-01,8.580041332523308411e-06,1.076280350564364774e-01,1.904714989693838678e-01
2.858697999999999979e+02,3.348862950940849070e-01,3.240529910906023159e-01,9.413581948836172413e-06,1.116443164046164865e-01,1.843992611040369545e-01
2.858811999999999784e+02,3.224681890002710771e-01,3.222269173980628620e-01,1.032411078485086844e-05,1.157526198525340722e-01,1.784639734347439055e-01
2.858926000000000158e+02,3.169783979477668878e-01,3.206284031066201079e-01,1.131833712393610164e-05,1.199521516898998247e-01,1.726649330795962944e-01
2.859039999999999964e+02,3.140575694369897031e-01,3.192556858652469964e-01,1.240351612895869050e-05,1.242419500181641129e-01,1.670013323309539055e-01
2.859153999999999769e+02,3.329397120143091637e-01,3.181067311650843665e-01,1.358748966466984352e-05,1.286208806061638343e-01,1.614722630692558558e-01
2.859268000000000143e+02,3.121816091809702098e-01,3.171792329538628552e-01,1.487872985551667309e-05,1.330876330343636060e-01,1.560767211896436912e-01
2.859381999999999948e+02,3.238141445478183722e-01,3.164706145679138105e-01,1.628638553544523290e-05,1.376407171499545168e-01,1.508136110324238277e-01
2.859495999999999754e+02,3.226609919691109107e-01,3.159780299952584803e-01,1.782033175308103286e-05,1.422784598547806034e-01,1.456817498087247809e-01
2.859610000000000127e+02,3.031359214050584616e-01,3.156983654832382635e-01,1.949122250239649563e-05,1.469990022470316626e-01,1.406798720137041603e-01
2.859723999999999933e+02,3.143780564208241146e-01,3.156282415037878764e-01,2.131054685614278780e-05,1.518002971377107047e-01,1.358066338192210343e-01
2.859838000000000306e+02,3.272919996857899250e-01,3.157640150892192521e-01,2.329068868648258631e-05,1.566801069623110498e-01,1.310606174382216993e-01
2.859952000000000112e+02,3.153713918393523663e-01,3.161017825509878643e-01,2.544499016411272548e-05,1.616360021065709474e-01,1.264403354542528168e-01
2.860065999999999917e+02,3.046370307270614974e-01,3.166373825933836983e-01,2.778781923488864709e-05,1.666653596656532677e-01,1.219442351084955162e-01
2.860180000000000291e+02,3.222564382607179811e-01,3.173663998335064518e-01,3.033464127971545102e-05,1.717653626538450107e-01,1.175707025383817272e-01
2.860294000000000096e+02,3.085815865673048886e-01,3.182841687381716134e-01,3.310209517105177382e-05,1.769329996816692563e-01,1.133180669613313013e-01
2.860407999999999902e+02,3.160094633301562261e-01,3.193857779876755898e-01,3.610807394668005149e-05,1.821650651161700607e-01,1.091846047975588013e-01
2.860522000000000276e+02,3.305853130276721341e-01,3.206660752753436316e-01,3.937181032824555729e-05,1.874581597381987930e-01,1.051685437268165824e-01
2.860636000000000081e+02,3.118247338015664449e-01,3.221196725508800873e-01,4.291396731951547714e-05,1.928086919098800367e-01,1.012680666736805318e-01
2.860749999999999886e+02,3.265943193613562445e-01,3.237409517145348192e-01,4.675673412641837186e-05,1.982128792640357740e-01,9.748131571637262682e-02
2.860864000000000260e+02,3.269207530965925201e-01,3.255240707677449219e-01,5.092392764734422788e-05,2.036667509251123276e-01,9.380639591498522722e-02
2.860978000000000065e+02,3.359170233969065444e-01,3.274629704248146478e-01,5.544109978929463885e-05,2.091661502702657771e-01,9.024137905475956845e-02
2.861091999999999871e+02,3.155722066221796074e-01,3.295513811889300149e-01,6.033565087205822625e-05,2.147067382376048328e-01,8.678430730045313957e-02
2.861206000000000245e+02,3.290738111412114808e-01,3.317828308941334070e-01,6.563694938821162104e-05,2.202839971860976187e-01,8.343319675864756257e-02
2.861320000000000050e+02,3.356831674952360234e-01,3.341506527136286486e-01,7.137645839317164893e-05,2.258932353105606028e-01,8.018604094467488008e-02
2.861433999999999855e+02,3.401934408078221006e-01,3.366479936332924527e-01,7.758786880520189522e-05,2.315295916132807108e-01,7.704081415120653253e-02
2.861548000000000229e+02,3.552632290978771645e-01,3.392678233873413496e-01,8.430723989966247697e-05,2.371880414311307306e-01,7.399547471631093276e-02
2.861662000000000035e+02,3.480353451993686842e-01,3.420029438517260267e-01,9.157314728711033630e-05,2.428634025158017129e-01,7.104796818863715058e-02
2.861775999999999840e+02,3.557266607620168108e-01,3.448459988891613981e-01,9.942683866917866660e-05,2.485503416627617979e-01,6.819623038773039991e-02
2.861890000000000214e+02,3.414915143820133614e-01,3.477894846375823024e-01,1.079123976687644066e-04,2.542433818817308455e-01,6.543819035818264351e-02
2.862004000000000019e+02,3.489788203861281524e-01,3.508257602323745505e-01,1.170769160347894330e-04,2.599369101001436366e-01,6.277177321619607786e-02
2.862117999999999824e+02,3.525317396418679028e-01,3.539470589509620124e-01,1.269706745242206165e-04,2.656251853889814996e-01,6.019490288745629747e-02
2.862232000000000198e+02,3.501788632570126403e-01,3.571454997661051012e-01,1.376473327642261323e-04,2.713023476974933956e-01,5.770550473584745710e-02
2.862346000000000004e+02,3.495337514025739778e-01,3.604130992928217814e-01,1.491641283989530878e-04,2.769624270819935896e-01,5.530150808242924321e-02
2.862459999999999809e+02,3.478956811522327941e-01,3.637417841120555440e-01,1.615820858253038804e-04,2.825993534118482198e-01,5.298084861438199372e-02
2.862574000000000183e+02,3.583050285227863396e-01,3.671234034519582079e-01,1.749662348191715450e-04,2.882069665329387576e-01,5.074147068420024886e-02
2.862687999999999988e+02,3.805220850787203180e-01,3.705497422062973278e-01,1.893858393524471418e-04,2.937790268676387928e-01,4.858132949930603350e-02
2.862801999999999794e+02,3.603377180019847748e-01,3.740125342677569908e-01,2.049146368977917997e-04,2.993092264283501169e-01,4.649839320250904323e-02
2.862916000000000167e+02,3.885346903678703057e-01,3.775034761517301884e-01,2.216310885113502601e-04,3.047912002189703817e-01,4.449064484424843091e-02
2.863029999999999973e+02,3.752850165642040992e-01,3.810142408849819806e-01,2.396186399790042074e-04,3.102185379975579416e-01,4.255608424744502377e-02
2.863143999999999778e+02,3.746787898275905637e-01,3.845364921319766038e-01,2.589659943044799492e-04,3.155847963716587046e-01,4.069272976601337466e-02
2.863258000000000152e+02,3.760587569056367263e-01,3.880618985296507839e-01,2.797673958060471647e-04,3.208835111953175501e-01,3.889861993852718886e-02
2.863371999999999957e+02,3.809440699887155501e-01,3.915821482004305798e-01,3.021229260798210018e-04,3.261082102359266766e-01,3.717181503842403867e-02
2.863485999999999763e+02,3.900551590505754729e-01,3.950889634119244542e-01,3.261388120756440485e-04,3.312524260775275842e-01,3.551039852232119876e-02
2.863600000000000136e+02,3.957065275077893407e-01,3.985741153499807732e-01,3.519277465142526835e-04,3.363097092250703080e-01,3.391247837839616447e-02
2.863713999999999942e+02,3.962650872318581041e-01,4.020294389711047134e-01,3.796092208608436557e-04,3.412736413735690255e-01,3.237618837667484428e-02
2.863827999999999747e+02,3.985425977471708237e-01,4.054468478991727354e-01,4.093098710525278571e-04,3.461378488048994506e-01,3.089968922322070682e-02
2.863942000000000121e+02,3.953136905468935258e-01,4.088183493299800686e-01,4.411638361532815465e-04,3.508960158732851720e-01,2.948116962054161613e-02
2.864055999999999926e+02,4.255524756029428479e-01,4.121360589068224778e-01,4.753131300907586891e-04,3.555418985403161480e-01,2.811884723641557698e-02
2.864170000000000300e+02,4.138858448155433023e-01,4.153922155296402297e-01,5.119080266055814994e-04,3.600693379195887278e-01,2.681096958344594133e-02
2.864284000000000106e+02,4.062535904633691741e-01,4.185791960591369043e-01,5.511074575106572962e-04,3.644722737896488041e-01,2.555581481197741547e-02
2.864397999999999911e+02,4.312394781794147147e-01,4.216895298778037815e-01,5.930794243378960297e-04,3.687447580347630871e-01,2.435169241870279236e-02
2.864512000000000285e+02,4.272040651044157200e-01,4.247159132686265659e-01,6.380014234082531394e-04,3.728809679714908398e-01,2.319694387372743527e-02
2.864626000000000090e+02,4.247720415990846599e-01,4.276512235727388811e-01,6.860608843322795521e-04,3.768752195197320187e-01,2.208994316867458896e-02
2.864739999999999895e+02,4.353560918023940407e-01,4.304885330873012839e-01,7.374556219119746429e-04,3.807219801769025636e-01,2.102909728848671028e-02
2.864854000000000269e+02,4.320765648071112075e-01,4.332211226647000313e-01,7.923943013684117556e-04,3.844158817535662798e-01,2.001284660976531890e-02
2.864968000000000075e+02,4.375381977375442100e-01,4.358424949749486466e-01,8.510969167825009054e-04,3.879517328298059953e-01,1.903966522836015446e-02
2.865081999999999880e+02,4.574177332442903032e-01,4.383463873936707667e-01,9.137952825918347136e-04,3.913245308921229348e-01,1.810806121895595922e-02
2.865196000000000254e+02,4.396680456602702902e-01,4.407267844783678834e-01,9.807335379302662120e-04,3.945294741108880121e-01,1.721657682954959301e-02
2.865310000000000059e+02,4.464412304479180027e-01,4.429779299969024975e-01,1.052168663552355667e-03,3.975619727197760578e-01,1.636378861357405332e-02
2.865423999999999864e+02,4.468105499331203045e-01,4.450943384730746133e-01,1.128371011031741901e-03,4.004176599596036001e-01,1.554830750243926286e-02
2.865538000000000238e+02,4.440180062189234556e-01,4.470708062150116069e-01,1.209624843855687439e-03,4.030924025497902852e-01,1.476877882136562285e-02
2.865652000000000044e+02,4.573358191392588590e-01,4.489024217937152006e-01,1.296228889985933655e-03,4.055823106524817367e-01,1.402388225124749817e-02
2.865765999999999849e+02,4.464381120211690090e-01,4.505845759404987216e-01,1.388496905394273574e-03,4.078837472958290467e-01,1.331233173927537893e-02
2.865880000000000223e+02,4.664923348081179699e-01,4.521129708333649910e-01,1.486758248003280155e-03,4.099933372242421936e-01,1.263287536111948849e-02
2.865994000000000028e+02,4.381974199461059483e-01,4.534836287443603231e-01,1.591358461403398093e-03,4.119079751456209415e-01,1.198429513733597664e-02
2.866107999999999834e+02,4.695943132680172050e-01,4.546929000217134198e-01,1.702659867647211269e-03,4.136248333474342176e-01,1.136540680663196239e-02
2.866222000000000207e+02,4.633348843889179558e-01,4.557374703823191542e-01,1.821042168332464000e-03,4.151413686553163118e-01,1.077505955867034786e-02
2.866336000000000013e+02,4.554904851421071599e-01,4.566143674924018070e-01,1.946903053119738471e-03,4.164553287103273660e-01,1.021213572895468373e-02
2.866449999999999818e+02,4.528540755035160292e-01,4.573209668162851460e-01,2.080658814752076122e-03,4.175647575432388514e-01,9.675550458294239140e-03
2.866564000000000192e+02,4.660365421265630914e-01,4.578549967153114353e-01,2.222744969543586496e-03,4.184680004263964248e-01,9.164251319371366153e-03
2.866677999999999997e+02,4.646332350055203397e-01,4.582145427814322547e-01,2.373616882232973575e-03,4.191637079864057869e-01,8.677217912793444218e-03
2.866791999999999803e+02,4.518524557642926709e-01,4.583980513923237576e-01,2.533750394012128891e-03,4.196508395633506971e-01,8.213461434960954433e-03
2.866906000000000176e+02,4.555616521406404273e-01,4.584043324772711925e-01,2.703642452429157531e-03,4.199286658047562404e-01,7.772024220085775766e-03
2.867019999999999982e+02,4.551262332680580114e-01,4.582325614856590512e-01,2.883811741790383038e-03,4.199967704853114769e-01,7.351979258557192823e-03
2.867133999999999787e+02,4.573720754863251914e-01,4.578822805523724560e-01,3.074799312594208786e-03,4.198550515459841814e-01,6.952429693794080767e-03
2.867248000000000161e+02,4.579670314875569637e-01,4.573533988569917219e-01,3.277169208409672681e-03,4.195037213488725381e-01,6.572508299709490208e-03
2.867361999999999966e+02,4.461535491858506508e-01,4.566461921762555720e-01,3.491509088535790957e-03,4.189433061469383102e-01,6.211376940781466842e-03
2.867475999999999772e+02,4.482195464415728581e-01,4.557613016317786925e-01,3.718430844682878763e-03,4.181746447704359770e-01,5.868226016659814845e-03
2.867590000000000146e+02,4.603851598574659754e-01,4.546997316376615861e-01,3.958571209788336147e-03,4.171988865346585862e-01,5.542273893214645815e-03
2.867703999999999951e+02,4.418149676861046760e-01,4.534628470551237966e-01,4.212592357004550300e-03,4.160174883763131382e-01,5.232766321806104140e-03
2.867817999999999756e+02,4.502633407372318985e-01,4.520523695637334027e-01,4.481182486800138615e-03,4.146322112284455685e-01,4.938975848487694130e-03
2.867932000000000130e+02,4.505401465852035825e-01,4.504703732614320777e-01,4.765056399980989454e-03,4.130451156466277696e-01,4.660201214823302476e-03
2.868045999999999935e+02,4.605690888014811746e-01,4.487192795078402408e-01,5.064956054367811267e-03,4.112585567015935029e-01,4.395766751878923441e-03
2.868159999999999741e+02,4.500117717350485269e-01,4.468018510276017818e-01,5.381651102772221605e-03,4.092751781559476609e-01,4.145021768881877906e-03
2.868274000000000115e+02,4.351889867675524659e-01,4.447211852930247900e-01,5.715939409775222177e-03,4.070979059452464743e-01,3.907339938003095460e-03
2.868387999999999920e+02,4.444252260717883041e-01,4.424807072072552416e-01,6.068647544751031540e-03,4.047299409858979291e-01,3.682118676606273896e-03
2.868502000000000294e+02,4.433498789612015933e-01,4.400841611112262797e-01,6.440631248492634069e-03,4.021747513344935410e-01,3.468778528240048110e-03
2.868616000000000099e+02,4.271513253797754039e-01,4.375356021399955941e-01,6.832775870640761008e-03,3.994360637257379776e-01,3.266762543616860606e-03
2.868729999999999905e+02,4.306068386034400119e-01,4.348393869553342506e-01,7.245996775124999983e-03,3.965178545175187530e-01,3.075535662690456230e-03
2.868844000000000278e+02,4.243915753529448054e-01,4.320001638837843716e-01,7.681239710642635311e-03,3.934243400742052366e-01,2.894584098936440596e-03
2.868958000000000084e+02,4.427460910459633525e-01,4.290228624906251009e-01,8.139481143179477449e-03,3.901599666206119754e-01,2.723414726833621024e-03
2.869071999999999889e+02,4.218167230999741446e-01,4.259126826216153017e-01,8.621728547506255988e-03,3.867293996006259671e-01,2.561554473483032036e-03
2.869186000000000263e+02,4.224254659029585968e-01,4.226750829461066727e-01,9.129020654451062630e-03,3.831375125763952783e-01,2.408549715260326508e-03
2.869300000000000068e+02,4.376881254668987808e-01,4.193157690359449186e-01,9.662427650738341159e-03,3.793893757048973359e-01,2.263965680309215373e-03
2.869413999999999874e+02,4.189678069489415901e-01,4.158406810155549915e-01,1.022305132813348776e-02,3.754902438297955114e-01,2.127385857625938449e-03
2.869528000000000247e+02,4.123328364539630142e-01,4.122559808199473541e-01,1.081202517850853202e-02,3.714455442279937514e-01,1.998411413445037605e-03
2.869642000000000053e+02,4.207358692765939545e-01,4.085680390976795806e-01,1.143051443146397318e-02,3.672608640506576649e-01,1.876660615557884876e-03
2.869755999999999858e+02,3.989121127505228515e-01,4.047834217963377501e-01,1.207971603111444164e-02,3.629419374990806024e-01,1.761768266142679654e-03
2.869870000000000232e+02,4.091908693699881083e-01,4.009088764690113549e-01,1.276085854853506105e-02,3.584946327768288032e-01,1.653385143647490875e-03
2.869984000000000037e+02,4.033986595130728547e-01,3.969513183400160683e-01,1.347520202642169505e-02,3.539249388593961876e-01,1.551177454198161875e-03
2.870097999999999843e+02,3.829258296546678153e-01,3.929178161681841641e-01,1.422403775252023550e-02,3.492389521227083349e-01,1.454826292955574505e-03
2.870212000000000216e+02,3.921605714246039764e-01,3.888155779465194972e-01,1.500868795828587052e-02,3.444428628724206520e-01,1.364027115812942430e-03
2.870326000000000022e+02,3.857181248131750784e-01,3.846519364762922555e-01,1.583050543933387649e-02,3.395429418151955092e-01,1.278489221762809996e-03
2.870439999999999827e+02,3.837118671772826728e-01,3.804343348532671643e-01,1.669087309427885399e-02,3.345455265127664779e-01,1.197935246221814220e-03
2.870554000000000201e+02,3.837235148290262798e-01,3.761703119038195542e-01,1.759120337848751534e-02,3.294570078597608420e-01,1.122100665571150718e-03
2.870668000000000006e+02,3.590976467462111965e-01,3.718674876075071523e-01,1.853293766941901261e-02,3.242838166249700227e-01,1.050733313118121367e-03
2.870781999999999812e+02,3.631916865623286972e-01,3.675335485418760317e-01,1.951754554030403835e-02,3.190324100949237240e-01,9.835929066482457760e-04
2.870896000000000186e+02,3.744084602948412610e-01,3.631762333849562485e-01,2.054652393886411549e-02,3.137092588583808572e-01,9.204505877112030120e-04
2.871009999999999991e+02,3.562852758166298872e-01,3.588033185093132960e-01,2.162139626797965342e-02,3.083208337685942602e-01,8.610884727393679217e-04
2.871123999999999796e+02,3.617932636348443753e-01,3.544226037003762042e-01,2.274371136533579613e-02,3.028735931189731057e-01,8.052992160672524033e-04
2.871238000000000170e+02,3.593690604462382865e-01,3.500418980311103545e-01,2.391504237905249866e-02,2.973739700671597652e-01,7.528855848980528552e-04
2.871351999999999975e+02,3.670646879687488040e-01,3.456690059231854462e-01,2.513698553657419538e-02,2.918283603403848403e-01,7.036600462263985179e-04
2.871465999999999781e+02,3.386775599189207897e-01,3.413117134233565331e-01,2.641115880426368745e-02,2.862431102533916638e-01,6.574443657011566156e-04
2.871580000000000155e+02,3.372041714423950065e-01,3.369777747228621667e-01,2.773920043514929712e-02,2.806245050693187415e-01,6.140692183941123296e-04
2.871693999999999960e+02,3.313824421925934960e-01,3.326748989454795802e-01,2.912276740261156988e-02,2.749787577314580789e-01,5.733738114099077568e-04
2.871807999999999765e+02,3.142397087800664623e-01,3.284107372282417669e-01,3.056353371801453708e-02,2.693119979919748608e-01,5.352055182523674220e-04
2.871922000000000139e+02,3.300208033973885402e-01,3.241928701177199668e-01,3.206318863032034394e-02,2.636302619625515709e-01,4.994195248480602731e-04
2.872035999999999945e+02,3.204683222038836043e-01,3.200287953024542054e-01,3.362343470613287505e-02,2.579394821092176882e-01,4.658784871036364254e-04
2.872149999999999750e+02,3.053171986936802362e-01,3.159259157003722618e-01,3.524598578888733097e-02,2.522454777116271973e-01,4.344521998576977677e-04
2.872264000000000124e+02,3.083253222103444213e-01,3.118915279188149148e-01,3.693256483596319556e-02,2.465539458057744160e-01,4.050172770772329312e-04
2.872377999999999929e+02,2.997041154638149796e-01,3.079328111024183245e-01,3.868490163297667178e-02,2.408704526263119039e-01,3.774568431297411803e-04
2.872491999999999734e+02,3.143554352362723514e-01,3.040568161823300475e-01,4.050473038483305005e-02,2.352004255625465556e-01,3.516602349504390997e-04
2.872606000000000108e+02,3.006526293518820836e-01,3.002704555389779095e-01,4.239378718320153255e-02,2.295491456408599307e-01,3.275227149164056020e-04
2.872719999999999914e+02,3.028962668986723283e-01,2.965804930882878776e-01,4.435380735062801477e-02,2.239217405434344166e-01,3.049451942253882564e-04
2.872834000000000287e+02,2.958912935493729912e-01,2.929935347995086259e-01,4.638652266188397072e-02,2.183231781710559816e-01,2.838339665686879804e-04
2.872948000000000093e+02,2.902682901388241032e-01,2.895160196517250206e-01,4.849365844316796265e-02,2.127582607566733675e-01,2.641004518836833812e-04
2.873061999999999898e+02,2.859139086188292045e-01,2.861542110334527322e-01,5.067693055068883679e-02,2.072316195328052224e-01,2.456609499586588576e-04
2.873176000000000272e+02,2.916402736373390758e-01,2.829141885890919528e-01,5.293804223000989767e-02,2.017477099554189079e-01,2.284364036630878931e-04
2.873290000000000077e+02,2.715411068036250875e-01,2.798018405137944198e-01,5.527868085827565559e-02,1.963108074839508832e-01,2.123521715678677846e-04
2.873403999999999883e+02,2.753289100486427388e-01,2.768228562968567674e-01,5.770051457187692218e-02,1.909250039152630696e-01,1.973378097167943583e-04
2.873518000000000256e+02,2.786354365778048181e-01,2.739827199127381485e-01,6.020518878222223813e-02,1.855942042682061088e-01,1.833268623097850049e-04
2.873632000000000062e+02,2.700471469074095521e-01,2.712867034569874658e-01,6.279432258301746728e-02,1.803221242129161850e-01,1.702566610537887529e-04
2.873745999999999867e+02,2.703222652449958630e-01,2.687398612231315376e-01,6.546950505292634115e-02,1.751122880372688873e-01,1.580681329362934346e-04
2.873860000000000241e+02,2.641902443559135949e-01,2.663470242157474077e-01,6.823229145759532321e-02,1.699680271419746758e-01,1.467056161774024626e-04
2.873974000000000046e+02,2.614173374610984091e-01,2.641127950934323287e-01,7.108419935580956306e-02,1.648924790535083451e-01,1.361166841144219677e-04
2.874087999999999852e+02,2.608239141247580273e-01,2.620415435344235489e-01,7.402670461504376465e-02,1.598885869426059925e-01,1.262519767737532109e-04
2.874202000000000226e+02,2.716665819743176447e-01,2.601374020170021395e-01,7.706123734175732154e-02,1.549590996353573391e-01,1.170650398874411603e-04
2.874316000000000031e+02,2.545151898895430254e-01,2.584042620056494766e-01,8.018917773261502457e-02,1.501065721019227139e-01,1.085121711117234577e-04
2.874429999999999836e+02,2.484282193626710100e-01,2.568457705332533036e-01,8.341185185331755070e-02,1.453333664067284481e-01,1.005522732073070607e-04
2.874544000000000210e+02,2.529789285175948477e-01,2.554653271692716721e-01,8.673052735177669281e-02,1.406416531035502293e-01,9.314671394476614576e-05
2.874658000000000015e+02,2.514780965203136653e-01,2.542660813629515348e-01,9.014640911323405781e-02,1.360334130572173617e-01,8.625919250009849153e-05
2.874771999999999821e+02,2.465441791677899230e-01,2.532509301503309551e-01,9.366063486541904848e-02,1.315104396728029590e-01,7.985561210897025445e-05
2.874886000000000195e+02,2.484304906935024260e-01,2.524225162135838585e-01,9.727427074183801758e-02,1.270743415129930720e-01,7.390395875272358838e-05
2.875000000000000000e+02,2.434979019716524973e-01,2.517832262808143984e-01,1.009883068121717048e-01,1.227265452829906373e-01,6.837418565207182002e-05
2.875113999999999805e+02,2.566413357198019662e-01,2.513351898543310092e-01,1.048036525892279552e-01,1.184682991617542758e-01,6.323810334874378140e-05
2.875228000000000179e+02,2.379656371002729365e-01,2.510802782554576451e-01,1.087211325218250396e-01,1.143006764584721113e-01,5.846927516046717077e-05
2.875341999999999985e+02,2.438964342108924932e-01,2.510201039738395590e-01,1.127414814838664514e-01,1.102245795721746718e-01,5.404291779842649391e-05
2.875455999999999790e+02,2.458306314332182330e-01,2.511560203093777255e-01,1.168653402702987260e-01,1.062407442321377654e-01,4.993580694122547783e-05
2.875570000000000164e+02,2.477417414012738350e-01,2.514891212951322896e-01,1.210932511104805542e-01,1.023497439970868367e-01,4.612618756488547637e-05
2.875683999999999969e+02,2.523053696143228719e-01,2.520202418897429242e-01,1.254256532103649180e-01,9.855199499054526080e-02,4.259368883275214013e-05
2.875797999999999774e+02,2.550431910980545114e-01,2.527499584283179890e-01,1.298628783352645533e-01,9.484776084969898102e-02,3.931924335442291753e-05
2.875912000000000148e+02,2.573903473769567074e-01,2.536785893210790066e-01,1.344051464447026112e-01,9.123715786574788933e-02,3.628501062847565463e-05
2.876025999999999954e+02,2.570798576886441644e-01,2.548061959895235318e-01,1.390525613916889225e-01,8.772016029334608889e-02,3.347430448849198132e-05
2.876139999999999759e+02,2.605287610623179262e-01,2.561325840304526924e-01,1.438051066990569948e-01,8.429660580701843486e-02,3.087152437725298055e-05
2.876254000000000133e+02,2.595326077900294570e-01,2.576573045986191302e-01,1.486626414250978578e-01,8.096620108324155407e-02,2.846209027967136232e-05
2.876367999999999938e+02,2.545265620294293596e-01,2.593796559994494544e-01,1.536248961315210548e-01,7.772852748677847035e-02,2.623238114990885777e-05
2.876481999999999744e+02,2.527873428198004757e-01,2.612986854839999817e-01,1.586914689669693956e-01,7.458304684035703402e-02,2.416967667350662099e-05
2.876596000000000117e+02,2.741097084434978570e-01,2.634131912387355223e-01,1.638618218787754877e-01,7.152910725774910827e-02,2.226210221093274932e-05
2.876709999999999923e+02,2.775419411018683613e-01,2.657217245635828951e-01,1.691352769663732880e-01,6.856594902043572359e-02,2.049857677385342217e-05
2.876823999999999728e+02,2.511198111111268561e-01,2.682225922324796286e-01,1.745110129898701234e-01,6.569271047871880209e-02,1.886876389068557975e-05
2.876938000000000102e+02,2.586955823095468121e-01,2.709138590310338768e-01,1.799880620465805769e-01,6.290843395922993131e-02,1.736302522336078029e-05
2.877051999999999907e+02,2.780915732360357828e-01,2.737933504668784157e-01,1.855653064289785048e-01,6.021207166109784209e-02,1.597237680202507649e-05
2.877165999999999713e+02,2.750729026046819237e-01,2.768586556490763573e-01,1.912414756774855895e-01,5.760249152384130933e-02,1.468844774943632545e-05
2.877280000000000086e+02,2.725629857903637543e-01,2.801071303332404172e-01,1.970151438406455013e-01,5.507848305122296784e-02,1.350344137191160354e-05
2.877393999999999892e+02,2.794364229053037940e-01,2.835359001300428727e-01,2.028847269557962907e-01,5.263876307574829466e-02,1.241009849827682756e-05
2.877508000000000266e+02,2.968828612710274761e-01,2.871418638755364183e-01,2.088484807632119133e-01,5.028198144937143926e-02,1.140166295302039169e-05
2.877622000000000071e+02,2.885309216276636946e-01,2.909216971617205050e-01,2.149044986653984302e-01,4.800672664726736427e-02,1.047184905465235228e-05
2.877735999999999876e+02,2.922670891391720982e-01,2.948718560273180800e-01,2.210507099445365442e-01,4.581153127174704409e-02,9.614811034473790254e-06
2.877850000000000250e+02,3.119530392980326972e-01,2.989885808083342922e-01,2.272848782490992925e-01,4.369487744495931941e-02,8.825114275656011572e-06
2.877964000000000055e+02,3.140501432980147278e-01,3.032679001490760640e-01,2.336046003613011235e-01,4.165520207949827830e-02,8.097708276619890416e-06
2.878077999999999861e+02,2.989300980059929613e-01,3.077056351748239660e-01,2.400073052565939169e-01,3.969090201698311643e-02,7.427901246905743482e-06
2.878192000000000235e+02,3.122572382082193232e-01,3.122974038271921771e-01,2.464902534650878219e-01,3.780033902585648586e-02,6.811336247871938465e-06
2.878306000000000040e+02,3.315781677762112412e-01,3.170386253641117036e-01,2.530505367450679999e-01,3.598184465024930473e-02,6.243968794378772745e-06
2.878419999999999845e+02,3.002079234727823565e-01,3.219245250267387948e-01,2.596850780782274382e-01,3.423372490267388712e-02,5.722045837445433195e-06
2.878534000000000219e+02,3.193110021876378601e-01,3.269501388752001914e-01,2.663906319947242363e-01,3.255426479442431742e-02,5.242086051633543031e-06
2.878648000000000025e+02,3.225003656461509771e-01,3.321103187958792669e-01,2.731637852363687502e-01,3.094173269815609847e-02,4.800861354392727943e-06
2.878761999999999830e+02,3.367618368753794722e-01,3.373997376831199824e-01,2.800009577655550030e-01,2.939438453797689824e-02,4.395379588067801973e-06
2.878876000000000204e+02,3.423799090783068433e-01,3.428128947975961349e-01,2.868984041258860751e-01,2.791046780341141162e-02,4.022868298655656907e-06
2.878990000000000009e+02,3.546451258261705264e-01,3.483441213042471896e-01,2.938522151605423294e-01,2.648822538415628036e-02,3.680759548540985319e-06
2.879103999999999814e+02,3.518139529033775803e-01,3.539875859926588930e-01,3.008583200936299495e-01,2.512589922332534101e-02,3.366675703545072423e-06
2.879218000000000188e+02,3.739363517879556453e-01,3.597373011818879585e-01,3.079124889779421004e-01,2.382173378780816364e-02,3.078416137643528646e-06
2.879331999999999994e+02,3.617092695712869621e-01,3.655871288122425899e-01,3.150103355125830618e-01,2.257397935485801893e-02,2.813944801516897682e-06
2.879445999999999799e+02,3.759277568534439284e-01,3.715307867263056840e-01,3.221473202329874219e-01,2.138089511471434959e-02,2.571378603857096177e-06
2.879560000000000173e+02,3.948863445779715597e-01,3.775618551403718826e-01,3.293187540739475061e-01,2.024075208986729144e-02,2.348976557025927108e-06
2.879673999999999978e+02,3.669390434240846210e-01,3.836737833078436299e-01,3.365198023062144217e-01,1.915183587198804674e-02,2.145129641150764096e-06
2.879787999999999784e+02,3.953571368164082722e-01,3.898598963757109459e-01,3.437454888462350144e-01,1.811244917813273000e-02,1.958351343174251152e-06
2.879902000000000157e+02,3.921283540536396606e-01,3.961134024339174053e-01,3.509907009365869079e-01,1.712091422850074360e-02,1.787268829722659000e-06
2.880015999999999963e+02,4.172306142359241132e-01,4.024273997576492401e-01,3.582501941945739343e-01,1.617557494836039528e-02,1.630614714845415659e-06
2.880129999999999768e+02,4.035148093232241995e-01,4.087948842420067175e-01,3.655185980253948808e-01,1.527479899722598844e-02,1.487219385806050573e-06
2.880244000000000142e+02,4.201538518795661648e-01,4.152087570270023287e-01,3.727904213942348499e-01,1.441697962891529648e-02,1.356003852151754227e-06
2.880357999999999947e+02,4.278235436056544994e-01,4.216618323109642130e-01,3.800600589515209515e-01,1.360053738635803519e-02,1.235973085197936978e-06
2.880471999999999753e+02,4.210869751027944696e-01,4.281468453497015436e-01,3.873217975044981887e-01,1.282392163538644339e-02,1.126209816912499216e-06
2.880586000000000126e+02,4.533232064399541072e-01,4.346564606371376982e-01,3.945698228262111695e-01,1.208561194215757202e-02,1.025868768957472906e-06
2.880699999999999932e+02,4.462479622119057687e-01,4.411832802631687200e-01,4.017982267928739137e-01,1.138411929901049849e-02,9.341712842995502427e-07
2.880813999999999737e+02,4.569590001364037812e-01,4.477198524436806215e-01,4.090010148395302747e-01,1.071798720381494756e-02,8.504003353962538604e-07
2.880928000000000111e+02,4.524875911269623519e-01,4.542586802159214732e-01,4.161721137218684641e-01,1.008579259816852307e-02,7.738958844899069289e-07
2.881041999999999916e+02,4.611064574464983634e-01,4.607922302924245539e-01,4.233053795719821655e-01,9.486146669869438552e-03,7.040505729648680598e-07
2.881155999999999722e+02,4.668327138953962119e-01,4.673129420657984867e-01,4.303946062348334989e-01,8.917695525246861418e-03,6.403057180913543289e-07
2.881270000000000095e+02,4.774199834612352089e-01,4.738132367549264257e-01,4.374335338702058928e-01,8.379120737123699203e-03,5.821475967835567974e-07
2.881383999999999901e+02,4.919602530146847119e-01,4.802855266831046466e-01,4.444158578049257069e-01,7.869139774181663910e-03,5.291039972168129456e-07
2.881498000000000275e+02,4.836614989419671384e-01,4.867222246777924144e-01,4.513352376192090731e-01,7.386506317562970859e-03,4.807410203140074448e-07
2.881612000000000080e+02,5.066687276967348774e-01,4.931157535796325542e-01,4.581853064488575766e-01,6.930010470660701721e-03,4.366601142220865169e-07
2.881725999999999885e+02,4.905024994537732219e-01,4.994585558493156441e-01,4.649596804860759991e-01,6.498478867913742851e-03,3.964953259272926729e-07
2.881840000000000259e+02,5.000833932837298601e-01,5.057431032582423436e-01,4.716519686589436544e-01,6.090774688543536611e-03,3.599107551580616259e-07
2.881954000000000065e+02,5.093250164497166166e-01,5.119619066492494541e-01,4.782557824700124915e-01,5.705797581040319456e-03,3.265981966469076958e-07
2.882067999999999870e+02,5.138748905453639493e-01,5.181075257528288125e-01,4.847647459737123854e-01,5.342483504158779262e-03,2.962749577043449274e-07
2.882182000000000244e+02,5.236808507318690964e-01,5.241725790426676745e-01,4.911725058706722935e-01,4.999804490156453673e-03,2.686818388929973933e-07
2.882296000000000049e+02,5.281080890875559097e-01,5.301497536144790246e-01,4.974727416973567795e-01,4.676768335855870443e-03,2.435812663683526601e-07
2.882409999999999854e+02,5.406460106320082337e-01,5.360318150713964114e-01,5.036591760888234903e-01,4.372418227007784410e-03,2.207555651923784987e-07
2.882524000000000228e+02,5.439522901653850440e-01,5.418116173977665095e-01,5.097255850910513697e-01,4.085832301351524642e-03,2.000053636255317039e-07
2.882638000000000034e+02,5.564956552960715896e-01,5.474821128034362827e-01,5.156658084997349789e-01,3.816123155582214037e-03,1.811481190540569910e-07
2.882751999999999839e+02,5.638697573791046080e-01,5.530363615200779570e-01,5.214737602020288465e-01,3.562437301292231510e-03,1.640167568269891241e-07
2.882866000000000213e+02,5.617313800465932871e-01,5.584675415298673284e-01,5.271434384966219300e-01,3.323954574831465038e-03,1.484584138597666658e-07
2.882980000000000018e+02,5.479550072999433974e-01,5.637689582072364924e-01,5.326689363681341716e-01,3.099887505822934274e-03,1.343332794035754342e-07
2.883093999999999824e+02,5.773135684454924199e-01,5.689340538540421655e-01,5.380444516916150777e-01,2.889480648901186517e-03,1.215135258922802921e-07
2.883208000000000197e+02,5.780133210819006218e-01,5.739564171075179910e-01,5.432642973421047961e-01,2.692009883089966152e-03,1.098823232615221616e-07
2.883322000000000003e+02,5.877686850539053376e-01,5.788297922009355556e-01,5.483229111849886594e-01,2.506781683016369618e-03,9.933293058351111521e-08
2.883435999999999808e+02,5.738616438759984728e-01,5.835480880567294193e-01,5.532148659228962595e-01,2.333132365973888695e-03,8.976785928463174194e-08
2.883550000000000182e+02,5.898745370674093325e-01,5.881053871911385844e-01,5.579348787743563243e-01,2.170427318679623435e-03,8.109810261098617509e-08
2.883663999999999987e+02,5.923113367054071432e-01,5.924959544101423559e-01,5.624778209603668033e-01,2.018060207349164220e-03,7.324242637684013921e-08
2.883777999999999793e+02,5.920384241390852509e-01,5.967142452765217264e-01,5.668387269752829249e-01,1.875452174522396209e-03,6.612671637913371663e-08
2.883892000000000166e+02,5.994509205872392554e-01,6.007549143274611980e-01,5.710128036181832956e-01,1.742051025899584663e-03,5.968337818775099427e-08
2.884005999999999972e+02,6.132260333533572361e-01,6.046128230230061185e-01,5.749954387619897744e-01,1.617330410231002536e-03,5.385078532441688571e-08
2.884119999999999777e+02,6.027411710952697010e-01,6.082830474059643944e-01,5.787822098380769331e-01,1.500788995115318785e-03,4.857277212789531229e-08
2.884234000000000151e+02,6.164986128068470350e-01,6.117608854537281982e-01,5.823688920141704140e-01,1.391949641389893634e-03,4.379816786978353403e-08
2.884347999999999956e+02,6.233363797864722722e-01,6.150418641035512168e-01,5.857514660445908294e-01,1.290358578591429672e-03,3.948036893249518185e-08
2.884461999999999762e+02,6.190025622049583065e-01,6.181217459333090414e-01,5.889261257725766363e-01,1.195584583786362103e-03,3.557694609288506807e-08
2.884576000000000136e+02,6.232708354887794844e-01,6.209965354799606985e-01,5.918892852647702485e-01,1.107218165906178426e-03,3.204928417162809468e-08
2.884689999999999941e+02,6.321311985584345816e-01,6.236624851791243707e-01,5.946375855593384330e-01,1.024870757534419299e-03,2.886225150923455476e-08
2.884803999999999746e+02,6.407974814987321688e-01,6.261161009098888952e-01,5.971679010100654494e-01,9.481739159265345582e-04,2.598389691744769567e-08
2.884918000000000120e+02,6.402082636443978680e-01,6.283541471294465941e-01,5.994773452093822286e-01,8.767785348923912711e-04,2.338517193002137634e-08
2.885031999999999925e+02,6.395436706017838535e-01,6.303736515834601484e-01,6.015632764747818051e-01,8.103540690019416393e-04,2.103967633910610780e-08
2.885145999999999731e+02,6.284293442579499400e-01,6.321719095789523069e-01,6.034233028841011759e-01,7.485877714259011250e-04,1.892342515498884123e-08
2.885260000000000105e+02,6.371069976883814157e-01,6.337464878072537333e-01,6.050552868460307154e-01,6.911839465877164671e-04,1.701463526804360588e-08
2.885373999999999910e+02,6.383274061076942285e-01,6.350952277059370710e-01,6.064573491937519378e-01,6.378632186548895654e-04,1.529353022223854592e-08
2.885487999999999715e+02,6.345587720137351173e-01,6.362162483497116883e-01,6.076278727907822308e-01,5.883618167677736677e-04,1.374216163119618718e-08
2.885602000000000089e+02,6.432087972213628158e-01,6.371079488612224617e-01,6.085655056391905404e-01,5.424308777860949995e-04,1.234424588091488212e-08
2.885715999999999894e+02,6.430122321536052565e-01,6.377690103341449035e-01,6.092691634819230595e-01,4.998357672068757347e-04,1.108501486774524125e-08
2.885829999999999700e+02,6.306263042341578862e-01,6.381983972621186885e-01,6.097380318922420717e-01,4.603554187969969387e-04,9.951079617452703396e-09
2.885944000000000074e+02,6.368072105475560685e-01,6.383953584682492410e-01,6.099715678445594147e-01,4.237816933841069946e-04,8.930305721464047551e-09
2.886057999999999879e+02,6.286058240485649096e-01,6.383594275313317912e-01,6.099695007624876819e-01,3.899187571443931918e-04,8.011699609689927287e-09
2.886172000000000253e+02,6.522079133874093548e-01,6.380904227062048628e-01,6.097318330412656584e-01,3.585824796343943521e-04,7.185304756693662829e-09
2.886286000000000058e+02,6.364403895109183029e-01,6.375884463369734245e-01,6.092588400431325768e-01,3.295998517338773019e-04,6.442106989731337765e-09
2.886399999999999864e+02,6.405896873173770878e-01,6.368538837631918526e-01,6.085510695656660696e-01,3.028084235776514746e-04,5.773948133188748634e-09
2.886514000000000237e+02,6.466274533641543920e-01,6.358874017204660944e-01,6.076093407845289951e-01,2.780557624897241173e-04,5.173447285472645170e-09
2.886628000000000043e+02,6.349526976520686317e-01,6.346899462382872281e-01,6.064347426734986168e-01,2.551989308594184011e-04,4.633929080907950228e-09
2.886741999999999848e+02,6.553826071954298449e-01,6.332627400391727113e-01,6.050286319059764439e-01,2.341039838379667067e-04,4.149358341577120628e-09
2.886856000000000222e+02,6.165861255279766473e-01,6.316072794446836447e-01,6.033926302437224720e-01,2.146454866805699109e-04,3.714280572463886055e-09
2.886970000000000027e+02,6.273450314835529174e-01,6.297253307951058421e-01,6.015286214198338754e-01,1.967060515041068030e-04,3.323767797816651512e-09
2.887083999999999833e+02,6.152754276831627900e-01,6.276189263908101834e-01,5.994387475242557439e-01,1.801758931851114593e-04,2.973369277858031664e-09
2.887198000000000206e+02,6.400059150107262340e-01,6.252903599648266253e-01,5.971254049016762044e-01,1.649524040837254399e-04,2.659066683010975994e-09
2.887312000000000012e+02,6.258954556987541551e-01,6.227421816972311674e-01,5.945912395727579458e-01,1.509397472398656863e-04,2.377233337773723266e-09
2.887425999999999817e+02,6.103829974119695523e-01,6.199771927830730611e-01,5.918391421908197891e-01,1.380484676560962654e-04,2.124597178664922773e-09
2.887540000000000191e+02,6.083109720680361931e-01,6.169984395670949917e-01,5.888722425476323741e-01,1.261951212554771019e-04,1.898207100423682023e-09
2.887653999999999996e+02,6.165119429181374899e-01,6.138092072593439585e-01,5.856939036428652212e-01,1.153019210763618282e-04,1.695402391971173111e-09
2.887767999999999802e+02,6.183899385844557894e-01,6.104130132467873171e-01,5.823077153327561595e-01,1.052964002461094246e-04,1.513784988834053996e-09
2.887882000000000176e+02,6.063162317222144937e-01,6.068136000175106126e-01,5.787174875750561442e-01,9.611109126020288772e-05,1.351194291920387315e-09
2.887995999999999981e+02,5.957361392130415823e-01,6.030149277146905629e-01,5.749272432879283246e-01,8.768322107793022119e-05,1.205684323801709408e-09
2.888109999999999786e+02,5.953242301119029412e-01,5.990211663383866458e-01,5.709412108413480791e-01,7.995442153548306080e-05,1.075503013232807149e-09
2.888224000000000160e+02,6.018764908153997339e-01,5.948366876145756432e-01,5.667638162009315250e-01,7.287045457067314793e-05,9.590734166358225471e-10
2.888337999999999965e+02,5.894937618876642249e-01,5.904660565511995474e-01,5.623996747444758304e-01,6.638095174697739671e-05,8.549767017564459225e-10
2.888451999999999771e+02,5.848248205558864710e-01,5.859140227016635949e-01,5.578535827721646800e-01,6.043916756210685793e-05,7.619367338518701982e-10
2.888566000000000145e+02,5.658123740238069077e-01,5.811855111574858457e-01,5.531305087326531256e-01,5.500174602660618385e-05,6.788061186782180516e-10
2.888679999999999950e+02,5.805153618725004128e-01,5.762856132918546814e-01,5.482355841873026714e-01,5.002849999842863581e-05,6.045535692681181695e-10
2.888793999999999755e+02,5.558555928911669275e-01,5.712195772763193347e-01,5.431740945353039640e-01,4.548220276291632972e-05,5.382524751690729672e-10
2.888908000000000129e+02,5.541599066381520666e-01,5.659927983939532226e-01,5.379514695235294575e-01,4.132839135321218093e-05,4.790705635195432780e-10
2.889021999999999935e+02,5.679299776185304793e-01,5.606108091720956033e-01,5.325732735647231708e-01,3.753518111177698245e-05,4.262605511224656906e-10
2.889135999999999740e+02,5.504962995735684927e-01,5.550792693580238746e-01,5.270451958878705767e-01,3.407309100157626680e-05,3.791516956438191566e-10
2.889250000000000114e+02,5.714766144947662774e-01,5.494039557618682901e-01,5.213730405455411221e-01,3.091487918491751130e-05,3.371421622730376694e-10
2.889363999999999919e+02,5.527714844235166458e-01,5.435907519905448515e-01,5.155627163024554260e-01,2.803538839726081358e-05,2.996921296744122529e-10
2.889477999999999724e+02,5.361244977276302670e-01,5.376456380965145554e-01,5.096202264295427442e-01,2.541140065426091194e-05,2.663175659172447882e-10
2.889592000000000098e+02,5.378859757630315430e-01,5.315746801659619880e-01,5.035516584285349984e-01,2.302150084227159521e-05,2.365846113424059649e-10
2.889705999999999904e+02,5.104650255389108215e-01,5.253840198701644759e-01,4.973631737113056728e-01,2.084594875430507014e-05,2.101045110387007079e-10
2.889819999999999709e+02,5.167251547083168139e-01,5.190798640036428102e-01,4.910609972579674798e-01,1.886655914628424113e-05,1.865290448275012663e-10
2.889934000000000083e+02,5.077166088342304207e-01,5.126684740332857482e-01,4.846514072783374982e-01,1.706658940188905275e-05,1.655464074242676440e-10
2.890047999999999888e+02,4.900549359322601273e-01,5.061561556815683538e-01,4.781407249002834203e-01,1.543063440745719714e-05,1.468774957891495841e-10
2.890162000000000262e+02,4.962767452228811216e-01,4.995492485665389282e-01,4.715353039080141251e-01,1.394452825220335700e-05,1.302725646439654447e-10
2.890276000000000067e+02,4.918729543494825274e-01,4.928541159219801404e-01,4.648415205540887274e-01,1.259525238319653800e-05,1.155082147487308421e-10
2.890389999999999873e+02,4.805277906812602251e-01,4.860771344188758447e-01,4.580657634666330802e-01,1.137084985806136908e-05,1.023846818168274718e-10
2.890504000000000246e+02,4.720493845675158284e-01,4.792246841105567978e-01,4.512144236744806136e-01,1.026034535281146606e-05,9.072339694981967058e-11
2.890618000000000052e+02,4.939306925941056581e-01,4.723031385221563294e-01,4.442938847711956352e-01,9.253670595888181992e-06,8.036479219740401135e-11
2.890731999999999857e+02,4.656189682030718591e-01,4.653188549043431599e-01,4.373105132382634208e-01,8.341594913383770690e-06,7.116632733043274477e-11
2.890846000000000231e+02,4.557722943477771627e-01,4.582781646715136104e-01,4.302706489479286023e-01,7.515660584264775778e-06,6.300071617332873285e-11
2.890960000000000036e+02,4.594208332231345393e-01,4.511873640429414634e-01,4.231805958644693222e-01,6.768122717760562505e-06,5.575433289226825723e-11
2.891073999999999842e+02,4.501948795962718575e-01,4.440527049045428498e-01,4.160466129618386466e-01,6.091893378389725340e-06,4.932578050027679830e-11
2.891188000000000216e+02,4.275221755459999162e-01,4.368803859090152897e-01,4.088749053756934315e-01,5.480489697207321142e-06,4.362460553474320745e-11
2.891302000000000021e+02,4.335182734735179011e-01,4.296765438302652673e-01,4.016716158059746578e-01,4.927985720448888449e-06,3.857014439912316431e-11
2.891415999999999826e+02,4.356221123627566083e-01,4.224472451870896483e-01,3.944428161852399639e-01,4.428967759165938741e-06,3.409048825620165525e-11
2.891530000000000200e+02,4.167983655216950800e-01,4.151984781510833500e-01,3.871944996279461648e-01,3.978493015571665789e-06,3.012155462671742412e-11
2.891644000000000005e+02,3.930346263442170973e-01,4.079361447517859118e-01,3.799325726739061770e-01,3.572051273420055734e-06,2.660625499410199757e-11
2.891757999999999811e+02,4.061192458740767730e-01,4.006660533910561539e-01,3.726628478381112664e-01,3.205529451080489999e-06,2.349374875665523532e-11
2.891872000000000185e+02,4.003608554530896924e-01,3.933939116786012713e-01,3.653910364790354803e-01,2.875178826960005197e-06,2.073877481154994999e-11
2.891985999999999990e+02,3.868271398683054141e-01,3.861253195985602793e-01,3.581227419955018143e-01,2.577584757406874580e-06,1.830105290816947273e-11
2.892099999999999795e+02,3.800078821566826859e-01,3.788657630159709133e-01,3.508634533611087458e-01,2.309638717392312659e-06,1.614474768126622607e-11
2.892214000000000169e+02,3.712663769122433455e-01,3.716206075318530533e-01,3.436185390051109678e-01,2.068512504058426019e-06,1.423798897411002537e-11
2.892327999999999975e+02,3.614973005754401059e-01,3.643950926935873302e-01,3.363932410465823031e-01,1.851634452524008907e-06,1.255244269400431474e-11
2.892441999999999780e+02,3.654644297881146642e-01,3.571943265661821076e-01,3.291926698875968227e-01,1.656667522304846399e-06,1.106292701464549920e-11
2.892556000000000154e+02,3.520803751427094008e-01,3.500232806699297150e-01,3.220217991710613292e-01,1.481489121292898012e-06,9.747069257000505415e-12
2.892669999999999959e+02,3.249155759452850845e-01,3.428867852878970113e-01,3.148854611067695708e-01,1.324172542373512189e-06,8.584999247167518551e-12
2.892783999999999764e+02,3.361333852719862736e-01,3.357895251456459174e-01,3.077883421681912868e-01,1.182969895552852370e-06,7.559075371551216943e-12
2.892898000000000138e+02,3.282434488994948607e-01,3.287360354655027850e-01,3.007349791624232549e-01,1.056296425897203772e-06,6.653639930604249894e-12
2.893011999999999944e+02,3.265629621123938287e-01,3.217306983956854105e-01,2.937297556737159532e-01,9.427161146006488497e-07,5.854800735777498636e-12
2.893125999999999749e+02,3.161854617266089962e-01,3.147777398136126226e-01,2.867768988799951901e-01,8.409284671841138321e-07,5.150236204282261022e-12
2.893240000000000123e+02,2.835220580530981027e-01,3.078812265026776296e-01,2.798804767417493733e-01,7.497563991748826825e-07,4.529021485793107628e-12
2.893353999999999928e+02,3.090531363136169163e-01,3.010450636998488472e-01,2.730443955607317341e-01,6.681351355895205122e-07,3.981473406923664438e-12
2.893467999999999734e+02,3.031541524674460364e-01,2.942729930105565939e-01,2.662723979050113376e-01,5.951020462111180243e-07,3.499012246217549979e-12
2.893582000000000107e+02,2.748351108832173262e-01,2.875685906873451936e-01,2.595680608969271330e-01,5.297873440096054942e-07,3.074038556782103589e-12
2.893695999999999913e+02,2.717771710607111979e-01,2.809352662669675205e-01,2.529347948586885830e-01,4.714055790822411958e-07,2.699823437520207023e-12
2.893809999999999718e+02,2.738092080742373091e-01,2.743762615598001053e-01,2.463758423095644690e-01,4.192478652425831254e-07,2.370410819433127252e-12
2.893924000000000092e+02,2.861294764914547595e-01,2.678946499855538455e-01,2.398942773086924496e-01,3.726747808602924966e-07,2.080530482372448848e-12
2.894037999999999897e+02,2.565940450384859850e-01,2.614933362475998502e-01,2.334930051358846126e-01,3.311098897412289759e-07,1.825520651394687958e-12
2.894151999999999703e+02,2.667709460793463161e-01,2.551750563375432823e-01,2.271747623021102280e-01,2.940338317781744296e-07,1.601259142174721054e-12
2.894266000000000076e+02,2.591274382758644301e-01,2.489423778618780891e-01,2.209421168815371983e-01,2.609789368003914519e-07,1.404102133032024176e-12
2.894379999999999882e+02,2.417452556241207196e-01,2.427977006810485006e-01,2.147974691554991877e-01,2.315243185014353699e-07,1.230829738127647894e-12
2.894493999999999687e+02,2.311630926739270120e-01,2.367432578506974139e-01,2.087430525582102403e-01,2.052914085610074500e-07,1.078597643517359412e-12
2.894608000000000061e+02,2.400214769206950871e-01,2.307811168551771597e-01,2.027809349143381845e-01,1.819398941034361555e-07,9.448941459415689833e-13
2.894721999999999866e+02,2.203881955134096571e-01,2.249131811220653476e-01,1.969130199572133866e-01,1.611640244525831313e-07,8.275020043223233412e-13
2.894836000000000240e+02,2.144889566210964327e-01,2.191411918059905928e-01,1.911410491160103475e-01,1.426892557757347562e-07,7.244645768148942834e-13
2.894950000000000045e+02,2.164764480623300735e-01,2.134667298307036665e-01,1.854666035608649455e-01,1.262692046643405165e-07,6.340557726292173746e-13
2.895063999999999851e+02,2.080321673612173239e-01,2.078912181763705735e-01,1.798911064929318571e-01,1.116828839756026959e-07,5.547533982871431891e-13
2.895178000000000225e+02,2.122211150133981039e-01,2.024159244003721769e-01,1.744158256676905661e-01,9.873219638637126967e-08,4.852155232251063499e-13
2.895292000000000030e+02,1.932127614407675442e-01,1.970419633786122948e-01,1.690418761385249491e-01,8.723966307812642877e-08,4.242595301052817278e-13
2.895405999999999835e+02,1.958286537450226461e-01,1.917703002541998603e-01,1.637702232074622066e-01,7.704636680177209050e-08,3.708435514223801213e-13
2.895520000000000209e+02,1.853714562073491556e-01,1.866017535809309236e-01,1.586016855705165984e-01,6.801009026838878883e-08,3.240500264000498185e-13
2.895634000000000015e+02,1.936409161483380881e-01,1.815369986481362996e-01,1.535369386442208550e-01,6.000363238117178880e-08,2.830711411308568172e-13
2.895747999999999820e+02,1.782821344776932271e-01,1.765765709734203603e-01,1.485765180598868918e-01,5.291328627805833513e-08,2.471959408108778195e-13
2.895862000000000194e+02,1.665119010828486623e-01,1.717208699504731428e-01,1.437208233127928447e-01,4.663746449984402036e-08,2.157989260611623710e-13
2.895975999999999999e+02,1.568955825014128891e-01,1.669701626384410831e-01,1.389701215527949230e-01,4.108545783903332034e-08,1.883299659850393449e-13
2.896089999999999804e+02,1.628177554294400753e-01,1.623245876794278675e-01,1.343245515029479753e-01,3.617631557111589244e-08,1.643053790600624444e-13
2.896204000000000178e+02,1.601390078036894760e-01,1.577841593314312230e-01,1.297841274934520839e-01,3.183783582756445145e-08,1.433000494307971830e-13
2.896317999999999984e+02,1.595730054917288143e-01,1.533487716034791504e-01,1.253487435976983755e-01,2.800565584269129987e-08,1.249404608513478410e-13
2.896431999999999789e+02,1.569179004790502430e-01,1.490182024799309168e-01,1.210181778573893030e-01,2.462243270312055971e-08,1.088985436251741218e-13
2.896546000000000163e+02,1.539427896697848908e-01,1.447921182216996283e-01,1.167920965844986975e-01,2.163710605359413154e-08,9.488624156731882577e-14
2.896659999999999968e+02,1.440390135336189203e-01,1.406700777317601292e-01,1.126700587274424986e-01,1.900423496987438130e-08,8.265071641442347320e-14
2.896773999999999774e+02,1.425456556937118868e-01,1.366515369725970486e-01,1.086515202891231574e-01,1.668340190536585972e-08,7.197011637525766123e-14
2.896888000000000147e+02,1.337721124768597725e-01,1.327358534240921928e-01,1.047358387853522810e-01,1.463867725668921120e-08,6.264984376680565422e-14
2.897001999999999953e+02,1.234121231981516187e-01,1.289222905700786181e-01,1.009222777318854042e-01,1.283813867810645826e-08,5.451926402240258712e-14
2.897115999999999758e+02,1.272460671886770367e-01,1.252100224021621688e-01,9.721001114867491855e-02,1.125343981071328379e-08,4.742880489247785490e-14
2.897230000000000132e+02,1.277941643881087830e-01,1.215981379302825821e-01,9.359812807081775710e-02,9.859423583017103732e-09,4.124740047016157487e-14
2.897343999999999937e+02,1.108390164133318534e-01,1.180856456893256690e-01,9.008563705551411727e-02,8.633775687722667105e-09,3.586023983843899488e-14
2.897457999999999743e+02,1.226520356612078866e-01,1.146714782315281095e-01,8.667147067478268851e-02,7.556714249437459452e-09,3.116678472665012218e-14
2.897572000000000116e+02,1.192313449850186113e-01,1.113544965953045807e-01,8.335448998456543301e-02,6.610712072323692753e-09,2.707902464298460034e-14
2.897685999999999922e+02,1.103476260989734725e-01,1.081334947410526742e-01,8.013348896078095751e-02,5.780248197852525822e-09,2.351994157014968779e-14
2.897799999999999727e+02,1.151771052869498824e-01,1.050072039449647388e-01,7.700719889335849722e-02,5.051585814015517341e-09,2.042215952625956612e-14
2.897914000000000101e+02,1.067819101224409817e-01,1.019742971427594208e-01,7.397429273016786766e-02,4.412573840862372534e-09,1.772675714589619318e-14
2.898027999999999906e+02,8.988175251089533524e-02,9.903339321524293193e-02,7.103338936275778448e-02,3.852469775038494468e-09,1.538222396579284562e-14
2.898141999999999712e+02,9.989556707211844078e-02,9.618306120810687920e-02,6.818305784631191468e-02,3.361781610614939595e-09,1.334354334309250600e-14
2.898256000000000085e+02,8.797906037015526537e-02,9.342182447923476352e-02,6.542182154709633157e-02,2.932126866754355656e-09,1.157138692275911776e-14
2.898369999999999891e+02,9.064169465843256723e-02,9.074816476683815469e-02,6.274816221072117284e-02,2.556106946241697479e-09,1.003140733195810573e-14
2.898483999999999696e+02,8.797161016270850509e-02,8.816052617224920396e-02,6.016052394504528555e-02,2.227195224580376290e-09,8.693617339527697078e-15
2.898598000000000070e+02,9.282461448833499718e-02,8.565731905202603191e-02,5.765731711238106932e-02,1.939637428662924642e-09,7.531845100137162007e-15
2.898711999999999875e+02,9.983069656122993407e-02,8.323692381411477992e-02,5.523692212574524835e-02,1.688363008252307074e-09,6.523256324880938891e-15
2.898826000000000249e+02,8.755786566484365097e-02,8.089769461329583689e-02,5.289769314438384773e-02,1.468906334158676209e-09,5.647935301534477329e-15
2.898940000000000055e+02,7.338850530256615934e-02,7.863796294201973180e-02,5.063796166467816884e-02,1.277336675217068148e-09,4.888517644177338412e-15
2.899053999999999860e+02,7.499466885558792040e-02,7.645604111252454760e-02,4.845604000232429931e-02,1.110196012936313912e-09,4.229868496978014008e-15
2.899167999999999665e+02,8.052104423767500463e-02,7.435022562724226403e-02,4.635022466279475895e-02,9.644438492675706704e-10,3.658800664230963259e-15
2.899282000000000039e+02,7.224787901151888403e-02,7.231880043443089656e-02,4.431879959701948840e-02,8.374082500098152907e-10,3.163827798400004682e-15
2.899395999999999844e+02,8.378310043378095484e-02,7.036004006672458289e-02,4.236003933997940785e-02,7.267424449825146929e-10,2.734948360697531222e-15
2.899510000000000218e+02,6.092111501284928204e-02,6.847221266040597054e-02,4.047221203001723222e-02,6.303863769092098995e-10,2.363456582935597726e-15
2.899624000000000024e+02,5.777435387326620986e-02,6.665358285403985561e-02,3.865358230750515905e-02,5.465326547852766435e-10,2.041777113265816252e-15
2.899737999999999829e+02,6.558538534691014943e-02,6.490241456494504069e-02,3.690241409134685513e-02,4.735964249007410108e-10,1.763320428536679337e-15
2.899852000000000203e+02,6.834323380869752884e-02,6.321697364289419196e-02,3.521697323270394503e-02,4.101887243742407762e-10,1.522356448991903012e-15
2.899966000000000008e+02,5.579340102649354982e-02,6.159553040044840611e-02,3.359553004535416332e-02,3.550929284637933925e-10,1.313904101968364314e-15
2.900079999999999814e+02,7.227451449911125037e-02,6.003636201971881969e-02,3.203636171247374598e-02,3.072439446266477521e-10,1.133634855277150853e-15
2.900194000000000187e+02,6.259581988687437648e-02,5.853775483589536421e-02,3.053775457018454570e-02,2.657098437376115304e-10,9.777884822949288391e-16
2.900307999999999993e+02,6.492577143825405128e-02,5.709800649796944322e-02,2.909800626829294606e-02,2.296756524381148925e-10,8.430995332043523256e-16
2.900421999999999798e+02,4.995971149799086769e-02,5.571542800739837098e-02,2.771542780896858738e-02,1.984290606818076591e-10,7.267331737944135574e-16
2.900536000000000172e+02,5.376663279577167248e-02,5.438834563593920868e-02,2.638834546459075878e-02,1.713478254991128068e-10,6.262292177224678121e-16
2.900649999999999977e+02,4.398688579310207347e-02,5.311510272393887844e-02,2.511510257604966656e-02,1.478886761209787875e-10,5.394533227523506998e-16
2.900763999999999783e+02,5.099234381793244647e-02,5.189406136063949571e-02,2.389406123306148794e-02,1.275775471813787877e-10,4.645544486336830639e-16
2.900878000000000156e+02,4.452118765667332362e-02,5.072360394846382736e-02,2.272360383846243684e-02,1.100009860080135274e-10,3.999277860248938337e-16
2.900991999999999962e+02,4.071930997909777028e-02,4.960213465327906190e-02,2.160213455848011832e-02,9.479859723433535238e-11,3.441824639894609995e-16
2.901105999999999767e+02,3.788968394077067009e-02,4.852808074285638873e-02,2.052808066119968938e-02,8.165640334479060917e-11,2.961134297763778198e-16
2.901220000000000141e+02,4.615832025897335933e-02,4.749989381607992722e-02,1.949989374577865836e-02,7.030101348430309672e-11,2.546769702463437401e-16
2.901333999999999946e+02,3.949425704441133361e-02,4.651605092546320930e-02,1.851605086496848143e-02,6.049450508803407845e-11,2.189694106683177022e-16
2.901447999999999752e+02,4.929937331101373610e-02,4.557505559570029091e-02,1.757505554367017053e-02,5.202993378070653000e-11,1.882085848304294317e-16
2.901562000000000126e+02,3.788750594524344095e-02,4.467543874124738079e-02,1.667543869651982175e-02,4.472739669269062816e-11,1.617177214579542699e-16
2.901675999999999931e+02,6.896746152901191140e-02,4.381575948590743508e-02,1.581575944747671061e-02,3.843058296470719263e-11,1.389114366637466593e-16
2.901789999999999736e+02,4.329825518690966213e-02,4.299460588751134044e-02,1.499460585450746938e-02,3.300375288249181181e-11,1.192835613562730361e-16
2.901904000000000110e+02,6.050532269177261169e-02,4.221059557099526849e-02,1.421059554266607475e-02,2.832909389697940887e-11,1.023965668640389003e-16
2.902017999999999915e+02,2.846344972538251972e-02,4.146237627312446272e-02,1.346237624881996796e-02,2.430440783374888920e-11,8.787238208820143201e-17
2.902131999999999721e+02,4.833813279200478707e-02,4.074862630218990117e-02,1.274862628134873672e-02,2.084108896301806448e-11,7.538442180169046268e-17
2.902246000000000095e+02,3.811285402142178258e-02,4.006805491615414438e-02,1.206805489829171872e-02,1.786235736099124228e-11,6.465066872877311210e-17
2.902359999999999900e+02,1.819610246304378953e-02,3.941940262264928552e-02,1.141940260734751120e-02,1.530171620957575638e-11,5.542767216312949985e-17
2.902473999999999705e+02,5.231881960152805211e-02,3.880144140426612653e-02,1.080144139116447251e-02,1.310160541578999550e-11,4.750534347848213840e-17
2.902588000000000079e+02,4.022380408947931474e-02,3.821297487267360377e-02,1.021297486146133596e-02,1.121222723695236867e-11,4.070244426362244642e-17
2.902701999999999884e+02,3.189276125632416886e-02,3.765283835501326282e-02,9.652838345422708188e-03,9.590522519589810316e-12,3.486267624497545505e-17
2.902815999999999690e+02,4.217942229303530549e-02,3.711989891601521346e-02,9.119898907815903594e-03,8.199278742805277000e-12,2.985129389082780199e-17
2.902930000000000064e+02,3.754373172521733443e-02,3.661305531933844309e-02,8.613055312332060925e-03,7.006353338079514171e-12,2.555217083228148375e-17
2.903043999999999869e+02,2.720328741546999829e-02,3.613123793152694940e-02,8.131237925542926515e-03,5.983997770533425708e-12,2.186526017095137028e-17
2.903157999999999674e+02,4.775973907359322423e-02,3.567340857194625792e-02,7.673408566837969409e-03,5.108269642647310485e-12,1.870439653868756284e-17
2.903272000000000048e+02,3.911124788584359468e-02,3.523856031208355555e-02,7.238560307725017129e-03,4.358521647014771847e-12,1.599539457230336445e-17
2.903385999999999854e+02,3.929327684864466347e-02,3.482571722747167253e-02,6.825717223754699040e-03,3.716957573594820634e-12,1.367440439067694129e-17
2.903500000000000227e+02,3.863685185935108318e-02,3.443393410544330624e-02,6.433934102275043997e-03,3.168246791062385906e-12,1.168648982463255269e-17
2.903614000000000033e+02,2.515522891065832128e-02,3.406229611192703594e-02,6.062296109227837716e-03,2.699189690125847044e-12,9.984399647499594334e-18
2.903727999999999838e+02,3.998058158976641741e-02,3.370991842031045849e-02,5.709918418012023024e-03,2.298427515685204058e-12,8.527505969377512468e-18
2.903842000000000212e+02,3.169365898675537141e-02,3.337594580543110784e-02,5.375945803474909031e-03,1.956190840131892866e-12,7.280887367144263591e-18
2.903956000000000017e+02,3.189616235998894017e-02,3.305955220560175684e-02,5.059552203937667247e-03,1.664081654662414889e-12,6.214537287479720937e-18
2.904069999999999823e+02,2.311590768824603806e-02,3.275994025549969907e-02,4.759940254084805977e-03,1.414884691475046327e-12,5.302680839758754753e-18
2.904184000000000196e+02,3.313155829998327279e-02,3.247634079270329821e-02,4.476340791500891397e-03,1.202404147516216513e-12,4.523185338603245845e-18
2.904298000000000002e+02,3.543738913114298505e-02,3.220801234051993284e-02,4.208012339498605134e-03,1.021322469255200100e-12,3.857051905043213166e-18
2.904411999999999807e+02,3.630048973775313464e-02,3.195424056966036930e-02,3.954240568793290604e-03,8.670782861865062516e-13,3.287977128978363007e-18
2.904526000000000181e+02,2.124580733869700297e-02,3.171433774125431704e-02,3.714337740518555177e-03,7.357609556223010137e-13,2.801975266734533115e-18
2.904639999999999986e+02,3.365767243744416382e-02,3.148764213356312208e-02,3.487642132939102000e-03,6.240195092255679040e-13,2.387052724563030416e-18
2.904753999999999792e+02,3.592674415653906994e-02,3.127351745465131033e-02,3.273517454122322305e-03,5.289840784377996464e-13,2.032927687427498412e-18
2.904868000000000166e+02,3.813856030529968327e-02,3.107135224320865807e-02,3.071352242760455684e-03,4.481981264635603611e-13,1.730788714171610520e-18
2.904981999999999971e+02,2.306590740999416023e-02,3.088055925957983519e-02,2.880559259200272774e-03,3.795600331842606542e-13,1.473086954149090256e-18
2.905095999999999776e+02,1.599385506959001557e-02,3.070057486896218130e-02,2.700574868640904722e-03,3.212727702538256487e-13,1.253357363525379129e-18
2.905210000000000150e+02,2.342178252288913687e-02,3.053085841865731467e-02,2.530858418385514147e-03,2.718005701009066935e-13,1.066064926177487833e-18
2.905323999999999955e+02,2.935825773411331052e-02,3.037089161113382119e-02,2.370891610903988825e-03,2.298316376347548377e-13,9.064724270008717020e-19
2.905437999999999761e+02,1.522174162870452291e-02,3.022017787456288129e-02,2.220177874368635049e-03,1.942460798288340505e-13,7.705267956392231534e-19
2.905552000000000135e+02,3.470831998495550047e-02,3.007824173241262569e-02,2.078241732248535881e-03,1.640883383689523602e-13,6.547614457319281394e-19
2.905665999999999940e+02,4.244437178789313425e-02,2.994462817356643644e-02,1.944628173427890650e-03,1.385435062475160983e-13,5.562123870202751701e-19
2.905779999999999745e+02,2.906925394527350506e-02,2.981890202433908760e-02,1.818902024222167953e-03,1.169169923937777372e-13,4.723461924161666848e-19
2.905894000000000119e+02,2.911310243745934140e-02,2.970064732368974530e-02,1.700647323591128295e-03,9.861707073040051649e-14,4.009981656988323051e-19
2.906007999999999925e+02,1.682158256073307268e-02,2.958946670282008168e-02,1.589466702736941220e-03,8.313991282243576223e-14,3.403192833227243312e-19
2.906121999999999730e+02,1.618552330154584412e-02,2.948498077026003375e-02,1.484980770189977010e-03,7.005675776893790458e-14,2.887306807140194920e-19
2.906236000000000104e+02,3.048472951893414079e-02,2.938682750347274691e-02,1.386827503413744700e-03,5.900292024251767074e-14,2.448846235268036436e-19
2.906349999999999909e+02,3.733759007799863222e-02,2.929466164790983304e-02,1.294661647860162771e-03,4.966837853725577670e-14,2.076310511985517339e-19
2.906463999999999714e+02,2.924236901341421141e-02,2.920815412436979577e-02,1.208154124328003750e-03,4.178971996602580334e-14,1.759889069410434931e-19
2.906578000000000088e+02,3.076012793802609252e-02,2.912699144544659419e-02,1.126991445411449841e-03,3.514325166511875489e-14,1.491215777228102412e-19
2.906691999999999894e+02,1.844272895185862515e-02,2.905087514176628652e-02,1.050875141736747932e-03,2.953911143763918092e-14,1.263158621779573359e-19
2.906805999999999699e+02,1.550482220434444211e-02,2.897952119863927284e-02,9.795211986144576870e-04,2.481623624665989607e-14,1.069639657691020911e-19
2.906920000000000073e+02,3.072815763681419413e-02,2.891265950369651880e-02,9.126595036756797409e-04,2.083806582723383613e-14,9.054809269550996237e-20
2.907033999999999878e+02,3.259130840396094048e-02,2.885003330600022578e-02,8.500333059827372331e-04,1.748887603494139812e-14,7.662726449170038418e-20
2.907147999999999683e+02,2.305830710542371501e-02,2.879139868705770516e-02,7.913986870430322895e-04,1.467065135100256334e-14,6.482604734193748189e-20
2.907262000000000057e+02,1.716900573018831713e-02,2.873652404411516231e-02,7.365240441028596133e-04,1.230041873258880546e-14,5.482491498294455196e-20
2.907375999999999863e+02,3.238224822294304833e-02,2.868518958604139579e-02,6.851895860310890009e-04,1.030797600357349952e-14,4.635201266709848487e-20
2.907489999999999668e+02,3.679194899573985655e-02,2.863718684205831741e-02,6.371868420496839755e-04,8.633957464525941971e-15,3.917612087595684508e-20
2.907604000000000042e+02,2.458878758532370701e-02,2.859231818353073773e-02,5.923181835235099635e-04,7.228187566647627570e-15,3.310064604752682892e-20
2.907717999999999847e+02,2.050222436469360116e-02,2.855039635897172259e-02,5.503963589656741141e-04,6.048280520798218813e-15,2.795849014802863319e-20
2.907831999999999653e+02,3.196279133335934441e-02,2.851124404237530968e-02,5.112440423702494527e-04,5.058449756063494183e-15,2.360767203798603376e-20
2.907946000000000026e+02,1.821953817037933951e-02,2.847469339495142804e-02,4.746933949471980911e-04,4.228496336630658962e-15,1.992759172966541450e-20
2.908059999999999832e+02,2.084604174557023668e-02,2.844058564029153247e-02,4.405856402879992808e-04,3.532949907297400370e-15,1.681584421915446714e-20
2.908174000000000206e+02,3.065974141826377855e-02,2.840877065295716042e-02,4.087706529542106974e-04,2.950339568371614596e-15,1.418550296068859847e-20
2.908288000000000011e+02,3.989685523165376058e-02,2.837910656045486771e-02,3.791065604524044685e-04,2.462575367193234790e-15,1.196280453955729305e-20
2.908401999999999816e+02,2.322106909742546049e-02,2.835145935851967128e-02,3.514593585176151017e-04,2.054423911264702640e-15,1.008517595652926443e-20
2.908516000000000190e+02,1.785376922671040936e-02,2.832570253960892473e-02,3.257025396072121370e-04,1.713064023042122903e-15,8.499554392790528644e-21
2.908629999999999995e+02,2.252577749301280796e-02,2.830171673447559599e-02,3.017167344741666490e-04,1.427710424548276753e-15,7.160956573710513462e-21
2.908743999999999801e+02,3.019292657624885259e-02,2.827938936666609185e-02,2.793893666649005405e-04,1.189295210304655807e-15,6.031261064051224303e-21
2.908858000000000175e+02,9.474099194722685607e-03,2.825861431976875102e-02,2.586143197677609907e-04,9.901983815097398416e-16,5.078172151923812041e-21
2.908971999999999980e+02,3.175153676261201902e-02,2.823929161721510511e-02,2.392916172142788554e-04,8.240200090602569482e-16,4.274338539200648444e-21
2.909085999999999785e+02,2.094249605607053852e-02,2.822132711441848948e-02,2.213271144178041738e-04,6.853876992860982361e-16,3.596603961137391229e-21
2.909200000000000159e+02,3.530685785690987344e-02,2.820463220302111065e-02,2.046322030205416777e-04,5.697939809647418900e-16,3.025370200444049411e-21
2.909313999999999965e+02,2.525958380006036730e-02,2.818912352700325002e-02,1.891235270027749409e-04,4.734590383701402832e-16,2.544055820745757168e-21
2.909427999999999770e+02,1.995941248491934009e-02,2.817472271039646314e-02,1.747227103960697812e-04,3.932149027736914833e-16,2.138636390523395387e-21
2.909542000000000144e+02,3.501718401919870494e-02,2.816135609633385606e-02,1.613560963335289138e-04,3.264078010076940408e-16,1.797254060166814543e-21
2.909655999999999949e+02,3.721051209554374767e-02,2.814895449715892894e-02,1.489544971586592085e-04,2.708158590740421561e-16,1.509886142335856123e-21
2.909769999999999754e+02,2.548283029289305501e-02,2.813745295530733700e-02,1.374529553071106097e-04,2.245797839879269397e-16,1.268063873259660799e-21
2.909884000000000128e+02,1.824955433931638865e-02,2.812679051467120370e-02,1.267905146710175256e-04,1.861445088753637587e-16,1.064633837239105284e-21
2.909997999999999934e+02,2.662028252714677273e-02,2.811691000214903979e-02,1.169100021488850505e-04,1.542100940452605079e-16,8.935556504649034921e-22
2.910111999999999739e+02,2.808170307981287112e-02,2.810775781908077600e-02,1.077578190806462497e-04,1.276904383004481925e-16,7.497304510189648042e-22
2.910226000000000113e+02,2.669571455872597060e-02,2.809928374226649400e-02,9.928374226638906437e-05,1.056785769244688839e-16,6.288555531428867435e-22
2.910339999999999918e+02,1.657752881245312324e-02,2.809144073426446744e-02,9.144073426437776650e-05,8.741753138864287043e-17,5.273013157156466243e-22
2.910453999999999724e+02,3.565597148361392132e-02,2.808418476266394403e-02,8.418476266387235553e-05,7.227583585956226660e-17,4.420068648145398080e-22
2.910568000000000097e+02,3.626770263404550942e-02,2.807747462802994906e-02,7.747462802988749160e-05,5.972700129520738383e-17,3.703918130530599544e-22
2.910681999999999903e+02,2.542630793986728338e-02,2.807127180021729354e-02,7.127180021724504949e-05,4.933229292422856281e-17,3.102815467771950694e-22
2.910795999999999708e+02,3.734125846533310061e-02,2.806554026275373190e-02,6.554026275369191819e-05,4.072629431731615461e-17,2.598440170935421854e-22
2.910910000000000082e+02,2.691482461346783941e-02,2.806024636499564878e-02,6.024636499561460275e-05,3.360481372250951241e-17,2.175362813857163062e-22
2.911023999999999887e+02,3.974098140936932477e-02,2.805535868176251696e-02,5.535868176248984044e-05,2.771475809892844722e-17,1.820593063913967676e-22
2.911137999999999693e+02,3.149143022085422461e-02,2.805084788016056277e-02,5.084788016054017732e-05,2.284565927248541733e-17,1.523197688993116325e-22
2.911252000000000066e+02,2.435805914635147049e-02,2.804668659331141511e-02,4.668659331139485323e-05,1.882258648601974997e-17,1.273977814870211490e-22
2.911365999999999872e+02,2.634605660261485002e-02,2.804284930070595830e-02,4.284930070594077513e-05,1.550022171514631323e-17,1.065196334137279052e-22
2.911479999999999677e+02,2.815037978658605639e-02,2.803931221490925732e-02,3.931221490924529234e-05,1.275790965709588044e-17,8.903477506997310302e-23
2.911594000000000051e+02,3.775210139538932863e-02,2.803605317434886696e-02,3.605317434885454227e-05,1.049552427781696600e-17,7.439639188258046017e-23
2.911707999999999856e+02,2.834587943728449078e-02,2.803305154192441140e-02,3.305154192440056302e-05,8.630019076410163789e-18,6.214501336301891965e-23
2.911821999999999662e+02,2.291745625765237437e-02,2.803028810918305538e-02,3.028810918304796041e-05,7.092549523019117902e-18,5.189468771860223292e-23
2.911936000000000035e+02,2.743874761624942246e-02,2.802774500581242667e-02,2.774500581241856622e-05,5.826074061539596707e-18,4.332132436274533282e-23
2.912049999999999841e+02,3.993542817266015205e-02,2.802540561420905837e-02,2.540561420905224551e-05,4.783355163376918289e-18,3.615286767567646333e-23
2.912164000000000215e+02,2.021837556875095282e-02,2.802325448888757717e-02,2.325448888757115760e-05,3.925294616385412374e-18,3.016101712052820638e-23
2.912278000000000020e+02,3.247609091799374265e-02,2.802127728050324285e-02,2.127728050324035881e-05,3.219547908319652710e-18,2.515425270052341816e-23
2.912391999999999825e+02,2.734486826302489140e-02,2.801946066426718590e-02,1.946066426718290909e-05,2.639371533210155524e-18,2.097196193227651886e-23
2.912506000000000199e+02,2.689017058975089886e-02,2.801779227254139193e-02,1.779227254139061445e-05,2.162664581318768895e-18,1.747949602361801431e-23
2.912620000000000005e+02,3.315403479471895620e-02,2.801626063140753506e-02,1.626063140753307331e-05,1.771172294442975803e-18,1.456400963283228243e-23
2.912733999999999810e+02,1.563294249477704262e-02,2.801485510101089926e-02,1.485510101089634587e-05,1.449824570600138780e-18,1.213096118447463935e-23
2.912848000000000184e+02,3.417703775614832490e-02,2.801356581948821756e-02,1.356581948821684314e-05,1.186186847059984200e-18,1.010116984410710593e-23
2.912961999999999989e+02,1.990833646855550212e-02,2.801238365029511124e-02,1.238365029510902110e-05,9.700045146920304967e-19,8.408341436992291739e-24
2.913075999999999794e+02,2.985734852226688829e-02,2.801130013275593411e-02,1.130013275593332691e-05,7.928251349944014918e-19,6.996989283847054949e-24
2.913190000000000168e+02,3.558638185465433368e-02,2.801030743566611941e-02,1.030743566611812063e-05,6.476853409068187729e-19,5.820687500269778885e-24
2.913303999999999974e+02,2.126203121689917291e-02,2.800939831378366704e-02,9.398313783667467891e-06,5.288514852505832235e-19,4.840604088140198422e-24
2.913417999999999779e+02,1.786371377772873192e-02,2.800856606705341006e-02,8.566067053408751682e-06,4.316049253119903206e-19,4.024269412455073445e-24
2.913532000000000153e+02,3.070217727901428453e-02,2.800780450241430880e-02,7.804502414306581094e-06,3.520643565298162610e-19,3.344542638132772921e-24
2.913645999999999958e+02,4.357417703178751572e-02,2.800710789804653975e-02,7.107898046537319652e-06,2.870388811073984776e-19,2.778744595447844106e-24
2.913759999999999764e+02,2.361381718753806369e-02,2.800647096992140914e-02,6.470969921406601238e-06,2.339065596174283318e-19,2.307930517884068124e-24
2.913874000000000137e+02,3.761793698469058367e-02,2.800588884052348376e-02,5.888840523483493170e-06,1.905140796317716878e-19,1.916280294009880887e-24
2.913987999999999943e+02,2.713702038081310455e-02,2.800535700962025060e-02,5.357009620250708493e-06,1.550939139073293601e-19,1.590587415518573315e-24
2.914101999999999748e+02,3.238911348425187881e-02,2.800487132696045586e-02,4.871326960455283408e-06,1.261959559200462063e-19,1.319830788976211777e-24
2.914216000000000122e+02,3.016371021917455680e-02,2.800442796678810284e-02,4.427966788102644312e-06,1.026311328279534248e-19,1.094816095161547939e-24
2.914329999999999927e+02,1.913136049965802332e-02,2.800402340406446533e-02,4.023404064464948892e-06,8.342492224401078036e-20,9.078755000279013709e-25
2.914443999999999733e+02,2.095503811012497733e-02,2.800365439229582018e-02,3.654392295819666804e-06,6.777905376020621718e-20,7.526163071748981903e-25
2.914558000000000106e+02,1.670658726946416123e-02,2.800331794286983755e-02,3.317942869837135792e-06,5.503997088674410984e-20,6.237106454249923439e-25
2.914671999999999912e+02,4.348961479404137020e-02,2.800301130580843886e-02,3.011305808437942051e-06,4.467287390960156853e-20,5.167195507366755442e-25
2.914785999999999717e+02,2.110441927037049609e-02,2.800273195184973737e-02,2.731951849737118126e-06,3.624036746366125123e-20,4.279458666611416946e-25
2.914900000000000091e+02,1.857665862385764893e-02,2.800247755577633599e-02,2.477555776335282205e-06,2.938490531875370665e-20,3.543112833370228694e-25
2.915013999999999896e+02,2.015200586805354979e-02,2.800224598091159353e-02,2.245980911591494616e-06,2.381436478739804685e-20,2.932535882025561415e-25
2.915127999999999702e+02,3.508083780456887346e-02,2.800203526470976603e-02,2.035264709766141311e-06,1.929019913832009572e-20,2.426408347174168144e-25
2.915242000000000075e+02,3.683189273061245744e-02,2.800184360537002343e-02,1.843605370022290958e-06,1.561771247836724773e-20,2.006996673683210862e-25
2.915355999999999881e+02,1.750968194619259219e-02,2.800166934940813424e-02,1.669349408133808891e-06,1.263808111457956732e-20,1.659554880644208966e-25
2.915469999999999686e+02,2.225323169131581888e-02,2.800151098012348266e-02,1.510980123482204863e-06,1.022181123731772901e-20,1.371825242378004133e-25
2.915584000000000060e+02,2.230327893739616693e-02,2.800136710690251038e-02,1.367106902508590824e-06,8.263377209443904365e-21,1.133621739129814914e-25
2.915697999999999865e+02,2.451046519313781341e-02,2.800123645530315855e-02,1.236455303158024270e-06,6.676829748595287710e-21,9.364826727362406332e-26
2.915811999999999671e+02,2.588565153248794173e-02,2.800111785786810192e-02,1.117857868099708034e-06,5.392200467691607160e-21,7.733810593027670372e-26
2.915926000000000045e+02,2.857334603086185421e-02,2.800101024561761284e-02,1.010245617610673558e-06,4.352559935589060189e-21,6.384832697408233650e-26
2.916039999999999850e+02,2.769260153649211881e-02,2.800091264017592896e-02,9.126401759270021727e-07,3.511611750543582403e-21,5.269479470783977353e-26
2.916153999999999655e+02,3.392155770440476864e-02,2.800082414648766282e-02,8.241464876634044032e-07,2.831726010984550326e-21,4.347585350756205066e-26
2.916268000000000029e+02,3.827351099159977815e-02,2.800074394608356720e-02,7.439460835670608906e-07,2.282332789023201973e-21,3.585838463418128326e-26
2.916381999999999834e+02,3.966742648731235582e-02,2.800067129085737419e-02,6.712908573725299702e-07,1.838610399006837810e-21,2.956620139214922325e-26
2.916495999999999640e+02,2.220123840065976739e-02,2.800060549731791387e-02,6.054973179137475624e-07,1.480414934715830725e-21,2.437039369163541300e-26
2.916610000000000014e+02,3.476517093664196340e-02,2.800054594128291788e-02,5.459412829183624077e-07,1.191407161516663180e-21,2.008129721983655405e-26
2.916723999999999819e+02,3.905062685977758047e-02,2.800049205298303645e-02,4.920529830366434230e-07,9.583407557224333657e-22,1.654181608606746871e-26
2.916838000000000193e+02,2.491285284757180016e-02,2.800044331254668284e-02,4.433125466814040600e-07,7.704823822131371063e-22,1.362187267744934660e-26
2.916951999999999998e+02,1.644914888832873373e-02,2.800039924583817494e-02,3.992458381745965407e-07,6.191394404454307898e-22,1.121379597232200744e-26
2.917065999999999804e+02,3.903578201632088018e-02,2.800035942062348640e-02,3.594206234842638850e-07,4.972756927614996294e-22,9.228490902350946146e-27
2.917180000000000177e+02,2.784930945850147901e-02,2.800032344303955006e-02,3.234430395507569712e-07,3.991985865148677470e-22,7.592257539441172017e-27
2.917293999999999983e+02,2.694029077605063910e-02,2.800029095434479476e-02,2.909543447941659448e-07,3.203050321364978633e-22,6.244150748621479546e-27
2.917407999999999788e+02,4.166092742273856675e-02,2.800026162792990797e-02,2.616279299058466261e-07,2.568748180073622381e-22,5.133789201378679626e-27
2.917522000000000162e+02,3.262884876593740574e-02,2.800023516656945100e-02,2.351665694509476644e-07,2.059028246220058581e-22,4.219537876310185873e-27
2.917635999999999967e+02,3.004700046311477302e-02,2.800021129989613972e-02,2.112998961386121370e-07,1.649628231005832584e-22,3.467000880639560101e-27
2.917749999999999773e+02,2.959492424284019402e-02,2.800018978208087053e-02,1.897820808715261728e-07,1.320969709921832462e-22,2.847772022863340114e-27
2.917864000000000146e+02,3.893754381153058386e-02,2.800017038970286851e-02,1.703897028667883861e-07,1.057262044159555413e-22,2.338399400683044707e-27
2.917977999999999952e+02,2.571552163661846441e-02,2.800015291979524035e-02,1.529197952403290482e-07,8.457761343102029167e-23,1.919527629932475865e-27
2.918091999999999757e+02,1.501920326693499674e-02,2.800013718805248464e-02,1.371880524828140481e-07,6.762561292006827044e-23,1.575187473061777506e-27
2.918206000000000131e+02,2.881518480874617483e-02,2.800012302718722645e-02,1.230271872265453381e-07,5.404431360520166616e-23,1.292207733098719595e-27
2.918319999999999936e+02,3.246632301993652298e-02,2.800011028542460922e-02,1.102854246071745917e-07,4.316898122284735955e-23,1.059728530764499680e-27
2.918433999999999742e+02,1.595742529897018619e-02,2.800009882512337345e-02,9.882512337308964693e-08,3.446486619055190502e-23,8.687986208864853802e-28
2.918548000000000116e+02,9.412555728693032531e-03,2.800008852151368924e-02,8.852151368989184199e-08,2.750200754478928664e-23,7.120423480139578721e-28
2.918661999999999921e+02,2.759829347676486314e-02,2.800007926154232663e-02,7.926154232581420585e-08,2.193487683138488062e-23,5.833842892449068193e-28
2.918775999999999726e+02,2.634181382698208215e-02,2.800007094281659753e-02,7.094281659546941249e-08,1.748594090621178545e-23,4.778216675804974491e-28
2.918890000000000100e+02,1.972743803692741937e-02,2.800006347263908624e-02,6.347263908501722902e-08,1.393239618434603945e-23,3.912363106253933425e-28
2.919003999999999905e+02,1.824676108244334058e-02,2.800005676712578190e-02,5.676712578102322450e-08,1.109546807001829676e-23,3.202393347043321345e-28
2.919117999999999711e+02,1.728657857243328863e-02,2.800005075040078520e-02,5.075040078500227238e-08,8.831784089548013284e-24,2.620429015685703084e-28
2.919232000000000085e+02,3.926446593468265606e-02,2.800004535386131643e-02,4.535386131718661031e-08,7.026422520611647682e-24,2.143543638266298537e-28
2.919345999999999890e+02,3.586692369852624573e-02,2.800004051550719630e-02,4.051550719621968405e-08,5.587314055255605220e-24,1.752889193959183472e-28
2.919459999999999695e+02,3.240810571788766553e-02,2.800003617932943223e-02,3.617932943180187023e-08,4.440735512227533738e-24,1.432975624673200662e-28
2.919574000000000069e+02,3.345768323631152785e-02,2.800003229475298699e-02,3.229475298602929964e-08,3.527684485503774740e-24,1.171076718320001613e-28
2.919687999999999874e+02,3.120706804128097617e-02,2.800002881612914662e-02,2.881612914645184389e-08,2.800964249131483537e-24,9.567403619328502147e-29
2.919801999999999680e+02,3.571214796109069972e-02,2.800002570227331372e-02,2.570227331404330026e-08,2.222841002532863685e-24,7.813849633122001673e-29
2.919916000000000054e+02,3.450163302759041983e-02,2.800002291604434396e-02,2.291604434346704161e-08,1.763162075121957621e-24,6.379669903130984355e-29
2.920029999999999859e+02,2.854516809871303698e-02,2.800002042396188343e-02,2.042396188164273888e-08,1.397845186875207968e-24,5.207071861657025519e-29
2.920143999999999664e+02,2.850434405298342411e-02,2.800001819585843862e-02,1.819585843701111205e-08,1.107666236942114443e-24,4.248651796513188744e-29
2.920258000000000038e+02,2.623445073741402511e-02,2.800001620456317800e-02,1.620456317710037319e-08,8.772871412351513556e-25,3.465539971066676361e-29
2.920371999999999844e+02,1.047131501235021647e-02,2.800001442561469642e-02,1.442561469652316553e-08,6.944765927874238015e-25,2.825874627107547275e-29
2.920485999999999649e+02,3.544259415947874359e-02,2.800001283700022381e-02,1.283700022397971397e-08,5.494857880405921921e-25,2.303546972387340777e-29
2.920600000000000023e+02,2.294922344813881895e-02,2.800001141891894640e-02,1.141891894611790343e-08,4.345485639628539977e-25,1.877169372927351515e-29
2.920713999999999828e+02,1.118154806702994358e-02,2.800001015356732084e-02,1.015356731876505758e-08,3.434813624491017427e-25,1.529227333305246118e-29
2.920828000000000202e+02,3.318502763999574973e-02,2.800000902494441390e-02,9.024944414086442688e-09,2.713632536237505407e-25,1.245382758478590930e-29
2.920942000000000007e+02,5.227309209917105348e-02,2.800000801867551584e-02,8.018675516511191399e-09,2.142801302394409812e-25,1.013901698618580269e-29
2.921055999999999813e+02,1.983301695486135510e-02,2.800000712185233068e-02,7.121852331074136634e-09,1.691203109999443742e-25,8.251844913740545426e-30
2.921170000000000186e+02,2.469323442658104967e-02,2.800000632288830726e-02,6.322888307352455823e-09,1.334113069064673688e-25,6.713801063718885173e-30
2.921283999999999992e+02,3.404386967607195974e-02,2.800000561138770924e-02,5.611387710031742984e-09,1.051895292586345344e-25,5.460697067734401316e-30
2.921397999999999797e+02,2.899454842985399808e-02,2.800000497802718549e-02,4.978027184973659049e-09,8.289634599335857406e-26,4.440070906175135066e-30
2.921512000000000171e+02,2.190291691529740875e-02,2.800000441444867871e-02,4.414448678016368060e-09,6.529520153566229967e-26,3.609058581195685292e-30
2.921625999999999976e+02,2.042728200244225273e-02,2.800000391316266254e-02,3.913162663072997916e-09,5.140556641195303006e-26,2.932649508907518417e-30
2.921739999999999782e+02,2.401035943140317208e-02,2.800000346746072885e-02,3.467460727421046564e-09,4.045032673247341735e-26,2.382256921507331250e-30
2.921854000000000156e+02,2.973509010738047825e-02,2.800000307133664740e-02,3.071336645910921596e-09,3.181390076651369523e-26,1.934546787206223123e-30
2.921967999999999961e+02,2.792978517869605659e-02,2.800000271941515198e-02,2.719415152555387775e-09,2.500891285916765857e-26,1.570478816072223476e-30
2.922081999999999766e+02,3.177913860919950872e-02,2.800000240688768974e-02,2.406887688378467088e-09,1.964969019677637678e-26,1.274521401541520253e-30
2.922196000000000140e+02,4.605937277576760414e-02,2.800000212945447098e-02,2.129454468928759522e-09,1.543119661501460369e-26,1.034009162422806366e-30
2.922309999999999945e+02,3.891603615965209817e-02,2.800000188327227482e-02,1.883272273829621068e-09,1.211229682441900070e-26,8.386173564079843268e-31
2.922423999999999751e+02,4.267838369840787349e-02,2.800000166490741391e-02,1.664907414754336411e-09,9.502467840176441204e-27,6.799320464505167008e-31
2.922538000000000125e+02,4.056913048892557550e-02,2.800000147129338979e-02,1.471293387624902037e-09,7.451253088366948870e-27,5.510986914246492320e-31
2.922651999999999930e+02,3.646228977892211620e-02,2.800000129969276025e-02,1.299692759916643332e-09,5.839897495565773032e-27,4.465349470726513999e-31
2.922765999999999735e+02,3.085779033503017327e-02,2.800000114766288545e-02,1.147662885175789192e-09,4.574715985399566549e-27,3.616960219820090936e-31
2.922880000000000109e+02,3.629967020503183095e-02,2.800000101302507413e-02,1.013025074501454365e-09,3.581838928377566828e-27,2.928830346694621438e-31
2.922993999999999915e+02,2.052455121917155789e-02,2.800000089383689050e-02,8.938368890392937092e-10,2.803050813479126697e-27,2.370865429324147401e-31
2.923107999999999720e+02,3.754341264953481305e-02,2.800000078836725054e-02,7.883672488389312318e-10,2.192496416611301559e-27,1.918588323980790454e-31
2.923222000000000094e+02,3.466360996711016773e-02,2.800000069507408221e-02,6.950740819649250875e-10,1.714074984570160737e-27,1.552097127056846212e-31
2.923335999999999899e+02,2.869167696087512182e-02,2.800000061258426515e-02,6.125842637105178035e-10,1.339379798877850489e-27,1.255215223234714625e-31
2.923449999999999704e+02,2.481066626921404547e-02,2.800000053967562075e-02,5.396756194176664734e-10,1.046069826171274976e-27,1.014798239756971152e-31
2.923564000000000078e+02,1.932731306873887445e-02,2.800000047526078617e-02,4.752607859346356680e-10,8.165835159739826507e-28,8.201691271943433632e-32
2.923677999999999884e+02,2.537168901006109020e-02,2.800000041837274675e-02,4.183727462950702596e-10,6.371233846146494852e-28,6.626578310453246998e-32
2.923791999999999689e+02,3.044223972692287547e-02,2.800000036815187068e-02,3.681518699887489188e-10,4.968547947680738013e-28,5.352263134424894873e-32
2.923906000000000063e+02,3.058736530461829764e-02,2.800000032383430718e-02,3.238343073546915759e-10,3.872740774064997419e-28,4.321632006891887564e-32
2.924019999999999868e+02,3.086148954266372535e-02,2.800000028474160241e-02,2.847416012830360062e-10,3.017104647463566543e-28,3.488352103929784452e-32
2.924133999999999673e+02,4.620229446560060460e-02,2.800000025027139447e-02,2.502713927211323174e-10,2.349337022594032932e-28,2.814848667760933587e-32
2.924248000000000047e+02,1.920572610603801800e-02,2.800000021988910751e-02,2.198891085524689470e-10,1.828450782048371113e-28,2.270659387736878862e-32
2.924361999999999853e+02,1.891790699290209904e-02,2.800000019312053057e-02,1.931205313492480145e-10,1.422342638878095758e-28,1.831096102962538492e-32
2.924475999999999658e+02,2.397290250599063907e-02,2.800000016954515974e-02,1.695451604107816885e-10,1.105880467465975763e-28,1.476156792001586933e-32
2.924590000000000032e+02,3.724249436594390117e-02,2.800000014879028276e-02,1.487902824763596456e-10,8.593996023977047138e-29,1.189641332328805193e-32
2.924703999999999837e+02,4.186881236746747836e-02,2.800000013052567766e-02,1.305256786171627768e-10,6.675212757786664822e-29,9.584331026179409537e-33
2.924817999999999643e+02,2.453381778423104412e-02,2.800000011445890127e-02,1.144589011578712362e-10,5.182246650348829971e-29,7.719155153965687302e-33
2.924932000000000016e+02,2.397235829393716891e-02,2.800000010033106002e-02,1.003310611211530110e-10,4.021184960421430160e-29,6.214982931834619636e-33
2.925045999999999822e+02,4.381424823066618068e-02,2.800000008791307324e-02,8.791307268498116907e-11,3.118695852473265759e-29,5.002329731215656855e-33
2.925159999999999627e+02,9.784010451930662267e-03,2.800000007700230789e-02,7.700230656188408539e-11,2.417547405402834676e-29,4.025009360615090886e-33
2.925274000000000001e+02,3.590027154636762918e-02,2.800000006741960867e-02,6.741960910166695838e-11,1.873095748264884879e-29,3.237603636079785321e-33
2.925387999999999806e+02,1.569780874380843905e-02,2.800000005900664737e-02,5.900664832936334042e-11,1.450534158041833904e-29,2.603410597482562612e-33
2.925502000000000180e+02,3.182076665163335177e-02,2.800000005162355324e-02,5.162355210922873503e-11,1.122739353587787802e-29,2.092781378874910583e-33
2.925615999999999985e+02,3.358368506648354984e-02,2.800000004514680702e-02,4.514680721254229321e-11,8.685862175538922344e-30,1.681772556307336215e-33
2.925729999999999791e+02,2.087038009388798854e-02,2.800000003946739174e-02,3.946739129444089741e-11,6.716297501445403924e-30,1.351054489367349834e-33
2.925844000000000165e+02,3.026253566548924717e-02,2.800000003448911354e-02,3.448911269509231500e-11,5.190747691938222015e-30,1.085027319754820462e-33
2.925957999999999970e+02,2.491051682230241079e-02,2.800000003012713748e-02,3.012713559564407122e-11,4.009709568508303400e-30,8.711053612580652169e-34
2.926071999999999775e+02,2.428615056313115222e-02,2.800000002630667270e-02,2.630667041307246640e-11,3.095842923203957508e-30,6.991379949854671783e-34
2.926186000000000149e+02,2.756450985817712057e-02,2.800000002296181359e-02,2.296181143415249043e-11,2.389064752019317073e-30,5.609411849635601366e-34
2.926299999999999955e+02,2.854593955419225393e-02,2.800000002003450589e-02,2.003450558879908019e-11,1.842722451679351798e-30,4.499186079376390187e-34
2.926413999999999760e+02,2.793287209941426943e-02,2.800000001747363770e-02,1.747363797015688931e-11,1.420610226989454766e-30,3.607553561351513046e-34
2.926528000000000134e+02,1.197219554659794891e-02,2.800000001523422072e-02,1.523422124129906566e-11,1.094644122162497542e-30,2.891703929110631904e-34
2.926641999999999939e+02,2.267608977311144983e-02,2.800000001327667895e-02,1.327667744240002737e-11,8.430512273685907672e-31,2.317165571961983817e-34
2.926755999999999744e+02,2.873607741168822741e-02,2.800000001156620344e-02,1.156620194484039958e-11,6.489600816672296065e-31,1.856190365397858089e-34
2.926870000000000118e+02,2.490920320806465360e-02,2.800000001007220060e-02,1.007220040353251122e-11,4.993039540497152823e-31,1.486449522580585948e-34
2.926983999999999924e+02,1.947826435377212478e-02,2.800000000876779263e-02,8.767790547878619445e-12,3.839679985398276860e-31,1.189980986756150743e-34
2.927097999999999729e+02,3.410599778142283517e-02,2.800000000762936300e-02,7.629361537753124331e-12,2.951263982795472637e-31,9.523401268956640145e-35
2.927212000000000103e+02,3.044750468873685598e-02,2.800000000663618524e-02,6.636184403838887281e-12,2.267274421456051368e-31,7.619146950367521964e-35
2.927325999999999908e+02,2.936551108676220198e-02,2.800000000577006903e-02,5.770067800523863228e-12,1.740937268166678665e-31,6.093724572399728439e-35
2.927439999999999714e+02,1.676432239572461097e-02,2.800000000501505493e-02,5.015053933550653603e-12,1.336119059408913015e-31,4.872159491510106683e-35
2.927554000000000087e+02,4.389241723267392481e-02,2.800000000435715064e-02,4.357150091179465688e-12,1.024920545384769460e-31,3.894236985617288214e-35
2.927667999999999893e+02,2.171029294987126060e-02,2.800000000378409168e-02,3.784091713390936592e-12,7.858112497410514528e-32,3.111612178238401269e-35
2.927781999999999698e+02,2.583813277435579106e-02,2.800000000328513317e-02,3.285133385315076017e-12,6.021841049767928261e-32,2.485482746573227778e-35
2.927896000000000072e+02,2.380282023383678558e-02,2.800000000285086596e-02,2.850864544099939232e-12,4.612361483644882243e-32,1.984715437567968018e-35
2.928009999999999877e+02,3.967972708514567320e-02,2.800000000247304666e-02,2.473047047694958797e-12,3.531021718639976186e-32,1.584338396763347718e-35
2.928123999999999683e+02,2.545587376438035107e-02,2.800000000214447268e-02,2.144472074371360542e-12,2.701845081924454374e-32,1.264328279959027439e-35
2.928238000000000056e+02,2.260137828120446085e-02,2.800000000185883312e-02,1.858834107236364225e-12,2.066348179562697101e-32,1.008634831200594572e-35
2.928351999999999862e+02,2.874477608069263279e-02,2.800000000161062194e-02,1.610620012070761384e-12,1.579536125395877943e-32,8.043966917571727075e-36
2.928465999999999667e+02,2.615752536494547406e-02,2.800000000139501316e-02,1.395011443036865456e-12,1.206809241342449143e-32,6.413111560548099292e-36
2.928580000000000041e+02,3.782423321971037367e-02,2.800000000120779833e-02,1.207799012071686039e-12,9.215750200441655315e-33,5.111278188409851657e-36
2.928693999999999846e+02,3.615772712875517381e-02,2.800000000104530679e-02,1.045306836678416698e-12,7.034055077678281552e-33,4.072418928107882744e-36
2.928807999999999652e+02,1.430213978418896047e-02,2.800000000090432581e-02,9.043262398801547520e-13,5.366162720379527085e-33,3.243676846271544093e-36
2.928922000000000025e+02,1.286971634539681511e-02,2.800000000078205903e-02,7.820575174017759601e-13,4.091710646325525126e-33,2.582765157926076894e-36
2.929035999999999831e+02,2.030088891464777376e-02,2.800000000067606049e-02,6.760588125663508208e-13,3.118379691385397374e-33,2.055864380562268950e-36
2.929149999999999636e+02,3.580552336460247898e-02,2.800000000058420341e-02,5.842012507334439334e-13,2.375396300538226446e-33,1.635935625214536881e-36
2.929264000000000010e+02,3.460190374208291231e-02,2.800000000050463164e-02,5.046295838814966996e-13,1.808531848458235448e-33,1.301368117573008578e-36
2.929377999999999815e+02,2.916014079315110488e-02,2.800000000043572843e-02,4.357276834842399030e-13,1.376256076682060944e-33,1.034895074998319949e-36
2.929492000000000189e+02,2.790418413583974078e-02,2.800000000037608863e-02,3.760882974384289874e-13,1.046779818450919226e-33,8.227249775201175727e-37
2.929605999999999995e+02,2.819536193341135727e-02,2.800000000032448755e-02,3.244865555515661773e-13,7.957825936519050013e-34,6.538456663092508488e-37
2.929719999999999800e+02,1.638178275031916542e-02,2.800000000027985658e-02,2.798567689397245401e-13,6.046673697707072276e-34,5.194670693731100088e-37
2.929833999999999605e+02,2.051014140980066819e-02,2.800000000024127286e-02,2.412721225635492555e-13,4.592208874780384308e-34,4.125750853795447537e-37
2.929947999999999979e+02,4.550219964342658296e-02,2.800000000020792801e-02,2.079269077570157000e-13,3.485858364637964938e-34,3.275745701062259988e-37
2.930061999999999784e+02,1.628097959071350340e-02,2.800000000017912119e-02,1.791209837309834848e-13,2.644726968296300481e-34,2.600037226369220869e-37
2.930176000000000158e+02,1.401440981214424099e-02,2.800000000015424526e-02,1.542461942484611859e-13,2.005556740518754665e-34,2.063056667515003807e-37
2.930289999999999964e+02,1.606494949332883115e-02,2.800000000013277632e-02,1.327744985516924961e-13,1.520099674751483802e-34,1.636458337776557052e-37
2.930403999999999769e+02,2.681658682405230198e-02,2.800000000011424947e-02,1.142476046378701967e-13,1.151574877414353574e-34,1.297660107873239390e-37
2.930518000000000143e+02,2.797719908229779479e-02,2.800000000009826920e-02,9.826791860115425793e-14,8.719574659029768538e-35,1.028677307620702857e-37
2.930631999999999948e+02,2.452453293268225948e-02,2.800000000008449202e-02,8.449064634508557354e-14,6.599050051478307089e-35,8.151913634384228492e-38
2.930745999999999754e+02,2.797016153164329222e-02,2.800000000007261611e-02,7.261690388767529435e-14,4.991723800354495833e-35,6.458061627646613308e-38
2.930860000000000127e+02,1.286436951785675104e-02,2.800000000006238818e-02,6.238771003410794290e-14,3.774006771156892948e-35,5.114545011522950898e-38
2.930973999999999933e+02,3.755740035779424335e-02,2.800000000005357925e-02,5.357875064823340580e-14,2.851923067186121156e-35,4.049244769257627510e-38
2.931087999999999738e+02,2.421433332905737618e-02,2.800000000004599504e-02,4.599581736405248744e-14,2.154050792950973376e-35,3.204817175457306528e-38
2.931202000000000112e+02,3.111261838771313751e-02,2.800000000003947248e-02,3.947083555529601834e-14,1.626136794909863503e-35,2.535681451942672331e-38
2.931315999999999917e+02,1.953966771858385229e-02,2.800000000003385892e-02,3.385840691300765373e-14,1.226990546830368206e-35,2.005618528383373998e-38
2.931429999999999723e+02,2.155514065529350043e-02,2.800000000002903291e-02,2.903280124175962458e-14,9.253549656173377583e-36,1.585857560862557034e-38
2.931544000000000096e+02,1.513996224670259398e-02,2.800000000002488693e-02,2.488534022320035008e-14,6.975229571709125969e-36,1.253551630020155759e-38
2.931657999999999902e+02,2.232610078439936641e-02,2.800000000002132380e-02,2.132212304190303276e-14,5.255229115177376914e-36,9.905638612988394009e-39
2.931771999999999707e+02,2.193728914183208298e-02,2.800000000001826375e-02,1.826205004344161337e-14,3.957380478410803492e-36,7.825010663228004207e-39
2.931886000000000081e+02,3.127683644639971811e-02,2.800000000001563738e-02,1.563510610119298259e-14,2.978564178887835531e-36,6.179446851579292570e-39
2.931999999999999886e+02,2.757537591706936755e-02,2.800000000001338224e-02,1.338087019717350033e-14,2.240727893353184260e-36,4.878389467294088773e-39
