potential_V,schematic_current_density,scan_rate_mV_s_or_reference
-0.2,-0.05600000000000001,reference
-0.19787500000000002,-0.05473741841325027,reference
-0.19575,-0.05347487801490789,reference
-0.19362500000000002,-0.05221241997268575,reference
-0.1915,-0.050950085458440576,reference
-0.18937500000000002,-0.04968791563638999,reference
-0.18725,-0.04842595166056942,reference
-0.185125,-0.04716423467228932,reference
-0.183,-0.045902805797592074,reference
-0.180875,-0.044641706144709206,reference
-0.17875000000000002,-0.04338097680151829,reference
-0.176625,-0.04212065883300005,reference
-0.17450000000000002,-0.04086079327869528,reference
-0.172375,-0.03960142115016151,reference
-0.17025,-0.038342583428429444,reference
-0.16812500000000002,-0.03708432106145866,reference
-0.166,-0.03582667496159273,reference
-0.163875,-0.03456968600301312,reference
-0.16175,-0.03331339501919156,reference
-0.15962500000000002,-0.03205784280034043,reference
-0.1575,-0.030803070090860647,reference
-0.155375,-0.02954911758678625,reference
-0.15325,-0.028296025933224812,reference
-0.151125,-0.02704383572179296,reference
-0.14900000000000002,-0.025792587488045426,reference
-0.146875,-0.024542321708896708,reference
-0.14475,-0.023293078800033524,reference
-0.142625,-0.0220448991133162,reference
-0.1405,-0.020797822934166946,reference
-0.138375,-0.01955189047894252,reference
-0.13625,-0.01830714189228851,reference
-0.134125,-0.017063617244471585,reference
-0.132,-0.015821356528686527,reference
-0.12987500000000002,-0.014580399658333021,reference
-0.12775,-0.013340786464257744,reference
-0.125625,-0.012102556691955754,reference
-0.1235,-0.010865749998724722,reference
-0.12137500000000001,-0.009630405950764462,reference
-0.11925000000000001,-0.008396564020213465,reference
-0.117125,-0.007164263582112647,reference
-0.115,-0.005933543911285193,reference
-0.112875,-0.004704444179120259,reference
-0.11075,-0.0034770034502463153,reference
-0.108625,-0.00225126067907791,reference
-0.10650000000000001,-0.001027254706218176,reference
-0.10437500000000001,0.00019497574530384296,reference
-0.10225000000000001,0.001415392073983713,reference
-0.100125,0.0026339558040062543,reference
-0.098,0.003850628589653394,reference
-0.095875,0.005065372219988148,reference
-0.09375,0.006278148623851711,reference
-0.091625,0.0074889198752149284,reference
-0.0895,0.008697648198930649,reference
-0.08737500000000001,0.009904295976938694,reference
-0.08525,0.011108825754981629,reference
-0.083125,0.012311200249895689,reference
-0.081,0.013511382357549454,reference
-0.078875,0.014709335161510104,reference
-0.07675,0.015905021942526985,reference
-0.074625,0.01709840618893144,reference
-0.07250000000000001,0.018289451608063036,reference
-0.070375,0.01947812213884436,reference
-0.06825,0.020664381965638932,reference
-0.06612499999999999,0.02184819553354207,reference
-0.064,0.02302952756526872,reference
-0.06187500000000001,0.024208343079820505,reference
-0.05975,0.025384607413131574,reference
-0.05762500000000001,0.026558286240913193,reference
-0.055499999999999994,0.027729345603938936,reference
-0.053375000000000006,0.028897751936034947,reference
-0.05124999999999999,0.03006347209506584,reference
-0.049125,0.031226473397233466,reference
-0.046999999999999986,0.03238672365503524,reference
-0.044875,0.03354419121926062,reference
-0.04275000000000001,0.034698845025437346,reference
-0.040624999999999994,0.035850654645176006,reference
-0.038500000000000006,0.03699959034289958,reference
-0.03637499999999999,0.03814562313848618,reference
-0.03425,0.03928872487639632,reference
-0.03212499999999999,0.04042886830190398,reference
-0.03,0.0415660271450978,reference
-0.02787500000000001,0.042700176213373145,reference
-0.025749999999999995,0.0438312914931884,reference
-0.023625000000000007,0.04495935026191815,reference
-0.02149999999999999,0.04608433121069518,reference
-0.019375000000000003,0.0472062145791969,reference
-0.017249999999999988,0.04832498230339715,reference
-0.015125,0.049440618177372955,reference
-0.013000000000000012,0.05055310803032625,reference
-0.010874999999999996,0.051662439920053496,reference
-0.008750000000000008,0.052768604344170716,reference
-0.006624999999999992,0.05387159447047872,reference
-0.004500000000000004,0.05497140638793001,reference
-0.0023749999999999882,0.05606803937973903,reference
-0.0002500000000000002,0.057161496220255396,reference
0.0018750000000000155,0.05825178349730087,reference
0.0040000000000000036,0.05933891196174772,reference
0.0061249999999999916,0.0604228969061958,reference
0.008250000000000007,0.06150375857467981,reference
0.010374999999999995,0.06258152260541218,reference
0.012500000000000011,0.06365622050863637,reference
0.014624999999999999,0.06472789018172966,reference
0.016750000000000015,0.06579657646375481,reference
0.018875000000000003,0.0668623317317112,reference
0.02100000000000002,0.06792521654078208,reference
0.023125000000000007,0.06898530031090817,reference
0.025249999999999995,0.07004266206204404,reference
0.02737500000000001,0.07109739120046449,reference
0.0295,0.07214958835848787,reference
0.031625000000000014,0.07319936628996584,reference
0.03375,0.07424685082385525,reference
0.03587500000000002,0.07529218187813433,reference
0.038000000000000006,0.0763355145362527,reference
0.040124999999999994,0.0773770201882067,reference
0.04225000000000001,0.07841688773821132,reference
0.044375,0.07945532488079161,reference
0.046500000000000014,0.08049255944694014,reference
0.048625,0.08152884082177905,reference
0.05075000000000002,0.08256444143492614,reference
0.052875000000000005,0.0835996583244892,reference
0.05499999999999999,0.0846348147753019,reference
0.05712499999999998,0.08567026203166501,reference
0.059250000000000025,0.08670638108446785,reference
0.06137500000000001,0.08774358453213271,reference
0.0635,0.08878231851435309,reference
0.06562499999999999,0.08982306471707636,reference
0.06775000000000003,0.09086634244662002,reference
0.06987500000000002,0.09191271077020083,reference
0.07200000000000001,0.09296277071950196,reference
0.074125,0.09401716755319978,reference
0.07624999999999998,0.09507659307362692,reference
0.07837500000000003,0.09614178799195286,reference
0.08050000000000002,0.09721354433542684,reference
0.082625,0.09829270788934845,reference
0.08474999999999999,0.0993801806655083,reference
0.08687500000000004,0.10047692338788379,reference
0.08900000000000002,0.10158395798537995,reference
0.09112500000000001,0.1027023700803801,reference
0.09325,0.10383331146081803,reference
0.09537499999999999,0.1049780025224093,reference
0.09750000000000003,0.1061377346665881,reference
0.09962500000000002,0.10731387263859475,reference
0.10175000000000001,0.1085078567890548,reference
0.103875,0.10972120524129018,reference
0.10600000000000004,0.11095551594551609,reference
0.10812500000000003,0.11221246860001069,reference
0.11025000000000001,0.11349382641831124,reference
0.112375,0.11480143772049539,reference
0.11449999999999999,0.11613723732566633,reference
0.11662500000000003,0.11750324772188211,reference
0.11875000000000002,0.11890157998896572,reference
0.12087500000000001,0.12033443444891917,reference
0.123,0.12180410101804534,reference
0.125125,0.12331295923438189,reference
0.12725000000000003,0.12486347793367078,reference
0.12937500000000002,0.12645821454684886,reference
0.1315,0.1280998139919578,reference
0.133625,0.12979100713344693,reference
0.13575000000000004,0.13153460878209788,reference
0.13787500000000003,0.13333351520924133,reference
0.14,0.13519070114958284,reference
0.142125,0.1371092162678069,reference
0.14425,0.13909218106521046,reference
0.14637500000000003,0.14114278220392398,reference
0.14850000000000002,0.14326426722782762,reference
0.150625,0.1454599386610665,reference
0.15275,0.14773314746711352,reference
0.15487500000000004,0.15008728585363182,reference
0.15700000000000003,0.1525257794109478,reference
0.15912500000000002,0.15505207857476244,reference
0.16125,0.1576696494068007,reference
0.163375,0.1603819636904228,reference
0.16550000000000004,0.1631924883417912,reference
0.16762500000000002,0.1661046741409911,reference
0.16975,0.16912194379153644,reference
0.171875,0.17224767932093316,reference
0.174,0.17548520883941437,reference
0.17612500000000003,0.17883779267857491,reference
0.17825000000000002,0.18230860893640835,reference
0.180375,0.1859007384601501,reference
0.1825,0.18961714930334178,reference
0.18462500000000004,0.1934606806986175,reference
0.18675000000000003,0.19743402659284306,reference
0.18887500000000002,0.20153971879638505,reference
0.191,0.20578010980340217,reference
0.193125,0.2101573553451136,reference
0.19525000000000003,0.21467339674295557,reference
0.19737500000000002,0.21932994313335424,reference
0.1995,0.22412845364048173,reference
0.201625,0.22907011957776596,reference
0.20375000000000004,0.2341558467630738,reference
0.20587500000000003,0.23938623803631148,reference
0.20800000000000002,0.2447615760716667,reference
0.210125,0.25028180657979,reference
0.21225,0.2559465219978547,reference
0.21437500000000004,0.2617549457675935,reference
0.21650000000000003,0.2677059173030466,reference
0.218625,0.27379787775084746,reference
0.22075,0.28002885664635946,reference
0.22287500000000005,0.2863964595688606,reference
0.22500000000000003,0.2928978568981953,reference
0.22712500000000002,0.2995297737738698,reference
0.22925,0.3062884813554316,reference
0.231375,0.31316978948012975,reference
0.23350000000000004,0.3201690408102943,reference
0.23562500000000003,0.32728110655858605,reference
0.23775000000000002,0.3345003838742707,reference
0.239875,0.3418207949679375,reference
0.24200000000000005,0.34923578804566946,reference
0.24412500000000004,0.3567383401165424,reference
0.24625000000000002,0.3643209617295654,reference
0.248375,0.37197570368774696,reference
0.2505,0.3796941657779689,reference
0.25262500000000004,0.38746750754577164,reference
0.25475000000000003,0.3952864611340718,reference
0.256875,0.40314134619429964,reference
0.259,0.41102208686749075,reference
0.261125,0.41891823082160085,reference
0.26325000000000004,0.42681897031975746,reference
0.265375,0.43471316528242104,reference
0.2675,0.44258936829456363,reference
0.269625,0.4504358514970598,reference
0.27175000000000005,0.45824063528961845,reference
0.27387500000000004,0.4659915187608358,reference
0.276,0.4736761117494058,reference
0.278125,0.48128186842928017,reference
0.28025,0.48879612230069336,reference
0.28237500000000004,0.49620612245856754,reference
0.28450000000000003,0.5034990709999424,reference
0.286625,0.5106621614228452,reference
0.28875,0.5176826178604815,reference
0.29087500000000005,0.5245477349868768,reference
0.29300000000000004,0.5312449184231968,reference
0.295125,0.5377617254679836,reference
0.29725,0.5440859059695297,reference
0.299375,0.5502054431546163,reference
0.30150000000000005,0.5561085942249314,reference
0.303625,0.5617839305306604,reference
0.30575,0.5672203771300817,reference
0.30787500000000007,0.5724072515444847,reference
0.31,0.5773343015193979,reference
0.31212500000000004,0.5819917416059637,reference
0.31425,0.5863702883803146,reference
0.316375,0.5904611941240052,reference
0.31850000000000006,0.5942562787948682,reference
0.320625,0.5977479601251161,reference
0.32275000000000004,0.6009292816920077,reference
0.3248750000000001,0.603793938815933,reference
0.327,0.6063363021512659,reference
0.32912500000000006,0.6085514388467215,reference
0.33125,0.6104351311641826,reference
0.33337500000000003,0.6119838924579276,reference
0.3355000000000001,0.6131949804298236,reference
0.337625,0.6140664075902601,reference
0.33975000000000005,0.6145969488692837,reference
0.341875,0.6147861463374542,reference
0.34400000000000003,0.6146343110112906,reference
0.34612500000000007,0.6141425217336853,reference
0.34825,0.6133126211352413,reference
0.35037500000000005,0.6121472086980335,reference
0.3525,0.6106496309586775,reference
0.354625,0.6088239689027332,reference
0.35675000000000007,0.6066750226172561,reference
0.358875,0.6042082932826326,reference
0.36100000000000004,0.6014299625986165,reference
0.363125,0.5983468697526197,reference
0.36525,0.5949664860507088,reference
0.36737500000000006,0.5912968873433614,reference
0.3695,0.5873467243887441,reference
0.37162500000000004,0.5831251913060341,reference
0.3737500000000001,0.5786419922800673,reference
0.375875,0.5739073066862794,reference
0.37800000000000006,0.5689317528115088,reference
0.380125,0.5637263503516866,reference
0.38225000000000003,0.5583024818717317,reference
0.3843750000000001,0.5526718534161086,reference
0.3865,0.5468464544604331,reference
0.38862500000000005,0.5408385173952942,reference
0.39075,0.5346604767330536,reference
0.39287500000000003,0.5283249282268347,reference
0.3950000000000001,0.5218445880882666,reference
0.397125,0.5152322524867865,reference
0.39925000000000005,0.5085007575085347,reference
0.401375,0.5016629397471161,reference
0.4035,0.4947315976917885,reference
0.40562500000000007,0.4877194540711065,reference
0.40775,0.48063911930167064,reference
0.40987500000000004,0.4735030561825708,reference
0.4120000000000001,0.46632354596638864,reference
0.414125,0.4591126559273264,reference
0.41625000000000006,0.4518822085362742,reference
0.418375,0.4446437523414523,reference
0.42050000000000004,0.4374085346417824,reference
0.4226250000000001,0.4301874760284468,reference
0.42475,0.42299114685822964,reference
0.42687500000000006,0.4158297457103389,reference
0.429,0.4087130798665251,reference
0.43112500000000004,0.40165054784251786,reference
0.4332500000000001,0.3946511239872249,reference
0.435375,0.38772334515476925,reference
0.43750000000000006,0.38087529944342435,reference
0.439625,0.3741146169848721,reference
0.44175000000000003,0.3674484627569955,reference
0.4438750000000001,0.3608835313837449,reference
0.446,0.3544260438764446,reference
0.44812500000000005,0.348081746262364,reference
0.45025,0.3418559100384426,reference
0.452375,0.3357533343807746,reference
0.45450000000000007,0.329778350033885,reference
0.456625,0.3239348247979228,reference
0.45875000000000005,0.3182261705267335,reference
0.4608750000000001,0.3126553515453195,reference
0.463,0.3072248943914571,reference
0.46512500000000007,0.30193689878324076,reference
0.46725,0.2967930497120176,reference
0.46937500000000004,0.29179463055856514,reference
0.4715000000000001,0.2869425371294496,reference
0.473625,0.2822372925102121,reference
0.47575000000000006,0.27767906263239217,reference
0.477875,0.2732676724523492,reference
0.48000000000000004,0.26900262264134134,reference
0.4821250000000001,0.2648831066883822,reference
0.48425,0.2609080283199048,reference
0.48637500000000006,0.25707601914325207,reference
0.4885,0.25338545642440047,reference
0.49062500000000003,0.24983448091406238,reference
0.4927500000000001,0.24642101464039912,reference
0.494875,0.24314277859091749,reference
0.49700000000000005,0.2399973102107123,reference
0.499125,0.23698198064899884,reference
0.50125,0.23409401169080024,reference
0.5033750000000001,0.23133049231570274,reference
0.5055000000000001,0.22868839483069253,reference
0.507625,0.22616459052923255,reference
0.5097500000000001,0.22375586483387588,reference
0.5118750000000001,0.22145893188481036,reference
0.514,0.21927044854175465,reference
0.516125,0.2171870277715689,reference
0.5182500000000001,0.21520525139873553,reference
0.520375,0.21332168220052983,reference
0.5225,0.21153287533317558,reference
0.5246250000000001,0.20983538907958013,reference
0.52675,0.20822579491331814,reference
0.528875,0.20670068687739634,reference
0.5310000000000001,0.20525669027995969,reference
0.5331250000000001,0.20389046971247765,reference
0.53525,0.2025987363990826,reference
0.5373749999999999,0.20137825488861158,reference
0.5395000000000001,0.2002258491035195,reference
0.541625,0.19913840776219704,reference
0.54375,0.19811288919332923,reference
0.5458750000000001,0.19714632556279021,reference
0.548,0.19623582653517097,reference
0.550125,0.19537858239340214,reference
0.5522500000000001,0.19457186664107137,reference
0.5543750000000001,0.19381303811293443,reference
0.5565,0.19309954261981727,reference
0.5586250000000001,0.19242891415459448,reference
0.5607500000000001,0.1917987756862262,reference
0.562875,0.19120683956895232,reference
0.565,0.19065090759369532,reference
0.5671250000000001,0.19012887070851428,reference
0.56925,0.18963870843461056,reference
0.571375,0.18917848800390608,reference
0.5735000000000001,0.18874636324362937,reference
0.575625,0.1883405732326472,reference
0.57775,0.18795944075349816,reference
0.5798750000000001,0.18760137056322307,reference
0.5820000000000001,0.18726484750515898,reference
0.584125,0.1869484344828821,reference
0.5862499999999999,0.18665077031645838,reference
0.5883750000000001,0.18637056750010209,reference
0.5905,0.18610660987925862,reference
0.592625,0.18585775026403056,reference
0.5947500000000001,0.18562290799476136,reference
0.596875,0.18540106647448998,reference
0.599,0.1851912706818923,reference
0.6011250000000001,0.18499262467725114,reference
0.6032500000000001,0.1848042891129337,reference
0.605375,0.18462547875882568,reference
0.6075000000000002,0.1844554600521694,reference
0.6096250000000001,0.18429354868028372,reference
0.61175,0.18413910720371499,reference
0.613875,0.18399154272647764,reference
0.6160000000000001,0.1838503046191956,reference
0.618125,0.18371488230015146,reference
0.62025,0.18358480307849265,reference
0.6223750000000001,0.183459630063131,reference
0.6245,0.18333896014020679,reference
0.626625,0.18322242202136638,reference
0.6287500000000001,0.18310967436453215,reference
0.6308750000000001,0.18300040396831152,reference
0.633,0.1828943240407097,reference
0.6351249999999999,0.1827911725423696,reference
0.6372500000000001,0.1826907106041623,reference
0.639375,0.18259272101859442,reference
0.6415,0.18249700680417724,reference
0.6436250000000001,0.18240338984162033,reference
0.64575,0.18231170958046436,reference
0.647875,0.18222182181455224,reference
0.65,0.18200000000000002,reference
0.65,0.18200000000000002,reference
0.647875,0.18073740336589583,reference
0.64575,0.1794748605208981,reference
0.6436250000000001,0.17821239964788171,reference
0.6415,0.17695006186066123,reference
0.639375,0.1756878882570077,reference
0.6372500000000001,0.17442591991494483,reference
0.6351249999999999,0.17316419788889476,reference
0.633,0.17190276320565356,reference
0.6308750000000001,0.17064165686017496,reference
0.6287500000000001,0.16938091981114148,reference
0.626625,0.16812059297629509,reference
0.6245,0.16686071722750184,reference
0.6223750000000001,0.1656013333855147,reference
0.62025,0.16434248221440434,reference
0.618125,0.16308420441561675,reference
0.6160000000000001,0.16182654062161372,reference
0.613875,0.16056953138905233,reference
0.61175,0.1593132171914483,reference
0.6096250000000001,0.15805763841126685,reference
0.6075000000000002,0.15680283533137773,reference
0.605375,0.1555488481258048,reference
0.6032500000000001,0.15429571684969356,reference
0.6011250000000001,0.1530434814284118,reference
0.599,0.1517921816456923,reference
0.596875,0.15054185713071722,reference
0.5947500000000001,0.14929254734403094,reference
0.592625,0.14804429156216412,reference
0.5905,0.1467971288608362,reference
0.5883750000000001,0.14555109809659073,reference
0.5862499999999999,0.1443062378867113,reference
0.584125,0.1430625865872451,reference
0.5820000000000001,0.1418201822689503,reference
0.5798750000000001,0.14057906269096787,reference
0.57775,0.13933926527200047,reference
0.575625,0.13810082705876395,reference
0.5735000000000001,0.13686378469145688,reference
0.571375,0.1356281743659763,reference
0.56925,0.13439403179258347,reference
0.5671250000000001,0.13316139215070177,reference
0.565,0.13193029003950618,reference
0.562875,0.130700759423939,reference
0.5607500000000001,0.12947283357575565,reference
0.5586250000000001,0.1282465450091847,reference
0.5565,0.12702192541074936,reference
0.5543750000000001,0.12579900556277343,reference
0.5522500000000001,0.1245778152600589,reference
0.550125,0.12335838321919369,reference
0.548,0.12214073697991197,reference
0.5458750000000001,0.12092490279789384,reference
0.54375,0.11971090552835864,reference
0.541625,0.1184987684997673,reference
0.5395000000000001,0.11728851337690994,reference
0.5373749999999999,0.11608016001262146,reference
0.53525,0.1148737262873265,reference
0.5331250000000001,0.11366922793557423,reference
0.5310000000000001,0.11246667835869055,reference
0.528875,0.11126608842263103,reference
0.52675,0.11006746624008286,reference
0.5246250000000001,0.10887081693582502,reference
0.5225,0.10767614239432145,reference
0.520375,0.10648344098848608,reference
0.5182500000000001,0.10529270728852425,reference
0.516125,0.1041039317497279,reference
0.514,0.1029171003780712,reference
0.5118750000000001,0.1017321943724285,reference
0.5097500000000001,0.10054918974221848,reference
0.507625,0.09936805689925896,reference
0.5055000000000001,0.0981887602226077,reference
0.5033750000000001,0.09701125759515554,reference
0.50125,0.09583549991074401,reference
0.499125,0.09466143055058202,reference
0.49700000000000005,0.09348898482775361,reference
0.494875,0.09231808939863406,reference
0.4927500000000001,0.09114866164006274,reference
0.49062500000000003,0.08998060899116503,reference
0.4885,0.08881382825877182,reference
0.48637500000000006,0.08764820488544853,reference
0.48425,0.08648361217922709,reference
0.4821250000000001,0.0853199105042261,reference
0.48000000000000004,0.08415694643145055,reference
0.477875,0.08299455184918664,reference
0.47575000000000006,0.08183254303254381,reference
0.473625,0.08067071967185274,reference
0.4715000000000001,0.07950886385980138,reference
0.46937500000000004,0.07834673903738028,reference
0.46725,0.07718408889892298,reference
0.46512500000000007,0.07602063625675312,reference
0.463,0.07485608186620363,reference
0.4608750000000001,0.07369010321204333,reference
0.45875000000000005,0.07252235325763706,reference
0.456625,0.0713524591584816,reference
0.45450000000000007,0.07018002094209069,reference
0.452375,0.06900461015656047,reference
0.45025,0.06782576849052313,reference
0.44812500000000005,0.06664300636759228,reference
0.446,0.06545580151882281,reference
0.4438750000000001,0.064263597537144,reference
0.44175000000000003,0.0630658024181783,reference
0.439625,0.061861787092333836,reference
0.43750000000000006,0.06065088395354243,reference
0.435375,0.05943238539052038,reference
0.4332500000000001,0.05820554232694289,reference
0.43112500000000004,0.05696956277744558,reference
0.429,0.05572361042690274,reference
0.42687500000000006,0.05446680324096463,reference
0.42475,0.053198212116379,reference
0.4226250000000001,0.05191685958015953,reference
0.42050000000000004,0.050621718547195105,reference
0.418375,0.0493117111464233,reference
0.41625000000000006,0.04798570762620041,reference
0.414125,0.04664252534999869,reference
0.4120000000000001,0.04528092789403716,reference
0.40987500000000004,0.043899624258899,reference
0.40775,0.04249726820761003,reference
0.40562500000000007,0.04107245774303385,reference
0.4035,0.0396237347377795,reference
0.401375,0.03814958473011579,reference
0.39925000000000005,0.03664843689962502,reference
0.397125,0.03511866423651598,reference
0.3950000000000001,0.03355858391863904,reference
0.39287500000000003,0.03196645791029441,reference
0.39075,0.030340493796908702,reference
0.38862500000000005,0.028678845869548136,reference
0.3865,0.026979616473052193,reference
0.3843750000000001,0.0252408576312953,reference
0.38225000000000003,0.023460572962707343,reference
0.380125,0.021636719898717044,reference
0.37800000000000006,0.019767212217201055,reference
0.375875,0.017849922902339832,reference
0.3737500000000001,0.01588268734148815,reference
0.37162500000000004,0.013863306868754116,reference
0.3695,0.011789552663962657,reference
0.36737500000000006,0.009659170014531857,reference
0.36525,0.007469882946533862,reference
0.363125,0.00521939922983429,reference
0.36100000000000004,0.002905415760705618,reference
0.358875,0.000525624323702692,reference
0.35675000000000007,-0.001922282267135561,reference
0.354625,-0.0044406036495310275,reference
0.3525,-0.0070316250203627945,reference
0.35037500000000005,-0.009697609874962404,reference
0.34825,-0.01244079238618341,reference
0.34612500000000007,-0.015263369433333202,reference
0.34400000000000003,-0.01816749229335403,reference
0.341875,-0.02115525800898907,reference
0.33975000000000005,-0.02422870045109242,reference
0.337625,-0.02738978109469642,reference
0.3355000000000001,-0.030640379530938344,reference
0.33337500000000003,-0.03398228373946435,reference
0.33125,-0.03741718014842896,reference
0.32912500000000006,-0.04094664351171921,reference
0.327,-0.04457212663549666,reference
0.3248750000000001,-0.04829494998857638,reference
0.32275000000000004,-0.05211629123353388,reference
0.320625,-0.05603717471770171,reference
0.31850000000000006,-0.06005846096541469,reference
0.316375,-0.06418083621492181,reference
0.31425,-0.06840480204531645,reference
0.31212500000000004,-0.07273066514061664,reference
0.31,-0.07715852723972848,reference
0.30787500000000007,-0.08168827532243514,reference
0.30575,-0.08631957208276847,reference
0.303625,-0.09105184674208197,reference
0.30150000000000005,-0.09588428625489429,reference
0.299375,-0.10081582696103833,reference
0.29725,-0.1058451467378566,reference
0.295125,-0.11097065770610826,reference
0.29300000000000004,-0.11619049954286444,reference
0.29087500000000005,-0.12150253345398684,reference
0.28875,-0.12690433685777955,reference
0.286625,-0.13239319883007494,reference
0.28450000000000003,-0.13796611635936262,reference
0.28237500000000004,-0.143619791458578,reference
0.28025,-0.14935062917785663,reference
0.278125,-0.1551547365599033,reference
0.276,-0.16102792257666126,reference
0.27387500000000004,-0.16696569908266018,reference
0.27175000000000005,-0.17296328281682774,reference
0.269625,-0.17901559848063545,reference
0.2675,-0.18511728291626278,reference
0.265375,-0.1912626904039983,reference
0.26325000000000004,-0.1974458990933819,reference
0.261125,-0.20366071857764728,reference
0.259,-0.2099006986158677,reference
0.256875,-0.21615913900187106,reference
0.25475000000000003,-0.22242910057349458,reference
0.25262500000000004,-0.2287034173501273,reference
0.2505,-0.23497470978077298,reference
0.248375,-0.2412353990790771,reference
0.24625000000000002,-0.2474777226159569,reference
0.24412500000000004,-0.2536937503346525,reference
0.24200000000000005,-0.25987540214725857,reference
0.239875,-0.2660144662660928,reference
0.23775000000000002,-0.2721026184176809,reference
0.23562500000000003,-0.2781314418817055,reference
0.23350000000000004,-0.28409244829201774,reference
0.231375,-0.28997709913179015,reference
0.22925,-0.2957768278501227,reference
0.22712500000000002,-0.30148306252294393,reference
0.22500000000000003,-0.30708724897689843,reference
0.22287500000000005,-0.3125808742911299,reference
0.22075,-0.3179554905884654,reference
0.218625,-0.3232027390245241,reference
0.21650000000000003,-0.3283143738807356,reference
0.21437500000000004,-0.33328228666517085,reference
0.21225,-0.3380985301235052,reference
0.210125,-0.3427553420613416,reference
0.20800000000000002,-0.34724516887855633,reference
0.20587500000000003,-0.351560688716285,reference
0.20375000000000004,-0.3556948341176682,reference
0.201625,-0.35964081410450877,reference
0.1995,-0.36339213557357086,reference
0.19737500000000002,-0.366942623918374,reference
0.19525000000000003,-0.3702864427849717,reference
0.193125,-0.3734181128733861,reference
0.191,-0.3763325297000362,reference
0.18887500000000002,-0.3790249802406713,reference
0.18675000000000003,-0.381491158377948,reference
0.18462500000000004,-0.38372717908287635,reference
0.1825,-0.3857295912648494,reference
0.180375,-0.3874953892308555,reference
0.17825000000000002,-0.3890220227007093,reference
0.17612500000000003,-0.39030740533168257,reference
0.174,-0.39134992171275607,reference
0.171875,-0.39214843279577416,reference
0.16975,-0.3927022797380561,reference
0.16762500000000002,-0.39301128613843317,reference
0.16550000000000004,-0.393075758656213,reference
0.163375,-0.392896486010158,reference
0.16125,-0.3924747363621801,reference
0.15912500000000002,-0.39181225309803086,reference
0.15700000000000003,-0.3909112490247717,reference
0.15487500000000004,-0.38977439901220023,reference
0.15275,-0.3884048311126279,reference
0.150625,-0.3868061162004244,reference
0.14850000000000002,-0.3849822561795099,reference
0.14637500000000003,-0.3829376708134602,reference
0.14425,-0.3806771832390416,reference
0.142125,-0.3782060042297881,reference
0.14,-0.3755297152816333,reference
0.13787500000000003,-0.3726542505975846,reference
0.13575000000000004,-0.36958587805295784,reference
0.133625,-0.3663311792267373,reference
0.1315,-0.3628970285881901,reference
0.12937500000000002,-0.3592905719309069,reference
0.12725000000000003,-0.3555192041489685,reference
0.125125,-0.35159054645192633,reference
0.123,-0.34751242311673597,reference
0.12087500000000001,-0.3432928378756919,reference
0.11875000000000002,-0.3389399500397827,reference
0.11662500000000003,-0.3344620504567195,reference
0.11449999999999999,-0.3298675374021974,reference
0.112375,-0.325164892501745,reference
0.11025000000000001,-0.32036265677880854,reference
0.10812500000000003,-0.315469406922533,reference
0.10600000000000004,-0.3104937318660518,reference
0.103875,-0.3054442097630161,reference
0.10175000000000001,-0.30032938544659926,reference
0.09962500000000002,-0.29515774845133663,reference
0.09750000000000003,-0.2899377116739392,reference
0.09537499999999999,-0.28467759074466936,reference
0.09325,-0.27938558417604453,reference
0.09112500000000001,-0.2740697543505494,reference
0.08900000000000002,-0.2687380094037497,reference
0.08687500000000004,-0.2633980860537276,reference
0.08474999999999999,-0.2580575334221473,reference
0.082625,-0.25272369788654525,reference
0.08050000000000002,-0.24740370899765546,reference
0.07837500000000003,-0.2421044664897686,reference
0.07624999999999998,-0.2368326284063115,reference
0.074125,-0.2315946003570655,reference
0.07200000000000001,-0.2263965259177401,reference
0.06987500000000002,-0.22124427817702874,reference
0.06775000000000003,-0.21614345243080788,reference
0.06562499999999999,-0.21109936001784585,reference
0.0635,-0.20611702328628156,reference
0.06137500000000001,-0.20120117167523388,reference
0.059250000000000025,-0.19635623889125348,reference
0.05712499999999998,-0.19158636115491934,reference
0.05499999999999999,-0.1868953764887652,reference
0.052875000000000005,-0.18228682501387536,reference
0.05075000000000002,-0.17776395021896663,reference
0.048625,-0.17332970116254398,reference
0.046500000000000014,-0.16898673556582683,reference
0.044375,-0.16473742375156558,reference
0.04225000000000001,-0.16058385338163406,reference
0.040124999999999994,-0.15652783494436995,reference
0.038000000000000006,-0.1525709079410608,reference
0.03587500000000002,-0.1487143477197198,reference
0.03375,-0.14495917290336924,reference
0.031625000000000014,-0.14130615335943336,reference
0.0295,-0.13775581865653466,reference
0.02737500000000001,-0.1343084669549743,reference
0.025249999999999995,-0.13096417427744603,reference
0.023125000000000007,-0.12772280410707212,reference
0.02100000000000002,-0.12458401726064301,reference
0.018875000000000003,-0.12154728198597371,reference
0.016750000000000015,-0.11861188423354642,reference
0.014624999999999999,-0.11577693805406494,reference
0.012500000000000011,-0.11304139607519699,reference
0.010374999999999995,-0.11040406001259095,reference
0.008250000000000007,-0.10786359117222356,reference
0.0061249999999999916,-0.10541852090322769,reference
0.0040000000000000036,-0.10306726096256198,reference
0.0018750000000000155,-0.10080811375518595,reference
-0.0002500000000000002,-0.09863928241578589,reference
-0.0023749999999999882,-0.09655888070053362,reference
-0.004500000000000004,-0.09456494265984089,reference
-0.006624999999999992,-0.0926554320655756,reference
-0.008750000000000008,-0.09082825156871764,reference
-0.010874999999999996,-0.0890812515659386,reference
-0.013000000000000012,-0.08741223875607237,reference
-0.015125,-0.08581898436989482,reference
-0.017249999999999988,-0.08429923205903107,reference
-0.019375000000000003,-0.08285070543215477,reference
-0.02149999999999999,-0.08147111522891666,reference
-0.023625000000000007,-0.08015816612423635,reference
-0.025749999999999995,-0.07890956315769987,reference
-0.02787500000000001,-0.07772301778482081,reference
-0.03,-0.07659625354883497,reference
-0.03212499999999999,-0.07552701137350844,reference
-0.03425,-0.07451305447913427,reference
-0.03637499999999999,-0.07355217292547848,reference
-0.038500000000000006,-0.07264218778690254,reference
-0.040624999999999994,-0.07178095496624087,reference
-0.04275000000000001,-0.07096636865524282,reference
-0.044875,-0.07019636445050428,reference
-0.046999999999999986,-0.0694689221348094,reference
-0.049125,-0.06878206813468611,reference
-0.05124999999999999,-0.06813387766574709,reference
-0.053375000000000006,-0.06752247657804611,reference
-0.055499999999999994,-0.06694604291423117,reference
-0.05762500000000001,-0.0664028081937251,reference
-0.05975,-0.06589105843651247,reference
-0.06187500000000001,-0.06540913494036901,reference
-0.064,-0.06495543482553505,reference
-0.06612499999999999,-0.06452841136091729,reference
-0.06825,-0.06412657408590698,reference
-0.070375,-0.06374848874183342,reference
-0.07250000000000001,-0.06339277702693373,reference
-0.074625,-0.06305811618852214,reference
-0.07675,-0.06274323846578536,reference
-0.078875,-0.06244693039632522,reference
-0.081,-0.06216803199921747,reference
-0.083125,-0.06190543584696507,reference
-0.08525,-0.06165808603829695,reference
-0.08737500000000001,-0.06142497708330853,reference
-0.0895,-0.06120515271195898,reference
-0.091625,-0.06099770461643987,reference
-0.09375,-0.060801771137414105,reference
-0.095875,-0.060616535903595434,reference
-0.098,-0.060441226433604986,reference
-0.100125,-0.060275112708501555,reference
-0.10225000000000001,-0.06011750572284358,reference
-0.10437500000000001,-0.059967756021604465,reference
-0.10650000000000001,-0.059825252229732145,reference
-0.108625,-0.05968941958062124,reference
-0.11075,-0.059559718449254846,reference
-0.112875,-0.0594356428952736,reference
-0.115,-0.05931671922074547,reference
-0.117125,-0.05920250454694129,reference
-0.11925000000000001,-0.059092585413970264,reference
-0.12137500000000001,-0.05898657640669755,reference
-0.1235,-0.05888411880995303,reference
-0.125625,-0.05878487929564845,reference
-0.12775,-0.05868854864404756,reference
-0.12987500000000002,-0.05859484050108406,reference
-0.132,-0.05850349017329188,reference
-0.134125,-0.05841425346160481,reference
-0.13625,-0.05832690553499486,reference
-0.138375,-0.058241239844653,reference
-0.1405,-0.058157067079169816,reference
-0.142625,-0.058074214160948705,reference
-0.14475,-0.05799252328387734,reference
-0.146875,-0.05791185099209703,reference
-0.14900000000000002,-0.05783206729953984,reference
-0.151125,-0.057753054849752745,reference
-0.15325,-0.05767470811539289,reference
-0.155375,-0.05759693263665981,reference
-0.1575,-0.05751964429782677,reference
-0.15962500000000002,-0.057442768640943644,reference
-0.16175,-0.05736624021570858,reference
-0.163875,-0.05729000196444138,reference
-0.166,-0.05721400464104043,reference
-0.16812500000000002,-0.05713820626276354,reference
-0.17025,-0.057062571593642475,reference
-0.172375,-0.05698707165831865,reference
-0.17450000000000002,-0.05691168328507436,reference
-0.176625,-0.056836388676827915,reference
-0.17875000000000002,-0.05676117500886196,reference
-0.180875,-0.05668603405206151,reference
-0.183,-0.056610961820450896,reference
-0.185125,-0.056535958241836146,reference
-0.18725,-0.0564610268503813,reference
-0.18937500000000002,-0.056386174499972325,reference
-0.1915,-0.056311411097251185,reference
-0.19362500000000002,-0.056236749353233396,reference
-0.19575,-0.05616220455245632,reference
-0.19787500000000002,-0.056087794338640175,reference
-0.2,-0.05600000000000001,reference
-0.2,-0.05600000000000001,25
-0.19787500000000002,-0.05442326236559888,25
-0.19575,-0.05284658530776445,25
-0.19362500000000002,-0.05127002936157185,25
-0.1915,-0.04969365507380889,25
-0.18937500000000002,-0.04811752298001752,25
-0.18725,-0.04654169360075186,25
-0.185125,-0.044966227437836105,25
-0.183,-0.04339118497062158,25
-0.180875,-0.0418166266522436,25
-0.17875000000000002,-0.0402426129058773,25
-0.176625,-0.03866920412099286,25
-0.17450000000000002,-0.03709646064960968,25
-0.172375,-0.03552444280254895,25
-0.17025,-0.03395321084568471,25
-0.16812500000000002,-0.03238282499619239,25
-0.166,-0.030813345418794685,25
-0.163875,-0.02924483222200364,25
-0.16175,-0.02767734545435819,25
-0.15962500000000002,-0.026110945100656004,25
-0.1575,-0.024545691078178486,25
-0.155375,-0.022981643232907203,25
-0.15325,-0.02141886133572991,25
-0.151125,-0.019857405078634337,25
-0.14900000000000002,-0.018297334070886722,25
-0.146875,-0.01673870783519276,25
-0.14475,-0.015181585803837203,25
-0.142625,-0.013626027314798266,25
-0.1405,-0.01207209160783233,25
-0.138375,-0.010519837820523726,25
-0.13625,-0.008969324984293682,25
-0.134125,-0.007420612020360963,25
-0.132,-0.0058737577356470505,25
-0.12987500000000002,-0.0043288208186158805,25
-0.12775,-0.0027858598350382624,25
-0.125625,-0.0012449332236687469,25
-0.1235,0.00029390070817876535,25
-0.12137500000000001,0.0018305837891722937,25
-0.11925000000000001,0.0033650579886374057,25
-0.117125,0.004897265421387728,25
-0.115,0.006427148352733211,25
-0.112875,0.007954649203692078,25
-0.11075,0.009479710556435962,25
-0.108625,0.011002275160001875,25
-0.10650000000000001,0.012522285936308303,25
-0.10437500000000001,0.014039685986518499,25
-0.10225000000000001,0.015554418597798703,25
-0.100125,0.017066427250525616,25
-0.098,0.018575655626004,25
-0.095875,0.02008204761476282,25
-0.09375,0.021585547325506917,25
-0.091625,0.023086099094810183,25
-0.0895,0.024583647497647073,25
-0.08737500000000001,0.026078137358870043,25
-0.08525,0.027569513765753978,25
-0.083125,0.029057722081741837,25
-0.081,0.03054270796154202,25
-0.078875,0.03202441736774425,25
-0.07675,0.03350279658914012,25
-0.074625,0.034977792260954335,25
-0.07250000000000001,0.0364493513872161,25
-0.070375,0.03791742136552425,25
-0.06825,0.03938195001448667,25
-0.06612499999999999,0.04084288560414498,25
-0.064,0.04230017688972655,25
-0.06187500000000001,0.043753773149102004,25
-0.05975,0.0452036242243642,25
-0.05762500000000001,0.04664968056798579,25
-0.055499999999999994,0.04809189329405833,25
-0.053375000000000006,0.04953021423516338,25
-0.05124999999999999,0.050964596005479715,25
-0.049125,0.05239499207078671,25
-0.046999999999999986,0.05382135682608471,25
-0.044875,0.05524364568162008,25
-0.04275000000000001,0.05666181515817103,25
-0.040624999999999994,0.05807582299252699,25
-0.038500000000000006,0.05948562825417398,25
-0.03637499999999999,0.060891191474284276,25
-0.03425,0.06229247478819935,25
-0.03212499999999999,0.06368944209269285,25
-0.03,0.06508205921940097,25
-0.02787500000000001,0.06647029412591791,25
-0.025749999999999995,0.06785411710616587,25
-0.023625000000000007,0.06923350102177073,25
-0.02149999999999999,0.07060842155629869,25
-0.019375000000000003,0.07197885749434144,25
-0.017249999999999988,0.07334479102757294,25
-0.015125,0.0747062080900445,25
-0.013000000000000012,0.07606309872512972,25
-0.010874999999999996,0.07741545748668471,25
-0.008750000000000008,0.07876328387714217,25
-0.006624999999999992,0.08010658282541944,25
-0.004500000000000004,0.08144536520768042,25
-0.0023749999999999882,0.08277964841415728,25
-0.0002500000000000002,0.08410945696540091,25
0.0018750000000000155,0.08543482318149657,25
0.0040000000000000036,0.08675578790794278,25
0.0061249999999999916,0.0880724013020552,25
0.008250000000000007,0.08938472368391351,25
0.010374999999999995,0.0906928264560214,25
0.012500000000000011,0.09199679309599501,25
0.014624999999999999,0.09329672022672855,25
0.016750000000000015,0.09459271876861138,25
0.018875000000000003,0.09588491517847705,25
0.02100000000000002,0.09717345278006086,25
0.023125000000000007,0.09845849319081236,25
0.025249999999999995,0.09974021784996338,25
0.02737500000000001,0.10101882965277485,25
0.0295,0.10229455469588539,25
0.031625000000000014,0.1035676441386476,25
0.03375,0.10483837618526803,25
0.03587500000000002,0.10610705819245675,25
0.038000000000000006,0.10737402890713817,25
0.040124999999999994,0.10863966083857486,25
0.04225000000000001,0.10990436276900306,25
0.044375,0.11116858240657146,25
0.046500000000000014,0.11243280918400712,25
0.048625,0.11369757720600149,25
0.05075000000000002,0.11496346834780993,25
0.052875000000000005,0.11623111550698767,25
0.05499999999999999,0.11750120600953719,25
0.05712499999999998,0.11877448517101657,25
0.059250000000000025,0.1200517600123473,25
0.06137500000000001,0.12133390312916428,25
0.0635,0.12262185671256627,25
0.06562499999999999,0.12391663671804538,25
0.06775000000000003,0.12521933717820552,25
0.06987500000000002,0.12653113465361165,25
0.07200000000000001,0.1278532928147502,25
0.074125,0.12918716714662065,25
0.07624999999999998,0.1305342097659248,25
0.07837500000000003,0.13189597433917022,25
0.08050000000000002,0.13327412108826195,25
0.082625,0.13467042186832837,25
0.08474999999999999,0.136086765300608,25
0.08687500000000004,0.13752516194123315,25
0.08900000000000002,0.1389877494646753,25
0.09112500000000001,0.1404767978384868,25
0.09325,0.14199471446378253,25
0.09537499999999999,0.1435440492536714,25
0.09750000000000003,0.14512749961957808,25
0.09962500000000002,0.14674791533310533,25
0.10175000000000001,0.1484083032287906,25
0.103875,0.15011183171082193,25
0.10600000000000004,0.1518618350245181,25
0.10812500000000003,0.15366181725115968,25
0.11025000000000001,0.15551545598260796,25
0.112375,0.15742660563008082,25
0.11449999999999999,0.15939930031949728,25
0.11662500000000003,0.16143775632397886,25
0.11875000000000002,0.16354637398242158,25
0.12087500000000001,0.16572973905156954,25
0.123,0.16799262343773447,25
0.125125,0.1703399852532641,25
0.12725000000000003,0.17277696814207227,25
0.12937500000000002,0.17530889981804815,25
0.1315,0.17794128975998003,25
0.133625,0.1806798260067865,25
0.13575000000000004,0.1835303709973778,25
0.13787500000000003,0.18649895640039055,25
0.14,0.18959177688037943,25
0.142125,0.1928151827488275,25
0.14425,0.19617567145058223,25
0.14637500000000003,0.1996798778390445,25
0.14850000000000002,0.20333456319666143,25
0.150625,0.20714660296100668,25
0.15275,0.21112297312098682,25
0.15487500000000004,0.21527073525250245,25
0.15700000000000003,0.2195970201682132,25
0.15912500000000002,0.22410901016191537,25
0.16125,0.22881391983442992,25
0.163375,0.2337189754948105,25
0.16550000000000004,0.2388313931381068,25
0.16762500000000002,0.24415835500882932,25
0.16975,0.24970698476765266,25
0.171875,0.25548432128770915,25
0.174,0.2614972911160694,25
0.17612500000000003,0.26775267964559457,25
0.17825000000000002,0.27425710105228013,25
0.180375,0.28101696706340346,25
0.1825,0.2880384546322071,25
0.18462500000000004,0.2953274726054279,25
0.18675000000000003,0.30288962748065346,25
0.18887500000000002,0.31073018836118516,25
0.191,0.31885405122673066,25
0.193125,0.32726570264877336,25
0.19525000000000003,0.33596918308977664,25
0.19737500000000002,0.34496804993539687,25
0.1995,0.35426534041852753,25
0.201625,0.36386353460315657,25
0.20375000000000004,0.37376451860464366,25
0.20587500000000003,0.3839695482309831,25
0.20800000000000002,0.39447921323685237,25
0.210125,0.40529340238863903,25
0.21225,0.4164112695441348,25
0.21437500000000004,0.4278312009550702,25
0.21650000000000003,0.4395507840040741,25
0.218625,0.4515667775899041,25
0.22075,0.46387508437581626,25
0.22287500000000005,0.47647072511569033,25
0.22500000000000003,0.4893478152709172,25
0.22712500000000002,0.5024995441280538,25
0.22925,0.5159181566228007,25
0.231375,0.5295949380699562,25
0.23350000000000004,0.5435202019915865,25
0.23562500000000003,0.5576832812267496,25
0.23775000000000002,0.5720725224957031,25
0.239875,0.5866752845796149,25
0.24200000000000005,0.601477940263447,25
0.24412500000000004,0.6164658821748635,25
0.24625000000000002,0.6316235326358579,25
0.248375,0.6469343576262747,25
0.2505,0.6623808849396678,25
0.25262500000000004,0.6779447265920272,25
0.25475000000000003,0.6936066055229324,25
0.256875,0.7093463866067798,25
0.259,0.7251431119689631,25
0.261125,0.7409750405784431,25
0.26325000000000004,0.7568196920641239,25
0.265375,0.7726538946780239,25
0.2675,0.7884538373035643,25
0.269625,0.8041951253825118,25
0.27175000000000005,0.8198528406094453,25
0.27387500000000004,0.8354016042181687,25
0.276,0.8508156436605006,25
0.278125,0.8660688624544688,25
0.28025,0.8811349129563348,25
0.28237500000000004,0.895987271789227,25
0.28450000000000003,0.9105993176406458,25
0.286625,0.9249444111219071,25
0.28875,0.9389959763648315,25
0.29087500000000005,0.9527275840148828,25
0.29300000000000004,0.9661130352655904,25
0.295125,0.9791264465666413,25
0.29725,0.991742334627589,25
0.299375,1.0039357013308288,25
0.30150000000000005,1.0156821181614168,25
0.303625,1.0269578097575385,25
0.30575,1.0377397361840486,25
0.30787500000000007,1.0480056735325105,25
0.31,1.0577342924546485,25
0.31212500000000004,1.0669052342420375,25
0.31425,1.0754991840732224,25
0.316375,1.0834979410602656,25
0.31850000000000006,1.090884484739858,25
0.320625,1.097643037669624,25
0.32275000000000004,1.1037591238079327,25
0.3248750000000001,1.1092196223753414,25
0.327,1.1140128169176429,25
0.32912500000000006,1.1181284393141604,25
0.33125,1.121557708500366,25
0.33337500000000003,1.1242933637008679,25
0.3355000000000001,1.1263296919971646,25
0.337625,1.1276625500841173,25
0.33975000000000005,1.1282893800996312,25
0.341875,1.1282092194433637,25
0.34400000000000003,1.1274227045321858,25
0.34612500000000007,1.1259320684723948,25
0.34825,1.1237411326610554,25
0.35037500000000005,1.1208552923611903,25
0.3525,1.1172814963275226,25
0.354625,1.1130282205909796,25
0.35675000000000007,1.1081054365409033,25
0.358875,1.1025245734737137,25
0.36100000000000004,1.0962984758054235,25
0.363125,1.0894413551727276,25
0.36525,1.0819687376731697,25
0.36737500000000006,1.0738974065190303,25
0.3695,1.0652453404018274,25
0.37162500000000004,1.0560316478846492,25
0.3737500000000001,1.0462764981577322,25
0.375875,1.036001048508694,25
0.37800000000000006,1.0252273688725533,25
0.380125,1.01397836383802,25
0.38225000000000003,1.002277692495469,25
0.3843750000000001,0.9901496865185326,25
0.3865,0.9776192668752673,25
0.38862500000000005,0.9647118595664632,25
0.39075,0.9514533107878382,25
0.39287500000000003,0.9378698019096187,25
0.3950000000000001,0.9239877646615114,25
0.397125,0.9098337969032526,25
0.39925000000000005,0.8954345793509922,25
0.401375,0.8808167936177964,25
0.4035,0.866007041912591,25
0.40562500000000007,0.8510317687261981,25
0.40775,0.8359171848156989,25
0.40987500000000004,0.8206891937795102,25
0.4120000000000001,0.805373321495333,25
0.414125,0.7899946486717266,25
0.41625000000000006,0.7745777467416791,25
0.418375,0.7591466173033203,25
0.42050000000000004,0.7437246352890244,25
0.4226250000000001,0.7283344960198443,25
0.42475,0.71299816627753,25
0.42687500000000006,0.6977368395016521,25
0.429,0.6825708951946375,25
0.43112500000000004,0.6675198625929933,25
0.4332500000000001,0.6526023886389181,25
0.435375,0.637836210262856,25
0.43750000000000006,0.6232381309646424,25
0.439625,0.6088240016587675,25
0.44175000000000003,0.5946087057280447,25
0.4438750000000001,0.5806061482098563,25
0.446,0.5668292490200731,25
0.44812500000000005,0.5532899401019717,25
0.45025,0.5399991663709838,25
0.452375,0.5269668903109488,25
0.45450000000000007,0.5142021000638837,25
0.456625,0.5017128208429873,25
0.45875000000000005,0.489506129487871,25
0.4608750000000001,0.4775881719717312,25
0.463,0.4659641836624161,25
0.46512500000000007,0.4546385121330898,25
0.46725,0.4436146423134102,25
0.46937500000000004,0.43289522376877776,25
0.4715000000000001,0.4224820998933166,25
0.473625,0.41237633880164026,25
0.47575000000000006,0.4025782657052124,25
0.477875,0.3930874965610847,25
0.48000000000000004,0.3839029727839203,25
0.4821250000000001,0.37502299681648604,25
0.48425,0.3664452683590259,25
0.48637500000000006,0.35816692106414083,25
0.4885,0.3501845595108401,25
0.49062500000000003,0.34249429627921724,25
0.4927500000000001,0.33509178895569136,25
0.494875,0.32797227690778685,25
0.49700000000000005,0.32113061767696993,25
0.499125,0.31456132284800503,25
0.50125,0.30825859326352467,25
0.5033750000000001,0.30221635346301057,25
0.5055000000000001,0.2964282852359872,25
0.507625,0.2908878601899304,25
0.5097500000000001,0.2855883712440809,25
0.5118750000000001,0.28052296297095125,25
0.514,0.27568466071777276,25
0.516125,0.27106639845040176,25
0.5182500000000001,0.2666610452721764,25
0.520375,0.2624614305799147,25
0.5225,0.25846036782855025,25
0.5246250000000001,0.2546506768848439,25
0.52675,0.2510252049590874,25
0.528875,0.24757684611174383,25
0.5310000000000001,0.24429855933951877,25
0.5331250000000001,0.24118338525238237,25
0.53525,0.23822446135957479,25
0.5373749999999999,0.23541503598862157,25
0.5395000000000001,0.232748480866822,25
0.541625,0.23021830239959667,25
0.54375,0.22781815168445074,25
0.5458750000000001,0.2255418333031789,25
0.548,0.22338331293826574,25
0.550125,0.2213367238622787,25
0.5522500000000001,0.2193963723514101,25
0.5543750000000001,0.21755674207620312,25
0.5565,0.21581249752394216,25
0.5586250000000001,0.2141584865082069,25
0.5607500000000001,0.21258974182170526,25
0.562875,0.21110148208874302,25
0.565,0.20968911187358927,25
0.5671250000000001,0.20834822110056367,25
0.56925,0.2070745838409578,25
0.571375,0.20586415652090792,25
0.5735000000000001,0.20471307560311694,25
0.575625,0.20361765479387334,25
0.57775,0.20257438182518941,25
0.5798750000000001,0.2015799148600902,25
0.5820000000000001,0.20063107856715398,25
0.584125,0.1997248599083623,25
0.5862499999999999,0.19885840368218702,25
0.5883750000000001,0.1980290078616344,25
0.5905,0.19723411876471791,25
0.592625,0.19647132609254436,25
0.5947500000000001,0.1957383578679044,25
0.596875,0.1950330753049657,25
0.599,0.19435346763838743,25
0.6011250000000001,0.19369764693793745,25
0.6032500000000001,0.19306384293248724,25
0.605375,0.19245039786511411,25
0.6075000000000002,0.19185576139895946,25
0.6096250000000001,0.19127848559147428,25
0.61175,0.19071721995275223,25
0.613875,0.19017070660179788,25
0.6160000000000001,0.18963777553281622,25
0.618125,0.18911734000193586,25
0.62025,0.18860839204320373,25
0.6223750000000001,0.18810999812120538,25
0.6245,0.18762129492628168,25
0.626625,0.18714148531702055,25
0.6287500000000001,0.18666983441351293,25
0.6308750000000001,0.1862056658437602,25
0.633,0.18574835814461305,25
0.6351249999999999,0.18529734131770764,25
0.6372500000000001,0.1848520935400319,25
0.639375,0.18441213802801085,25
0.6415,0.18397704005333324,25
0.6436250000000001,0.1835464041081541,25
0.64575,0.18311987121679224,25
0.647875,0.1826971163905922,25
0.65,0.18200000000000002,25
0.65,0.18200000000000002,25
0.647875,0.18042323107122726,25
0.64575,0.17884654892502044,25
0.6436250000000001,0.17726998709155195,25
0.6415,0.17569360599689773,25
0.639375,0.17411746603840905,25
0.6372500000000001,0.17254162757855646,25
0.6351249999999999,0.17096615093846046,25
0.633,0.169391096391067,25
0.6308750000000001,0.16781652415392484,25
0.6287500000000001,0.16624249438151864,25
0.626625,0.16466906715710267,25
0.6245,0.16309630248397847,25
0.6223750000000001,0.16152426027614616,25
0.62025,0.15995300034826263,25
0.618125,0.15838258240482228,25
0.6160000000000001,0.1568130660284707,25
0.613875,0.15524451066735614,25
0.61175,0.1536769756214078,25
0.6096250000000001,0.1521105200274209,25
0.6075000000000002,0.1505452028428187,25
0.605375,0.14898108282794473,25
0.6032500000000001,0.14741821852672726,25
0.6011250000000001,0.1458566682455391,25
0.599,0.14429649003006326,25
0.596875,0.1427377416399542,25
0.5947500000000001,0.14118048052106266,25
0.592625,0.1396247637749761,25
0.5905,0.13807064812560052,25
0.5883750000000001,0.1365181898824818,25
0.5862499999999999,0.134967444900547,25
0.584125,0.13341846853590825,25
0.5820000000000001,0.13187131559734597,25
0.5798750000000001,0.13032604029305664,25
0.57775,0.12878269617221294,25
0.575625,0.12724133606084845,25
0.5735000000000001,0.1257020119915382,25
0.571375,0.12416477512630855,25
0.56925,0.1226296756721606,25
0.5671250000000001,0.12109676278854647,25
0.565,0.11956608448609019,25
0.562875,0.11803768751579118,25
0.5607500000000001,0.11651161724789033,25
0.5586250000000001,0.11498791753952946,25
0.5565,0.11346663059026538,25
0.5543750000000001,0.11194779678444491,25
0.5522500000000001,0.11043145451937533,25
0.550125,0.10891764001816313,25
0.548,0.10740638712601948,25
0.5458750000000001,0.10589772708875897,25
0.54375,0.10439168831214635,25
0.541625,0.1028882961006678,25
0.5395000000000001,0.1013875723742233,25
0.5373749999999999,0.09988953536116278,25
0.53525,0.09839419926600548,25
0.5331250000000001,0.09690157391009827,25
0.5310000000000001,0.09541166434339593,25
0.528875,0.09392447042545846,25
0.52675,0.0924399863736853,25
0.5246250000000001,0.09095820027672666,25
0.5225,0.08947909357093857,25
0.520375,0.08800264047767498,25
0.5182500000000001,0.08652880739913979,25
0.516125,0.08505755227046201,25
0.514,0.08358882386559637,25
0.5118750000000001,0.08212256105459986,25
0.5097500000000001,0.08065869200979509,25
0.507625,0.07919713335829308,25
0.5055000000000001,0.07773778927832826,25
0.5033750000000001,0.07628055053684084,25
0.50125,0.07482529346575109,25
0.499125,0.07337187887437825,25
0.49700000000000005,0.07192015089549181,25
0.494875,0.07046993576253432,25
0.4927500000000001,0.06902104051562115,25
0.49062500000000003,0.06757325163401409,25
0.4885,0.06612633359288066,25
0.48637500000000006,0.06468002734228508,25
0.48425,0.06323404870652538,25
0.4821250000000001,0.06178808670212123,25
0.48000000000000004,0.06034180177297985,25
0.477875,0.05889482394152347,25
0.47575000000000006,0.0574467508748472,25
0.473625,0.055997145865301634,25
0.4715000000000001,0.05454553572525421,25
0.46937500000000004,0.053091408596178544,25
0.46725,0.05163421167266469,25
0.46512500000000007,0.05017334884241538,25
0.463,0.04870817824381954,25
0.4608750000000001,0.04723800974325601,25
0.45875000000000005,0.04576210233488574,25
0.456625,0.04427966146634743,25
0.45450000000000007,0.042789836294460926,25
0.452375,0.04129171687578648,25
0.45025,0.03978433129767135,25
0.44812500000000005,0.038266642756238214,25
0.446,0.03673754658864159,25
0.4438750000000001,0.035195867267825226,25
0.44175000000000003,0.03364035536895765,25
0.439625,0.03206968451771054,25
0.43750000000000006,0.03048244833155253,25
0.435375,0.028877157366281603,25
0.4332500000000001,0.027252236081086095,25
0.43112500000000004,0.02560601983651402,25
0.429,0.023936751940842063,25
0.42687500000000006,0.022242580761446792,25
0.42475,0.020521556918907252,25
0.4226250000000001,0.018771630582686258,25
0.42050000000000004,0.016990648888344714,25
0.418375,0.015176353497340658,25
0.41625000000000006,0.013326378321527207,25
0.414125,0.011438247435496748,25
0.4120000000000001,0.009509373200909874,25
0.40987500000000004,0.0075370546278760026,25
0.40775,0.005518475999329253,25
0.40562500000000007,0.003450705785134761,25
0.4035,0.0013306958733708824,25
0.401375,-0.0008447188531507804,25
0.39925000000000005,-0.0030788205665658874,25
0.397125,-0.005375008140888621,25
0.3950000000000001,-0.007736796366990525,25
0.39287500000000003,-0.010167814706318681,25
0.39075,-0.01267180555408337,25
0.38862500000000005,-0.015252621982863146,25
0.3865,-0.017914224937961742,25
0.3843750000000001,-0.020660679856424946,25
0.38225000000000003,-0.023496152682407956,25
0.380125,-0.026424905252557,25
0.37800000000000006,-0.029451290026275265,25
0.375875,-0.0325797441371619,25
0.3737500000000001,-0.03581478274356438,25
0.37162500000000004,-0.039160991658081,25
0.3695,-0.04262301923797278,25
0.36737500000000006,-0.046205567520825455,25
0.36525,-0.0499133825924198,25
0.363125,-0.05375124417663167,25
0.36100000000000004,-0.05772395444029969,25
0.358875,-0.0618363260093429,25
0.35675000000000007,-0.06609316919599403,25
0.354625,-0.07049927844083612,25
0.3525,-0.07505941797734739,25
0.35037500000000005,-0.07977830673090738,25
0.34825,-0.08466060246864307,25
0.34612500000000007,-0.08971088522109583,25
0.34400000000000003,-0.09493364000146942,25
0.341875,-0.10033323885310697,25
0.33975000000000005,-0.10591392226088212,25
0.337625,-0.11167977996729411,25
0.3355000000000001,-0.11763473123923524,25
0.33337500000000003,-0.12378250463662593,25
0.33125,-0.13012661733931985,25
0.32912500000000006,-0.13667035409389594,25
0.327,-0.1434167458470848,25
0.3248750000000001,-0.1503685481376194,25
0.32275000000000004,-0.1575282193232322,25
0.320625,-0.16489789872424548,25
0.31850000000000006,-0.17247938476976987,25
0.316375,-0.18027411323680842,25
0.31425,-0.1882831356765856,25
0.31212500000000004,-0.1965070981261225,25
0.31,-0.20494622020640862,25
0.30787500000000007,-0.21360027471145532,25
0.30575,-0.2224685677950356,25
0.303625,-0.23154991986392337,25
0.30150000000000005,-0.24084264728799756,25
0.299375,-0.25034454503855197,25
0.29725,-0.2600528703665761,25
0.295125,-0.2699643276326157,25
0.29300000000000004,-0.2800750543990138,25
0.29087500000000005,-0.2903806088939169,25
0.28875,-0.3008759589543375,25
0.286625,-0.3115554725528025,25
0.28450000000000003,-0.3224129100086815,25
0.28237500000000004,-0.33344141798114324,25
0.28025,-0.34463352533588587,25
0.278125,-0.35598114097225997,25
0.276,-0.3674755536912375,25
0.27387500000000004,-0.37910743417780723,25
0.27175000000000005,-0.3908668391638971,25
0.269625,-0.4027432178297905,25
0.2675,-0.41472542049328953,25
0.265375,-0.4268017096265972,25
0.26325000000000004,-0.4389597732310819,25
0.261125,-0.45118674058980496,25
0.259,-0.46346920040696826,25
0.256875,-0.4757932213323405,25
0.25475000000000003,-0.48814437485728723,25
0.25262500000000004,-0.5005077605573454,25
0.2505,-0.5128680336443839,25
0.248375,-0.5252094347793679,25
0.24625000000000002,-0.5375158220846552,25
0.24412500000000004,-0.549770705282665,25
0.24200000000000005,-0.5619572818757643,25
0.239875,-0.574058475270374,25
0.23775000000000002,-0.586056974736687,25
0.23562500000000003,-0.5979352770840961,25
0.23350000000000004,-0.6096757299215153,25
0.231375,-0.6212605763613394,25
0.22925,-0.6326720010158648,25
0.22712500000000002,-0.6438921771257089,25
0.22500000000000003,-0.6549033146511251,25
0.22287500000000005,-0.6656877091492506,25
0.22075,-0.6762277912532398,25
0.218625,-0.6865061765630407,25
0.21650000000000003,-0.6965057157522839,25
0.21437500000000004,-0.7062095446914346,25
0.21225,-0.715601134384055,25
0.210125,-0.7246643405107598,25
0.20800000000000002,-0.7333834523742688,25
0.20587500000000003,-0.7417432410388721,25
0.20375000000000004,-0.749729006458658,25
0.201625,-0.75732662339101,25
0.1995,-0.7645225858951599,25
0.19737500000000002,-0.7713040502199903,25
0.19525000000000003,-0.7776588758907801,25
0.193125,-0.783575664811183,25
0.191,-0.7890437982043734,25
0.18887500000000002,-0.7940534712259595,25
0.18675000000000003,-0.7985957250908972,25
0.18462500000000004,-0.8026624765672099,25
0.1825,-0.8062465447007375,25
0.180375,-0.8093416746473824,25
0.17825000000000002,-0.811942558502277,25
0.17612500000000003,-0.8140448530289303,25
0.174,-0.815645194205611,25
0.171875,-0.8167412085209343,25
0.16975,-0.8173315209657223,25
0.16762500000000002,-0.8174157596836451,25
0.16550000000000004,-0.816994557258804,25
0.163375,-0.8160695486342011,25
0.16125,-0.814643365670874,25
0.15912500000000002,-0.8127196283732295,25
0.15700000000000003,-0.8103029328217304,25
0.15487500000000004,-0.8073988358694448,25
0.15275,-0.8040138366739988,25
0.150625,-0.8001553551510587,25
0.14850000000000002,-0.7958317074495519,25
0.14637500000000003,-0.7910520785623099,25
0.14425,-0.7858264921986178,25
0.142125,-0.7801657780572083,25
0.14,-0.774081536649461,25
0.13787500000000003,-0.7675861018329266,25
0.13575000000000004,-0.760692501224705,25
0.133625,-0.7534144146726334,25
0.1315,-0.7457661309696456,25
0.12937500000000002,-0.7377625030029968,25
0.12725000000000003,-0.7294189015353019,25
0.125125,-0.7207511678184718,25
0.123,-0.7117755652446494,25
0.12087500000000001,-0.7025087302401413,25
0.11875000000000002,-0.6929676226091069,25
0.11662500000000003,-0.6831694755334242,25
0.11449999999999999,-0.6731317454337097,25
0.112375,-0.6628720618939653,25
0.11025000000000001,-0.6524081778487687,25
0.10812500000000003,-0.6417579202273855,25
0.10600000000000004,-0.6309391412436646,25
0.103875,-0.6199696705141724,25
0.10175000000000001,-0.6088672681797578,25
0.09962500000000002,-0.5976495791976671,25
0.09750000000000003,-0.5863340889625633,25
0.09537499999999999,-0.5749380804053297,25
0.09325,-0.5634785927085127,25
0.09112500000000001,-0.5519723817666843,25
0.08900000000000002,-0.5404358825090037,25
0.08687500000000004,-0.5288851731898812,25
0.08474999999999999,-0.5173359417419695,25
0.082625,-0.5058034542738322,25
0.08050000000000002,-0.49430252578260203,25
0.07837500000000003,-0.4828474931398613,25
0.07624999999999998,-0.4714521903968857,25
0.074125,-0.4601299264433959,25
0.07200000000000001,-0.44889346504210764,25
0.06987500000000002,-0.4377550072497372,25
0.06775000000000003,-0.4267261762237638,25
0.06562499999999999,-0.41581800440322764,25
0.0635,-0.40504092304123035,25
0.06137500000000001,-0.39440475405661174,25
0.059250000000000025,-0.3839187041626074,25
0.05712499999999998,-0.37359136122112635,25
0.05499999999999999,-0.36343069276271656,25
0.052875000000000005,-0.3534440466042988,25
0.05075000000000002,-0.3436381534894129,25
0.048625,-0.3340191316690126,25
0.046500000000000014,-0.324592493334828,25
0.044375,-0.31536315281195837,25
0.04225000000000001,-0.30633543641270894,25
0.040124999999999994,-0.2975130938497072,25
0.038000000000000006,-0.28889931110306094,25
0.03587500000000002,-0.28049672463371006,25
0.03375,-0.2723074368332014,25
0.031625000000000014,-0.2643330325988314,25
0.0295,-0.2565745969224647,25
0.02737500000000001,-0.24903273338130497,25
0.025249999999999995,-0.24170758341945633,25
0.023125000000000007,-0.23459884631023564,25
0.02100000000000002,-0.22770579969083943,25
0.018875000000000003,-0.22102732056312366,25
0.016750000000000015,-0.21456190665685845,25
0.014624999999999999,-0.20830769805485444,25
0.012500000000000011,-0.20226249898278637,25
0.010374999999999995,-0.19642379967030754,25
0.008250000000000007,-0.1907887981941435,25
0.0061249999999999916,-0.18535442221820594,25
0.0040000000000000036,-0.18011735055037104,25
0.0018750000000000155,-0.17507403444035152,25
-0.0002500000000000002,-0.1702207185480458,25
-0.0023749999999999882,-0.1655534615168167,25
-0.004500000000000004,-0.16106815609130873,25
-0.006624999999999992,-0.15676054872462142,25
-0.008750000000000008,-0.15262625862487983,25
-0.010874999999999996,-0.14866079619645364,25
-0.013000000000000012,-0.14485958083624279,25
-0.015125,-0.14121795805054332,25
-0.017249999999999988,-0.13773121586300002,25
-0.019375000000000003,-0.13439460048903062,25
-0.02149999999999999,-0.13120333125683434,25
-0.023625000000000007,-0.12815261475966422,25
-0.025749999999999995,-0.1252376582284305,25
-0.02787500000000001,-0.1224536821178907,25
-0.03,-0.11979593190366154,25
-0.03212499999999999,-0.11725968909104921,25
-0.03425,-0.11484028144022308,25
-0.03637499999999999,-0.1125330924155531,25
-0.038500000000000006,-0.1103335698699823,25
-0.040624999999999994,-0.10823723397811581,25
-0.04275000000000001,-0.10623968443426768,25
-0.044875,-0.10433660693402746,25
-0.046999999999999986,-0.10252377895997844,25
-0.049125,-0.10079707489403571,25
-0.05124999999999999,-0.09915247048047066,25
-0.053375000000000006,-0.09758604666505552,25
-0.055499999999999994,-0.09609399283691122,25
-0.05762500000000001,-0.09467260950057305,25
-0.05975,-0.09331831040651573,25
-0.06187500000000001,-0.09202762416891222,25
-0.064,-0.09079719539974646,25
-0.06612499999999999,-0.0896237853885702,25
-0.06825,-0.08850427235720497,25
-0.070375,-0.08743565131854246,25
-0.07250000000000001,-0.08641503356831379,25
-0.074625,-0.08543964583828355,25
-0.07675,-0.08450682913879301,25
-0.078875,-0.08361403731794008,25
-0.081,-0.08275883536395277,25
-0.083125,-0.0819388974764984,25
-0.08525,-0.08115200493178429,25
-0.08737500000000001,-0.08039604376535822,25
-0.0895,-0.07966900229551713,25
-0.091625,-0.07896896850919156,25
-0.09375,-0.07829412733110025,25
-0.095875,-0.07764275779587118,25
-0.098,-0.07701323014171359,25
-0.100125,-0.07640400284310411,25
-0.10225000000000001,-0.07581361959882954,25
-0.10437500000000001,-0.07524070629061257,25
-0.10650000000000001,-0.07468396792644416,25
-0.108625,-0.07414218558165865,25
-0.11075,-0.0736142133497246,25
-0.112875,-0.07309897531368577,25
-0.115,-0.07259546254817964,25
-0.117125,-0.07210273016098662,25
-0.11925000000000001,-0.0716198943821254,25
-0.12137500000000001,-0.07114612970761182,25
-0.1235,-0.07068066610413896,25
-0.125625,-0.07022278628012131,25
-0.12775,-0.06977182302777153,25
-0.12987500000000002,-0.06932715664014998,25
-0.132,-0.068888212406441,25
-0.134125,-0.06845445818806992,25
-0.13625,-0.06802540207767686,25
-0.138375,-0.06760059014241057,25
-0.1405,-0.0671796042524938,25
-0.142625,-0.06676205999554377,25
-0.14475,-0.06634760467670157,25
-0.146875,-0.06593591540423618,25
-0.14900000000000002,-0.0655266972599371,25
-0.151125,-0.06511968155329527,25
-0.15325,-0.06471462415819149,25
-0.155375,-0.0643113039305653,25
-0.1575,-0.0639095212053216,25
-0.15962500000000002,-0.0635090963705463,25
-0.16175,-0.06310986851694476,25
-0.163875,-0.06271169416028435,25
-0.166,-0.06231444603451513,25
-0.16812500000000002,-0.0619180119531571,25
-0.17025,-0.061522293736478266,25
-0.172375,-0.06112720620194213,25
-0.17450000000000002,-0.060732676215375245,25
-0.176625,-0.060338641800293275,25
-0.17875000000000002,-0.0599450513028261,25
-0.180875,-0.059551862609697234,25
-0.183,-0.059159042416739305,25
-0.185125,-0.05876656554546359,25
-0.18725,-0.058374414305246855,25
-0.18937500000000002,-0.057982577898751574,25
-0.1915,-0.057591051868255194,25
-0.19362500000000002,-0.057199837580628715,25
-0.19575,-0.05680894174877468,25
-0.19787500000000002,-0.056418375987407704,25
-0.2,-0.05600000000000001,25
-0.2,-0.05600000000000001,50
-0.19787500000000002,-0.053441524744853725,50
-0.19575,-0.050883170632082024,50
-0.19362500000000002,-0.048325058743193344,50
-0.1915,-0.045767310171884026,50
-0.18937500000000002,-0.0432100459893823,50
-0.18725,-0.040653387236968874,50
-0.185125,-0.03809745491849798,50
-0.183,-0.03554236999291786,50
-0.180875,-0.03298825336679177,50
-0.17875000000000002,-0.030435225886818486,50
-0.176625,-0.027883408332353067,50
-0.17450000000000002,-0.02533292140792729,50
-0.172375,-0.022783885735769154,50
-0.17025,-0.020236421848321882,50
-0.16812500000000002,-0.017690650180760752,50
-0.166,-0.015146691063508029,50
-0.163875,-0.012604664714744473,50
-0.16175,-0.010064691232916353,50
-0.15962500000000002,-0.00752689058923655,50
-0.1575,-0.0049913826201783695,50
-0.155375,-0.0024582870199595513,50
-0.15325,7.227666698584462e-05,50
-0.151125,0.0026001890535501185,50
-0.14900000000000002,0.005125330917513465,50
-0.146875,0.00764758320912734,50
-0.14475,0.010166827058724938,50
-0.142625,0.012682943784364124,50
-0.1405,0.01519581489950899,50
-0.138375,0.01770532212075729,50
-0.13625,0.020211347375622038,50
-0.134125,0.022713772810377696,50
-0.132,0.02521248079798081,50
-0.12987500000000002,0.027707353946079358,50
-0.12775,0.030198275105124288,50
-0.125625,0.03268512737660072,50
-0.1235,0.035167794121397866,50
-0.12137500000000001,0.03764615896833983,50
-0.11925000000000001,0.04012010582290157,50
-0.117125,0.04258951887613928,50
-0.115,0.04505428261386708,50
-0.112875,0.04751428182611688,50
-0.11075,0.0499694016169226,50
-0.108625,0.05241952741447674,50
-0.10650000000000001,0.05486454498171125,50
-0.10437500000000001,0.05730434042736425,50
-0.10225000000000001,0.05973880021759917,50
-0.100125,0.062167811188253694,50
-0.098,0.06459126055780409,50
-0.095875,0.0670090359411416,50
-0.09375,0.06942102536426975,50
-0.091625,0.0718271172800439,50
-0.0895,0.07422720058509014,50
-0.08737500000000001,0.07662116463805499,50
-0.08525,0.07900889927935772,50
-0.083125,0.08139029485263438,50
-0.081,0.08376524222808662,50
-0.078875,0.08613363282797089,50
-0.07675,0.08849535865449112,50
-0.074625,0.09085031232038658,50
-0.07250000000000001,0.09319838708253836,50
-0.070375,0.09553947687895399,50
-0.06825,0.09787347636952627,50
-0.06612499999999999,0.10020028098100607,50
-0.064,0.1025197869566727,50
-0.06187500000000001,0.10483189141123679,50
-0.05975,0.10713649239156345,50
-0.05762500000000001,0.10943348894386232,50
-0.055499999999999994,0.11172278118805568,50
-0.053375000000000006,0.11400427040010279,50
-0.05124999999999999,0.11627785910313482,50
-0.049125,0.11854345116833372,50
-0.046999999999999986,0.12080095192657422,50
-0.044875,0.12305026829194297,50
-0.04275000000000001,0.1252913088983451,50
-0.040624999999999994,0.12752398425051764,50
-0.038500000000000006,0.12974820689088112,50
-0.03637499999999999,0.13196389158378286,50
-0.03425,0.1341709555188127,50
-0.03212499999999999,0.1363693185350117,50
-0.03,0.13855890336793472,50
-0.02787500000000001,0.14073963592168573,50
-0.025749999999999995,0.14291144556820118,50
-0.023625000000000007,0.14507426547622984,50
-0.02149999999999999,0.14722803297263287,50
-0.019375000000000003,0.1493726899388144,50
-0.017249999999999988,0.1515081832452857,50
-0.015125,0.15363446522756752,50
-0.013000000000000012,0.1557514942068419,50
-0.010874999999999996,0.15785923505898086,50
-0.008750000000000008,0.1599576598357962,50
-0.006624999999999992,0.16204674844258446,50
-0.004500000000000004,0.16412648937626473,50
-0.0023749999999999882,0.1661968805286442,50
-0.0002500000000000002,0.1682579300595747,50
0.0018750000000000155,0.17030965734500253,50
0.0040000000000000036,0.17235209400514034,50
0.0061249999999999916,0.17438528501822292,50
0.008250000000000007,0.17640928992552884,50
0.010374999999999995,0.1784241841335652,50
0.012500000000000011,0.18043006031951872,50
0.014624999999999999,0.18242702994626367,50
0.016750000000000015,0.18441522489339646,50
0.018875000000000003,0.18639479921091529,50
0.02100000000000002,0.1883659310023002,50
0.023125000000000007,0.19032882444384752,50
0.025249999999999995,0.19228371194718835,50
0.02737500000000001,0.19423085647195434,50
0.0295,0.1961705539955525,50
0.031625000000000014,0.19810313614695835,50
0.03375,0.20002897301133896,50
0.03587500000000002,0.20194847611215974,50
0.038000000000000006,0.20386210157721385,50
0.040124999999999994,0.2057703534947256,50
0.04225000000000001,0.2076737874653274,50
0.044375,0.20957301435526943,50
0.046500000000000014,0.2114687042557063,50
0.048625,0.21336159065229132,50
0.05075000000000002,0.21525247480860626,50
0.052875000000000005,0.21714223036614475,50
0.05499999999999999,0.21903180816265264,50
0.05712499999999998,0.22092224126960297,50
0.059250000000000025,0.22281465024843483,50
0.06137500000000001,0.22471024862391972,50
0.0635,0.2266103485716267,50
0.06562499999999999,0.22851636681493048,50
0.06775000000000003,0.23042983072535295,50
0.06987500000000002,0.23235238461823773,50
0.07200000000000001,0.23428579623382925,50
0.074125,0.23623196339176405,50
0.07624999999999998,0.2381929208047851,50
0.07837500000000003,0.24017084703515545,50
0.08050000000000002,0.2421680715747848,50
0.082625,0.24418708202749545,50
0.08474999999999999,0.24623053136914205,50
0.08687500000000004,0.24830124525848168,50
0.08900000000000002,0.2504022293687645,50
0.09112500000000001,0.25253667670700025,50
0.09325,0.25470797488475894,50
0.09537499999999999,0.25691971330120383,50
0.09750000000000003,0.25917569019584735,50
0.09962500000000002,0.26147991952527866,50
0.10175000000000001,0.26383663761486703,50
0.103875,0.2662503095332064,50
0.10600000000000004,0.2687256351338708,50
0.10812500000000003,0.27126755470591374,50
0.11025000000000001,0.2738812541715036,50
0.112375,0.2765721697661629,50
0.11449999999999999,0.27934599213431277,50
0.11662500000000003,0.28220866977024145,50
0.11875000000000002,0.2851664117322521,50
0.12087500000000001,0.2882256895556446,50
0.123,0.2913932382883686,50
0.125125,0.2946760565717114,50
0.12725000000000003,0.29808140568726693,50
0.12937500000000002,0.3016168074907319,50
0.1315,0.30529004115281705,50
0.133625,0.3091091386277851,50
0.13575000000000004,0.3130823787708761,50
0.13787500000000003,0.3172182800271804,50
0.14,0.32152559161642014,50
0.142125,0.3260132831406085,50
0.14425,0.3306905325447366,50
0.14637500000000003,0.3355667123644822,50
0.14850000000000002,0.34065137419949293,50
0.150625,0.3459542313560779,50
0.15275,0.3514851396091574,50
0.15487500000000004,0.3572540760400935,50
0.15700000000000003,0.3632711159145523,50
0.15912500000000002,0.3695464075728307,50
0.16125,0.3760901453141197,50
0.163375,0.38291254026594934,50
0.16550000000000004,0.3900237892405623,50
0.16762500000000002,0.3974340415911502,50
0.16975,0.4051533640927542,50
0.171875,0.4131917038850975,50
0.174,0.42155884952768924,50
0.17612500000000003,0.4302643902311027,50
0.17825000000000002,0.4393176733423775,50
0.180375,0.44872776017691196,50
0.1825,0.45850338030394644,50
0.18462500000000004,0.4686528844076985,50
0.18675000000000003,0.47918419586130306,50
0.18887500000000002,0.49010476116583834,50
0.191,0.501421499421771,50
0.193125,0.5131407510150399,50
0.19525000000000003,0.5252682257145751,50
0.19737500000000002,0.5378089503922183,50
0.1995,0.5507672165896521,50
0.201625,0.5641465281698999,50
0.20375000000000004,0.5779495493031582,50
0.20587500000000003,0.5921780530479749,50
0.20800000000000002,0.6068328707990196,50
0.210125,0.6219138428817351,50
0.21225,0.6374197705819256,50
0.21437500000000004,0.6533483699046867,50
0.21650000000000003,0.6696962273619017,50
0.218625,0.6864587580907278,50
0.22075,0.7036301666069394,50
0.22287500000000005,0.7212034104966488,50
0.22500000000000003,0.7391701673476332,50
0.22712500000000002,0.757520805217264,50
0.22925,0.7762443569277397,50
0.231375,0.7953284984709698,50
0.23350000000000004,0.8147595317949832,50
0.23562500000000003,0.8345223722311355,50
0.23775000000000002,0.8546005408066785,50
0.239875,0.8749761616704044,50
0.24200000000000005,0.8956299648402042,50
0.24412500000000004,0.9165412944604188,50
0.24625000000000002,0.9376881227340159,50
0.248375,0.9590470696698438,50
0.2505,0.980593428758732,50
0.25262500000000004,1.002301198664034,50
0.25475000000000003,1.024143120982564,50
0.256875,1.0460907241008812,50
0.259,1.0681143731396785,50
0.261125,1.0901833259458849,50
0.26325000000000004,1.11226579505811,50
0.265375,1.1343290155365324,50
0.2675,1.1563393185134223,50
0.269625,1.1782622102854698,50
0.27175000000000005,1.2000624567341718,50
0.27387500000000004,1.2217041728259876,50
0.276,1.243150916910017,50
0.278125,1.2643657894978826,50
0.28025,1.2853115361785097,50
0.28237500000000004,1.3059506542899044,50
0.28450000000000003,1.326245502941007,50
0.286625,1.3461584159495446,50
0.28875,1.3656518172367103,50
0.29087500000000005,1.3846883381966963,50
0.29300000000000004,1.403230936538814,50
0.295125,1.4212430160823049,50
0.29725,1.4386885469692046,50
0.299375,1.4555321857488712,50
0.30150000000000005,1.47173939477921,50
0.303625,1.4872765603842952,50
0.30575,1.5021111092061226,50
0.30787500000000007,1.5162116221896609,50
0.31,1.5295479456452878,50
0.31212500000000004,1.5420912988410695,50
0.31425,1.5538143775891604,50
0.316375,1.5646914533058973,50
0.31850000000000006,1.5746984670437298,50
0.320625,1.583813118015047,50
0.32275000000000004,1.5920149461529636,50
0.3248750000000001,1.5992854082821557,50
0.327,1.6056079475037233,50
0.32912500000000006,1.6109680554315335,50
0.33125,1.6153533269534783,50
0.33337500000000003,1.6187535072291988,50
0.3355000000000001,1.6211605306759513,50
0.337625,1.6225685517360589,50
0.33975000000000005,1.622973967262599,50
0.341875,1.622375430404277,50
0.34400000000000003,1.6207738559155607,50
0.34612500000000007,1.61817241686378,50
0.34825,1.6145765327507096,50
0.35037500000000005,1.6099938491118633,50
0.3525,1.6044342087019927,50
0.354625,1.5979096144198035,50
0.35675000000000007,1.5904341841684002,50
0.358875,1.5820240978900957,50
0.36100000000000004,1.5726975370547542,50
0.363125,1.5624746169194699,50
0.36525,1.5513773119138492,50
0.36737500000000006,1.539429374539298,50
0.3695,1.5266562482021886,50
0.37162500000000004,1.5130849744295118,50
0.3737500000000001,1.4987440949413744,50
0.375875,1.4836635490772923,50
0.37800000000000006,1.4678745670926727,50
0.380125,1.4514095598579018,50
0.38225000000000003,1.4343020055050932,50
0.3843750000000001,1.4165863335767896,50
0.3865,1.3982978072365677,50
0.38862500000000005,1.3794724041038064,50
0.39075,1.3601466962736868,50
0.39287500000000003,1.3403577300789253,50
0.3950000000000001,1.3201429061419605,50
0.397125,1.2995398602552541,50
0.39925000000000005,1.2785863456133373,50
0.401375,1.2573201169032824,50
0.4035,1.2357788167405543,50
0.40562500000000007,1.213999864915019,50
0.40775,1.1920203508872667,50
0.40987500000000004,1.1698769299487377,50
0.4120000000000001,1.1476057234305548,50
0.414125,1.1252422233156658,50
0.41625000000000006,1.102821201577277,50
0.418375,1.0803766245336832,50
0.42050000000000004,1.0579415724758305,50
0.4226250000000001,1.0355481647895493,50
0.42475,1.0132274907594987,50
0.42687500000000006,0.991009546206879,50
0.429,0.968923176078015,50
0.43112500000000004,0.9469960230662289,50
0.4332500000000001,0.9252544823153672,50
0.435375,0.9037236622199096,50
0.43750000000000006,0.8824273513041891,50
0.439625,0.8613879911319766,50
0.44175000000000003,0.8406266551676338,50
0.4438750000000001,0.8201630334816026,50
0.446,0.8000154231660134,50
0.44812500000000005,0.7802007243010705,50
0.45025,0.760734441289537,50
0.452375,0.7416306893552193,50
0.45450000000000007,0.7229022059820146,50
0.456625,0.704560367052714,50
0.45875000000000005,0.6866152074315691,50
0.4608750000000001,0.6690754457215278,50
0.463,0.6519485129160503,50
0.46512500000000007,0.6352405846565904,50
0.46725,0.6189566168000517,50
0.46937500000000004,0.6031003839957797,50
0.4715000000000001,0.5876745209689694,50
0.473625,0.5726805662065061,50
0.47575000000000006,0.5581190077423299,50
0.477875,0.5439893307422032,50
0.48000000000000004,0.5302900665921803,50
0.4821250000000001,0.5170188432011242,50
0.48425,0.504172436235014,50
0.48637500000000006,0.4917468210095648,50
0.4885,0.47973722477764846,50
0.49062500000000003,0.4681381791590069,50
0.4927500000000001,0.456943572471762,50
0.494875,0.44614670173799253,50
0.49700000000000005,0.43574032414915376,50
0.499125,0.425716707791173,50
0.50125,0.4160676814435301,50
0.5033750000000001,0.4067846832814786,50
0.5055000000000001,0.3978588083255662,50
0.507625,0.38928085449774275,50
0.5097500000000001,0.3810413671584584,50
0.5118750000000001,0.373130682014148,50
0.514,0.3655389662992783,50
0.516125,0.35825625815167317,50
0.5182500000000001,0.35127250411392796,50
0.520375,0.3445775947074406,50
0.5225,0.33816139803875167,50
0.5246250000000001,0.33201379141052967,50
0.52675,0.32612469092152385,50
0.528875,0.32048407905116566,50
0.5310000000000001,0.31508203023517534,50
0.5331250000000001,0.3099087344484636,50
0.53525,0.30495451882083113,50
0.5373749999999999,0.3002098673194459,50
0.5395000000000001,0.29566543853976324,50
0.541625,0.29131208165352074,50
0.54375,0.2871408505686154,50
0.5458750000000001,0.28314301636114764,50
0.548,0.2793100780446204,50
0.550125,0.2756337717453004,50
0.5522500000000001,0.2721060783560922,50
0.5543750000000001,0.26871922974392476,50
0.5565,0.26546571358769777,50
0.5586250000000001,0.2623382769252778,50
0.5607500000000001,0.25932992848890046,50
0.562875,0.25643393990868324,50
0.565,0.2536438458638098,50
0.5671250000000001,0.25095344326033603,50
0.56925,0.24835678951356044,50
0.571375,0.2458482000114884,50
0.5735000000000001,0.24342224483420388,50
0.575625,0.24107374480190338,50
0.57775,0.2387977669220534,50
0.5798750000000001,0.2365896193035971,50
0.5820000000000001,0.23444484560340872,50
0.584125,0.23235921906730025,50
0.5862499999999999,0.2303287362248776,50
0.5883750000000001,0.22834961029441786,50
0.5905,0.22641826435076062,50
0.592625,0.22453132430597222,50
0.5947500000000001,0.22268561174929805,50
0.596875,0.22087813668967635,50
0.599,0.2191060902408597,50
0.6011250000000001,0.21736683728603268,50
0.6032500000000001,0.21565790915568725,50
0.605375,0.21397699634948722,50
0.6075000000000002,0.21232194132990992,50
0.6096250000000001,0.21069073141259909,50
0.61175,0.20908149177563226,50
0.613875,0.20749247860728712,50
0.6160000000000001,0.20592207240939872,50
0.618125,0.20436877147103363,50
0.62025,0.2028311855249783,50
0.6223750000000001,0.201308029597444,50
0.6245,0.19979811805943165,50
0.626625,0.1983003588863717,50
0.6287500000000001,0.1968137481309768,50
0.6308750000000001,0.19533736461268086,50
0.633,0.19387036482561676,50
0.6351249999999999,0.1924119780657929,50
0.6372500000000001,0.19096150177694787,50
0.639375,0.18951829711351295,50
0.6415,0.1880817847181684,50
0.6436250000000001,0.18665144071064793,50
0.64575,0.18522679288371868,50
0.647875,0.1838074171016242,50
0.65,0.18200000000000002,50
0.65,0.18200000000000002,50
0.647875,0.1794414804879289,50
0.64575,0.176883119179112,50
0.6436250000000001,0.1743249989643579,50
0.6415,0.17176724076665065,50
0.639375,0.16920996546178735,50
0.6372500000000001,0.1666532938674847,50
0.6351249999999999,0.16409734673204343,50
0.633,0.16154224472251044,50
0.6308750000000001,0.15898810841227923,50
0.6287500000000001,0.156435058268063,50
0.626625,0.15388321463616197,50
0.6245,0.1513326977279465,50
0.6223750000000001,0.14878362760445485,50
0.62025,0.1462361241600127,50
0.618125,0.14369030710475503,50
0.6160000000000001,0.14114629594592265,50
0.613875,0.13860420996780093,50
0.61175,0.13606416821014206,50
0.6096250000000001,0.13352628944490247,50
0.6075000000000002,0.1309906921511109,50
0.605375,0.1284574944876612,50
0.6032500000000001,0.1259268142638046,50
0.6011250000000001,0.12339876890709342,50
0.599,0.12087347542850675,50
0.596875,0.11835105038446236,50
0.5947500000000001,0.11583160983538505,50
0.592625,0.11331526930048272,50
0.5905,0.11080214370834177,50
0.5883750000000001,0.10829234734291387,50
0.5862499999999999,0.105785993784445,50
0.584125,0.10328319584483855,50
0.5820000000000001,0.10078406549691257,50
0.5798750000000001,0.09828871379696423,50
0.57775,0.09579725080000134,50
0.575625,0.09330978546695273,50
0.5735000000000001,0.09082642556310834,50
0.571375,0.08834727754698905,50
0.56925,0.08587244644877488,50
0.5671250000000001,0.08340203573735804,50
0.565,0.08093614717501817,50
0.562875,0.07847488065864405,50
0.5607500000000001,0.07601833404634005,50
0.5586250000000001,0.07356660296819022,50
0.5565,0.07111978061985105,50
0.5543750000000001,0.06867795753756888,50
0.5522500000000001,0.0662412213531143,50
0.550125,0.06380965652704028,50
0.548,0.06138334405856459,50
0.5458750000000001,0.05896236117027591,50
0.54375,0.05654678096576071,50
0.541625,0.054136672058139115,50
0.5395000000000001,0.051732098167382154,50
0.5373749999999999,0.04933311768418079,50
0.53525,0.04693978319801913,50
0.5331250000000001,0.04455214098698293,50
0.5310000000000001,0.04217023046673679,50
0.528875,0.039794083595973556,50
0.52675,0.03742372423553775,50
0.5246250000000001,0.035059167458308796,50
0.5225,0.032700418806827794,50
0.520375,0.030347473495547242,50
0.5182500000000001,0.028000315554482985,50
0.516125,0.02565891691096442,50
0.514,0.023323236406091755,50
0.5118750000000001,0.020993218742436703,50
0.5097500000000001,0.01866879335946603,50
0.507625,0.01634987323311457,50
0.5055000000000001,0.014036353595904966,50
0.5033750000000001,0.011728110573986816,50
0.50125,0.009424999737482398,50
0.499125,0.007126854560535328,50
0.49700000000000005,0.004833484787510556,50
0.494875,0.002544674701864841,50
0.4927500000000001,0.00026018129430213643,50
0.49062500000000003,-0.002020267673044085,50
0.4885,-0.004296975709494666,50
0.48637500000000006,-0.006570279748680852,50
0.48425,-0.008840552414037972,50
0.4821250000000001,-0.01110820439933502,50
0.48000000000000004,-0.013373686966321963,50
0.477875,-0.01563749456121577,50
0.47575000000000006,-0.017900167551341745,50
0.473625,-0.020162295082786053,50
0.4715000000000001,-0.022424518059407733,50
0.46937500000000004,-0.02468753224299919,50
0.46725,-0.026952091473755935,50
0.46512500000000007,-0.029219011009549656,50
0.463,-0.03148917098175405,50
0.4608750000000001,-0.03376351996457849,50
0.45875000000000005,-0.036043078654008714,50
0.456625,-0.038328943651524755,50
0.45450000000000007,-0.04062229134679213,50
0.452375,-0.04292438189246925,50
0.45025,-0.0452365632631673,50
0.44812500000000005,-0.047560275389434525,50
0.446,-0.049897054356403514,50
0.4438750000000001,-0.052248536655458866,50
0.44175000000000003,-0.05461646347594623,50
0.439625,-0.057002685022547545,50
0.43750000000000006,-0.059409164842522316,50
0.435375,-0.061837984145528324,50
0.4332500000000001,-0.06429134609722684,50
0.43112500000000004,-0.06677158006633654,50
0.429,-0.06928114580322722,50
0.42687500000000006,-0.07182263752657465,50
0.42475,-0.07439878789300299,50
0.4226250000000001,-0.07701247182306027,50
0.42050000000000004,-0.07966671015530853,50
0.418375,-0.08236467309875502,50
0.41625000000000006,-0.08510968345235177,50
0.414125,-0.08790521955882742,50
0.4120000000000001,-0.09075491795871428,50
0.40987500000000004,-0.09366257570912064,50
0.40775,-0.09663215233055873,50
0.40562500000000007,-0.09966777134401812,50
0.4035,-0.10277372135947209,50
0.401375,-0.10595445667613,50
0.39925000000000005,-0.1092145973540441,50
0.397125,-0.11255892871612946,50
0.3950000000000001,-0.115992400239297,50
0.39287500000000003,-0.11952012379325175,50
0.39075,-0.12314737118556265,50
0.38862500000000005,-0.1268795709719173,50
0.3865,-0.13072230449102296,50
0.3843750000000001,-0.1346813010844256,50
0.38225000000000003,-0.13876243246262548,50
0.380125,-0.14297170618024396,50
0.37800000000000006,-0.1473152581847028,50
0.375875,-0.15179934440488285,50
0.3737500000000001,-0.15643033134856432,50
0.37162500000000004,-0.16121468568013497,50
0.3695,-0.16615896275305103,50
0.36737500000000006,-0.17126979407490633,50
0.36525,-0.17655387368666509,50
0.363125,-0.18201794344166383,50
0.36100000000000004,-0.18766877717439528,50
0.358875,-0.1935131637538156,50
0.35675000000000007,-0.19955788902098698,50
0.354625,-0.20580971661626773,50
0.3525,-0.21227536770694938,50
0.35037500000000005,-0.2189614996322424,50
0.34825,-0.22587468348877474,50
0.34612500000000007,-0.23302138068627415,50
0.34400000000000003,-0.24040791850986482,50
0.341875,-0.24804046473232078,50
0.33975000000000005,-0.25592500132674245,50
0.337625,-0.26406729733734235,50
0.3355000000000001,-0.2724728809733481,50
0.33337500000000003,-0.28114701099842454,50
0.33125,-0.2900946474953793,50
0.32912500000000006,-0.29932042209329185,50
0.327,-0.30882860775146076,50
0.3248750000000001,-0.31862308820169527,50
0.32275000000000004,-0.3287073271574526,50
0.320625,-0.33908433740500504,50
0.31850000000000006,-0.3497566498982785,50
0.316375,-0.3607262829850641,50
0.31425,-0.3719947118979895,50
0.31212500000000004,-0.38356283864887253,50
0.31,-0.39543096246978965,50
0.30787500000000007,-0.40759875094833864,50
0.30575,-0.42006521200814256,50
0.303625,-0.4328286668884764,50
0.30150000000000005,-0.4458867242791008,50
0.299375,-0.4592362557677597,50
0.29725,-0.4728733727584017,50
0.295125,-0.4867934050179654,50
0.29300000000000004,-0.5009908810084248,50
0.29087500000000005,-0.5154595101587849,50
0.28875,-0.5301921672287634,50
0.286625,-0.5451808789119852,50
0.28450000000000003,-0.5604168128216547,50
0.28237500000000004,-0.5758902689958176,50
0.28025,-0.5915906740525194,50
0.278125,-0.6075065781173626,50
0.276,-0.623625654637239,50
0.27387500000000004,-0.6399347031842947,50
0.27175000000000005,-0.656419655343611,50
0.269625,-0.6730655837665749,50
0.2675,-0.6898567144595965,50
0.265375,-0.7067764423647007,50
0.26325000000000004,-0.7238073502746525,50
0.261125,-0.7409312311107272,50
0.259,-0.7581291135760814,50
0.256875,-0.7753812911819737,50
0.25475000000000003,-0.7926673546279251,50
0.25262500000000004,-0.8099662275003745,50
0.2505,-0.8272562052375676,50
0.248375,-0.8445149972914033,50
0.24625000000000002,-0.8617197723998733,50
0.24412500000000004,-0.8788472068666249,50
0.24200000000000005,-0.8958735357272309,50
0.239875,-0.9127746066649788,50
0.23775000000000002,-0.9295259365225909,50
0.23562500000000003,-0.9461027702403103,50
0.23350000000000004,-0.9624801420353464,50
0.231375,-0.9786329386229121,50
0.22925,-0.9945359642650669,50
0.22712500000000002,-1.0101640074204232,50
0.22500000000000003,-1.0254919087555836,50
0.22287500000000005,-1.0404946302680291,50
0.22075,-1.0551473252601924,50
0.218625,-1.0694254088956592,50
0.21650000000000003,-1.083304629060987,50
0.21437500000000004,-1.0967611372505024,50
0.21225,-1.1097715591867798,50
0.210125,-1.122313064886299,50
0.20800000000000002,-1.1343634378781067,50
0.20587500000000003,-1.1459011432831911,50
0.20375000000000004,-1.15690539446373,50
0.201625,-1.1673562179544374,50
0.1995,-1.1772345163928555,50
0.19737500000000002,-1.186522129171688,50
0.19525000000000003,-1.1952018905440343,50
0.193125,-1.2032576849217236,50
0.191,-1.2106744991177536,50
0.18887500000000002,-1.217438471296092,50
0.18675000000000003,-1.2235369364057294,50
0.18462500000000004,-1.2289584678908128,50
0.1825,-1.233692915484851,50
0.180375,-1.2377314389142808,50
0.17825000000000002,-1.2410665373550271,50
0.17612500000000003,-1.2436920745049487,50
0.174,-1.2456032991551647,50
0.171875,-1.2467968611640416,50
0.16975,-1.2472708227589884,50
0.16762500000000002,-1.2470246651130388,50
0.16550000000000004,-1.2460592901653322,50
0.163375,-1.244377017676935,50
0.16125,-1.2419815775358238,50
0.15912500000000002,-1.2388780973471496,50
0.15700000000000003,-1.2350730853669756,50
0.15487500000000004,-1.2305744088594124,50
0.15275,-1.2253912679783174,50
0.150625,-1.2195341652953657,50
0.14850000000000002,-1.2130148711162054,50
0.14637500000000003,-1.205846384745471,50
0.14425,-1.198042891879534,50
0.142125,-1.1896197183229062,50
0.14,-1.180593280240098,50
0.13787500000000003,-1.1709810311693665,50
0.13575000000000004,-1.160801406038111,50
0.133625,-1.1500737624315802,50
0.1315,-1.1388183193770296,50
0.12937500000000002,-1.127056093914432,50
0.12725000000000003,-1.11480883573226,50
0.125125,-1.1020989601527245,50
0.123,-1.0889494797551058,50
0.12087500000000001,-1.0753839349285057,50
0.11875000000000002,-1.0614263236464196,50
0.11662500000000003,-1.0471010307550572,50
0.11449999999999999,-1.0324327570652863,50
0.112375,-1.017446448534544,50
0.11025000000000001,-1.0021672258200252,50
0.10812500000000003,-0.9866203144780381,50
0.10600000000000004,-0.9708309760766228,50
0.103875,-0.954824440479459,50
0.10175000000000001,-0.9386258395488213,50
0.09962500000000002,-0.9222601425039313,50
0.09750000000000003,-0.9057520931586447,50
0.09537499999999999,-0.8891261492490274,50
0.09325,-0.8724064240471898,50
0.09112500000000001,-0.8556166304427923,50
0.08900000000000002,-0.8387800276580872,50
0.08687500000000004,-0.8219193707462576,50
0.08474999999999999,-0.8050568630063156,50
0.082625,-0.7882141114310154,50
0.08050000000000002,-0.7714120852872219,50
0.07837500000000003,-0.7546710779110841,50
0.07624999999999998,-0.7380106717832692,50
0.074125,-0.7214497069325455,50
0.07200000000000001,-0.7050062526992356,50
0.06987500000000002,-0.6886975828736138,50
0.06775000000000003,-0.6725401542082584,50
0.06562499999999999,-0.6565495882877819,50
0.0635,-0.6407406567243574,50
0.06137500000000001,-0.6251272696330408,50
0.059250000000000025,-0.609722467327216,50
0.05712499999999998,-0.5945384151615274,50
0.05499999999999999,-0.5795864014375447,50
0.052875000000000005,-0.564876838276104,50
0.05075000000000002,-0.5504192653499017,50
0.048625,-0.5362223563604234,50
0.046500000000000014,-0.5222939281347847,50
0.044375,-0.5086409522104869,50
0.04225000000000001,-0.4952695687695119,50
0.040124999999999994,-0.4821851027775586,50
0.038000000000000006,-0.4693920821795906,50
0.03587500000000002,-0.4568942579991759,50
0.03375,-0.4446946261863801,50
0.031625000000000014,-0.4327954510571569,50
0.0295,-0.42119829016627836,50
0.02737500000000001,-0.4099040204558068,50
0.025249999999999995,-0.3989128655219,50
0.023125000000000007,-0.38822442384432976,50
0.02100000000000002,-0.37783769782542065,50
0.018875000000000003,-0.36775112348815797,50
0.016750000000000015,-0.35796260068690117,50
0.014624999999999999,-0.34846952368842626,50
0.012500000000000011,-0.3392688119858735,50
0.010374999999999995,-0.3303569412135028,50
0.008250000000000007,-0.32172997403595166,50
0.0061249999999999916,-0.3133835908918461,50
0.0040000000000000036,-0.3053131204781234,50
0.0018750000000000155,-0.29751356986819394,50
-0.0002500000000000002,-0.2899796541640761,50
-0.0023749999999999882,-0.2827058255898047,50
-0.004500000000000004,-0.2756863019407085,50
-0.006624999999999992,-0.26891509431051647,50
-0.008750000000000008,-0.2623860340256401,50
-0.010874999999999996,-0.25609279872334884,50
-0.013000000000000012,-0.2500289375178599,50
-0.015125,-0.244187895205573,50
-0.017249999999999988,-0.23856303546773844,50
-0.019375000000000003,-0.2331476630357493,50
-0.02149999999999999,-0.22793504479093132,50
-0.023625000000000007,-0.2229184297771657,50
-0.025749999999999995,-0.21809106811088197,50
-0.02787500000000001,-0.21344622877888472,50
-0.03,-0.2089772163201028,50
-0.03212499999999999,-0.20467738639267186,50
-0.03425,-0.20054016023274784,50
-0.03637499999999999,-0.19655903801611316,50
-0.038500000000000006,-0.19272761113794865,50
-0.040624999999999994,-0.1890395734301202,50
-0.04275000000000001,-0.18548873133894947,50
-0.044875,-0.18206901308971846,50
-0.046999999999999986,-0.17877447686708647,50
-0.049125,-0.17559931804319442,50
-0.05124999999999999,-0.17253787548749144,50
-0.053375000000000006,-0.16958463699425325,50
-0.055499999999999994,-0.1667342438653858,50
-0.05762500000000001,-0.16398149468742676,50
-0.05975,-0.16132134834268372,50
-0.06187500000000001,-0.15874892629520293,50
-0.064,-0.15625951419275014,50
-0.06612499999999999,-0.1538485628262273,50
-0.06825,-0.1515116884879617,50
-0.070375,-0.14924467277009829,50
-0.07250000000000001,-0.14704346184392272,50
-0.074625,-0.1449041652603592,50
-0.07675,-0.14282305431113343,50
-0.078875,-0.1407965599891918,50
-0.081,-0.13882127058593374,50
-0.083125,-0.13689392896166194,50
-0.08525,-0.1350114295244028,50
-0.08737500000000001,-0.13317081495090746,50
-0.0895,-0.13136927268223228,50
-0.091625,-0.12960413122482317,50
-0.09375,-0.12787285628651207,50
-0.095875,-0.12617304677528066,50
-0.098,-0.12450243068707349,50
-0.100125,-0.12285886090735751,50
-0.10225000000000001,-0.12124031094953992,50
-0.10437500000000001,-0.11964487065177783,50
-0.10650000000000001,-0.11807074185215335,50
-0.108625,-0.1165162340606507,50
-0.11075,-0.11497976014486719,50
-0.112875,-0.11345983204492235,50
-0.115,-0.1119550565316043,50
-0.117125,-0.11046413102041554,50
-0.11925000000000001,-0.10898583945285371,50
-0.12137500000000001,-0.10751904825499276,50
-0.1235,-0.10606270238221478,50
-0.125625,-0.10461582145778955,50
-0.12775,-0.10317749601190457,50
-0.12987500000000002,-0.1017468838267178,50
-0.132,-0.10032320639203492,50
-0.134125,-0.09890574547530825,50
-0.13625,-0.09749383980880841,50
-0.138375,-0.09608688189603823,50
-0.1405,-0.09468431493873475,50
-0.142625,-0.09328562988514323,50
-0.14475,-0.09189036259963923,50
-0.146875,-0.09049809115322653,50
-0.14900000000000002,-0.08910843323394069,50
-0.151125,-0.08772104367574335,50
-0.15325,-0.08633561210409671,50
-0.155375,-0.08495186069605826,50
-0.1575,-0.08356954205243167,50
-0.15962500000000002,-0.08218843717924601,50
-0.16175,-0.08080835357561347,50
-0.163875,-0.0794291234248276,50
-0.166,-0.07805060188541299,50
-0.16812500000000002,-0.07667266547871626,50
-0.17025,-0.07529521056953668,50
-0.172375,-0.07391815193623132,50
-0.17450000000000002,-0.07254142142668926,50
-0.176625,-0.07116496669655267,50
-0.17875000000000002,-0.06978875002606455,50
-0.180875,-0.0684127472119456,50
-0.183,-0.06703694653073791,50
-0.185125,-0.06566134777010631,50
-0.18725,-0.06428596132465086,50
-0.18937500000000002,-0.06291080735285975,50
-0.1915,-0.06153591499191523,50
-0.19362500000000002,-0.06016132162715703,50
-0.19575,-0.058787072213106806,50
-0.19787500000000002,-0.057413218643059316,50
-0.2,-0.05600000000000001,50
-0.2,-0.05600000000000001,100
-0.19787500000000002,-0.05147804950901992,100
-0.19575,-0.046956341287573714,100
-0.19362500000000002,-0.04243511751474116,100
-0.1915,-0.0379146203780857,100
-0.18937500000000002,-0.033395092020267886,100
-0.18725,-0.028876774524093044,100
-0.185125,-0.024359909897560764,100
-0.183,-0.019844740058914796,100
-0.180875,-0.015331506821695526,100
-0.17875000000000002,-0.010820451879793358,100
-0.176625,-0.006311816792504858,100
-0.17450000000000002,-0.0018058429695907915,100
-0.172375,0.0026972283436646274,100
-0.17025,0.007197156081391917,100
-0.16812500000000002,0.011693699372074637,100
-0.166,0.0161866175534867,100
-0.163875,0.020675670187630828,100
-0.16175,0.0251606170756793,100
-0.15962500000000002,0.029641218272918747,100
-0.1575,0.03411723410370076,100
-0.155375,0.03858842517640133,100
-0.15325,0.04305455239839258,100
-0.151125,0.047515376991029465,100
-0.14900000000000002,0.051970660504657706,100
-0.146875,0.05642016483364656,100
-0.14475,0.06086365223145374,100
-0.142625,0.06530088532572989,100
-0.1405,0.06973162713347097,100
-0.138375,0.07415564107622849,100
-0.13625,0.07857269099538898,100
-0.134125,0.08298254116753775,100
-0.132,0.0873849563199196,100
-0.12987500000000002,0.0917797016460174,100
-0.12775,0.09616654282126672,100
-0.125625,0.1005452460189311,100
-0.1235,0.10491557792616485,100
-0.12137500000000001,0.10927730576029415,100
-0.11925000000000001,0.11363019728535079,100
-0.117125,0.11797402082889936,100
-0.115,0.12230854529920329,100
-0.112875,0.1266335402027807,100
-0.11075,0.13094877566240926,100
-0.108625,0.13525402243564652,100
-0.10650000000000001,0.13954905193393943,100
-0.10437500000000001,0.14383363624241025,100
-0.10225000000000001,0.1481075481404117,100
-0.100125,0.15237056112296168,100
-0.098,0.15662244942317752,100
-0.095875,0.1608629880358464,100
-0.09375,0.1650919527422863,100
-0.091625,0.16930912013666743,100
-0.0895,0.1735142676539893,100
-0.08737500000000001,0.17770717359992633,100
-0.08525,0.18188761718278518,100
-0.083125,0.1860553785478407,100
-0.081,0.1902102388143522,100
-0.078875,0.19435198011559202,100
-0.07675,0.198480385642259,100
-0.074625,0.20259523968968896,100
-0.07250000000000001,0.2066963277093189,100
-0.070375,0.2107834363649141,100
-0.06825,0.2148563535941167,100
-0.06612499999999999,0.21891486867593862,100
-0.064,0.22295877230488192,100
-0.06187500000000001,0.22698785667244276,100
-0.05975,0.2310019155568303,100
-0.05762500000000001,0.23500074442181473,100
-0.055499999999999994,0.2389841405257095,100
-0.053375000000000006,0.24295190304158862,100
-0.05124999999999999,0.24690383318994666,100
-0.049125,0.2508397343851211,100
-0.046999999999999986,0.25475941239691857,100
-0.044875,0.25866267552901984,100
-0.04275000000000001,0.262549334815875,100
-0.040624999999999994,0.2664192042399545,100
-0.038500000000000006,0.2702721009713806,100
-0.03637499999999999,0.27410784563213453,100
-0.03425,0.27792626258721836,100
-0.03212499999999999,0.2817271802653434,100
-0.03,0.28551043151192024,100
-0.02787500000000001,0.2892758539773455,100
-0.025749999999999995,0.2930232905438028,100
-0.023625000000000007,0.2967525897940414,100
-0.02149999999999999,0.3004636065258415,100
-0.019375000000000003,0.3041562023161414,100
-0.017249999999999988,0.3078302461390722,100
-0.015125,0.31148561504243344,100
-0.013000000000000012,0.3151221948874319,100
-0.010874999999999996,0.3187398811568141,100
-0.008750000000000008,0.3223385798368303,100
-0.006624999999999992,0.3259182083787873,100
-0.004500000000000004,0.32947869674627384,100
-0.0023749999999999882,0.3330199885544645,100
-0.0002500000000000002,0.33654204230824514,100
0.0018750000000000155,0.3400448327462286,100
0.0040000000000000036,0.3435283522980578,100
0.0061249999999999916,0.34699261266271975,100
0.008250000000000007,0.3504376465159056,100
0.010374999999999995,0.3538635093547567,100
0.012500000000000011,0.35727028148862694,100
0.014624999999999999,0.3606580701847585,100
0.016750000000000015,0.36402701197802,100
0.018875000000000003,0.36737727515406643,100
0.02100000000000002,0.37070906241547463,100
0.023125000000000007,0.3740226137405461,100
0.025249999999999995,0.3773182094445792,100
0.02737500000000001,0.3805961734534552,100
0.0295,0.3838568767993857,100
0.031625000000000014,0.38710074134859107,100
0.03375,0.39032824377054387,100
0.03587500000000002,0.39353991975818553,100
0.038000000000000006,0.39673636850822364,100
0.040124999999999994,0.3999182574702083,100
0.04225000000000001,0.40308632737258854,100
0.044375,0.40624139753332916,100
0.046500000000000014,0.4093843714619369,100
0.048625,0.4125162427588805,100
0.05075000000000002,0.4156381013173925,100
0.052875000000000005,0.4187511398314965,100
0.05499999999999999,0.42185666061281124,100
0.05712499999999998,0.42495608271722984,100
0.059250000000000025,0.42805094938095045,100
0.06137500000000001,0.43114293576354357,100
0.0635,0.43423385699377304,100
0.06562499999999999,0.43732567651172705,100
0.06775000000000003,0.4404205146984786,100
0.06987500000000002,0.44352065778195876,100
0.07200000000000001,0.4466285670050042,100
0.074125,0.44974688803861723,100
0.07624999999999998,0.4528784606203727,100
0.07837500000000003,0.45602632839460283,100
0.08050000000000002,0.4591937489275098,100
0.082625,0.4623842038666955,100
0.08474999999999999,0.4656014092107639,100
0.08687500000000004,0.4688493256506656,100
0.08900000000000002,0.4721321689403165,100
0.09112500000000001,0.47545442024975654,100
0.09325,0.47882083644973844,100
0.09537499999999999,0.4822364602721636,100
0.09750000000000003,0.4857066302862481,100
0.09962500000000002,0.4892369906257169,100
0.10175000000000001,0.4928335003977351,100
0.103875,0.49650244269970534,100
0.10600000000000004,0.5002504331655411,100
0.10812500000000003,0.5040844279585897,100
0.11025000000000001,0.5080117311240773,100
0.112375,0.512040001209815,100
0.11449999999999999,0.5161772570599898,100
0.11662500000000003,0.5204318826832143,100
0.11875000000000002,0.524812631092665,100
0.12087500000000001,0.5293286270131693,100
0.123,0.5339893683475317,100
0.125125,0.5388047262923018,100
0.12725000000000003,0.5437849439916114,100
0.12937500000000002,0.5489406336167173,100
0.1315,0.5542827717585164,100
0.133625,0.5598226930206214,100
0.13575000000000004,0.5655720817016419,100
0.13787500000000003,0.5715429614571573,100
0.14,0.5777476828345472,100
0.142125,0.5841989085774054,100
0.14425,0.590909596600747,100
0.14637500000000003,0.5978929805436688,100
0.14850000000000002,0.6051625478125587,100
0.150625,0.6127320150354251,100
0.15275,0.6206153008564231,100
0.15487500000000004,0.6288264960092317,100
0.15700000000000003,0.637379830618584,100
0.15912500000000002,0.6462896386909663,100
0.16125,0.6555703197682791,100
0.163375,0.6652362977320834,100
0.16550000000000004,0.6753019767609005,100
0.16762500000000002,0.6857816944588564,100
0.16975,0.6966896721907467,100
0.171875,0.7080399626762259,100
0.174,0.7198463949143109,100
0.17612500000000003,0.7321225165285731,100
0.17825000000000002,0.7448815336432537,100
0.180375,0.7581362484209307,100
0.1825,0.7718989944131986,100
0.18462500000000004,0.786181569896982,100
0.18675000000000003,0.8009951693904463,100
0.18887500000000002,0.816350313563864,100
0.191,0.8322567777820807,100
0.193125,0.8487235195362782,100
0.19525000000000003,0.8657586050433482,100
0.19737500000000002,0.8833691353112253,100
0.1995,0.9015611719878251,100
0.201625,0.9203396633295485,100
0.20375000000000004,0.9397083706425694,100
0.20587500000000003,0.9596697955660338,100
0.20800000000000002,0.9802251085807725,100
0.210125,1.0013740791399124,100
0.21225,1.0231150078287623,100
0.21437500000000004,1.0454446609703212,100
0.21650000000000003,1.068358208099581,100
0.218625,1.0918491627343083,100
0.22075,1.1159093268720475,100
0.22287500000000005,1.140528739642578,100
0.22500000000000003,1.1656956305418344,100
0.22712500000000002,1.191396377667305,100
0.22925,1.2176154713660166,100
0.231375,1.2443354836944125,100
0.23350000000000004,1.2715370440746059,100
0.23562500000000003,1.29919882151368,100
0.23775000000000002,1.3272975137318985,100
0.239875,1.3558078435218643,100
0.24200000000000005,1.384702562633962,100
0.24412500000000004,1.4139524634537943,100
0.24625000000000002,1.443526398704998,100
0.248375,1.4733913093757847,100
0.2505,1.5035122610301057,100
0.25262500000000004,1.5338524886244862,100
0.25475000000000003,1.56437344990966,100
0.256875,1.5950348874522913,100
0.259,1.6257948992665456,100
0.261125,1.6566100179983798,100
0.26325000000000004,1.687435298557387,100
0.265375,1.7182244140421743,100
0.2675,1.7489297597559132,100
0.269625,1.7795025650591476,100
0.27175000000000005,1.809893012757584,100
0.27387500000000004,1.8400503656737213,100
0.276,1.8699231000031733,100
0.278125,1.899459045009745,100
0.28025,1.9286055285681112,100
0.28237500000000004,1.9573095280196515,100
0.28450000000000003,1.9855178257659785,100
0.286625,2.0131771689862767,100
0.28875,2.040234432829082,100
0.29087500000000005,2.0666367863969013,100
0.29300000000000004,2.0923318608133386,100
0.295125,2.117267918637509,100
0.29725,2.141394023869627,100
0.299375,2.1646602117750695,100
0.30150000000000005,2.1870176577420697,100
0.303625,2.2084188443806565,100
0.30575,2.22881772606768,100
0.30787500000000007,2.248169890144771,100
0.31,2.266432713983085,100
0.31212500000000004,2.2835655171404508,100
0.31425,2.299529707853331,100
0.316375,2.31428892312758,100
0.31850000000000006,2.327809161718272,100
0.320625,2.340058909319869,100
0.32275000000000004,2.351009255323332,100
0.3248750000000001,2.3606340005364563,100
0.327,2.368909755307348,100
0.32912500000000006,2.375816027538351,100
0.33125,2.381335300128554,100
0.33337500000000003,2.3854530974369927,100
0.3355000000000001,2.388158040415324,100
0.337625,2.389441890117888,100
0.33975000000000005,2.3892995793581244,100
0.341875,2.3877292323429975,100
0.34400000000000003,2.3847321721808767,100
0.34612500000000007,2.380312916222851,100
0.34825,2.3744791592622647,100
0.35037500000000005,2.3672417446818868,100
0.3525,2.3586146237021373,100
0.354625,2.34861480294678,100
0.35675000000000007,2.33726228060398,100
0.358875,2.3245799715202105,100
0.36100000000000004,2.310593621621813,100
0.363125,2.2953317121136543,100
0.36525,2.278825353955887,100
0.36737500000000006,2.261108173168099,100
0.3695,2.2422161875546407,100
0.37162500000000004,2.2221876754855607,100
0.3737500000000001,2.201063037403987,100
0.375875,2.1788846507627637,100
0.37800000000000006,2.1556967191206104,100
0.380125,2.1315451161507752,100
0.38225000000000003,2.1064772253330055,100
0.3843750000000001,2.080541776112702,100
0.3865,2.0537886773191754,100
0.38862500000000005,2.026268848638141,100
0.39075,1.9980340509319323,100
0.39287500000000003,1.9691367161944338,100
0.3950000000000001,1.9396297779167597,100
0.397125,1.9095665026240263,100
0.39925000000000005,1.8790003233237569,100
0.401375,1.8479846755824703,100
0.4035,1.8165728369191048,100
0.40562500000000007,1.7848177701725825,100
0.40775,1.7527719714659804,100
0.40987500000000004,1.720487323352079,100
0.4120000000000001,1.6880149536846136,100
0.414125,1.6554051007167254,100
0.41625000000000006,1.6227069848833657,100
0.418375,1.5899686876779364,100
0.42050000000000004,1.5572370379856637,100
0.4226250000000001,1.5245575061875942,100
0.42475,1.4919741062997123,100
0.42687500000000006,1.4595293063622254,100
0.429,1.427263947244628,100
0.43112500000000004,1.3952171699830989,100
0.4332500000000001,1.3634263517186331,100
0.435375,1.331927050257013,100
0.43750000000000006,1.3007529572259218,100
0.439625,1.2699358597602488,100
0.44175000000000003,1.2395056106041678,100
0.4438750000000001,1.209490106478322,100
0.446,1.1799152745223185,100
0.44812500000000005,1.150805066587179,100
0.45025,1.122181461119411,100
0.452375,1.0940644723480475,100
0.45450000000000007,1.0664721664586803,100
0.456625,1.039420684413923,100
0.45875000000000005,1.0129242710582878,100
0.4608750000000001,0.986995310126907,100
0.463,0.9616443647620048,100
0.46512500000000007,0.936880223128524,100
0.46725,0.9127099487107466,100
0.46937500000000004,0.8891389348650139,100
0.4715000000000001,0.8661709631998772,100
0.473625,0.8438082653537805,100
0.47575000000000006,0.8220515877418957,100
0.477875,0.800900258847679,100
0.48000000000000004,0.780352258640959,100
0.4821250000000001,0.7604042897129295,100
0.48425,0.7410518497288714,100
0.48637500000000006,0.7222893048118475,100
0.4885,0.7041099634847128,100
0.49062500000000003,0.686506150813335,100
0.4927500000000001,0.6694692824109155,100
0.494875,0.6529899379813533,100
0.49700000000000005,0.637057934098689,100
0.499125,0.6216623959395577,100
0.50125,0.6067918277060367,100
0.5033750000000001,0.5924341814972829,100
0.5055000000000001,0.578576924409567,100
0.507625,0.565207103665704,100
0.5097500000000001,0.5523114095962633,100
0.5118750000000001,0.5398762363161411,100
0.514,0.5278877399609745,100
0.516125,0.5163318943684523,100
0.5182500000000001,0.505194544109496,100
0.520375,0.494461454793695,100
0.5225,0.4841183605919872,100
0.5246250000000001,0.4741510089374679,100
0.52675,0.4645452023821536,100
0.528875,0.4552868376035912,100
0.5310000000000001,0.4463619415703056,100
0.5331250000000001,0.43775670488912166,100
0.53525,0.42945751237042673,100
0.5373749999999999,0.4214509708594295,100
0.5395000000000001,0.41372393439233907,100
0.541625,0.40626352674624056,100
0.54375,0.39905716146017406,100
0.5458750000000001,0.3920925594126784,100
0.548,0.385357764047701,100
0.550125,0.3788411543464679,100
0.5522500000000001,0.3725314556476344,100
0.5543750000000001,0.36641774842177943,100
0.5565,0.36048947510920715,100
0.5586250000000001,0.3547364451320564,100
0.5607500000000001,0.34914883819294784,100
0.562875,0.3437172059728826,100
0.565,0.33843247234091556,100
0.5671250000000001,0.3332859321872511,100
0.56925,0.3282692489899916,100
0.571375,0.3233744512237654,100
0.5735000000000001,0.3185939277160411,100
0.575625,0.31392042205401516,100
0.57775,0.30934702614172216,100
0.5798750000000001,0.30486717300342947,100
0.5820000000000001,0.3004746289255216,100
0.584125,0.2961634850249843,100
0.5862499999999999,0.29192814832835046,100
0.5883750000000001,0.28776333244054464,100
0.5905,0.2836640478785714,100
0.592625,0.2796255921404153,100
0.5947500000000001,0.2756435395749368,100
0.596875,0.2717137311139635,100
0.599,0.26783226392320614,100
0.6011250000000001,0.2639954810241729,100
0.6032500000000001,0.26019996093482683,100
0.605375,0.25644250737244395,100
0.6075000000000002,0.2527201390579765,100
0.6096250000000001,0.24903007965717922,100
0.61175,0.24536974788990012,100
0.613875,0.2417367478352339,100
0.6160000000000001,0.2381288594567084,100
0.618125,0.23454402936833105,100
0.62025,0.23098036185916884,100
0.6223750000000001,0.2274361101911731,100
0.6245,0.22390966818219193,100
0.626625,0.22039956208352204,100
0.6287500000000001,0.21690444275898696,100
0.6308750000000001,0.21342307817031209,100
0.633,0.20995434617155448,100
0.6351249999999999,0.2064972276135268,100
0.6372500000000001,0.20305079975747442,100
0.639375,0.1996142299957888,100
0.6415,0.19618676987619862,100
0.6436250000000001,0.1927677494247106,100
0.64575,0.18935657176153964,100
0.647875,0.18595270800336233,100
0.65,0.18200000000000002,100
0.65,0.18200000000000002,100
0.647875,0.17747798692027655,100
0.64575,0.17295626852208568,100
0.6436250000000001,0.16843503297470142,100
0.6415,0.16391452222426328,100
0.639375,0.15939497813705097,100
0.6372500000000001,0.15487664247970223,100
0.6351249999999999,0.15035975689880943,100
0.633,0.14584456289980563,100
0.6308750000000001,0.14133130182505793,100
0.6287500000000001,0.13682021483107606,100
0.626625,0.13231154286472438,100
0.6245,0.12780552663832828,100
0.6223750000000001,0.12330240660352987,100
0.62025,0.1188024229237638,100
0.618125,0.11430581544518516,100
0.6160000000000001,0.10981282366586535,100
0.613875,0.10532368670307414,100
0.61175,0.10083864325841985,100
0.6096250000000001,0.0963579315806111,100
0.6075000000000002,0.09188178942557966,100
0.605375,0.08741045401367369,100
0.6032500000000001,0.08294416198360209,100
0.6011250000000001,0.07848314934278015,100
0.599,0.07402765141369523,100
0.596875,0.06957790277587622,100
0.5947500000000001,0.06513413720299721,100
0.592625,0.06069658759462562,100
0.5905,0.056265485902065454,100
0.5883750000000001,0.051841063047687694,100
0.5862499999999999,0.047423548837117635,100
0.584125,0.043013171863556826,100
0.5820000000000001,0.03861015940347816,100
0.5798750000000001,0.03421473730286409,100
0.57775,0.029827129853082557,100
0.575625,0.025447559655428303,100
0.5735000000000001,0.021076247473269027,100
0.571375,0.016713412070667483,100
0.56925,0.012359270036245151,100
0.5671250000000001,0.008014035590969054,100
0.565,0.003677920378443389,100
0.562875,-0.000648866763814232,100
0.5607500000000001,-0.004966120053756767,100
0.5586250000000001,-0.009273637036583765,100
0.5565,-0.013571218880792074,100
0.5543750000000001,-0.017858670700483414,100
0.5522500000000001,-0.022135801906063624,100
0.550125,-0.026402426585584227,100
0.548,-0.0306583639191306,100
0.5458750000000001,-0.03490343862880277,100
0.54375,-0.039137481466979845,100
0.541625,-0.04336032974571161,100
0.5395000000000001,-0.04757182791024847,100
0.5373749999999999,-0.051771828159860755,100
0.53525,-0.0559601911192662,100
0.5331250000000001,-0.06013678656416052,100
0.5310000000000001,-0.06430149420447631,100
0.528875,-0.06845420452918663,100
0.52675,-0.07259481971660825,100
0.5246250000000001,-0.07672325461432694,100
0.5225,-0.08083943779300959,100
0.520375,-0.08494331267851565,100
0.5182500000000001,-0.08903483876686383,100
0.516125,-0.09311399292672473,100
0.514,-0.0971807707942362,100
0.5118750000000001,-0.10123518826503902,100
0.5097500000000001,-0.10527728308851164,100
0.507625,-0.10930711656925701,100
0.5055000000000001,-0.11332477538093624,100
0.5033750000000001,-0.11733037349758019,100
0.50125,-0.12132405424748507,100
0.499125,-0.12530599249479119,100
0.49700000000000005,-0.12927639695376555,100
0.494875,-0.13323551264071107,100
0.4927500000000001,-0.13718362346829055,100
0.49062500000000003,-0.14112105498687239,100
0.4885,-0.14504817727727132,100
0.48637500000000006,-0.1489654079989958,100
0.48425,-0.15287321559776887,100
0.4821250000000001,-0.15677212267571516,100
0.48000000000000004,-0.16066270952715866,100
0.477875,-0.16454561784246274,100
0.47575000000000006,-0.16842155458177652,100
0.473625,-0.17229129601989665,100
0.4715000000000001,-0.17615569196273562,100
0.46937500000000004,-0.1800156701351014,100
0.46725,-0.18387224073859687,100
0.46512500000000007,-0.18772650117751363,100
0.463,-0.19157964094953342,100
0.4608750000000001,-0.1954329466969327,100
0.45875000000000005,-0.19928780741277444,100
0.456625,-0.20314571979525367,100
0.45450000000000007,-0.2070082937419911,100
0.452375,-0.21087725797457696,100
0.45025,-0.21475446578210067,100
0.44812500000000005,-0.21864190087075905,100
0.446,-0.22254168330488902,100
0.4438750000000001,-0.22645607552295877,100
0.44175000000000003,-0.23038748841016327,100
0.439625,-0.2343384874072928,100
0.43750000000000006,-0.23831179863353177,100
0.435375,-0.2423103149987382,100
0.4332500000000001,-0.24633710227862493,100
0.43112500000000004,-0.2503954051240843,100
0.429,-0.25448865297366874,100
0.42687500000000006,-0.2586204658360277,100
0.42475,-0.2627946599068379,100
0.4226250000000001,-0.267015252982533,100
0.42050000000000004,-0.27128646963092545,100
0.418375,-0.2756127460766146,100
0.41625000000000006,-0.27999873475695325,100
0.414125,-0.28444930850227856,100
0.4120000000000001,-0.2889695642921276,100
0.40987500000000004,-0.29356482653730653,100
0.40775,-0.2982406498359239,100
0.40562500000000007,-0.3030028211499167,100
0.4035,-0.3078573613471808,100
0.401375,-0.3128105260531791,100
0.39925000000000005,-0.3178688057549044,100
0.397125,-0.32303892509929844,100
0.3950000000000001,-0.328327841327718,100
0.39287500000000003,-0.3337427417878341,100
0.39075,-0.3392910404644226,100
0.38862500000000005,-0.34498037347094124,100
0.3865,-0.3508185934445639,100
0.3843750000000001,-0.3568137627884862,100
0.38225000000000003,-0.3629741457068835,100
0.380125,-0.3693081989798495,100
0.37800000000000006,-0.37582456142805426,100
0.375875,-0.3825320420196997,100
0.3737500000000001,-0.38943960657565185,100
0.37162500000000004,-0.39655636303242436,100
0.3695,-0.4038915452269315,100
0.36737500000000006,-0.4114544951716897,100
0.36525,-0.4192546437943874,100
0.363125,-0.4273014901214626,100
0.36100000000000004,-0.4356045788915653,100
0.358875,-0.4441734765914687,100
0.35675000000000007,-0.45301774591416144,100
0.354625,-0.46214691864649304,100
0.3525,-0.47157046700178673,100
0.35037500000000005,-0.4812977734213211,100
0.34825,-0.49133809887744007,100
0.34612500000000007,-0.5017005497202531,100
0.34400000000000003,-0.5123940431194438,100
0.341875,-0.5234272711624843,100
0.33975000000000005,-0.5348086636806255,100
0.337625,-0.5465463498842416,100
0.3355000000000001,-0.5586481188994658,100
0.33337500000000003,-0.5711213793085084,100
0.33125,-0.5839731178064614,100
0.32912500000000006,-0.5972098570978221,100
0.327,-0.6108376131662324,100
0.3248750000000001,-0.6248618520610123,100
0.32275000000000004,-0.6392874463539311,100
0.320625,-0.654118631429112,100
0.31850000000000006,-0.6693589617780962,100
0.316375,-0.6850112674806652,100
0.31425,-0.7010776110600576,100
0.31212500000000004,-0.7175592449086211,100
0.31,-0.7344565694866056,100
0.30787500000000007,-0.7517690925026608,100
0.30575,-0.7694953892896539,100
0.303625,-0.7876330645934264,100
0.30150000000000005,-0.8061787159952308,100
0.299375,-0.8251278991905157,100
0.29725,-0.8444750953476018,100
0.295125,-0.8642136807694583,100
0.29300000000000004,-0.8843358990801854,100
0.29087500000000005,-0.9048328361549693,100
0.28875,-0.9256943980080939,100
0.286625,-0.9469092918480675,100
0.28450000000000003,-0.9684650105020498,100
0.28237500000000004,-0.9903478204034842,100
0.28025,-1.012542753327213,100
0.278125,-1.0350336020453277,100
0.276,-1.0578029200646473,100
0.27387500000000004,-1.0808320255929984,100
0.27175000000000005,-1.1041010098664876,100
0.269625,-1.1275887499537047,100
0.2675,-1.1512729261353636,100
0.265375,-1.1751300439393204,100
0.26325000000000004,-1.1991354608913032,100
0.261125,-1.2232634180211035,100
0.259,-1.2474870761425563,100
0.256875,-1.2717785569034126,100
0.25475000000000003,-1.2961089885783694,100
0.25262500000000004,-1.3204485565551223,100
0.2505,-1.3447665584395379,100
0.248375,-1.3690314636819712,100
0.24625000000000002,-1.3932109776025925,100
0.24412500000000004,-1.4172721096693977,100
0.24200000000000005,-1.4411812458585966,100
0.239875,-1.4649042249033828,100
0.23775000000000002,-1.4884064182138668,100
0.23562500000000003,-1.5116528132283729,100
0.23350000000000004,-1.5346080999344636,100
0.231375,-1.5572367602771788,100
0.22925,-1.5795031601521448,100
0.22712500000000002,-1.601371643662615,100
0.22500000000000003,-1.6228066293022503,100
0.22287500000000005,-1.6437727077096986,100
0.22075,-1.664234740626895,100
0.218625,-1.6841579606805817,100
0.21650000000000003,-1.7035080715960005,100
0.21437500000000004,-1.72225134844305,100
0.21225,-1.7403547375086026,100
0.210125,-1.7577859553841542,100
0.20800000000000002,-1.7745135868556057,100
0.20587500000000003,-1.790507181181812,100
0.20375000000000004,-1.8057373463505981,100
0.201625,-1.8201758409052553,100
0.1995,-1.8337956629410896,100
0.19737500000000002,-1.8465711358804122,100
0.19525000000000003,-1.8584779906453552,100
0.193125,-1.8694934438610975,100
0.191,-1.8795962717373664,100
0.18887500000000002,-1.8887668792934125,100
0.18675000000000003,-1.8969873646109339,100
0.18462500000000004,-1.9042415778205461,100
0.1825,-1.9105151745502598,100
0.180375,-1.9157956635888886,100
0.17825000000000002,-1.9200724485432477,100
0.17612500000000003,-1.9233368632952446,100
0.174,-1.925582201093394,100
0.171875,-1.9268037371426763,100
0.16975,-1.9269987445868857,100
0.16762500000000002,-1.926166503808488,100
0.16550000000000004,-1.9243083050022949,100
0.163375,-1.9214274440108647,100
0.16125,-1.9175292114411673,100
0.15912500000000002,-1.912620875113595,100
0.15700000000000003,-1.9067116559256185,100
0.15487500000000004,-1.8998126972431164,100
0.15275,-1.891937027962447,100
0.150625,-1.883099519415529,100
0.14850000000000002,-1.8733168363183397,100
0.14637500000000003,-1.8626073819901996,100
0.14425,-1.850991238096818,100
0.142125,-1.838490099194167,100
0.14,-1.8251272023727105,100
0.13787500000000003,-1.8109272523222293,100
0.13575000000000004,-1.7959163421562963,100
0.133625,-1.7801218703523152,100
0.1315,-1.7635724541778475,100
0.12937500000000002,-1.7462978399866147,100
0.12725000000000003,-1.7283288107780708,100
0.125125,-1.7096970914227172,100
0.123,-1.6904352519613615,100
0.12087500000000001,-1.670576609390313,100
0.11875000000000002,-1.6501551283460356,100
0.11662500000000003,-1.629205321102105,100
0.11449999999999999,-1.6077621472884145,100
0.112375,-1.5858609137375839,100
0.11025000000000001,-1.5635371748563986,100
0.10812500000000003,-1.5408266339110415,100
0.10600000000000004,-1.517765045603834,100
0.103875,-1.4943881203064062,100
0.10175000000000001,-1.4707314302996695,100
0.09962500000000002,-1.4468303183548405,100
0.09750000000000003,-1.4227198089722184,100
0.09537499999999999,-1.3984345225754802,100
0.09325,-1.3740085929391987,100
0.09112500000000001,-1.3494755881061515,100
0.08900000000000002,-1.3248684350289732,100
0.08687500000000004,-1.3002193481479616,100
0.08474999999999999,-1.2755597620934869,100
0.082625,-1.2509202686777032,100
0.08050000000000002,-1.2263305583161899,100
0.07837500000000003,-1.201819365995985,100
0.07624999999999998,-1.1774144218822944,100
0.074125,-1.1531424066321676,100
0.07200000000000001,-1.129028911459719,100
0.06987500000000002,-1.10509840297421,100
0.06775000000000003,-1.0813741927895952,100
0.06562499999999999,-1.0578784118820914,100
0.0635,-1.0346319896511014,100
0.06137500000000001,-1.0116546376184385,100
0.059250000000000025,-0.9889648376814707,100
0.05712499999999998,-0.9665798348174494,100
0.05499999999999999,-0.9445156341191701,100
0.052875000000000005,-0.9227870020261187,100
0.05075000000000002,-0.9014074716005984,100
0.048625,-0.8803893516849026,100
0.046500000000000014,-0.8597437397635787,100
0.044375,-0.839480538344103,100
0.04225000000000001,-0.8196084746600003,100
0.040124999999999994,-0.8001351234924731,100
0.038000000000000006,-0.7810669329000692,100
0.03587500000000002,-0.7624092526406923,100
0.03375,-0.7441663650664105,100
0.031625000000000014,-0.7263415182689588,100
0.0295,-0.7089369612525444,100
0.02737500000000001,-0.6919539809105154,100
0.025249999999999995,-0.6753929405835651,100
0.023125000000000007,-0.6592533199793926,100
0.02100000000000002,-0.6435337562370318,100
0.018875000000000003,-0.6282320859233597,100
0.016750000000000015,-0.6133453877545142,100
0.014624999999999999,-0.5988700258410102,100
0.012500000000000011,-0.5848016932622095,100
0.010374999999999995,-0.5711354557833289,100
0.008250000000000007,-0.5578657955363655,100
0.0061249999999999916,-0.5449866544950211,100
0.0040000000000000036,-0.5324914775829143,100
0.0018750000000000155,-0.5203732552639385,100
-0.0002500000000000002,-0.508624565473535,100
-0.0023749999999999882,-0.49723761475978334,100
-0.004500000000000004,-0.4862042785135304,100
-0.006624999999999992,-0.47551614017719135,100
-0.008750000000000008,-0.4651645293323056,100
-0.010874999999999996,-0.4551405585763521,100
-0.013000000000000012,-0.445435159109658,100
-0.015125,-0.43603911496343106,100
-0.017249999999999988,-0.42694309580992634,100
-0.019375000000000003,-0.4181376883055198,100
-0.02149999999999999,-0.40961342592691286,100
-0.023625000000000007,-0.4013608172698283,100
-0.025749999999999995,-0.393370372788332,100
-0.02787500000000001,-0.38563262996129105,100
-0.03,-0.3781381768804414,100
-0.03212499999999999,-0.3708776742620561,100
-0.03425,-0.3638418758912658,100
-0.03637499999999999,-0.3570216475146722,100
-0.038500000000000006,-0.3504079842029973,100
-0.040624999999999994,-0.34399202621113223,100
-0.04275000000000001,-0.33776507336806827,100
-0.044875,-0.3317185980338346,100
-0.046999999999999986,-0.325844256664706,100
-0.049125,-0.3201339000316191,100
-0.05124999999999999,-0.3145795821399285,100
-0.053375000000000006,-0.3091735679013729,100
-0.055499999999999994,-0.3039083396114153,100
-0.05762500000000001,-0.29877660228698927,100
-0.05975,-0.29377128792113333,100
-0.06187500000000001,-0.28888555871206323,100
-0.064,-0.2841128093249217,100
-0.06612499999999999,-0.27944666824478903,100
-0.06825,-0.2748809982795533,100
-0.070375,-0.27040989627095047,100
-0.07250000000000001,-0.2660276920715142,100
-0.074625,-0.2617289468443474,100
-0.07675,-0.2575084507415648,100
-0.078875,-0.25336122001598366,100
-0.081,-0.24928249361917373,100
-0.083125,-0.2452677293373538,100
-0.08525,-0.2413125995148458,100
-0.08737500000000001,-0.2374129864129027,100
-0.0895,-0.2335649772497294,100
-0.091625,-0.2297648589654302,100
-0.09375,-0.22600911275347293,100
-0.095875,-0.22229440839806314,100
-0.098,-0.21861759845459666,100
-0.100125,-0.21497571230811868,100
-0.10225000000000001,-0.21136595014247336,100
-0.10437500000000001,-0.20778567685059837,100
-0.10650000000000001,-0.20423241591421118,100
-0.108625,-0.20070384327896004,100
-0.11075,-0.19719778124898654,100
-0.112875,-0.19371219242276808,100
-0.115,-0.19024517369009614,100
-0.117125,-0.18679495030809712,100
-0.11925000000000001,-0.18335987007232676,100
-0.12137500000000001,-0.1799383975971732,100
-0.1235,-0.17652910871808525,100
-0.125625,-0.17313068502651124,100
-0.12775,-0.16974190854688628,100
-0.12987500000000002,-0.1663616565635491,100
-0.132,-0.16298889660409566,100
-0.134125,-0.15962268158439952,100
-0.13625,-0.15626214511933006,100
-0.138375,-0.15290649700209707,100
-0.1405,-0.1495550188541232,100
-0.142625,-0.14620705994641398,100
-0.14475,-0.1428620331925313,100
-0.146875,-0.13951941131250442,100
-0.14900000000000002,-0.1361787231663053,100
-0.151125,-0.13283955025488864,100
-0.15325,-0.12950152338623538,100
-0.155375,-0.12616431950334633,100
-0.1575,-0.12282765867070092,100
-0.15962500000000002,-0.11949130121532334,100
-0.16175,-0.11615504501828519,100
-0.163875,-0.11281872295220682,100
-0.166,-0.10948220046010632,100
-0.16812500000000002,-0.10614537327077359,100
-0.17025,-0.10280816524571783,100
-0.172375,-0.09947052635264678,100
-0.17450000000000002,-0.09613243076037906,100
-0.176625,-0.09279387505006739,100
-0.17875000000000002,-0.08945487653761341,100
-0.180875,-0.08611547170218611,100
-0.183,-0.08277571471580696,100
-0.185125,-0.0794356760690386,100
-0.18725,-0.07609544128790438,100
-0.18937500000000002,-0.07275510973727028,100
-0.1915,-0.06941479350604246,100
-0.19362500000000002,-0.06607461636965994,100
-0.19575,-0.06273471282550454,100
-0.19787500000000002,-0.05939522719699322,100
-0.2,-0.05600000000000001,100
