raman_shift_cm-1,primary1_300K_raw,primary1_300K_display_offset,primary1_400K_raw,primary1_400K_display_offset,primary1_500K_raw,primary1_500K_display_offset,primary2_300K_raw,primary2_300K_display_offset,primary2_400K_raw,primary2_400K_display_offset,primary2_500K_raw,primary2_500K_display_offset
2.000000000000000000e+02,5.905698701636864240e-12,1.200000000059056882e-01,2.202028342380011627e-11,7.200000000220202478e-01,7.904863221206481036e-11,1.320000000079048386e+00,3.633473245480990046e-38,2.419999999999999929e+00,3.905843168454003017e-37,3.020000000000000018e+00,4.042290047811485168e-36,3.620000000000000107e+00
2.006666666666666572e+02,7.783183465963306614e-12,1.200000000077831724e-01,2.882062455305213554e-11,7.200000000288205859e-01,1.027470460653452859e-10,1.320000000102746984e+00,6.058915352797855387e-38,2.419999999999999929e+00,6.468181849611564339e-37,3.020000000000000018e+00,6.647975259588881296e-36,3.620000000000000107e+00
2.013333333333333428e+02,1.024177807090604374e-11,1.200000000102417752e-01,3.766309301570166935e-11,7.200000000376630682e-01,1.333449097344136367e-10,1.320000000133344731e+00,1.008788017827975366e-37,2.419999999999999929e+00,1.069502374726841759e-36,3.020000000000000018e+00,1.091650022992546022e-35,3.620000000000000107e+00
2.020000000000000000e+02,1.345629704334337170e-11,1.200000000134562872e-01,4.914288958612213096e-11,7.200000000491428853e-01,1.727888244748897388e-10,1.320000000172788734e+00,1.677015422814191701e-37,2.419999999999999929e+00,1.765685687140906866e-36,3.020000000000000018e+00,1.789820893336832628e-35,3.620000000000000107e+00
2.026666666666666572e+02,1.765256753081766461e-11,1.200000000176525694e-01,6.402321917013998132e-11,7.200000000640232045e-01,2.235563291908349830e-10,1.320000000223556125e+00,2.783596679022614167e-37,2.419999999999999929e+00,2.910563987330259172e-36,3.020000000000000018e+00,2.930001415916596413e-35,3.620000000000000107e+00
2.033333333333333428e+02,2.312183561440938594e-11,1.200000000231218333e-01,8.328109691619282836e-11,7.200000000832810221e-01,2.887954863153087051e-10,1.320000000288795272e+00,4.613257263940934363e-37,2.419999999999999929e+00,4.790413669111645306e-36,3.020000000000000018e+00,4.789147340090840769e-35,3.620000000000000107e+00
2.040000000000000000e+02,3.023909910786888248e-11,1.200000000302390984e-01,1.081651801061119659e-10,7.200000001081651169e-01,3.724997143844730149e-10,1.320000000372499649e+00,7.633806552318071712e-37,2.419999999999999929e+00,7.872288396564802575e-36,3.020000000000000018e+00,7.815930308353396008e-35,3.620000000000000107e+00
2.046666666666666572e+02,3.948639622151970916e-11,1.200000000394863958e-01,1.402686542358616942e-10,7.200000001402686589e-01,4.797263774038742716e-10,1.320000000479726321e+00,1.261266143299891367e-36,2.419999999999999929e+00,1.291698291941358289e-35,3.020000000000000018e+00,1.273606508025304483e-34,3.620000000000000107e+00
2.053333333333333428e+02,5.148233796717385941e-11,1.200000000514823278e-01,1.816209296647716628e-10,7.200000001816209139e-01,6.168695945159610122e-10,1.320000000616869507e+00,2.080675900970814075e-36,2.419999999999999929e+00,2.116183316954435675e-35,3.020000000000000018e+00,2.072153732482281960e-34,3.620000000000000107e+00
2.060000000000000000e+02,6.701949252762017402e-11,1.200000000670194827e-01,2.348027991560268135e-10,7.200000002348028172e-01,7.920001099037700766e-10,1.320000000791999861e+00,3.427158953579302861e-36,2.419999999999999929e+00,3.461605711749433307e-35,3.020000000000000018e+00,3.366206752325719761e-34,3.620000000000000107e+00
2.066666666666666572e+02,8.711162601192318025e-11,1.200000000871116190e-01,3.030908021348349583e-10,7.200000003030907481e-01,1.015287947797052266e-09,1.320000001015287694e+00,5.636326850521008317e-36,2.419999999999999929e+00,5.653716439963963786e-35,3.020000000000000018e+00,5.459988307910719388e-34,3.620000000000000107e+00
2.073333333333333428e+02,1.130532930356985119e-10,1.200000001130532845e-01,3.906378812217593344e-10,7.200000003906378288e-01,1.299527072237986505e-09,1.320000001299526993e+00,9.255293673197673201e-36,2.419999999999999929e+00,9.219822463491865279e-35,3.020000000000000018e+00,8.842493517722283325e-34,3.620000000000000107e+00
2.080000000000000000e+02,1.464948729243630360e-10,1.200000001464948673e-01,5.026990515934965914e-10,7.200000005026990779e-01,1.660785495758793974e-09,1.320000001660785349e+00,1.517456844350792781e-35,2.419999999999999929e+00,1.501216072485183502e-34,3.020000000000000018e+00,1.429848088256240759e-33,3.620000000000000107e+00
2.086666666666666572e+02,1.895368877922296387e-10,1.200000001895368817e-01,6.459127948760612929e-10,7.200000006459127411e-01,2.119209376657724513e-09,1.320000002119209315e+00,2.484131635233636031e-35,2.419999999999999929e+00,2.440596387242827911e-34,3.020000000000000018e+00,2.308538700582240475e-33,3.620000000000000107e+00
2.093333333333333428e+02,2.448483470934139157e-10,1.200000002448483455e-01,8.286513090573261260e-10,7.200000008286512321e-01,2.700015777358539508e-09,1.320000002700015607e+00,4.060364049207451875e-35,2.419999999999999929e+00,3.961693146694590686e-34,3.020000000000000018e+00,3.721487216335893861e-33,3.620000000000000107e+00
2.100000000000000000e+02,3.158149752390097559e-10,1.200000003158149670e-01,1.061455680348069703e-09,7.200000010614556745e-01,3.434716121371024557e-09,1.320000003434715907e+00,6.626549609256139699e-35,2.419999999999999929e+00,6.420928233309886713e-34,3.020000000000000018e+00,5.990016448981249466e-33,3.620000000000000107e+00
2.106666666666666572e+02,4.067245373641542648e-10,1.200000004067245385e-01,1.357575593882678035e-09,7.200000013575755808e-01,4.362621211673280282e-09,1.320000004362620993e+00,1.079796822021453810e-34,2.419999999999999929e+00,1.039075031404170292e-33,3.020000000000000018e+00,9.626570816924893820e-33,3.620000000000000107e+00
2.113333333333333428e+02,5.229981344809235051e-10,1.200000005229981265e-01,1.733637487917170393e-09,7.200000017336374292e-01,5.532689224873096856e-09,1.320000005532689036e+00,1.756825990582804187e-34,2.419999999999999929e+00,1.678912697672755251e-33,3.020000000000000018e+00,1.544711275197704162e-32,3.620000000000000107e+00
2.120000000000000000e+02,6.714783540488485410e-10,1.200000006714783546e-01,2.210470222415161283e-09,7.200000022104702246e-01,7.005790682567809940e-09,1.320000007005790454e+00,2.853957898710936068e-34,2.419999999999999929e+00,2.708578519335339933e-33,3.020000000000000018e+00,2.474885633609723505e-32,3.620000000000000107e+00
2.126666666666666572e+02,8.607876079148922106e-10,1.200000008607876034e-01,2.814123543997009769e-09,7.200000028141234631e-01,8.857479382527473968e-09,1.320000008857479257e+00,4.629120521924305419e-34,2.419999999999999929e+00,4.363016522794098725e-33,3.020000000000000018e+00,3.959087172025392197e-32,3.620000000000000107e+00
2.133333333333333428e+02,1.101772952549597214e-09,1.200000011017729462e-01,3.577122080042384642e-09,7.200000035771220164e-01,1.118137606222310987e-08,1.320000011181375887e+00,7.496896678068891901e-34,2.419999999999999929e+00,7.017208761200160834e-33,3.020000000000000018e+00,6.323639526157429016e-32,3.620000000000000107e+00
2.140000000000000000e+02,1.408057268143325321e-09,1.200000014080572636e-01,4.540006512900804002e-09,7.200000045400064552e-01,1.409329264353930319e-08,1.320000014093292373e+00,1.212262509608551877e-33,2.419999999999999929e+00,1.126870598467411522e-32,3.020000000000000018e+00,1.008489214716672983e-31,3.620000000000000107e+00
2.146666666666666572e+02,1.796720993253288156e-09,1.200000017967209898e-01,5.753224235758793515e-09,7.200000057532242037e-01,1.773624981902664733e-08,1.320000017736249642e+00,1.957239333102334249e-33,2.419999999999999929e+00,1.806823831036316466e-32,3.020000000000000018e+00,1.605859414614565193e-31,3.620000000000000107e+00
2.153333333333333428e+02,2.289143811238761730e-09,1.200000022891438006e-01,7.279444482557065022e-09,7.200000072794444650e-01,2.228657011510994605e-08,1.320000022286569985e+00,3.155173944284779295e-33,2.419999999999999929e+00,2.892608671984564427e-32,3.020000000000000018e+00,2.553147455078313468e-31,3.620000000000000107e+00
2.160000000000000000e+02,2.912041928988477144e-09,1.200000029120419226e-01,9.196388011814415245e-09,7.200000091963879578e-01,2.796126312333416375e-08,1.320000027961262923e+00,5.078492206744972061e-33,2.419999999999999929e+00,4.623764105798125332e-32,3.020000000000000018e+00,4.052997959458021700e-31,3.620000000000000107e+00
2.166666666666666572e+02,3.698744070766476851e-09,1.200000036987440705e-01,1.160027931962164164e-08,7.200000116002792661e-01,3.502696014243268006e-08,1.320000035026960061e+00,8.161657866523280257e-33,2.419999999999999929e+00,7.379616039425827559e-32,3.020000000000000018e+00,6.424051054982972557e-31,3.620000000000000107e+00
2.173333333333333428e+02,4.690758255870669038e-09,1.200000046907582496e-01,1.461005053366178351e-08,7.200000146100504761e-01,4.381070294579442662e-08,1.320000043810702683e+00,1.309646515928488246e-32,2.419999999999999929e+00,1.175990936314281287e-31,3.020000000000000018e+00,1.016655218174605010e-30,3.620000000000000107e+00
2.180000000000000000e+02,5.939692100437925171e-09,1.200000059396920948e-01,1.837245114067044300e-08,7.200000183724510894e-01,5.471294682402359929e-08,1.320000054712946680e+00,2.098272602408243948e-32,2.419999999999999929e+00,1.871140049653420332e-31,3.020000000000000018e+00,1.606462217767512511e-30,3.620000000000000107e+00
2.186666666666666572e+02,7.509602085186336374e-09,1.200000075096020746e-01,2.306824714468757847e-08,7.200000230682470637e-01,6.822320262408179842e-08,1.320000068223202483e+00,3.356617384978049882e-32,2.419999999999999929e+00,2.972629106761786839e-31,3.020000000000000018e+00,2.534541748207700524e-30,3.620000000000000107e+00
2.193333333333333428e+02,9.479862313623941263e-09,1.200000094798623074e-01,2.891972784956765949e-08,7.200000289197278081e-01,8.493881752928003987e-08,1.320000084938817375e+00,5.361346554785646388e-32,2.419999999999999929e+00,4.715277633400338799e-31,3.020000000000000018e+00,3.992643131402065795e-30,3.620000000000000107e+00
2.200000000000000000e+02,1.194866115430506184e-08,1.200000119486611533e-01,3.619977900887649394e-08,7.200000361997790366e-01,1.055874812645441015e-07,1.320000105587481043e+00,8.550234646510923069e-32,2.419999999999999929e+00,7.468027755832449623e-31,3.020000000000000018e+00,6.279913335172829363e-30,3.620000000000000107e+00
2.206666666666666572e+02,1.503725528134867984e-08,1.200000150372552837e-01,4.524282849707310756e-08,7.200000452428284570e-01,1.310541448974362480e-07,1.320000131054144710e+00,1.361489503694957346e-31,2.419999999999999929e+00,1.180964082784738346e-30,3.020000000000000018e+00,9.862316103079113262e-30,3.620000000000000107e+00
2.213333333333333428e+02,1.889513553237582267e-08,1.200000188951355212e-01,5.645802595041658723e-08,7.200000564580258944e-01,1.624131552381933076e-07,1.320000162413154987e+00,2.164625016262048337e-31,2.419999999999999929e+00,1.864659623723445204e-30,3.020000000000000018e+00,1.546451476856884978e-29,3.620000000000000107e+00
2.220000000000000000e+02,2.370628830021809269e-08,1.200000237062882891e-01,7.034508215234668936e-08,7.200000703450821771e-01,2.009665410028938399e-07,1.320000200966540804e+00,3.436237400410062200e-31,2.419999999999999929e+00,2.939642760244423395e-30,3.020000000000000018e+00,2.421172812696041781e-29,3.620000000000000107e+00
2.226666666666666572e+02,2.969677055554075020e-08,1.200000296967705521e-01,8.751326857941819833e-08,7.200000875132686051e-01,2.482895395620084024e-07,1.320000248289539435e+00,5.446478068355128222e-31,2.419999999999999929e+00,4.627236069390265285e-30,3.020000000000000018e+00,3.784838833389710206e-29,3.620000000000000107e+00
2.233333333333333428e+02,3.714385684534744966e-08,1.200000371438568469e-01,1.087041639087988553e-07,7.200001087041638659e-01,3.062846276134365231e-07,1.320000306284627500e+00,8.619468154089042512e-31,2.419999999999999929e+00,7.272452088187157208e-30,3.020000000000000018e+00,5.907464289431050776e-29,3.620000000000000107e+00
2.240000000000000000e+02,4.638706361167218431e-08,1.200000463870636025e-01,1.348188340000073498e-07,7.200001348188339589e-01,3.772455180512722945e-07,1.320000377245517997e+00,1.362000575933325794e-30,2.419999999999999929e+00,1.141227405766031560e-29,3.020000000000000018e+00,9.206338318711802755e-29,3.620000000000000107e+00
2.246666666666666572e+02,5.784141092041716858e-08,1.200000578414109204e-01,1.669502466482973805e-07,7.200001669502466006e-01,4.639328113981220869e-07,1.320000463932811341e+00,2.148850612610876569e-30,2.419999999999999929e+00,1.788115745954654394e-29,3.020000000000000018e+00,1.432533766276930825e-28,3.620000000000000107e+00
2.253333333333333428e+02,7.201334529656351149e-08,1.200000720133452964e-01,2.064218541814224071e-07,7.200002064218541387e-01,5.696632463669127585e-07,1.320000569663246193e+00,3.385067002710447194e-30,2.419999999999999929e+00,2.797378123610329070e-29,3.020000000000000018e+00,2.225639990014503816e-28,3.620000000000000107e+00
2.260000000000000000e+02,8.951982107211346956e-08,1.200000895198210654e-01,2.548334278282325250e-07,7.200002548334277774e-01,6.984147835311282023e-07,1.320000698414783402e+00,5.324274349385659342e-30,2.419999999999999929e+00,4.369571321673497686e-29,3.020000000000000018e+00,3.452526940614051462e-28,3.620000000000000107e+00
2.266666666666666572e+02,1.111111228478263928e-07,1.200001111111228397e-01,3.141153999982802046e-07,7.200003141153999975e-01,8.549500819835171050e-07,1.320000854950081903e+00,8.361528870001856744e-30,2.419999999999999929e+00,6.814886107750693503e-29,3.020000000000000018e+00,5.347506827345216373e-28,3.620000000000000107e+00
2.273333333333333428e+02,1.376981098758595612e-07,1.200001376981098683e-01,3.865931666278500625e-07,7.200003865931665636e-01,1.044961294659748183e-06,1.320001044961294445e+00,1.311121904291707018e-29,2.419999999999999929e+00,1.061232357682944840e-28,3.020000000000000018e+00,8.269851876062122308e-28,3.620000000000000107e+00
2.280000000000000000e+02,1.703846760676708545e-07,1.200001703846760581e-01,4.750630241973083623e-07,7.200004750630242256e-01,1.275239517206674316e-06,1.320001275239517158e+00,2.052733471633600738e-29,2.419999999999999929e+00,1.650040014380725296e-28,3.020000000000000018e+00,1.276956859779218448e-27,3.620000000000000107e+00
2.286666666666666572e+02,2.105063487590940769e-07,1.200002105063487506e-01,5.828816677042123406e-07,7.200005828816676834e-01,1.553872681453979552e-06,1.320001553872681255e+00,3.208885097873884569e-29,2.419999999999999929e+00,2.561595670367969112e-28,3.020000000000000018e+00,1.968733048116416970e-27,3.620000000000000107e+00
2.293333333333333428e+02,2.596760973244353073e-07,1.200002596760973150e-01,7.140714597383112785e-07,7.200007140714597131e-01,1.890476191280753171e-06,1.320001890476191209e+00,5.008502332343716475e-29,2.419999999999999929e+00,3.970624302196983241e-28,3.020000000000000018e+00,3.030606492685196863e-27,3.620000000000000107e+00
2.300000000000000000e+02,3.198385913912960896e-07,1.200003198385913850e-01,8.734439999387187769e-07,7.200008734439998781e-01,2.296461159472758502e-06,1.320002296461159297e+00,7.805373791951311592e-29,2.419999999999999929e+00,6.145243890511477579e-28,3.020000000000000018e+00,4.658052494098506562e-27,3.620000000000000107e+00
2.306666666666666572e+02,3.933343400984078736e-07,1.200003933343400941e-01,1.066744881719663709e-06,7.200010667448817347e-01,2.785345722423973325e-06,1.320002785345722351e+00,1.214539497495658855e-28,2.419999999999999929e+00,9.496237387099506946e-28,3.020000000000000018e+00,7.148440706983947485e-27,3.620000000000000107e+00
2.313333333333333428e+02,4.829753610502086799e-07,1.200004829753610475e-01,1.300822922506212971e-06,7.200013008229224631e-01,3.373115588394973741e-06,1.320003373115588241e+00,1.886955643707948780e-28,2.419999999999999929e+00,1.465197311088513716e-27,3.020000000000000018e+00,1.095343591081352480e-26,3.620000000000000107e+00
2.320000000000000000e+02,5.921342729937826040e-07,1.200005921342729848e-01,1.583827598133435361e-06,7.200015838275981572e-01,4.078640717313995543e-06,1.320004078640717227e+00,2.927142406172782751e-28,2.419999999999999929e+00,2.257214206113615715e-27,3.020000000000000018e+00,1.675797488784265830e-26,3.620000000000000107e+00
2.326666666666666572e+02,7.248489825512427376e-07,1.200007248489825401e-01,1.925438904818246860e-06,7.200019254389048440e-01,4.924155838134476121e-06,1.320004924155838033e+00,4.533755788401379333e-28,2.419999999999999929e+00,3.472014644850580239e-27,3.020000000000000018e+00,2.559910670247468856e-26,3.620000000000000107e+00
2.333333333333333144e+02,8.859454454723873724e-07,1.200008859454454735e-01,2.337134416408672587e-06,7.200023371344164147e-01,5.935813385279136898e-06,1.320005935813385101e+00,7.011396155791648759e-28,2.419999999999999929e+00,5.332396483088098598e-27,3.020000000000000018e+00,3.904452982478357972e-26,3.620000000000000107e+00
2.340000000000000000e+02,1.081181329805658618e-06,1.200010811813298078e-01,2.832498903480720344e-06,7.200028324989034001e-01,7.144318379664904143e-06,1.320007144318379400e+00,1.082637337638902679e-27,2.419999999999999929e+00,8.177026963175197849e-27,3.020000000000000018e+00,5.946038210674510148e-26,3.620000000000000107e+00
2.346666666666666572e+02,1.317413795145765309e-06,1.200013174137951472e-01,3.427582537053416951e-06,7.200034275825369923e-01,8.585655792219447981e-06,1.320008585655792155e+00,1.669143236446527376e-27,2.419999999999999929e+00,1.251989071074455564e-26,3.020000000000000018e+00,9.041225591152773839e-26,3.620000000000000107e+00
2.353333333333333144e+02,1.602795031738015578e-06,1.200016027950317338e-01,4.141314415626143634e-06,7.200041413144155911e-01,1.030192200751776868e-05,1.320010301922007301e+00,2.569427243798264146e-27,2.419999999999999929e+00,1.913981595504658861e-26,3.020000000000000018e+00,1.372647511368125589e-25,3.620000000000000107e+00
2.360000000000000000e+02,1.946999678683425622e-06,1.200019469996786853e-01,4.995978931806825160e-06,7.200049959789317500e-01,1.234227314966208530e-05,1.320012342273149564e+00,3.949218418909603530e-27,2.419999999999999929e+00,2.921508057487947673e-26,3.020000000000000018e+00,2.080764165604398367e-25,3.620000000000000107e+00
2.366666666666666572e+02,2.361488764663803278e-06,1.200023614887646556e-01,6.017763335261216374e-06,7.200060177633352820e-01,1.476400423766512122e-05,1.320014764004237451e+00,6.060634512442911374e-27,2.419999999999999929e+00,4.452547190153702568e-26,3.020000000000000018e+00,3.149334598722198798e-25,3.620000000000000107e+00
2.373333333333333144e+02,2.859815390160930596e-06,1.200028598153901616e-01,7.237385752538094124e-06,7.200072373857525632e-01,1.763377439738237590e-05,1.320017633774397181e+00,9.286608706993877852e-27,2.419999999999999929e+00,6.775511474754626826e-26,3.020000000000000018e+00,4.759341414832476377e-25,3.620000000000000107e+00
2.380000000000000000e+02,3.457977999461865565e-06,1.200034579779994531e-01,8.690813891006234551e-06,7.200086908138909614e-01,2.102899466333726605e-05,1.320021028994663226e+00,1.420784827447529688e-26,2.419999999999999929e+00,1.029455908962222588e-25,3.020000000000000018e+00,7.181365448120742543e-25,3.620000000000000107e+00
2.386666666666666572e+02,4.174827775809665127e-06,1.200041748277758114e-01,1.042008568200935964e-05,7.200104200856819459e-01,2.503939624608185352e-05,1.320025039396245825e+00,2.170359046514158359e-26,2.419999999999999929e+00,1.561728471579095809e-25,3.020000000000000018e+00,1.081930357919754703e-24,3.620000000000000107e+00
2.393333333333333144e+02,5.032537435345354865e-06,1.200050325374353438e-01,1.247424420435179288e-05,7.200124742442043368e-01,2.976879850580063533e-05,1.320029768798505643e+00,3.310297093840347126e-26,2.419999999999999929e+00,2.365567890578659472e-25,3.020000000000000018e+00,1.627510118699399544e-24,3.620000000000000107e+00
2.400000000000000000e+02,6.057139495802853199e-06,1.200060571394958031e-01,1.491040036872335604e-05,7.200149104003686906e-01,3.533709724451695414e-05,1.320035337097244410e+00,5.041206309050127845e-26,2.419999999999999929e+00,3.577646419273019528e-25,3.020000000000000018e+00,2.444444602369972850e-24,3.620000000000000107e+00
2.406666666666666572e+02,7.279142954273009803e-06,1.200072791429542679e-01,1.779493803016205241e-05,7.200177949380300868e-01,4.188249528805255831e-05,1.320041882495287977e+00,7.665386914238221373e-26,2.419999999999999929e+00,5.402459607960189119e-25,3.020000000000000018e+00,3.665800389463099366e-24,3.620000000000000107e+00
2.413333333333333144e+02,8.734238223765063462e-06,1.200087342382237660e-01,2.120487742055915766e-05,7.200212048774204954e-01,4.956399865187038607e-05,1.320049563998651809e+00,1.163766368333845469e-25,2.419999999999999929e+00,8.145500070423629977e-25,3.020000000000000018e+00,5.488953329153260487e-24,3.620000000000000107e+00
2.420000000000000000e+02,1.046410114862655010e-05,1.200104641011486284e-01,2.522941404557931149e-05,7.200252294140455644e-01,5.856420284532454576e-05,1.320058564202845064e+00,1.764126140403728961e-25,2.419999999999999929e+00,1.226241716185885425e-24,3.020000000000000018e+00,8.206205242569015325e-24,3.620000000000000107e+00
2.426666666666666572e+02,1.251730794062912440e-05,1.200125173079406304e-01,2.997165145667147329e-05,7.200299716514566573e-01,6.909239503597160788e-05,1.320069092395035781e+00,2.670088029351429356e-25,2.419999999999999929e+00,1.843174837166851301e-24,3.020000000000000018e+00,1.224975274870480072e-23,3.620000000000000107e+00
2.433333333333333144e+02,1.495037394560679733e-05,1.200149503739456058e-01,3.555054757263400813e-05,7.200355505475726225e-01,8.138799883449234179e-05,1.320081387998834233e+00,4.035093808227533901e-25,2.419999999999999929e+00,2.766235119073838313e-24,3.020000000000000018e+00,1.825762919903004030e-23,3.620000000000000107e+00
2.440000000000000000e+02,1.782893025804681208e-05,1.200178289302580442e-01,4.210309546691969523e-05,7.200421030954669011e-01,9.572438933224503921e-05,1.320095724389332092e+00,6.088548966884977393e-25,2.419999999999999929e+00,4.145183492716893633e-24,3.020000000000000018e+00,2.717024495114265887e-23,3.620000000000000107e+00
2.446666666666666572e+02,2.122905333906939740e-05,1.200212290533390624e-01,4.978676073358859780e-05,7.200497867607336122e-01,1.124131066838736181e-04,1.320112413106683702e+00,9.172887817145745919e-25,2.419999999999999929e+00,6.201982562928641322e-24,3.020000000000000018e+00,4.037149540932431112e-23,3.620000000000000107e+00
2.453333333333333144e+02,2.523876395057010608e-05,1.200252387639505619e-01,5.878219867002378539e-05,7.200587821986700332e-01,1.318084969287717004e-04,1.320131808496928683e+00,1.379845535419055987e-24,2.419999999999999929e+00,9.265085539118622326e-24,3.020000000000000018e+00,5.989467749053289392e-23,3.620000000000000107e+00
2.460000000000000000e+02,2.995971288122089443e-05,1.200299597128812179e-01,6.929627553787038794e-05,7.200692962755378401e-01,1.543128088351554644e-04,1.320154312808835106e+00,2.072463902009324672e-24,2.419999999999999929e+00,1.381975797039828778e-23,3.020000000000000018e+00,8.872249300634022163e-23,3.620000000000000107e+00
2.466666666666666572e+02,3.550907209204455501e-05,1.200355090720920392e-01,8.156541905097155814e-05,7.200815654190509951e-01,1.803817752727573617e-04,1.320180381775272638e+00,3.107961199762193196e-24,2.419999999999999929e+00,2.058180942641194946e-23,3.020000000000000018e+00,1.312234204462871073e-22,3.620000000000000107e+00
2.473333333333333144e+02,4.202165103093358613e-05,1.200420216510309224e-01,9.585932395201293861e-05,7.200958593239520367e-01,2.105307069143840773e-04,1.320210530706914298e+00,4.653677822542981398e-24,2.419999999999999929e+00,3.060545071481074998e-23,3.020000000000000018e+00,1.937854128919305081e-22,3.620000000000000107e+00
2.480000000000000000e+02,4.965225893407950516e-05,1.200496522589340753e-01,1.124850390358794462e-04,7.201124850390357990e-01,2.453411248692746369e-04,1.320245341124869132e+00,6.957434879569382718e-24,2.419999999999999929e+00,4.544081563090077690e-23,3.020000000000000018e+00,2.857346592639894656e-22,3.620000000000000107e+00
2.486666666666666572e+02,5.857833492180201685e-05,1.200585783349217978e-01,1.317914622109770111e-04,7.201317914622109573e-01,2.854679570960060421e-04,1.320285467957095893e+00,1.038565993911928805e-23,2.419999999999999929e+00,6.736364338109985332e-23,3.020000000000000018e+00,4.206654797596945457e-22,3.620000000000000107e+00
2.493333333333333144e+02,6.900286857706959000e-05,1.200690028685770655e-01,1.541742701097984652e-04,7.201541742701097482e-01,3.316473210612303000e-04,1.320331647321061119e+00,1.547929432091677202e-23,2.419999999999999929e+00,9.970963571765439438e-23,3.020000000000000018e+00,6.183622065169012363e-22,3.620000000000000107e+00
2.500000000000000000e+02,8.115763443385992160e-05,1.200811576344338605e-01,1.800813083127676087e-04,7.201800813083127917e-01,3.847049120331503180e-04,1.320384704912032969e+00,2.303564245857746807e-23,2.419999999999999929e+00,1.473604037085679610e-22,3.020000000000000018e+00,9.075720509095321089e-22,3.620000000000000107e+00
2.506666666666666572e+02,9.530676436241458833e-05,1.200953067643624056e-01,2.100184673778404437e-04,7.202100184673778660e-01,4.455650125559316435e-04,1.320445565012555722e+00,3.422800697747060994e-23,2.419999999999999929e+00,2.174485856472350073e-22,3.020000000000000018e+00,1.329999260697690143e-21,3.620000000000000107e+00
2.513333333333333144e+02,1.117506821787412225e-04,1.201117506821787334e-01,2.445560685121814367e-04,7.202445560685121206e-01,5.152601339746380477e-04,1.320515260133974467e+00,5.078027004632136632e-23,2.419999999999999929e+00,3.203793259460980351e-22,3.020000000000000018e+00,1.946049117608361580e-21,3.620000000000000107e+00
2.520000000000000000e+02,1.308304248819796352e-04,1.201308304248819708e-01,2.843357808192649655e-04,7.202843357808191849e-01,5.949412953039708192e-04,1.320594941295303748e+00,7.522124407059279430e-23,2.419999999999999929e+00,4.713076520731645762e-22,3.020000000000000018e+00,2.843074937886883246e-21,3.620000000000000107e+00
2.526666666666666572e+02,1.529323746877725540e-04,1.201529323746877709e-01,3.300780895410639418e-04,7.203300780895410815e-01,6.858889381967243600e-04,1.320685888938196495e+00,1.112546390740260330e-22,2.419999999999999929e+00,6.922717510723377928e-22,3.020000000000000018e+00,4.147199504791693979e-21,3.620000000000000107e+00
2.533333333333333144e+02,1.784934254274125908e-04,1.201784934254274129e-01,3.825903315262554308e-04,7.203825903315261847e-01,7.895244692138666523e-04,1.320789524469213605e+00,1.642963283214193469e-22,2.419999999999999929e+00,1.015268333824413824e-21,3.020000000000000018e+00,6.040232566230151948e-21,3.620000000000000107e+00
2.540000000000000000e+02,2.080066058674284930e-04,1.202080066058674179e-01,4.427753102275087905e-04,7.204427753102274901e-01,9.074224119799341763e-04,1.320907422411979670e+00,2.422532980716432068e-22,2.419999999999999929e+00,1.486678918167532365e-21,3.020000000000000018e+00,8.783841783589578369e-21,3.620000000000000107e+00
2.546666666666666572e+02,2.420271810161790345e-04,1.202420271810161756e-01,5.116404978019850180e-04,7.205116404978019196e-01,1.041323142088110406e-03,1.321041323142087887e+00,3.566511676223497215e-22,2.419999999999999929e+00,2.173630086016546577e-21,3.020000000000000018e+00,1.275403076199359525e-20,3.620000000000000107e+00
2.553333333333333144e+02,2.811792504649561204e-04,1.202811792504649563e-01,5.903078262999851252e-04,7.205903078262999584e-01,1.193146166773727604e-03,1.321193146166773635e+00,5.242636098730249591e-22,2.419999999999999929e+00,3.173117848326139064e-21,3.020000000000000018e+00,1.849023910516901943e-20,3.620000000000000107e+00
2.560000000000000000e+02,3.261628602020187314e-04,1.203261628602020211e-01,6.800240634229841969e-04,7.206800240634229082e-01,1.365003899392836948e-03,1.321365003899392709e+00,7.694632605537337281e-22,2.419999999999999929e+00,4.625076054917083951e-21,3.020000000000000018e+00,2.676515149258362690e-20,3.620000000000000107e+00
2.566666666666666856e+02,3.777616410800316749e-04,1.203777616410800222e-01,7.821717608664471204e-04,7.207821717608664525e-01,1.559215865631475868e-03,1.321559215865631298e+00,1.127608068852413486e-21,2.419999999999999929e+00,6.731063179497507250e-21,3.020000000000000018e+00,3.868378813006406525e-20,3.620000000000000107e+00
2.573333333333333144e+02,4.368509831524105777e-04,1.204368509831524048e-01,8.982807547953137062e-04,7.208982807547953398e-01,1.778323264157485222e-03,1.321778323264157340e+00,1.649911208407089149e-21,2.419999999999999929e+00,9.780939369410609981e-21,3.020000000000000018e+00,5.582392873378622472e-20,3.620000000000000107e+00
2.580000000000000000e+02,5.044067503664100612e-04,1.205044067503664024e-01,1.030040188501976910e-03,7.210300401885019195e-01,2.025103789159437770e-03,1.322025103789159273e+00,2.410433099512792235e-21,2.419999999999999929e+00,1.419088818556615384e-20,3.020000000000000018e+00,8.043478603100390743e-20,3.620000000000000107e+00
2.586666666666666856e+02,5.815145345580965616e-04,1.205815145345580930e-01,1.179311016751255926e-03,7.211793110167512566e-01,2.302586605968871998e-03,1.322302586605968777e+00,3.516103927975641392e-21,2.419999999999999929e+00,2.055751903119735377e-20,3.020000000000000018e+00,1.157176313982386643e-19,3.620000000000000107e+00
2.593333333333333144e+02,6.693794412900173343e-04,1.206693794412900117e-01,1.348138939723389409e-03,7.213481389397233823e-01,2.614067353834078223e-03,1.322614067353834022e+00,5.121066740934258933e-21,2.419999999999999929e+00,2.973472562017843890e-20,3.020000000000000018e+00,1.662215285922248032e-19,3.620000000000000107e+00
2.600000000000000000e+02,7.693363927655963268e-04,1.207693363927655889e-01,1.538767701838588244e-03,7.215387677018385570e-01,2.963123032032170118e-03,1.322963123032032007e+00,7.447170207825946290e-21,2.419999999999999929e+00,4.294269350057233955e-20,3.020000000000000018e+00,2.384004767554356073e-19,3.620000000000000107e+00
2.606666666666666856e+02,8.828609248138382087e-04,1.208828609248138314e-01,1.753652677120626138e-03,7.217536526771205496e-01,3.353626607031798702e-03,1.323353626607031597e+00,1.081319999386428939e-20,2.419999999999999929e+00,6.192225146276224941e-20,3.020000000000000018e+00,3.413965113578902702e-19,3.620000000000000107e+00
2.613333333333333144e+02,1.011580445742942978e-03,1.210115804457429362e-01,1.995474648188666055e-03,7.219954746481885843e-01,3.789761159542172006e-03,1.323789761159541944e+00,1.567650706742590745e-20,2.419999999999999929e+00,8.915307100200135301e-20,3.020000000000000018e+00,4.881385982288956968e-19,3.620000000000000107e+00
2.620000000000000000e+02,1.157285914702622541e-03,1.211572859147026227e-01,2.267153670534534631e-03,7.222671536705345119e-01,4.276033371226452620e-03,1.324276033371226236e+00,2.269219365675568472e-20,2.419999999999999929e+00,1.281616199236755725e-19,3.020000000000000018e+00,6.968821361866247286e-19,3.620000000000000107e+00
2.626666666666666856e+02,1.321943886078859928e-03,1.213219438860788507e-01,2.571862897552986207e-03,7.225718628975529301e-01,4.817286131877010665e-03,1.324817286131876770e+00,3.279712471896735836e-20,2.419999999999999929e+00,1.839550776950474953e-19,3.020000000000000018e+00,9.933621906352326389e-19,3.620000000000000107e+00
2.633333333333333144e+02,1.507708854394389621e-03,1.215077088543943806e-01,2.913042224978459709e-03,7.229130422249784305e-01,5.418710029236246430e-03,1.325418710029236058e+00,4.732898305690571462e-20,2.419999999999999929e+00,2.636317324716418816e-19,3.020000000000000018e+00,1.413800175478237767e-18,3.620000000000000107e+00
2.640000000000000000e+02,1.716935821243871247e-03,1.217169358212438629e-01,3.294411596102597966e-03,7.232944115961025267e-01,6.085853465718276886e-03,1.326085853465718056e+00,6.819470989585114310e-20,2.419999999999999929e+00,3.772382301845336001e-19,3.020000000000000018e+00,2.009095348319080700e-18,3.620000000000000107e+00
2.646666666666666288e+02,1.952192992017068264e-03,1.219521929920170666e-01,3.719983791594793678e-03,7.237199837915947453e-01,6.824631129397913665e-03,1.326824631129397858e+00,9.810842662024302210e-20,2.419999999999999929e+00,5.389715301612714792e-19,3.020000000000000018e+00,2.850658390080022873e-18,3.620000000000000107e+00
2.653333333333333144e+02,2.216274495641935762e-03,1.222162744956419300e-01,4.194076510146188021e-03,7.241940765101461119e-01,7.641330531165045972e-03,1.327641330531164954e+00,1.409269481542775312e-19,2.419999999999999929e+00,7.688614093265453228e-19,3.020000000000000018e+00,4.038517010539215500e-18,3.620000000000000107e+00
2.660000000000000000e+02,2.512213005418578900e-03,1.225122130054185771e-01,4.721323528752980996e-03,7.247213235287529587e-01,8.542616306294176926e-03,1.328542616306294111e+00,2.021221433361301794e-19,2.419999999999999929e+00,1.095121771390867117e-18,3.020000000000000018e+00,5.712559913214617886e-18,3.620000000000000107e+00
2.666666666666666288e+02,2.843292123353018640e-03,1.228432921233530151e-01,5.306684714537077824e-03,7.253066847145370755e-01,9.535531967284788593e-03,1.329535531967284578e+00,2.894448683251575728e-19,2.419999999999999929e+00,1.557431212352947628e-18,3.020000000000000018e+00,8.068108518428825291e-18,3.620000000000000107e+00
2.673333333333333144e+02,3.213058374394450311e-03,1.232130583743944463e-01,5.955454643874960943e-03,7.259554546438748979e-01,1.062749878612093482e-02,1.330627498786120855e+00,4.138566376288463621e-19,2.419999999999999929e+00,2.211502561692669562e-18,3.020000000000000018e+00,1.137744659116098543e-17,3.620000000000000107e+00
2.680000000000000000e+02,3.625332640822427014e-03,1.236253326408224273e-01,6.673269569611819420e-03,7.266732695696117572e-01,1.182631147853470226e-02,1.331826311478534475e+00,5.908348545930078823e-19,2.419999999999999929e+00,3.135437375349789653e-18,3.020000000000000018e+00,1.601953816811672989e-17,3.620000000000000107e+00
2.686666666666666288e+02,4.084220850939164135e-03,1.240842208509391614e-01,7.466112463641113792e-03,7.274661124636411236e-01,1.314013036089309826e-02,1.333140130360892961e+00,8.421983790168037111e-19,2.419999999999999929e+00,4.438548059412088774e-18,3.020000000000000018e+00,2.252098021709548517e-17,3.620000000000000107e+00
2.693333333333333144e+02,4.594123720439426302e-03,1.245941237204394175e-01,8.340315850509783316e-03,7.283403158505097341e-01,1.457746965240418538e-02,1.334577469652403980e+00,1.198656670514158090e-18,2.419999999999999929e+00,6.273585683707216312e-18,3.020000000000000018e+00,3.161234392513982356e-17,3.620000000000000107e+00
2.700000000000000000e+02,5.159745329630712786e-03,1.251597453296307005e-01,9.302562138370733605e-03,7.293025621383707469e-01,1.614718160189826390e-02,1.336147181601898160e+00,1.703363447487916371e-18,2.419999999999999929e+00,8.853660255952107175e-18,3.020000000000000018e+00,4.430555883713450404e-17,3.620000000000000107e+00
2.706666666666666288e+02,5.786100305359100603e-03,1.257861003053590832e-01,1.035988114696224059e-02,7.303598811469622643e-01,1.785843612989635593e-02,1.337858436129896189e+00,2.416862548111323941e-18,2.419999999999999929e+00,1.247561554749269849e-17,3.020000000000000018e+00,6.200002304574591076e-17,3.620000000000000107e+00
2.713333333333333144e+02,6.478519363379060640e-03,1.264785193633790605e-01,1.151964452876085877e-02,7.315196445287608373e-01,1.972069569340615183e-02,1.339720695693406016e+00,3.423960074152812923e-18,2.419999999999999929e+00,1.755226732720195223e-17,3.020000000000000018e+00,8.662786171378858750e-17,3.620000000000000107e+00
2.720000000000000000e+02,7.242652955336366903e-03,1.272426529553363495e-01,1.278955677945405218e-02,7.327895567794540099e-01,2.174368510322602366e-02,1.341743685103225836e+00,4.843257317725436602e-18,2.419999999999999929e+00,2.465679236949733936e-17,3.020000000000000018e+00,1.208524473935131303e-16,3.620000000000000107e+00
2.726666666666666288e+02,8.084472754871886019e-03,1.280844727548718920e-01,1.417764253782264651e-02,7.341776425378225834e-01,2.393735605177910175e-02,1.343937356051778886e+00,6.840352874320091175e-18,2.419999999999999929e+00,3.458374680027846295e-17,3.020000000000000018e+00,1.683392610613544162e-16,3.620000000000000107e+00
2.733333333333333144e+02,9.010270709972097516e-03,1.290102707099720913e-01,1.569222988339683336e-02,7.356922298833967755e-01,2.631184614384907833e-02,1.346311846143849023e+00,9.646096022940836512e-18,2.419999999999999929e+00,4.843280469024015073e-17,3.020000000000000018e+00,2.341248406006710980e-16,3.620000000000000551e+00
2.740000000000000000e+02,1.002665538397507286e-02,1.300266553839750650e-01,1.734192935322664483e-02,7.373419293532266217e-01,2.887743226319744103e-02,1.348877432263197340e+00,1.358178235992505334e-17,2.419999999999999929e+00,6.772348635723127531e-17,3.020000000000000018e+00,3.251185014131520342e-16,3.620000000000000551e+00
2.746666666666666288e+02,1.114054530597458417e-02,1.311405453059745763e-01,1.913560841712466654e-02,7.391356084171246676e-01,3.164447815497237887e-02,1.351644478154972129e+00,1.909387453188530238e-17,2.419999999999999929e+00,9.455208424770585199e-17,3.020000000000000018e+00,4.507834735512643094e-16,3.620000000000000551e+00
2.753333333333333144e+02,1.235915905312528693e-02,1.323591590531252860e-01,2.108236117407197990e-02,7.410823611740720018e-01,3.462337615701711196e-02,1.354623376157017001e+00,2.680176984957507008e-17,2.419999999999999929e+00,1.318059505691317174e-16,3.020000000000000018e+00,6.240600743902302557e-16,3.620000000000000551e+00
2.760000000000000000e+02,1.369000179291374533e-02,1.336900017929137374e-01,2.319147306136988551e-02,7.431914730613699005e-01,3.782448307251773389e-02,1.357824483072517463e+00,3.756340857930968847e-17,2.419999999999999929e+00,1.834556282350692202e-16,3.020000000000000018e+00,8.626148352120500968e-16,3.620000000000000995e+00
2.766666666666666288e+02,1.514084802317299666e-02,1.351408480231729992e-01,2.547238040274225207e-02,7.454723804027422185e-01,4.125805024164905938e-02,1.361258050241648920e+00,5.256523693008892193e-17,2.419999999999999929e+00,2.549524407667875770e-16,3.020000000000000462e+00,1.190527848337102741e-15,3.620000000000001439e+00
2.773333333333333144e+02,1.671972026180086959e-02,1.367197202618008756e-01,2.793462466202539449e-02,7.479346246620253158e-01,4.493414794058245287e-02,1.364934147940582321e+00,7.344536101821206921e-17,2.419999999999999929e+00,3.537687112716970897e-16,3.020000000000000462e+00,1.640568263951598601e-15,3.620000000000001883e+00
2.780000000000000000e+02,1.843486345708293325e-02,1.384348634570829184e-01,3.058780131534556343e-02,7.505878013153455264e-01,4.886258431193023222e-02,1.368862584311929975e+00,1.024618575727611312e-16,2.419999999999999929e+00,4.901305539301066453e-16,3.020000000000000462e+00,2.257257813243084017e-15,3.620000000000002327e+00
2.786666666666666288e+02,2.029471491346489243e-02,1.402947149134649019e-01,3.344150330670005167e-02,7.534415033067000111e-01,5.305281911079584578e-02,1.373052819110795575e+00,1.427224169868004870e-16,2.419999999999999929e+00,6.780102275812579046e-16,3.020000000000000906e+00,3.100988355150537761e-15,3.620000000000003215e+00
2.793333333333333144e+02,2.230786955674160868e-02,1.423078695567416008e-01,3.650525910942317015e-02,7.565052591094231227e-01,5.751387263429383334e-02,1.377513872634293701e+00,1.984971474657863550e-16,2.419999999999999929e+00,9.364677487751313542e-16,3.020000000000000906e+00,4.253546817497711558e-15,3.620000000000004547e+00
2.800000000000000000e+02,2.448304039705869947e-02,1.444830403970586985e-01,3.978846547885862145e-02,7.597884654788585879e-01,6.225423028884184695e-02,1.382254230288841645e+00,2.756439468502810510e-16,2.420000000000000373e+00,1.291461657433355634e-15,3.020000000000001350e+00,5.825516152583320621e-15,3.620000000000005880e+00
2.806666666666666288e+02,2.682901408791136047e-02,1.468290140879113526e-01,4.330031504927311231e-02,7.633003150492730926e-01,6.728174333770761684e-02,1.387281743337707374e+00,3.821859884456371855e-16,2.420000000000000373e+00,1.778288909387534062e-15,3.020000000000001794e+00,7.966172671479877167e-15,3.620000000000008100e+00
2.813333333333333144e+02,2.935460152442755100e-02,1.493546015244275327e-01,4.704971900009134039e-02,7.670497190000913346e-01,7.260352646006787425e-02,1.392603526460067798e+00,5.290944108960648141e-16,2.420000000000000373e+00,2.444866977353940016e-15,3.020000000000002682e+00,1.087669955521945509e-14,3.620000000000010765e+00
2.820000000000000000e+02,3.206858347452590241e-02,1.520685834745258980e-01,5.104522509228933552e-02,7.710452250922893436e-01,7.822585284100434799e-02,1.398225852841004091e+00,7.313473602884772860e-16,2.420000000000000817e+00,3.356141482369766037e-15,3.020000000000003570e+00,1.482779797709035640e-14,3.620000000000014762e+00
2.826666666666666288e+02,3.497965129183289862e-02,1.549796512918328872e-01,5.529493145449881214e-02,7.752949314544987924e-01,8.415404759811209723e-02,1.404154047598112021e+00,1.009360567068413206e-15,2.420000000000000817e+00,4.599995411518931794e-15,3.020000000000004459e+00,2.018311988491685535e-14,3.620000000000020091e+00
2.833333333333333144e+02,3.809634281918947152e-02,1.580963428191894671e-01,5.980639657915273050e-02,7.798063965791527385e-01,9.039238043329747563e-02,1.410392380433297399e+00,1.390916571611137914e-15,2.420000000000001261e+00,6.295158187144177437e-15,3.020000000000006235e+00,2.743039433151681506e-14,3.620000000000027640e+00
2.840000000000000000e+02,4.142697365576693963e-02,1.614269736557669421e-01,6.458654607088112898e-02,7.845865460708810746e-01,9.694395847646732067e-02,1.416943958476467147e+00,1.913762059053918904e-15,2.420000000000001705e+00,8.601773615365024366e-15,3.020000000000008455e+00,3.722270355332166501e-14,3.620000000000037410e+00
2.846666666666666288e+02,4.497956402871822190e-02,1.649795640287182175e-01,6.964157677126832369e-02,7.896415767712683387e-01,1.038106203596787097e-01,1.423810620359678536e+00,2.629098822845021214e-15,2.420000000000002593e+00,1.173549683678435097e-14,3.020000000000011564e+00,5.043312597375541639e-14,3.620000000000050733e+00
2.853333333333333144e+02,4.876176158124911897e-02,1.687617615812491145e-01,7.497685896480013601e-02,7.949768589648000816e-01,1.109928326243690977e-01,1.430992832624368827e+00,3.606267953965451224e-15,2.420000000000003482e+00,1.598626708479751742e-14,3.020000000000016005e+00,6.822695254465003800e-14,3.620000000000068496e+00
2.860000000000000000e+02,5.278076046227895418e-02,1.727807604622789428e-01,8.059683744913229142e-02,8.005968374491322370e-01,1.184895896190614473e-01,1.438489589619061260e+00,4.939024564146728901e-15,2.420000000000004814e+00,2.174326504500962618e-14,3.020000000000021778e+00,9.215696643806291632e-14,3.620000000000092477e+00
2.866666666666666288e+02,5.704321717762167454e-02,1.770432171776216701e-01,8.650493232738777627e-02,8.065049323273877357e-01,1.262983180889832302e-01,1.446298318088983015e+00,6.753929004080766282e-15,2.420000000000006590e+00,2.952803634006463448e-14,3.020000000000029328e+00,1.242889385823496616e-13,3.620000000000124452e+00
2.873333333333333144e+02,6.155516373788363221e-02,1.815551637378836347e-01,9.270344044963906016e-02,8.127034404496390474e-01,1.344147876908989570e-01,1.454414787690898825e+00,9.221549622903450879e-15,2.420000000000009255e+00,4.003837888827728457e-14,3.020000000000039986e+00,1.673666407536481454e-13,3.620000000000167528e+00
2.880000000000000000e+02,6.632191871302542396e-02,1.863219187130254195e-01,9.919343849368875143e-02,8.191934384936887525e-01,1.428330286848751296e-01,1.462833028684874970e+00,1.257139393709834420e-14,2.420000000000012363e+00,5.420639368563035525e-14,3.020000000000054197e+00,2.250284512400358421e-13,3.620000000000225260e+00
2.886666666666666288e+02,7.134799687666025514e-02,1.913479968766602646e-01,1.059746887303504997e-01,8.259746887303505147e-01,1.515452580585034681e-01,1.471545258058503336e+00,1.711177555460341967e-14,2.420000000000017248e+00,7.327513990900822251e-14,3.020000000000073292e+00,3.020912000593016547e-13,3.620000000000302087e+00
2.893333333333333144e+02,7.663701819344785615e-02,1.966370181934478656e-01,1.130455485642259117e-01,8.330455485642258573e-01,1.605418153272087922e-01,1.480541815327208521e+00,2.325620388976425721e-14,2.420000000000023022e+00,9.889968520987614098e-14,3.020000000000099050e+00,4.049214927517140276e-13,3.620000000000405116e+00
2.900000000000000000e+02,8.219161696917881565e-02,2.021916169691788112e-01,1.204028849761928782e-01,8.404028849761928655e-01,1.698111092258725863e-01,1.489811109225872343e+00,3.155837909955532071e-14,2.420000000000031459e+00,1.332800888961995278e-13,3.020000000000133245e+00,5.419206441593154074e-13,3.620000000000541895e+00
2.906666666666666288e+02,8.801335204407542689e-02,2.080133520440754225e-01,1.280419950172171917e-01,8.480419950172171095e-01,1.793395764614736654e-01,1.499339576461473422e+00,4.275851984731437559e-14,2.420000000000042562e+00,1.793361118664734545e-13,3.020000000000179430e+00,7.241569003890865385e-13,3.620000000000724416e+00
2.913333333333333144e+02,9.410261896413901761e-02,2.141026189641390132e-01,1.359565335134715613e-01,8.559565335134715625e-01,1.891116536333059539e-01,1.509111653633305794e+00,5.784459020089894471e-14,2.420000000000057661e+00,2.409363557643983285e-13,3.020000000000241158e+00,9.661882746568260279e-13,3.620000000000966445e+00
2.920000000000000000e+02,1.004585651118129752e-01,2.204585651118129708e-01,1.441384491391140832e-01,8.641384491391140843e-01,1.991097633464895544e-01,1.519109763346489395e+00,7.813308024096637816e-14,2.420000000000078089e+00,3.231982765562977013e-13,3.020000000000323315e+00,1.287131632401414937e-12,3.620000000001287077e+00
2.926666666666666288e+02,1.070790088145727320e-01,2.270790088145727137e-01,1.525779299945792811e-01,8.725779299945792822e-01,2.093143154460496702e-01,1.529314315446049566e+00,1.053754044502529723e-13,2.420000000000105178e+00,4.328803248148233264e-13,3.020000000000433005e+00,1.712049337835587317e-12,3.620000000001712070e+00
2.933333333333333144e+02,1.139603634770665064e-01,2.339603634770665019e-01,1.612633597941174612e-01,8.812633597941174068e-01,2.197037241831399090e-01,1.539703724183139721e+00,1.418978041172234408e-13,2.420000000000142037e+00,5.788936275347131756e-13,3.020000000000579110e+00,2.273744701042626679e-12,3.620000000002273843e+00
2.940000000000000000e+02,1.210975677980462989e-01,2.410975677980463083e-01,1.701812857161515702e-01,8.901812857161515158e-01,2.302544419927773367e-01,1.550254441992777288e+00,1.907849912687260477e-13,2.420000000000190887e+00,7.729685116725504293e-13,3.020000000000773177e+00,3.015082745842519241e-12,3.620000000003015028e+00
2.946666666666666288e+02,1.284840231365572960e-01,2.484840231365572916e-01,1.793163989035348183e-01,8.993163989035347639e-01,2.409410104147321208e-01,1.560941010414731878e+00,2.561208000502775064e-13,2.420000000000256168e+00,1.030521240421686583e-12,3.020000000001030749e+00,3.991984831222018720e-12,3.620000000003992024e+00
2.953333333333333144e+02,1.361115390817639603e-01,2.561115390817639836e-01,1.886515285179152235e-01,9.086515285179151968e-01,2.517361285271862426e-01,1.571736128527186027e+00,3.433030047242792744e-13,2.420000000000343210e+00,1.371779170900890486e-12,3.020000000001371809e+00,5.277286117703805553e-12,3.620000000005277219e+00
2.960000000000000000e+02,1.439702882567180653e-01,2.639702882567180886e-01,1.981676501534251345e-01,9.181676501534250523e-01,2.626107390880910164e-01,1.582610739088090801e+00,4.594544591785500325e-13,2.420000000000459561e+00,1.823238875582649757e-12,3.020000000001823448e+00,6.965695904494762680e-12,3.620000000006965646e+00
2.966666666666666288e+02,1.520487713477711444e-01,2.720487713477711678e-01,2.078439093003258964e-01,9.278439093003258975e-01,2.735341323936574809e-01,1.593534132393657377e+00,6.139591111994428997e-13,2.420000000000614104e+00,2.419552511914625082e-12,3.020000000002419416e+00,9.180165113700215295e-12,3.620000000009180319e+00
2.973333333333333144e+02,1.603337932978028679e-01,2.803337932978028357e-01,2.176576604197579534e-01,9.376576604197579545e-01,2.844740676691580039e-01,1.604474067669157789e+00,8.191596241655698449e-13,2.420000000000819274e+00,3.205964014767024680e-12,3.020000000003205898e+00,1.208004592978644515e-11,3.620000000012080221e+00
2.980000000000000000e+02,1.688104515328933131e-01,2.888104515328933086e-01,2.275845220474898845e-01,9.475845220474898856e-01,2.953969116066034739e-01,1.615396911606603370e+00,1.091263775296851711e-12,2.420000000001091056e+00,4.241449944723249919e-12,3.020000000004241514e+00,1.587152984599474486e-11,3.620000000015871855e+00
2.986666666666666288e+02,1.774621370086073291e-01,2.974621370086073524e-01,2.375984481888454292e-01,9.575984481888454303e-01,3.062677934594524309e-01,1.626267793459452271e+00,1.451520090773650183e-12,2.420000000001451657e+00,5.602761817860272223e-12,3.020000000005602647e+00,2.082097708763086855e-11,3.620000000020821229e+00
2.993333333333333144e+02,1.862705487639664537e-01,3.062705487639664215e-01,2.476718161003397811e-01,9.676718161003396990e-01,3.170507758989465907e-01,1.637050775898946320e+00,1.927740072623096576e-12,2.420000000001927720e+00,7.389619661002825283e-12,3.020000000007389662e+00,2.727190867340554869e-11,3.620000000027272069e+00
3.000000000000000000e+02,1.952157225590938072e-01,3.152157225590938028e-01,2.577755303778692109e-01,9.777755303778692397e-01,3.277090406328738159e-01,1.647709040632873601e+00,2.556265806257788114e-12,2.420000000002556106e+00,9.731373093993601795e-12,3.020000000009731345e+00,3.566662971697355320e-11,3.620000000035666687e+00
3.006666666666666288e+02,2.042760740472728820e-01,3.242760740472728775e-01,2.678791430886334757e-01,9.878791430886334490e-01,3.382050875884770047e-01,1.658205087588476845e+00,3.384508878644755124e-12,2.420000000003384333e+00,1.279552978993435092e-11,3.020000000012795560e+00,4.657369810743300567e-11,3.620000000046573962e+00
3.013333333333333144e+02,2.134284567947883349e-01,3.334284567947883304e-01,2.779509894965332961e-01,9.979509894965332695e-01,3.485009462697540306e-01,1.668500946269753982e+00,4.474220838922791823e-12,2.420000000004474128e+00,1.679865583881613751e-11,3.020000000016798580e+00,6.072275760230698116e-11,3.620000000060722645e+00
3.020000000000000000e+02,2.226482353138163062e-01,3.426482353138162740e-01,2.879583387410711293e-01,1.007958338741071103e+00,3.585583977185692883e-01,1.678558397718569184e+00,5.905698701636864240e-12,2.420000000005905427e+00,2.202028342380011627e-11,3.020000000022020181e+00,7.904863221206481036e-11,3.620000000079048874e+00
3.026666666666666288e+02,2.319093731163617833e-01,3.519093731163617789e-01,2.978675586403773390e-01,1.017867558640377368e+00,3.683392053417311462e-01,1.688339205341730986e+00,7.783183465963225835e-12,2.420000000007783036e+00,2.882062455305182858e-11,3.020000000028820519e+00,1.027470460653441873e-10,3.620000000102747251e+00
3.033333333333333144e+02,2.411845356325469925e-01,3.611845356325469880e-01,3.076442936025002295e-01,1.027644293602500092e+00,3.778053527151913338e-01,1.697805352715191063e+00,1.024177807090589996e-11,2.420000000010241514e+00,3.766309301570153364e-11,3.020000000037663224e+00,1.333449097344117238e-10,3.620000000133344997e+00
3.040000000000000000e+02,2.504452076664681615e-01,3.704452076664681570e-01,3.172536544483291476e-01,1.037253654448329065e+00,3.869192863444998465e-01,1.706919286344499742e+00,1.345629704334337170e-11,2.420000000013456276e+00,4.914288958612213096e-11,3.020000000049142930e+00,1.727888244748897388e-10,3.620000000172789001e+00
3.046666666666666288e+02,2.596618248895357639e-01,3.796618248895357595e-01,3.266604187772326195e-01,1.046660418777232593e+00,3.956441612500063987e-01,1.715644161250006183e+00,1.765256753081747720e-11,2.420000000017652475e+00,6.402321917013974868e-11,3.020000000064023027e+00,2.235563291908317777e-10,3.620000000223556391e+00
3.053333333333333144e+02,2.688039186969329863e-01,3.888039186969329819e-01,3.358292403453234098e-01,1.055829240345323328e+00,4.039440871581134740e-01,1.723944087158113314e+00,2.312183561440905313e-11,2.420000000023121878e+00,8.328109691619194948e-11,3.020000000083280955e+00,2.887954863153045692e-10,3.620000000288795761e+00
3.060000000000000000e+02,2.778402735800451495e-01,3.978402735800451451e-01,3.447248657789269699e-01,1.064724865778926999e+00,4.117843730180799078e-01,1.731784373018079748e+00,3.023909910786888248e-11,2.420000000030238851e+00,1.081651801061119659e-10,3.020000000108165050e+00,3.724997143844730149e-10,3.620000000372499915e+00
3.066666666666666288e+02,2.867390959989261634e-01,4.067390959989261590e-01,3.533123568148264226e-01,1.073312356814826396e+00,4.191317675289198963e-01,1.739131767528919736e+00,3.948639622151928910e-11,2.420000000039486121e+00,1.402686542358601949e-10,3.020000000140268703e+00,4.797263774038674474e-10,3.620000000479726587e+00
3.073333333333333144e+02,2.954681935765305911e-01,4.154681935765305867e-01,3.615573161464572527e-01,1.081557316146457115e+00,4.259546933539093416e-01,1.745954693353909182e+00,5.148233796717331011e-11,2.420000000051482303e+00,1.816209296647697241e-10,3.020000000181620958e+00,6.168695945159544981e-10,3.620000000616869773e+00
3.080000000000000000e+02,3.039951632831348061e-01,4.239951632831348016e-01,3.694261148636116543e-01,1.089426114863611517e+00,4.322234727218640660e-01,1.752223472721863962e+00,6.701949252762017402e-11,2.420000000067019208e+00,2.348027991560268135e-10,3.020000000234802862e+00,7.920001099037700766e-10,3.620000000792000350e+00
3.086666666666666288e+02,3.122875871375546675e-01,4.322875871375546630e-01,3.768861194042160689e-01,1.096886119404216098e+00,4.379105421649525653e-01,1.757910542164952350e+00,8.711162601192224967e-11,2.420000000087111580e+00,3.030908021348328387e-10,3.020000000303090903e+00,1.015287947797037790e-09,3.620000001015287960e+00
3.093333333333333144e+02,3.203132338237491550e-01,4.403132338237491505e-01,3.839059158918664005e-01,1.103905915891866485e+00,4.429906542221530019e-01,1.762990654222152731e+00,1.130532930356968963e-10,2.420000000113053051e+00,3.906378812217551985e-10,3.020000000390637762e+00,1.299527072237972856e-09,3.620000001299527259e+00
3.100000000000000000e+02,3.280402645094672720e-01,4.480402645094672676e-01,3.904555297133079916e-01,1.110455529713307854e+00,4.474410640449749677e-01,1.767441064044974919e+00,1.464948729243630360e-10,2.420000000146494745e+00,5.026990515934965914e-10,3.020000000502699233e+00,1.660785495758793974e-09,3.620000001660785394e+00
3.106666666666666288e+02,3.354374410597880107e-01,4.554374410597880063e-01,3.965066381967655706e-01,1.116506638196765433e+00,4.512416989766967479e-01,1.771241698976696588e+00,1.895368877922269504e-10,2.420000000189536760e+00,6.459127948760542618e-10,3.020000000645912674e+00,2.119209376657702179e-09,3.620000002119209359e+00
3.113333333333333144e+02,3.424743347644875202e-01,4.624743347644875158e-01,4.020327742853752051e-01,1.122032774285375289e+00,4.543753093365653917e-01,1.774375309336565287e+00,2.448483470934104001e-10,2.420000000244848071e+00,8.286513090573173372e-10,3.020000000828651388e+00,2.700015777358510556e-09,3.620000002700015873e+00
3.120000000000000000e+02,3.491215336457634266e-01,4.691215336457634222e-01,4.070095191600460183e-01,1.127009519160045992e+00,4.568275988243195029e-01,1.776827598824319399e+00,3.158149752390097559e-10,2.420000000315814859e+00,1.061455680348069703e-09,3.020000001061455830e+00,3.434716121371024557e-09,3.620000003434716174e+00
3.126666666666666288e+02,3.553508463832146802e-01,4.753508463832146758e-01,4.114146818525163396e-01,1.131414681852516368e+00,4.585873331657057128e-01,1.778587333165705608e+00,4.067245373641485262e-10,2.420000000406724361e+00,1.357575593882663559e-09,3.020000001357575403e+00,4.362621211673233960e-09,3.620000004362621482e+00
3.133333333333333144e+02,3.611355008870101302e-01,4.811355008870101257e-01,4.152284640013554906e-01,1.135228464001355464e+00,4.596464258437019668e-01,1.779646425843701696e+00,5.229981344809179216e-10,2.420000000522998018e+00,1.733637487917151575e-09,3.020000001733637696e+00,5.532689224873057151e-09,3.620000005532689524e+00
3.140000000000000000e+02,3.664503355685369002e-01,4.864503355685368957e-01,4.184336080400571367e-01,1.138433608040056999e+00,4.600000000000000200e-01,1.779999999999999805e+00,6.714783540488485410e-10,2.420000000671478357e+00,2.210470222415161283e-09,3.020000002210470047e+00,7.005790682567809940e-09,3.620000007005790721e+00
3.146666666666666288e+02,3.712719814007206520e-01,4.912719814007206476e-01,4.210155272655953795e-01,1.141015527265595297e+00,4.596464258437020223e-01,1.779646425843701918e+00,8.607876079148799063e-10,2.420000000860787370e+00,2.814123543996969651e-09,3.020000002814123619e+00,8.857479382527379670e-09,3.620000008857479301e+00
3.153333333333333144e+02,3.755790329274775741e-01,4.955790329274775696e-01,4.229624164158855559e-01,1.142962416415885585e+00,4.585873331657058793e-01,1.778587333165705608e+00,1.101772952549585633e-09,2.420000001101772824e+00,3.577122080042346592e-09,3.020000003577122172e+00,1.118137606222299075e-08,3.620000011181376376e+00
3.160000000000000000e+02,3.793522064729135668e-01,4.993522064729135623e-01,4.242653415832663977e-01,1.144265341583266427e+00,4.568275988243195029e-01,1.776827598824319399e+00,1.408057268143325321e-09,2.420000001408057155e+00,4.540006512900804002e-09,3.020000004540006611e+00,1.409329264353930319e-08,3.620000014093292862e+00
3.166666666666666288e+02,3.825744839150255205e-01,5.025744839150254606e-01,4.249183085057777753e-01,1.144918308505777693e+00,4.543753093365656692e-01,1.774375309336565509e+00,1.796720993253269131e-09,2.420000001796720923e+00,5.753224235758732303e-09,3.020000005753224137e+00,1.773624981902645874e-08,3.620000017736249909e+00
3.173333333333333144e+02,3.852312405244793792e-01,5.052312405244794302e-01,4.249183085057777753e-01,1.144918308505777693e+00,4.512416989766970254e-01,1.771241698976696810e+00,2.289143811238737328e-09,2.420000002289143914e+00,7.279444482556987267e-09,3.020000007279444620e+00,2.228657011510986664e-08,3.620000022286570029e+00
3.180000000000000000e+02,3.873103555249665098e-01,5.073103555249665053e-01,4.242653415832663977e-01,1.144265341583266427e+00,4.474410640449749677e-01,1.767441064044974919e+00,2.912041928988477144e-09,2.420000002912041648e+00,9.196388011814415245e-09,3.020000009196388113e+00,2.796126312333416375e-08,3.620000027961263189e+00
3.186666666666666288e+02,3.888023042057069945e-01,5.088023042057070455e-01,4.229624164158856670e-01,1.142962416415885585e+00,4.429906542221534460e-01,1.762990654222153175e+00,3.698744070766437146e-09,2.420000003698743907e+00,1.160027931962151757e-08,3.020000011600279421e+00,3.502696014243255433e-08,3.620000035026960106e+00
3.193333333333333144e+02,3.897002306066169042e-01,5.097002306066169552e-01,4.210155272655955461e-01,1.141015527265595519e+00,4.379105421649530649e-01,1.757910542164952794e+00,4.690758255870635123e-09,2.420000004690758377e+00,1.461005053366162635e-08,3.020000014610050521e+00,4.381070294579395678e-08,3.620000043810703172e+00
3.200000000000000000e+02,3.900000000000000133e-01,5.100000000000000089e-01,4.184336080400571367e-01,1.138433608040056999e+00,4.322234727218640660e-01,1.752223472721863962e+00,5.939692100437925171e-09,2.420000005939692223e+00,1.837245114067044300e-08,3.020000018372451134e+00,5.471294682402359929e-08,3.620000054712946724e+00
3.206666666666666288e+02,3.897002306066169597e-01,5.097002306066169552e-01,4.152284640013558237e-01,1.135228464001355686e+00,4.259546933539098967e-01,1.745954693353909626e+00,7.509602085186256964e-09,2.420000007509602202e+00,2.306824714468733031e-08,3.020000023068247330e+00,6.822320262408105726e-08,3.620000068223202749e+00
3.213333333333333144e+02,3.888023042057071610e-01,5.088023042057071565e-01,4.114146818525166727e-01,1.131414681852516591e+00,4.191317675289204514e-01,1.739131767528920403e+00,9.479862313623838693e-09,2.420000009479862157e+00,2.891972784956735177e-08,3.020000028919727963e+00,8.493881752927912666e-08,3.620000084938817420e+00
3.220000000000000000e+02,3.873103555249665098e-01,5.073103555249665053e-01,4.070095191600460183e-01,1.127009519160045992e+00,4.117843730180799078e-01,1.731784373018079748e+00,1.194866115430506184e-08,2.420000011948661101e+00,3.619977900887649394e-08,3.020000036199779192e+00,1.055874812645441015e-07,3.620000105587481531e+00
3.226666666666666288e+02,3.852312405244795457e-01,5.052312405244795412e-01,4.020327742853756492e-01,1.122032774285375734e+00,4.039440871581141401e-01,1.723944087158113980e+00,1.503725528134852102e-08,2.420000015037255370e+00,4.524282849707262449e-08,3.020000045242828612e+00,1.310541448974357980e-07,3.620000131054144976e+00
3.233333333333333144e+02,3.825744839150257426e-01,5.025744839150256826e-01,3.965066381967660702e-01,1.116506638196766099e+00,3.956441612500071203e-01,1.715644161250006849e+00,1.889513553237575650e-08,2.420000018895135607e+00,5.645802595041609092e-08,3.020000056458025828e+00,1.624131552381918782e-07,3.620000162413155476e+00
3.240000000000000000e+02,3.793522064729135668e-01,4.993522064729135623e-01,3.904555297133079916e-01,1.110455529713307854e+00,3.869192863444998465e-01,1.706919286344499742e+00,2.370628830021809269e-08,2.420000023706288417e+00,7.034508215234668936e-08,3.020000070345082221e+00,2.009665410028938399e-07,3.620000200966541293e+00
3.246666666666666288e+02,3.755790329274779071e-01,4.955790329274779027e-01,3.839059158918670112e-01,1.103905915891866929e+00,3.778053527151921109e-01,1.697805352715191951e+00,2.969677055554064101e-08,2.420000029696770305e+00,8.751326857941727189e-08,3.020000087513268650e+00,2.482895395620061790e-07,3.620000248289539702e+00
3.253333333333333144e+02,3.712719814007210406e-01,4.912719814007210362e-01,3.768861194042166796e-01,1.096886119404216764e+00,3.683392053417319789e-01,1.688339205341731875e+00,3.714385684534705261e-08,2.420000037143856808e+00,1.087041639087976906e-07,3.020000108704163910e+00,3.062846276134337703e-07,3.620000306284627545e+00
3.260000000000000000e+02,3.664503355685369002e-01,4.864503355685368957e-01,3.694261148636116543e-01,1.089426114863611517e+00,3.585583977185692883e-01,1.678558397718569184e+00,4.638706361167218431e-08,2.420000046387063453e+00,1.348188340000073498e-07,3.020000134818833892e+00,3.772455180512722945e-07,3.620000377245518042e+00
3.266666666666666288e+02,3.611355008870105743e-01,4.811355008870105698e-01,3.615573161464579188e-01,1.081557316146458003e+00,3.485009462697549187e-01,1.668500946269754870e+00,5.784141092041655315e-08,2.420000057841410701e+00,1.669502466482958982e-07,3.020000166950246534e+00,4.639328113981180106e-07,3.620000463932811385e+00
3.273333333333333144e+02,3.553508463832151798e-01,4.753508463832151754e-01,3.533123568148271443e-01,1.073312356814827062e+00,3.382050875884779484e-01,1.658205087588477733e+00,7.201334529656274387e-08,2.420000072013345438e+00,2.064218541814205542e-07,3.020000206421854294e+00,5.696632463669076763e-07,3.620000569663246459e+00
3.280000000000000000e+02,3.491215336457634266e-01,4.691215336457634222e-01,3.447248657789269699e-01,1.064724865778926999e+00,3.277090406328738159e-01,1.647709040632873601e+00,8.951982107211346956e-08,2.420000089519820818e+00,2.548334278282325250e-07,3.020000254833427711e+00,6.984147835311282023e-07,3.620000698414783447e+00
3.286666666666666288e+02,3.424743347644880753e-01,4.624743347644880709e-01,3.358292403453241315e-01,1.055829240345324216e+00,3.170507758989475344e-01,1.637050775898947430e+00,1.111111228478259957e-07,2.420000111111122898e+00,3.141153999982774517e-07,3.020000314115399931e+00,8.549500819835078935e-07,3.620000854950081948e+00
3.293333333333333144e+02,3.354374410597886214e-01,4.554374410597886169e-01,3.266604187772334522e-01,1.046660418777233481e+00,3.062677934594533746e-01,1.626267793459453159e+00,1.376981098758583436e-07,2.420000137698109732e+00,3.865931666278466215e-07,3.020000386593166830e+00,1.044961294659738865e-06,3.620001044961294934e+00
3.300000000000000000e+02,3.280402645094672720e-01,4.480402645094672676e-01,3.172536544483291476e-01,1.037253654448329065e+00,2.953969116066034739e-01,1.615396911606603370e+00,1.703846760676708545e-07,2.420000170384676075e+00,4.750630241973083623e-07,3.020000475063024048e+00,1.275239517206674316e-06,3.620001275239517202e+00
3.306666666666666288e+02,3.203132338237498211e-01,4.403132338237498167e-01,3.076442936025010622e-01,1.027644293602500980e+00,2.844740676691589476e-01,1.604474067669158899e+00,2.105063487590921711e-07,2.420000210506348726e+00,5.828816677042060937e-07,3.020000582881667839e+00,1.553872681453965787e-06,3.620001553872681743e+00
3.313333333333333144e+02,3.122875871375553891e-01,4.322875871375553847e-01,2.978675586403781717e-01,1.017867558640378256e+00,2.735341323936583691e-01,1.593534132393658265e+00,2.596760973244329780e-07,2.420000259676097443e+00,7.140714597383049257e-07,3.020000714071459758e+00,1.890476191280736443e-06,3.620001890476191253e+00
3.320000000000000000e+02,3.039951632831348061e-01,4.239951632831348016e-01,2.879583387410711293e-01,1.007958338741071103e+00,2.626107390880910164e-01,1.582610739088090801e+00,3.198385913912960896e-07,2.420000319838591540e+00,8.734439999387187769e-07,3.020000873443999811e+00,2.296461159472758502e-06,3.620002296461159563e+00
3.326666666666666288e+02,2.954681935765313128e-01,4.154681935765313083e-01,2.779509894965341843e-01,9.979509894965341577e-01,2.517361285271871862e-01,1.571736128527187137e+00,3.933343400984043796e-07,2.420000393334340139e+00,1.066744881719653968e-06,3.020001066744881779e+00,2.785345722423948761e-06,3.620002785345722618e+00
3.333333333333333144e+02,2.867390959989269406e-01,4.067390959989269361e-01,2.678791430886343083e-01,9.878791430886342262e-01,2.409410104147330367e-01,1.560941010414732766e+00,4.829753610502043388e-07,2.420000482975360967e+00,1.300822922506206195e-06,3.020001300822922730e+00,3.373115588394944095e-06,3.620003373115588285e+00
3.340000000000000000e+02,2.778402735800451495e-01,3.978402735800451451e-01,2.577755303778692109e-01,9.777755303778692397e-01,2.302544419927773367e-01,1.550254441992777288e+00,5.921342729937826040e-07,2.420000592134273099e+00,1.583827598133435361e-06,3.020001583827597980e+00,4.078640717313995543e-06,3.620004078640717271e+00
3.346666666666666288e+02,2.688039186969337635e-01,3.888039186969337591e-01,2.476718161003406415e-01,9.676718161003405871e-01,2.197037241831408250e-01,1.539703724183140610e+00,7.248489825512350085e-07,2.420000724848982543e+00,1.925438904818229919e-06,3.020001925438904777e+00,4.924155838134432923e-06,3.620004924155838300e+00
3.353333333333333144e+02,2.596618248895365411e-01,3.796618248895365366e-01,2.375984481888462618e-01,9.575984481888462074e-01,2.093143154460505861e-01,1.529314315446050454e+00,8.859454454723873724e-07,2.420000885945445379e+00,2.337134416408672587e-06,3.020002337134416237e+00,5.935813385279136898e-06,3.620005935813385367e+00
3.360000000000000000e+02,2.504452076664681615e-01,3.704452076664681570e-01,2.275845220474898845e-01,9.475845220474898856e-01,1.991097633464895544e-01,1.519109763346489395e+00,1.081181329805658618e-06,2.420001081181329727e+00,2.832498903480720344e-06,3.020002832498903445e+00,7.144318379664904143e-06,3.620007144318379666e+00
3.366666666666666288e+02,2.411845356325477696e-01,3.611845356325477652e-01,2.176576604197588416e-01,9.376576604197588427e-01,1.891116536333067866e-01,1.509111653633306682e+00,1.317413795145753662e-06,2.420001317413794872e+00,3.427582537053392387e-06,3.020003427582536926e+00,8.585655792219386995e-06,3.620008585655792199e+00
3.373333333333333144e+02,2.319093731163625605e-01,3.519093731163625560e-01,2.078439093003267291e-01,9.278439093003266747e-01,1.793395764614744703e-01,1.499339576461474310e+00,1.602795031738015578e-06,2.420001602795031737e+00,4.141314415626143634e-06,3.020004141314415858e+00,1.030192200751776868e-05,3.620010301922007567e+00
3.380000000000000000e+02,2.226482353138163062e-01,3.426482353138162740e-01,1.981676501534251345e-01,9.181676501534250523e-01,1.698111092258725863e-01,1.489811109225872343e+00,1.946999678683425622e-06,2.420001946999678744e+00,4.995978931806825160e-06,3.020004995978931905e+00,1.234227314966208530e-05,3.620012342273149830e+00
3.386666666666666288e+02,2.134284567947891120e-01,3.334284567947891076e-01,1.886515285179160284e-01,9.086515285179159740e-01,1.605418153272095694e-01,1.480541815327209410e+00,2.361488764663782526e-06,2.420002361488764464e+00,6.017763335261185034e-06,3.020006017763335215e+00,1.476400423766501449e-05,3.620014764004237939e+00
3.393333333333333144e+02,2.042760740472736591e-01,3.242760740472736547e-01,1.793163989035355954e-01,8.993163989035355410e-01,1.515452580585042175e-01,1.471545258058504002e+00,2.859815390160930596e-06,2.420002859815390206e+00,7.237385752538094124e-06,3.020007237385752497e+00,1.763377439738237590e-05,3.620017633774397670e+00
3.400000000000000000e+02,1.952157225590938072e-01,3.152157225590938028e-01,1.701812857161515702e-01,8.901812857161515158e-01,1.428330286848751296e-01,1.462833028684874970e+00,3.457977999461865565e-06,2.420003457977999428e+00,8.690813891006234551e-06,3.020008690813891228e+00,2.102899466333726605e-05,3.620021028994663492e+00
3.406666666666666288e+02,1.862705487639672031e-01,3.062705487639671986e-01,1.612633597941182384e-01,8.812633597941181840e-01,1.344147876908996786e-01,1.454414787690899491e+00,4.174827775809627857e-06,2.420004174827775856e+00,1.042008568200928510e-05,3.020010420085681879e+00,2.503939624608167734e-05,3.620025039396246314e+00
3.413333333333333144e+02,1.774621370086081062e-01,2.974621370086081296e-01,1.525779299945800027e-01,8.725779299945799483e-01,1.262983180889839518e-01,1.446298318088983681e+00,5.032537435345354865e-06,2.420005032537435152e+00,1.247424420435179288e-05,3.020012474244204270e+00,2.976879850580063533e-05,3.620029768798505909e+00
3.420000000000000000e+02,1.688104515328933131e-01,2.888104515328933086e-01,1.441384491391140832e-01,8.641384491391140843e-01,1.184895896190614473e-01,1.438489589619061260e+00,6.057139495802853199e-06,2.420006057139495681e+00,1.491040036872335604e-05,3.020014910400368624e+00,3.533709724451695414e-05,3.620035337097244454e+00
3.426666666666666288e+02,1.603337932978035896e-01,2.803337932978036129e-01,1.359565335134722552e-01,8.559565335134722286e-01,1.109928326243697222e-01,1.430992832624369493e+00,7.279142954272958134e-06,2.420007279142954104e+00,1.779493803016199142e-05,3.020017794938030242e+00,4.188249528805226016e-05,3.620041882495288021e+00
3.433333333333333144e+02,1.520487713477718383e-01,2.720487713477718339e-01,1.280419950172178578e-01,8.480419950172177757e-01,1.038106203596793065e-01,1.423810620359679202e+00,8.734238223765063462e-06,2.420008734238223713e+00,2.120487742055915766e-05,3.020021204877420651e+00,4.956399865187038607e-05,3.620049563998652076e+00
3.440000000000000000e+02,1.439702882567180653e-01,2.639702882567180886e-01,1.204028849761928782e-01,8.404028849761928655e-01,9.694395847646732067e-02,1.416943958476467147e+00,1.046410114862655010e-05,2.420010464101148617e+00,2.522941404557931149e-05,3.020025229414045498e+00,5.856420284532454576e-05,3.620058564202845552e+00
3.446666666666666288e+02,1.361115390817646542e-01,2.561115390817646498e-01,1.130455485642265223e-01,8.330455485642265234e-01,9.039238043329800298e-02,1.410392380433297843e+00,1.251730794062903461e-05,2.420012517307940758e+00,2.997165145667125984e-05,3.020029971651456702e+00,6.909239503597111999e-05,3.620069092395036048e+00
3.453333333333333144e+02,1.284840231365579066e-01,2.484840231365579022e-01,1.059746887303510965e-01,8.259746887303510698e-01,8.415404759811265234e-02,1.404154047598112465e+00,1.495037394560679733e-05,2.420014950373945428e+00,3.555054757263400813e-05,3.020035550547572445e+00,8.138799883449234179e-05,3.620081387998834721e+00
3.460000000000000000e+02,1.210975677980462989e-01,2.410975677980463083e-01,9.919343849368875143e-02,8.191934384936887525e-01,7.822585284100434799e-02,1.398225852841004091e+00,1.782893025804681208e-05,2.420017828930257853e+00,4.210309546691969523e-05,3.020042103095466945e+00,9.572438933224503921e-05,3.620095724389332137e+00
3.466666666666666288e+02,1.139603634770671170e-01,2.339603634770671126e-01,9.270344044963961527e-02,8.127034404496396025e-01,7.260352646006834609e-02,1.392603526460068242e+00,2.122905333906924833e-05,2.420021229053339162e+00,4.978676073358824543e-05,3.020049786760733657e+00,1.124131066838726152e-04,3.620112413106684190e+00
3.473333333333333144e+02,1.070790088145733426e-01,2.270790088145733243e-01,8.650493232738828975e-02,8.065049323273882909e-01,6.728174333770804705e-02,1.387281743337707818e+00,2.523876395057010608e-05,2.420025238763950703e+00,5.878219867002378539e-05,3.020058782198669967e+00,1.318084969287717004e-04,3.620131808496928727e+00
3.480000000000000000e+02,1.004585651118129752e-01,2.204585651118129708e-01,8.059683744913229142e-02,8.005968374491322370e-01,6.225423028884184695e-02,1.382254230288841645e+00,2.995971288122089443e-05,2.420029959712881151e+00,6.929627553787038794e-05,3.020069296275537774e+00,1.543128088351554644e-04,3.620154312808835151e+00
3.486666666666666288e+02,9.410261896413954497e-02,2.141026189641395405e-01,7.497685896480060785e-02,7.949768589648005257e-01,5.751387263429426355e-02,1.377513872634294145e+00,3.550907209204431106e-05,2.420035509072091973e+00,8.156541905097097539e-05,3.020081565419050929e+00,1.803817752727560606e-04,3.620180381775272682e+00
3.493333333333333144e+02,8.801335204407594037e-02,2.080133520440759498e-01,6.964157677126878165e-02,7.896415767712687828e-01,5.305281911079624824e-02,1.373052819110796019e+00,4.202165103093358613e-05,2.420042021651030772e+00,9.585932395201293861e-05,3.020095859323951970e+00,2.105307069143840773e-04,3.620210530706914565e+00
3.500000000000000000e+02,8.219161696917881565e-02,2.021916169691788112e-01,6.458654607088112898e-02,7.845865460708810746e-01,4.886258431193023222e-02,1.368862584311929975e+00,4.965225893407950516e-05,2.420049652258934092e+00,1.124850390358794462e-04,3.020112485039035732e+00,2.453411248692746369e-04,3.620245341124869398e+00
3.506666666666666288e+02,7.663701819344831412e-02,1.966370181934483097e-01,5.980639657915313295e-02,7.798063965791530716e-01,4.493414794058279288e-02,1.364934147940582543e+00,5.857833492180160350e-05,2.420058578334921773e+00,1.317914622109760624e-04,3.020131791462211002e+00,2.854679570960040364e-04,3.620285467957096159e+00
3.513333333333333144e+02,7.134799687666072698e-02,1.913479968766607087e-01,5.529493145449916602e-02,7.752949314544991255e-01,4.125805024164938550e-02,1.361258050241649142e+00,6.900286857706959000e-05,2.420069002868577179e+00,1.541742701097984652e-04,3.020154174270109682e+00,3.316473210612303000e-04,3.620331647321061386e+00
3.520000000000000000e+02,6.632191871302542396e-02,1.863219187130254195e-01,5.104522509228933552e-02,7.710452250922893436e-01,3.782448307251773389e-02,1.357824483072517463e+00,8.115763443385992160e-05,2.420081157634433655e+00,1.800813083127676087e-04,3.020180081308312836e+00,3.847049120331503180e-04,3.620384704912033236e+00
3.526666666666666288e+02,6.155516373788403467e-02,1.815551637378840233e-01,4.704971900009165264e-02,7.670497190000916676e-01,3.462337615701738258e-02,1.354623376157017223e+00,9.530676436241374808e-05,2.420095306764362242e+00,2.100184673778389259e-04,3.020210018467377910e+00,4.455650125559288788e-04,3.620445565012555988e+00
3.533333333333333144e+02,5.704321717762204230e-02,1.770432171776220309e-01,4.330031504927339681e-02,7.633003150492734257e-01,3.164447815497262867e-02,1.351644478154972573e+00,1.117506821787412225e-04,2.420111750682178542e+00,2.445560685121814367e-04,3.020244556068512054e+00,5.152601339746380477e-04,3.620515260133974955e+00
3.540000000000000000e+02,5.278076046227895418e-02,1.727807604622789428e-01,3.978846547885862145e-02,7.597884654788585879e-01,2.887743226319744103e-02,1.348877432263197340e+00,1.308304248819796352e-04,2.420130830424882085e+00,2.843357808192649655e-04,3.020284335780819340e+00,5.949412953039708192e-04,3.620594941295304015e+00
3.546666666666666288e+02,4.876176158124948673e-02,1.687617615812494754e-01,3.650525910942341301e-02,7.565052591094233447e-01,2.631184614384930037e-02,1.346311846143849245e+00,1.529323746877714427e-04,2.420152932374687538e+00,3.300780895410621528e-04,3.020330078089541015e+00,6.858889381967201316e-04,3.620685888938196761e+00
3.553333333333333144e+02,4.497956402871856191e-02,1.649795640287185505e-01,3.344150330670028759e-02,7.534415033067002332e-01,2.393735605177928563e-02,1.343937356051779108e+00,1.784934254274125908e-04,2.420178493425427124e+00,3.825903315262554308e-04,3.020382590331526451e+00,7.895244692138666523e-04,3.620789524469214093e+00
3.560000000000000000e+02,4.142697365576693963e-02,1.614269736557669421e-01,3.058780131534556343e-02,7.505878013153455264e-01,2.174368510322602366e-02,1.341743685103225836e+00,2.080066058674284930e-04,2.420208006605867546e+00,4.427753102275087905e-04,3.020442775310227645e+00,9.074224119799341763e-04,3.620907422411979937e+00
3.566666666666666288e+02,3.809634281918975601e-02,1.580963428191897446e-01,2.793462466202558878e-02,7.479346246620255378e-01,1.972069569340632877e-02,1.339720695693406238e+00,2.420271810161773540e-04,2.420242027181016109e+00,5.116404978019827412e-04,3.020511640497801853e+00,1.041323142088103901e-03,3.621041323142088153e+00
3.573333333333333144e+02,3.497965129183316924e-02,1.549796512918331648e-01,2.547238040274246718e-02,7.454723804027424405e-01,1.785843612989649470e-02,1.337858436129896411e+00,2.811792504649561204e-04,2.420281179250464820e+00,5.903078262999851252e-04,3.020590307826299892e+00,1.193146166773727604e-03,3.621193146166773680e+00
3.580000000000000000e+02,3.206858347452590241e-02,1.520685834745258980e-01,2.319147306136988551e-02,7.431914730613699005e-01,1.614718160189826390e-02,1.336147181601898160e+00,3.261628602020187314e-04,2.420326162860201968e+00,6.800240634229841969e-04,3.020680024063422842e+00,1.365003899392836948e-03,3.621365003899392754e+00
3.586666666666666288e+02,2.935460152442778345e-02,1.493546015244277825e-01,2.108236117407214991e-02,7.410823611740721129e-01,1.457746965240432242e-02,1.334577469652404202e+00,3.777616410800266333e-04,2.420377761641079761e+00,7.821717608664381215e-04,3.020782171760866497e+00,1.559215865631456569e-03,3.621559215865631565e+00
3.593333333333333144e+02,2.682901408791157905e-02,1.468290140879115746e-01,1.913560841712483654e-02,7.391356084171247787e-01,1.314013036089320928e-02,1.333140130360892961e+00,4.368509831524105777e-04,2.420436850983152421e+00,8.982807547953137062e-04,3.020898280754795273e+00,1.778323264157485222e-03,3.621778323264157606e+00
3.600000000000000000e+02,2.448304039705869947e-02,1.444830403970586985e-01,1.734192935322664483e-02,7.373419293532266217e-01,1.182631147853470226e-02,1.331826311478534475e+00,5.044067503664100612e-04,2.420504406750366488e+00,1.030040188501976910e-03,3.021030040188501964e+00,2.025103789159437770e-03,3.622025103789159761e+00
3.606666666666666288e+02,2.230786955674179603e-02,1.423078695567417951e-01,1.569222988339695479e-02,7.356922298833968865e-01,1.062749878612102503e-02,1.330627498786120855e+00,5.815145345580888638e-04,2.420581514534557943e+00,1.179311016751243349e-03,3.021179311016751079e+00,2.302586605968849880e-03,3.622302586605969044e+00
3.613333333333333144e+02,2.029471491346504508e-02,1.402947149134650406e-01,1.417764253782277835e-02,7.341776425378228055e-01,9.535531967284873595e-03,1.329535531967284800e+00,6.693794412900173343e-04,2.420669379441290125e+00,1.348138939723389409e-03,3.021348138939723427e+00,2.614067353834078223e-03,3.622614067353834066e+00
3.620000000000000000e+02,1.843486345708293325e-02,1.384348634570829184e-01,1.278955677945405218e-02,7.327895567794540099e-01,8.542616306294176926e-03,1.328542616306294111e+00,7.693363927655963268e-04,2.420769336392765592e+00,1.538767701838588244e-03,3.021538767701838601e+00,2.963123032032170118e-03,3.622963123032032495e+00
3.626666666666666288e+02,1.671972026180101878e-02,1.367197202618010143e-01,1.151964452876097326e-02,7.315196445287609484e-01,7.641330531165112759e-03,1.327641330531164954e+00,8.828609248138272582e-04,2.420882860924813862e+00,1.753652677120605755e-03,3.021753652677120705e+00,3.353626607031765308e-03,3.623353626607031863e+00
3.633333333333333144e+02,1.514084802317311289e-02,1.351408480231731102e-01,1.035988114696234121e-02,7.303598811469622643e-01,6.824631129397974380e-03,1.326824631129397858e+00,1.011580445742942978e-03,2.421011580445743050e+00,1.995474648188666055e-03,3.021995474648188740e+00,3.789761159542172006e-03,3.623789761159542433e+00
3.640000000000000000e+02,1.369000179291374533e-02,1.336900017929137374e-01,9.302562138370733605e-03,7.293025621383707469e-01,6.085853465718276886e-03,1.326085853465718056e+00,1.157285914702622541e-03,2.421157285914702584e+00,2.267153670534534631e-03,3.022267153670534334e+00,4.276033371226452620e-03,3.624276033371226724e+00
3.646666666666666288e+02,1.235915905312540315e-02,1.323591590531253970e-01,8.340315850509863113e-03,7.283403158505098451e-01,5.418710029236294135e-03,1.325418710029236058e+00,1.321943886078843665e-03,2.421321943886078909e+00,2.571862897552956283e-03,3.022571862897553086e+00,4.817286131876962960e-03,3.624817286131877037e+00
3.653333333333333144e+02,1.114054530597467785e-02,1.311405453059746873e-01,7.466112463641186650e-03,7.274661124636411236e-01,4.817286131877010665e-03,1.324817286131876770e+00,1.507708854394389621e-03,2.421507708854394370e+00,2.913042224978459709e-03,3.022913042224978586e+00,5.418710029236246430e-03,3.625418710029236546e+00
3.660000000000000000e+02,1.002665538397507286e-02,1.300266553839750650e-01,6.673269569611819420e-03,7.266732695696117572e-01,4.276033371226452620e-03,1.324276033371226236e+00,1.716935821243871247e-03,2.421716935821243588e+00,3.294411596102597966e-03,3.023294411596102460e+00,6.085853465718276886e-03,3.626085853465718323e+00
3.666666666666666288e+02,9.010270709972173844e-03,1.290102707099721746e-01,5.955454643875024261e-03,7.259554546438750089e-01,3.789761159542208869e-03,1.323789761159541944e+00,1.952192992017068264e-03,2.421952192992017139e+00,3.719983791594793678e-03,3.023719983791594679e+00,6.824631129397913665e-03,3.626824631129398124e+00
3.673333333333333144e+02,8.084472754871958877e-03,1.280844727548719475e-01,5.306684714537134202e-03,7.253066847145370755e-01,3.353626607031798702e-03,1.323353626607031597e+00,2.216274495641935762e-03,2.422216274495641919e+00,4.194076510146188021e-03,3.024194076510146267e+00,7.641330531165045972e-03,3.627641330531165220e+00
3.680000000000000000e+02,7.242652955336366903e-03,1.272426529553363495e-01,4.721323528752980996e-03,7.247213235287529587e-01,2.963123032032170118e-03,1.322963123032032007e+00,2.512213005418578900e-03,2.422512213005418413e+00,4.721323528752980996e-03,3.024721323528753114e+00,8.542616306294176926e-03,3.628542616306294377e+00
3.686666666666666288e+02,6.478519363379117019e-03,1.264785193633791160e-01,4.194076510146233124e-03,7.241940765101462230e-01,2.614067353834105545e-03,1.322614067353834022e+00,2.843292123353018640e-03,2.422843292123352921e+00,5.306684714537077824e-03,3.025306684714537120e+00,9.535531967284788593e-03,3.629535531967285067e+00
3.693333333333333144e+02,5.786100305359151777e-03,1.257861003053591387e-01,3.719983791594833576e-03,7.237199837915948564e-01,2.302586605968871998e-03,1.322302586605968777e+00,3.213058374394450311e-03,2.423213058374394269e+00,5.955454643874960943e-03,3.025955454643875164e+00,1.062749878612093482e-02,3.630627498786120899e+00
3.700000000000000000e+02,5.159745329630712786e-03,1.251597453296307005e-01,3.294411596102597966e-03,7.232944115961025267e-01,2.025103789159437770e-03,1.322025103789159273e+00,3.625332640822427014e-03,2.423625332640822361e+00,6.673269569611819420e-03,3.026673269569611691e+00,1.182631147853470226e-02,3.631826311478534741e+00
3.706666666666666288e+02,4.594123720439467068e-03,1.245941237204394592e-01,2.913042224978493536e-03,7.229130422249784305e-01,1.778323264157504087e-03,1.321778323264157340e+00,4.084220850939164135e-03,2.424084220850938998e+00,7.466112463641113792e-03,3.027466112463641057e+00,1.314013036089309826e-02,3.633140130360893227e+00
3.713333333333333144e+02,4.084220850939204034e-03,1.240842208509392031e-01,2.571862897552986207e-03,7.225718628975529301e-01,1.559215865631475868e-03,1.321559215865631298e+00,4.594123720439426302e-03,2.424594123720439143e+00,8.340315850509783316e-03,3.028340315850509779e+00,1.457746965240418538e-02,3.634577469652404247e+00
3.720000000000000000e+02,3.625332640822427014e-03,1.236253326408224273e-01,2.267153670534534631e-03,7.222671536705345119e-01,1.365003899392836948e-03,1.321365003899392709e+00,5.159745329630712786e-03,2.425159745329630745e+00,9.302562138370733605e-03,3.029302562138370902e+00,1.614718160189826390e-02,3.636147181601898204e+00
3.726666666666666288e+02,3.213058374394481536e-03,1.232130583743944741e-01,1.995474648188689040e-03,7.219954746481886954e-01,1.193146166773740181e-03,1.321193146166773635e+00,5.786100305359100603e-03,2.425786100305359128e+00,1.035988114696224059e-02,3.030359881146962309e+00,1.785843612989635593e-02,3.637858436129896678e+00
3.733333333333333144e+02,2.843292123353046829e-03,1.228432921233530428e-01,1.753652677120626138e-03,7.217536526771205496e-01,1.041323142088116912e-03,1.321041323142087887e+00,6.478519363379060640e-03,2.426478519363378883e+00,1.151964452876085877e-02,3.031519644528760882e+00,1.972069569340615183e-02,3.639720695693406061e+00
3.740000000000000000e+02,2.512213005418578900e-03,1.225122130054185771e-01,1.538767701838588244e-03,7.215387677018385570e-01,9.074224119799341763e-04,1.320907422411979670e+00,7.242652955336366903e-03,2.427242652955336144e+00,1.278955677945405218e-02,3.032789556779454276e+00,2.174368510322602366e-02,3.641743685103226102e+00
3.746666666666666288e+02,2.216274495641959181e-03,1.222162744956419578e-01,1.348138939723405021e-03,7.213481389397233823e-01,7.895244692138750006e-04,1.320789524469213605e+00,8.084472754871886019e-03,2.428084472754871825e+00,1.417764253782264651e-02,3.034177642537822628e+00,2.393735605177910175e-02,3.643937356051779375e+00
3.753333333333333144e+02,1.952192992017087129e-03,1.219521929920170805e-01,1.179311016751255926e-03,7.211793110167512566e-01,6.858889381967292389e-04,1.320685888938196495e+00,9.010270709972097516e-03,2.429010270709972108e+00,1.569222988339683336e-02,3.035692229883396820e+00,2.631184614384907833e-02,3.646311846143849067e+00
3.760000000000000000e+02,1.716935821243871247e-03,1.217169358212438629e-01,1.030040188501976910e-03,7.210300401885019195e-01,5.949412953039708192e-04,1.320594941295303748e+00,1.002665538397507286e-02,2.430026655383974887e+00,1.734192935322664483e-02,3.037341929353226444e+00,2.887743226319744103e-02,3.648877432263197385e+00
3.766666666666666288e+02,1.507708854394405667e-03,1.215077088543943945e-01,8.982807547953249819e-04,7.208982807547953398e-01,5.152601339746448782e-04,1.320515260133974467e+00,1.114054530597458417e-02,2.431140545305974676e+00,1.913560841712466654e-02,3.039135608417124601e+00,3.164447815497237887e-02,3.651644478154972617e+00
3.773333333333333144e+02,1.321943886078859928e-03,1.213219438860788507e-01,7.821717608664471204e-04,7.207821717608664525e-01,4.455650125559347877e-04,1.320445565012555722e+00,1.235915905312528693e-02,2.432359159053125275e+00,2.108236117407197990e-02,3.041082361174071824e+00,3.462337615701711196e-02,3.654623376157017045e+00
3.780000000000000000e+02,1.157285914702622541e-03,1.211572859147026227e-01,6.800240634229841969e-04,7.206800240634229082e-01,3.847049120331503180e-04,1.320384704912032969e+00,1.369000179291374533e-02,2.433690001792913726e+00,2.319147306136988551e-02,3.043191473061369834e+00,3.782448307251773389e-02,3.657824483072517729e+00
3.786666666666666288e+02,1.011580445742953603e-03,1.210115804457429500e-01,5.903078262999924978e-04,7.205903078262999584e-01,3.316473210612346911e-04,1.320331647321061119e+00,1.514084802317299666e-02,2.435140848023173099e+00,2.547238040274225207e-02,3.045472380402742374e+00,4.125805024164905938e-02,3.661258050241649187e+00
3.793333333333333144e+02,8.828609248138382087e-04,1.208828609248138314e-01,5.116404978019881622e-04,7.205116404978019196e-01,2.854679570960078311e-04,1.320285467957095893e+00,1.671972026180086959e-02,2.436719720261800948e+00,2.793462466202539449e-02,3.047934624662025360e+00,4.493414794058245287e-02,3.664934147940582587e+00
3.800000000000000000e+02,7.693363927655963268e-04,1.207693363927655889e-01,4.427753102275087905e-04,7.204427753102274901e-01,2.453411248692746369e-04,1.320245341124869132e+00,1.843486345708293325e-02,2.438434863457082713e+00,3.058780131534556343e-02,3.050587801315345793e+00,4.886258431193023222e-02,3.668862584311930242e+00
3.806666666666666288e+02,6.693794412900244900e-04,1.206693794412900256e-01,3.825903315262598760e-04,7.203825903315261847e-01,2.105307069143870860e-04,1.320210530706914298e+00,2.029471491346489243e-02,2.440294714913464613e+00,3.344150330670005167e-02,3.053441503306700167e+00,5.305281911079584578e-02,3.673052819110795841e+00
3.813333333333333144e+02,5.815145345580965616e-04,1.205815145345580930e-01,3.300780895410659476e-04,7.203300780895410815e-01,1.803817752727586356e-04,1.320180381775272638e+00,2.230786955674160868e-02,2.442307869556741728e+00,3.650525910942317015e-02,3.056505259109423278e+00,5.751387263429383334e-02,3.677513872634293968e+00
3.820000000000000000e+02,5.044067503664100612e-04,1.205044067503664024e-01,2.843357808192649655e-04,7.202843357808191849e-01,1.543128088351554644e-04,1.320154312808835106e+00,2.448304039705869947e-02,2.444483040397058549e+00,3.978846547885862145e-02,3.059788465478858743e+00,6.225423028884184695e-02,3.682254230288842134e+00
3.826666666666666288e+02,4.368509831524163239e-04,1.204368509831524187e-01,2.445560685121844725e-04,7.202445560685121206e-01,1.318084969287731099e-04,1.320131808496928683e+00,2.682901408791136047e-02,2.446829014087911425e+00,4.330031504927311231e-02,3.063300315049273248e+00,6.728174333770761684e-02,3.687281743337707862e+00
3.833333333333333144e+02,3.777616410800317291e-04,1.203777616410800222e-01,2.100184673778413924e-04,7.202100184673778660e-01,1.124131066838744312e-04,1.320112413106683702e+00,2.935460152442755100e-02,2.449354601524427633e+00,4.704971900009134039e-02,3.067049719000091379e+00,7.260352646006787425e-02,3.692603526460068064e+00
3.840000000000000000e+02,3.261628602020187856e-04,1.203261628602020211e-01,1.800813083127676358e-04,7.201800813083127917e-01,9.572438933224505276e-05,1.320095724389332092e+00,3.206858347452590241e-02,2.452068583474525720e+00,5.104522509228933552e-02,3.071045225092289499e+00,7.822585284100434799e-02,3.698225852841004357e+00
3.846666666666666288e+02,2.811792504649599151e-04,1.202811792504649563e-01,1.541742701098004168e-04,7.201541742701097482e-01,8.138799883449364283e-05,1.320081387998834233e+00,3.497965129183289862e-02,2.454979651291832710e+00,5.529493145449881214e-02,3.075294931454498837e+00,8.415404759811209723e-02,3.704154047598112065e+00
3.853333333333333144e+02,2.420271810161806337e-04,1.202420271810161756e-01,1.317914622109779869e-04,7.201317914622109573e-01,6.909239503597186538e-05,1.320069092395035781e+00,3.809634281918947152e-02,2.458096342819189317e+00,5.980639657915273050e-02,3.079806396579152672e+00,9.039238043329747563e-02,3.710392380433297443e+00
3.860000000000000000e+02,2.080066058674286014e-04,1.202080066058674179e-01,1.124850390358794869e-04,7.201124850390357990e-01,5.856420284532456609e-05,1.320058564202845064e+00,4.142697365576693963e-02,2.461426973655767014e+00,6.458654607088112898e-02,3.084586546070881230e+00,9.694395847646732067e-02,3.716943958476467635e+00
3.866666666666666288e+02,1.784934254274152742e-04,1.201784934254274129e-01,9.585932395201436163e-05,7.200958593239520367e-01,4.956399865187093495e-05,1.320049563998651809e+00,4.497956402871822190e-02,2.464979564028717984e+00,6.964157677126832369e-02,3.089641576771268383e+00,1.038106203596787097e-01,3.723810620359679024e+00
3.873333333333333144e+02,1.529323746877738009e-04,1.201529323746877709e-01,8.156541905097220867e-05,7.200815654190509951e-01,4.188249528805297167e-05,1.320041882495287977e+00,4.876176158124911897e-02,2.468761761581248937e+00,7.497685896480013601e-02,3.094976858964800126e+00,1.109928326243690977e-01,3.730992832624369093e+00
3.880000000000000000e+02,1.308304248819798521e-04,1.201308304248819708e-01,6.929627553787049636e-05,7.200692962755378401e-01,3.533709724451700157e-05,1.320035337097244410e+00,5.278076046227895418e-02,2.472780760462278682e+00,8.059683744913229142e-02,3.100596837449132170e+00,1.184895896190614473e-01,3.738489589619061526e+00
3.886666666666666288e+02,1.117506821787427133e-04,1.201117506821787334e-01,5.878219867002476117e-05,7.200587821986700332e-01,2.976879850580117404e-05,1.320029768798505643e+00,5.704321717762167454e-02,2.477043217177621770e+00,8.650493232738777627e-02,3.106504932327387891e+00,1.262983180889832302e-01,3.746298318088983503e+00
3.893333333333333144e+02,9.530676436241564543e-05,1.200953067643624056e-01,4.978676073358922122e-05,7.200497867607336122e-01,2.503939624608211780e-05,1.320025039396245825e+00,6.155516373788363221e-02,2.481555163737883429e+00,9.270344044963906016e-02,3.112703440449639203e+00,1.344147876908989570e-01,3.754414787690898869e+00
3.900000000000000000e+02,8.115763443386040949e-05,1.200811576344338605e-01,4.210309546691992562e-05,7.200421030954669011e-01,2.102899466333737786e-05,1.320021028994663226e+00,6.632191871302542396e-02,2.486321918713025436e+00,9.919343849368875143e-02,3.119193438493688575e+00,1.428330286848751296e-01,3.762833028684875458e+00
3.906666666666666288e+02,6.900286857707132473e-05,1.200690028685770655e-01,3.555054757263482128e-05,7.200355505475726225e-01,1.763377439738273843e-05,1.320017633774397181e+00,7.134799687666025514e-02,2.491347996876660087e+00,1.059746887303504997e-01,3.125974688730350337e+00,1.515452580585034681e-01,3.771545258058503602e+00
3.913333333333333144e+02,5.857833492180304684e-05,1.200585783349217978e-01,2.997165145667213398e-05,7.200299716514566573e-01,1.476400423766543970e-05,1.320014764004237451e+00,7.663701819344785615e-02,2.496637018193447854e+00,1.130455485642259117e-01,3.133045548564226124e+00,1.605418153272087922e-01,3.780541815327208788e+00
3.920000000000000000e+02,4.965225893408056903e-05,1.200496522589340753e-01,2.522941404557982648e-05,7.200252294140455644e-01,1.234227314966233094e-05,1.320012342273149564e+00,8.219161696917881565e-02,2.502191616969178689e+00,1.204028849761928782e-01,3.140402884976192688e+00,1.698111092258725863e-01,3.789811109225872610e+00
3.926666666666666288e+02,4.202165103093540895e-05,1.200420216510309362e-01,2.120487742056016394e-05,7.200212048774204954e-01,1.030192200751825149e-05,1.320010301922007301e+00,8.801335204407542689e-02,2.508013352044075273e+00,1.280419950172171917e-01,3.148041995017217154e+00,1.793395764614736654e-01,3.799339576461473911e+00
3.933333333333333144e+02,3.550907209204666242e-05,1.200355090720920392e-01,1.779493803016304852e-05,7.200177949380300868e-01,8.585655792219939260e-06,1.320008585655792155e+00,9.410261896413901761e-02,2.514102618964138891e+00,1.359565335134715613e-01,3.155956533513471385e+00,1.891116536333059539e-01,3.809111653633306283e+00
3.940000000000000000e+02,2.995971288122320852e-05,1.200299597128812179e-01,1.491040036872447920e-05,7.200149104003686906e-01,7.144318379665443703e-06,1.320007144318379400e+00,1.004585651118129752e-01,2.520458565111812987e+00,1.441384491391140832e-01,3.164138449139114240e+00,1.991097633464895544e-01,3.819109763346489661e+00
3.946666666666666288e+02,2.523876395057349760e-05,1.200252387639505758e-01,1.247424420435347001e-05,7.200124742442043368e-01,5.935813385279933109e-06,1.320005935813385101e+00,1.070790088145727320e-01,2.527079008814572703e+00,1.525779299945792811e-01,3.172577929994579105e+00,2.093143154460496702e-01,3.829314315446049832e+00
3.953333333333333144e+02,2.122905333907341234e-05,1.200212290533390624e-01,1.042008568201133661e-05,7.200104200856819459e-01,4.924155838135429880e-06,1.320004924155838033e+00,1.139603634770665064e-01,2.533960363477066657e+00,1.612633597941174612e-01,3.181263359794117562e+00,2.197037241831399090e-01,3.839703724183140210e+00
3.960000000000000000e+02,1.782893025805179602e-05,1.200178289302580442e-01,8.690813891008672312e-06,7.200086908138909614e-01,4.078640717315175460e-06,1.320004078640717227e+00,1.210975677980462989e-01,2.541097567798046075e+00,1.701812857161515702e-01,3.190181285716151560e+00,2.302544419927773367e-01,3.850254441992777554e+00
3.966666666666666288e+02,1.495037394561341096e-05,1.200149503739456058e-01,7.237385752541360283e-06,7.200072373857525632e-01,3.373115588396527623e-06,1.320003373115588241e+00,1.284840231365572960e-01,2.548484023136557308e+00,1.793163989035348183e-01,3.199316398903534697e+00,2.409410104147321208e-01,3.860941010414732144e+00
3.973333333333333144e+02,1.251730794063751680e-05,1.200125173079406304e-01,6.017763335265339730e-06,7.200060177633352820e-01,2.785345722425978252e-06,1.320002785345722351e+00,1.361115390817639603e-01,2.556111539081763695e+00,1.886515285179152235e-01,3.208651528517915352e+00,2.517361285271862426e-01,3.871736128527186516e+00
3.980000000000000000e+02,1.046410114863720916e-05,1.200104641011486284e-01,4.995978931812077611e-06,7.200049959789317500e-01,2.296461159475320354e-06,1.320002296461159297e+00,1.439702882567180653e-01,2.563970288256717911e+00,1.981676501534251345e-01,3.218167650153425097e+00,2.626107390880910164e-01,3.882610739088091290e+00
3.986666666666666288e+02,8.734238223778912450e-06,1.200087342382237798e-01,4.141314415632967331e-06,7.200041413144155911e-01,1.890476191284081376e-06,1.320001890476191209e+00,1.520487713477711444e-01,2.572048771347771101e+00,2.078439093003258964e-01,3.227843909300325720e+00,2.735341323936574809e-01,3.893534132393657643e+00
3.993333333333333144e+02,7.279142954290689922e-06,1.200072791429542818e-01,3.427582537062171036e-06,7.200034275825369923e-01,1.553872681458270620e-06,1.320001553872681255e+00,1.603337932978028679e-01,2.580333793297802991e+00,2.176576604197579534e-01,3.237657660419757999e+00,2.844740676691580039e-01,3.904474067669158277e+00
4.000000000000000000e+02,6.057139495825471520e-06,1.200060571394958170e-01,2.832498903491950307e-06,7.200028324989035111e-01,1.275239517212193583e-06,1.320001275239517158e+00,1.688104515328933131e-01,2.588810451532893353e+00,2.275845220474898845e-01,3.247584522047489930e+00,2.953969116066034739e-01,3.915396911606603414e+00
4.006666666666666288e+02,5.032537435374451293e-06,1.200050325374353716e-01,2.337134416423156427e-06,7.200023371344164147e-01,1.044961294666873847e-06,1.320001044961294445e+00,1.774621370086073291e-01,2.597462137008607286e+00,2.375984481888454292e-01,3.257598448188845364e+00,3.062677934594524309e-01,3.926267793459452538e+00
4.013333333333333144e+02,4.174827775846894766e-06,1.200041748277758391e-01,1.925438904836813398e-06,7.200019254389048440e-01,8.549500819926924835e-07,1.320000854950081903e+00,1.862705487639664537e-01,2.606270548763966577e+00,2.476718161003397811e-01,3.267671816100339743e+00,3.170507758989465907e-01,3.937050775898946586e+00
4.020000000000000000e+02,3.457977999509499734e-06,1.200034579779995086e-01,1.583827598157264938e-06,7.200015838275981572e-01,6.984147835429289595e-07,1.320000698414783402e+00,1.952157225590938072e-01,2.615215722559093514e+00,2.577755303778692109e-01,3.277775530377869284e+00,3.277090406328738159e-01,3.947709040632874089e+00
4.026666666666666288e+02,2.859815390221931792e-06,1.200028598153902171e-01,1.300822922536795307e-06,7.200013008229224631e-01,5.696632463820949770e-07,1.320000569663246193e+00,2.042760740472728820e-01,2.624276074047272811e+00,2.678791430886334757e-01,3.287879143088633604e+00,3.382050875884770047e-01,3.958205087588477333e+00
4.033333333333333144e+02,2.361488764741759955e-06,1.200023614887647389e-01,1.066744881758858676e-06,7.200010667448817347e-01,4.639328114176303145e-07,1.320000463932811341e+00,2.134284567947883349e-01,2.633428456794788097e+00,2.779509894965332961e-01,3.297950989496533314e+00,3.485009462697540306e-01,3.968500946269754248e+00
4.040000000000000000e+02,1.946999678782988416e-06,1.200019469996787824e-01,8.734439999889046320e-07,7.200008734439999891e-01,3.772455180763136589e-07,1.320000377245517997e+00,2.226482353138163062e-01,2.642648235313816318e+00,2.879583387410711293e-01,3.307958338741070925e+00,3.585583977185692883e-01,3.978558397718569228e+00
4.046666666666666288e+02,1.602795031865128542e-06,1.200016027950318587e-01,7.140714598025392458e-07,7.200007140714598242e-01,3.062846276455648004e-07,1.320000306284627500e+00,2.319093731163617833e-01,2.651909373116361657e+00,2.978675586403773390e-01,3.317867558640377190e+00,3.683392053417311462e-01,3.988339205341731031e+00
4.053333333333333144e+02,1.317413795307855228e-06,1.200013174137952998e-01,5.828816677863248792e-07,7.200005828816677944e-01,2.482895396031889738e-07,1.320000248289539435e+00,2.411845356325469925e-01,2.661184535632546755e+00,3.076442936025002295e-01,3.327644293602500358e+00,3.778053527151913338e-01,3.997805352715191329e+00
4.060000000000000000e+02,1.081181330012192779e-06,1.200010811813300021e-01,4.750630243022047107e-07,7.200004750630242256e-01,2.009665410556314876e-07,1.320000200966540804e+00,2.504452076664681615e-01,2.670445207666467979e+00,3.172536544483291476e-01,3.337253654448329332e+00,3.869192863444998465e-01,4.006919286344500009e+00
4.066666666666666288e+02,8.859454457353655856e-07,1.200008859454457372e-01,3.865931667617442133e-07,7.200003865931667857e-01,1.624131553056808165e-07,1.320000162413155209e+00,2.596618248895357639e-01,2.679661824889535637e+00,3.266604187772326195e-01,3.346660418777232415e+00,3.956441612500063987e-01,4.015644161250006228e+00
4.073333333333333144e+02,7.248489828857761767e-07,1.200007248489828870e-01,3.141154001690446408e-07,7.200003141154001085e-01,1.310541449837233355e-07,1.320000131054144932e+00,2.688039186969329863e-01,2.688803918696932804e+00,3.358292403453234098e-01,3.355829240345323594e+00,4.039440871581134740e-01,4.023944087158113803e+00
4.080000000000000000e+02,5.921342734189925083e-07,1.200005921342734150e-01,2.548334280458310010e-07,7.200002548334279995e-01,1.055874813747741899e-07,1.320000105587481265e+00,2.778402735800451495e-01,2.697840273580045078e+00,3.447248657789269699e-01,3.364724865778927043e+00,4.117843730180799078e-01,4.031784373018080458e+00
4.086666666666666288e+02,4.829753615902341119e-07,1.200004829753615887e-01,2.064218544584744434e-07,7.200002064218544717e-01,8.493881766998182094e-08,1.320000084938817597e+00,2.867390959989261634e-01,2.706739095998925926e+00,3.533123568148264226e-01,3.373312356814826440e+00,4.191317675289198963e-01,4.039131767528919781e+00
4.093333333333333144e+02,3.933343407836688570e-07,1.200003933343407742e-01,1.669502470007468899e-07,7.200001669502469337e-01,6.822320280352627092e-08,1.320000068223202705e+00,2.954681935765305911e-01,2.715468193576530354e+00,3.615573161464572527e-01,3.381557316146457381e+00,4.259546933539093416e-01,4.045954693353909448e+00
4.100000000000000000e+02,3.198385922601185359e-07,1.200003198385922593e-01,1.348188344479963787e-07,7.200001348188344030e-01,5.471294705268641674e-08,1.320000054712946902e+00,3.039951632831348061e-01,2.723995163283134957e+00,3.694261148636116543e-01,3.389426114863611783e+00,4.322234727218640660e-01,4.052223472721864006e+00
4.106666666666666288e+02,2.596760984250743130e-07,1.200002596760984253e-01,1.087041644777503301e-07,7.200001087041644210e-01,4.381070323693186639e-08,1.320000043810703128e+00,3.122875871375546675e-01,2.732287587137554485e+00,3.768861194042160689e-01,3.396886119404216142e+00,4.379105421649525653e-01,4.057910542164952616e+00
4.113333333333333144e+02,2.105063501522265823e-07,1.200002105063501523e-01,8.751326930138597653e-08,7.200000875132692713e-01,3.502696051280217067e-08,1.320000035026960283e+00,3.203132338237491550e-01,2.740313233823749250e+00,3.839059158918664005e-01,3.403905915891866307e+00,4.429906542221530019e-01,4.062990654222152997e+00
4.120000000000000000e+02,1.703846778295445157e-07,1.200001703846778206e-01,7.034508306771318584e-08,7.200000703450830652e-01,2.796126359410230747e-08,1.320000027961263367e+00,3.280402645094672720e-01,2.748040264509467256e+00,3.904555297133079916e-01,3.410455529713308120e+00,4.474410640449749677e-01,4.067441064044975185e+00
4.126666666666666288e+02,1.376981121022083713e-07,1.200001376981121026e-01,5.645802711001611373e-08,7.200000564580271156e-01,2.228657071299081539e-08,1.320000022286570651e+00,3.354374410597880107e-01,2.755437441059787940e+00,3.965066381967655706e-01,3.416506638196765699e+00,4.512416989766967479e-01,4.071241698976696632e+00
4.133333333333333144e+02,1.111111256587328230e-07,1.200001111111256569e-01,4.524282996483583974e-08,7.200000452428299003e-01,1.773625057770402614e-08,1.320000017736250308e+00,3.424743347644875202e-01,2.762474334764487338e+00,4.020327742853752051e-01,3.422032774285375112e+00,4.543753093365653917e-01,4.074375309336565110e+00
4.140000000000000000e+02,8.951982461807982949e-08,1.200000895198246181e-01,3.619978086513625412e-08,7.200000361997808129e-01,1.409329360544986142e-08,1.320000014093293483e+00,3.491215336457634266e-01,2.769121533645763300e+00,4.070095191600460183e-01,3.427009519160046036e+00,4.568275988243195029e-01,4.076827598824319665e+00
4.146666666666666288e+02,7.201334976605602156e-08,1.200000720133497650e-01,2.891973019518392972e-08,7.200000289197301395e-01,1.118137728078480662e-08,1.320000011181377220e+00,3.553508463832146802e-01,2.775350846383214609e+00,4.114146818525163396e-01,3.431414681852516413e+00,4.585873331657057128e-01,4.078587333165705431e+00
4.153333333333333144e+02,5.784141654923029308e-08,1.200000578414165409e-01,2.306825010617727280e-08,7.200000230682500613e-01,8.857480924921736500e-09,1.320000008857480811e+00,3.611355008870101302e-01,2.781135500887010004e+00,4.152284640013554906e-01,3.435228464001355508e+00,4.596464258437019668e-01,4.079646425843701962e+00
4.160000000000000000e+02,4.638707069456330391e-08,1.200000463870706940e-01,1.837245487659928059e-08,7.200000183724548641e-01,7.005792633213656640e-09,1.320000007005792453e+00,3.664503355685369002e-01,2.786450335568536829e+00,4.184336080400571367e-01,3.438433608040057265e+00,4.600000000000000200e-01,4.080000000000000071e+00
4.166666666666666288e+02,3.714386575046131631e-08,1.200000371438657426e-01,1.461005524259068356e-08,7.200000146100552501e-01,5.532691689757723896e-09,1.320000005532691478e+00,3.712719814007206520e-01,2.791271981400720748e+00,4.210155272655953795e-01,3.441015527265595342e+00,4.596464258437020223e-01,4.079646425843701962e+00
4.173333333333333144e+02,2.969678174227955632e-08,1.200000296967817376e-01,1.160028524997790807e-08,7.200000116002852613e-01,4.362624323746987335e-09,1.320000004362624102e+00,3.755790329274775741e-01,2.795579032927477670e+00,4.229624164158855559e-01,3.442962416415885407e+00,4.585873331657058793e-01,4.078587333165706319e+00
4.180000000000000000e+02,2.370630234136654083e-08,1.200000237063023334e-01,9.196395474146131244e-09,7.200000091963953963e-01,3.434720047262344764e-09,1.320000003434719904e+00,3.793522064729135668e-01,2.799352206472913274e+00,4.242653415832663977e-01,3.444265341583266249e+00,4.568275988243195029e-01,4.076827598824319665e+00
4.186666666666666288e+02,1.889515314146546126e-08,1.200000188951531321e-01,7.279453864730402684e-09,7.200000072794537909e-01,2.700020725724422211e-09,1.320000002700020492e+00,3.825744839150255205e-01,2.802574483915025283e+00,4.249183085057777753e-01,3.444918308505777738e+00,4.543753093365656692e-01,4.074375309336565998e+00
4.193333333333333144e+02,1.503727734646869564e-08,1.200000150372773355e-01,5.753236021786909402e-09,7.200000057532359721e-01,2.119215608557414936e-09,1.320000002119215532e+00,3.852312405244793792e-01,2.805231240524479475e+00,4.249183085057777753e-01,3.444918308505777738e+00,4.512416989766970254e-01,4.071241698976697521e+00
4.200000000000000000e+02,1.194868877984695873e-08,1.200000119486887701e-01,4.540021306253633294e-09,7.200000045400213322e-01,1.660793337531105754e-09,1.320000001660793121e+00,3.873103555249665098e-01,2.807310355524966550e+00,4.242653415832663977e-01,3.444265341583266249e+00,4.474410640449749677e-01,4.067441064044975185e+00
4.206666666666666288e+02,9.479896871770755695e-09,1.200000094798968631e-01,3.577140632475935238e-09,7.200000035771405571e-01,1.299536931470914088e-09,1.320000001299536763e+00,3.888023042057069945e-01,2.808802304205706868e+00,4.229624164158856670e-01,3.442962416415885851e+00,4.429906542221534460e-01,4.062990654222153886e+00
4.213333333333333144e+02,7.509645279363562769e-09,1.200000075096452762e-01,2.814146791176889225e-09,7.200000028141467778e-01,1.015300333114679962e-09,1.320000001015300128e+00,3.897002306066169042e-01,2.809700230606616778e+00,4.210155272655955461e-01,3.441015527265595786e+00,4.379105421649530649e-01,4.057910542164953505e+00
4.220000000000000000e+02,5.939746043437269654e-09,1.200000059397460378e-01,2.210499327896802180e-09,7.200000022104993125e-01,7.920156554609809325e-10,1.320000000792015404e+00,3.900000000000000133e-01,2.810000000000000053e+00,4.184336080400571367e-01,3.438433608040057265e+00,4.322234727218640660e-01,4.052223472721864006e+00
4.226666666666666288e+02,4.690825565949466874e-09,1.200000046908255569e-01,1.733673897393189593e-09,7.200000017336738445e-01,6.168890902935573068e-10,1.320000000616888824e+00,3.897002306066169597e-01,2.809700230606616778e+00,4.152284640013558237e-01,3.435228464001355952e+00,4.259546933539098967e-01,4.045954693353910336e+00
4.233333333333333144e+02,3.698827989753006843e-09,1.200000036988279895e-01,1.357621102033671979e-09,7.200000013576211000e-01,4.797508066437207779e-10,1.320000000479750746e+00,3.888023042057071610e-01,2.808802304205706868e+00,4.114146818525166727e-01,3.431414681852516857e+00,4.191317675289204514e-01,4.039131767528920669e+00
4.240000000000000000e+02,2.912146467300897988e-09,1.200000029121464640e-01,1.061512513150950571e-09,7.200000010615125179e-01,3.725302998058584327e-10,1.320000000372530069e+00,3.873103555249665098e-01,2.807310355524966550e+00,4.070095191600460183e-01,3.427009519160046036e+00,4.117843730180799078e-01,4.031784373018080458e+00
4.246666666666666288e+02,2.289273925788478388e-09,1.200000022892739188e-01,8.287222250331590799e-10,7.200000008287221753e-01,2.888337471205989500e-10,1.320000000288833686e+00,3.852312405244795457e-01,2.805231240524479475e+00,4.020327742853756492e-01,3.422032774285375556e+00,4.039440871581141401e-01,4.023944087158113803e+00
4.253333333333333144e+02,1.796882805491247560e-09,1.200000017968828048e-01,6.460012095225488229e-10,7.200000006460012258e-01,2.236041513155952603e-10,1.320000000223604086e+00,3.825744839150257426e-01,2.802574483915025727e+00,3.965066381967660702e-01,3.416506638196766144e+00,3.956441612500071203e-01,4.015644161250007116e+00
4.260000000000000000e+02,1.408258331065047006e-09,1.200000014082583250e-01,5.028091901726542598e-10,7.200000005028092120e-01,1.728485470813068888e-10,1.320000000172848464e+00,3.793522064729135668e-01,2.799352206472913274e+00,3.904555297133079916e-01,3.410455529713308120e+00,3.869192863444998465e-01,4.006919286344500009e+00
4.266666666666666288e+02,1.102022577353783461e-09,1.200000011020225660e-01,3.907749661937625823e-10,7.200000003907749413e-01,1.334194316073150793e-10,1.320000000133419338e+00,3.755790329274779071e-01,2.795579032927477670e+00,3.839059158918670112e-01,3.403905915891867195e+00,3.778053527151921109e-01,3.997805352715192218e+00
4.273333333333333144e+02,8.610972632796551678e-10,1.200000008610972585e-01,3.032612828855319476e-10,7.200000003032612783e-01,1.028399563718179867e-10,1.320000000102839799e+00,3.712719814007210406e-01,2.791271981400720748e+00,3.768861194042166796e-01,3.396886119404216586e+00,3.683392053417319789e-01,3.988339205341731919e+00
4.280000000000000000e+02,6.718621537243181080e-10,1.200000006718621448e-01,2.350146333056978597e-10,7.200000002350146477e-01,7.916437105795934114e-11,1.320000000079164293e+00,3.664503355685369002e-01,2.786450335568536829e+00,3.694261148636116543e-01,3.389426114863611783e+00,3.585583977185692883e-01,3.978558397718569228e+00
4.286666666666666288e+02,5.234734321901313090e-10,1.200000005234734268e-01,1.818839272263186528e-10,7.200000001818839257e-01,6.086681299661112599e-11,1.320000000060866707e+00,3.611355008870105743e-01,2.781135500887010448e+00,3.615573161464579188e-01,3.381557316146457826e+00,3.485009462697549187e-01,3.968500946269755136e+00
4.293333333333333144e+02,4.073126519661236124e-10,1.200000004073126514e-01,1.405948982808716580e-10,7.200000001405948424e-01,4.675284737087486962e-11,1.320000000046752664e+00,3.553508463832151798e-01,2.775350846383215053e+00,3.533123568148271443e-01,3.373312356814827329e+00,3.382050875884779484e-01,3.958205087588478222e+00
4.300000000000000000e+02,3.165420738700352642e-10,1.200000003165420659e-01,1.085695404784816421e-10,7.200000001085694601e-01,3.588923509459397995e-11,1.320000000035889132e+00,3.491215336457634266e-01,2.769121533645763300e+00,3.447248657789269699e-01,3.364724865778927043e+00,3.277090406328738159e-01,3.947709040632874089e+00
4.306666666666666288e+02,2.457465197196073425e-10,1.200000002457465159e-01,8.378185700267467528e-11,7.200000000837818437e-01,2.754827899231801531e-11,1.320000000027548026e+00,3.424743347644880753e-01,2.762474334764488226e+00,3.358292403453241315e-01,3.355829240345324038e+00,3.170507758989475344e-01,3.937050775898947474e+00
4.313333333333333144e+02,1.906454534641958859e-10,1.200000001906454533e-01,6.464283991149690294e-11,7.200000000646428200e-01,2.116380981289451786e-11,1.320000000021163578e+00,3.354374410597886214e-01,2.755437441059788384e+00,3.266604187772334522e-01,3.346660418777233303e+00,3.062677934594533746e-01,3.926267793459453426e+00
4.320000000000000000e+02,1.478619662421614198e-10,1.200000001478619682e-01,4.990893992952402520e-11,7.200000000499089392e-01,1.629645091526457232e-11,1.320000000016296360e+00,3.280402645094672720e-01,2.748040264509467256e+00,3.172536544483291476e-01,3.337253654448329332e+00,2.953969116066034739e-01,3.915396911606603414e+00
4.326666666666666288e+02,1.147377891686822823e-10,1.200000001147377843e-01,3.860938203258371219e-11,7.200000000386093113e-01,1.260626839354640315e-11,1.320000000012606201e+00,3.203132338237498211e-01,2.740313233823749695e+00,3.076442936025010622e-01,3.327644293602501246e+00,2.844740676691589476e-01,3.904474067669159165e+00
4.333333333333333144e+02,8.918547438092737608e-11,1.200000000891854740e-01,2.998857767172915833e-11,7.200000000299885405e-01,9.831291994447438006e-12,1.320000000009831087e+00,3.122875871375553891e-01,2.732287587137555374e+00,2.978675586403781717e-01,3.317867558640378078e+00,2.735341323936583691e-01,3.893534132393658531e+00
4.340000000000000000e+02,6.957054330944902512e-11,1.200000000695705393e-01,2.346061388362340509e-11,7.200000000234605402e-01,7.770697960273025857e-12,1.320000000007770513e+00,3.039951632831348061e-01,2.723995163283134957e+00,2.879583387410711293e-01,3.307958338741070925e+00,2.626107390880910164e-01,3.882610739088091290e+00
4.346666666666666288e+02,5.461776235187519609e-11,1.200000000546177642e-01,1.857339283606596720e-11,7.200000000185733384e-01,6.271691525274332732e-12,1.320000000006271490e+00,2.954681935765313128e-01,2.715468193576531242e+00,2.779509894965341843e-01,3.297950989496534202e+00,2.517361285271871862e-01,3.871736128527187404e+00
4.353333333333333144e+02,4.333682134720446990e-11,1.200000000433368158e-01,1.498047717870560878e-11,7.200000000149804347e-01,5.219325396611100712e-12,1.320000000005219221e+00,2.867390959989269406e-01,2.706739095998926814e+00,2.678791430886343083e-01,3.287879143088634493e+00,2.409410104147330367e-01,3.860941010414733032e+00
4.360000000000000000e+02,3.496360241125951782e-11,1.200000000349635970e-01,1.241908731056328605e-11,7.200000000124190391e-01,4.528650347690719226e-12,1.320000000004528440e+00,2.778402735800451495e-01,2.697840273580045078e+00,2.577755303778692109e-01,3.277775530377869284e+00,2.302544419927773367e-01,3.850254441992777554e+00
4.366666666666666288e+02,2.891397166844333631e-11,1.200000000289139640e-01,1.069301320916966557e-11,7.200000000106929754e-01,4.138722562559086287e-12,1.320000000004138530e+00,2.688039186969337635e-01,2.688803918696933692e+00,2.476718161003406415e-01,3.267671816100340632e+00,2.197037241831408250e-01,3.839703724183141098e+00
4.373333333333333144e+02,2.474763411708224858e-11,1.200000000247476301e-01,9.659459718134985317e-12,7.200000000096594688e-01,4.008095746374629970e-12,1.320000000004007967e+00,2.596618248895365411e-01,2.679661824889536526e+00,2.375984481888462618e-01,3.257598448188846252e+00,2.093143154460505861e-01,3.829314315446050720e+00
4.380000000000000000e+02,2.214008719356661493e-11,1.200000000221400770e-01,9.219051639366956859e-12,7.200000000092190433e-01,4.111509283711929726e-12,1.320000000004111440e+00,2.504452076664681615e-01,2.670445207666467979e+00,2.275845220474898845e-01,3.247584522047489930e+00,1.991097633464895544e-01,3.819109763346489661e+00
4.386666666666666288e+02,2.086111224187265669e-11,1.200000000208611139e-01,9.308393071695475088e-12,7.200000000093084163e-01,4.437550986289661869e-12,1.320000000004437402e+00,2.411845356325477696e-01,2.661184535632547643e+00,2.176576604197588416e-01,3.237657660419758887e+00,1.891116536333067866e-01,3.809111653633306727e+00
4.393333333333333144e+02,2.075857221399957075e-11,1.200000000207585710e-01,9.894711951014600299e-12,7.200000000098947250e-01,4.987127575253911924e-12,1.320000000004986962e+00,2.319093731163625605e-01,2.651909373116362545e+00,2.078439093003267291e-01,3.227843909300326608e+00,1.793395764614744703e-01,3.799339576461474799e+00
4.400000000000000000e+02,2.174655274987320028e-11,1.200000000217465446e-01,1.097223206956785521e-11,7.200000000109721965e-01,5.772620730056091117e-12,1.320000000005772556e+00,2.226482353138163062e-01,2.642648235313816318e+00,1.981676501534251345e-01,3.218167650153425097e+00,1.698111092258725863e-01,3.789811109225872610e+00
4.406666666666666288e+02,2.379710409858950518e-11,1.200000000237970987e-01,1.256000624388348260e-11,7.200000000125599264e-01,6.817643552574759244e-12,1.320000000006817498e+00,2.134284567947891120e-01,2.633428456794788985e+00,1.886515285179160284e-01,3.208651528517916240e+00,1.605418153272095694e-01,3.780541815327209676e+00
4.413333333333333144e+02,2.693502291417081127e-11,1.200000000269350192e-01,1.470102009995980657e-11,7.200000000147009915e-01,8.157343491994822757e-12,1.320000000008157093e+00,2.042760740472736591e-01,2.624276074047273699e+00,1.793163989035355954e-01,3.199316398903535585e+00,1.515452580585042175e-01,3.771545258058504491e+00
4.420000000000000000e+02,3.123526389415350981e-11,1.200000000312352599e-01,1.746243974106440558e-11,7.200000000174624493e-01,9.839224688987200093e-12,1.320000000009839081e+00,1.952157225590938072e-01,2.615215722559093514e+00,1.701812857161515702e-01,3.190181285716151560e+00,1.428330286848751296e-01,3.762833028684875458e+00
4.426666666666666288e+02,3.682269827403158114e-11,1.200000000368226932e-01,2.093693134754060958e-11,7.200000000209368922e-01,1.192448661575228098e-11,1.320000000011924302e+00,1.862705487639672031e-01,2.606270548763967021e+00,1.612633597941182384e-01,3.181263359794118450e+00,1.344147876908996786e-01,3.754414787690899757e+00
4.433333333333333144e+02,4.387404498499301304e-11,1.200000000438740388e-01,2.524502904081541761e-11,7.200000000252450016e-01,1.448989790962237788e-11,1.320000000014489805e+00,1.774621370086081062e-01,2.597462137008608174e+00,1.525779299945800027e-01,3.172577929994579993e+00,1.262983180889839518e-01,3.746298318088983947e+00
4.440000000000000000e+02,5.262189557625095037e-11,1.200000000526218885e-01,3.053857126201786106e-11,7.200000000305385450e-01,1.763024537698543550e-11,1.320000000017630182e+00,1.688104515328933131e-01,2.588810451532893353e+00,1.441384491391140832e-01,3.164138449139114240e+00,1.184895896190614473e-01,3.738489589619061526e+00
4.446666666666666288e+02,6.336083983785336319e-11,1.200000000633608399e-01,3.700526731796257754e-11,7.200000000370052611e-01,2.146141913288982029e-11,1.320000000021461339e+00,1.603337932978035896e-01,2.580333793297803435e+00,1.359565335134722552e-01,3.155956533513472273e+00,1.109928326243697222e-01,3.730992832624369981e+00
4.453333333333333144e+02,7.645577892197364237e-11,1.200000000764557678e-01,4.487449626827612764e-11,7.200000000448745219e-01,2.612421652244894545e-11,1.320000000026124054e+00,1.520487713477718383e-01,2.572048771347771989e+00,1.280419950172178578e-01,3.148041995017218042e+00,1.038106203596793065e-01,3.723810620359679469e+00
4.460000000000000000e+02,9.235258971416068768e-11,1.200000000923525795e-01,5.442448145061569862e-11,7.200000000544244383e-01,3.178897058658072763e-11,1.320000000031788856e+00,1.439702882567180653e-01,2.563970288256717911e+00,1.204028849761928782e-01,3.140402884976192688e+00,9.694395847646732067e-02,3.716943958476467635e+00
4.466666666666666288e+02,1.115913810038192755e-10,1.200000001115913706e-01,6.599102705320235834e-11,7.200000000659909638e-01,3.866113411731943417e-11,1.320000000038660914e+00,1.361115390817646542e-01,2.556111539081764583e+00,1.130455485642265223e-01,3.133045548564226568e+00,9.039238043329800298e-02,3.710392380433297888e+00
4.473333333333333144e+02,1.348226611844899799e-10,1.200000001348226625e-01,7.997804958340324448e-11,7.200000000799779976e-01,4.698797853848489165e-11,1.320000000046987809e+00,1.284840231365579066e-01,2.548484023136557752e+00,1.059746887303510965e-01,3.125974688730351225e+00,8.415404759811265234e-02,3.704154047598112953e+00
4.480000000000000000e+02,1.628268211894381267e-10,1.200000001628268170e-01,9.687018818018466488e-11,7.200000000968701519e-01,5.706659872046198707e-11,1.320000000057066414e+00,1.210975677980462989e-01,2.541097567798046075e+00,9.919343849368875143e-02,3.119193438493688575e+00,7.822585284100434799e-02,3.698225852841004357e+00
4.486666666666666288e+02,1.965374274928969665e-10,1.200000001965374208e-01,1.172478348422205259e-10,7.200000001172478514e-01,6.925345122185240109e-11,1.320000000069253332e+00,1.139603634770671170e-01,2.533960363477067101e+00,9.270344044963961527e-02,3.112703440449639647e+00,7.260352646006834609e-02,3.692603526460068508e+00
4.493333333333333144e+02,2.370689206515629165e-10,1.200000002370689156e-01,1.418049902270890108e-10,7.200000001418049855e-01,8.397569524888576692e-11,1.320000000083975555e+00,1.070790088145733426e-01,2.527079008814573147e+00,8.650493232738828975e-02,3.106504932327388335e+00,6.728174333770804705e-02,3.687281743337708306e+00
4.500000000000000000e+02,2.857494274701184666e-10,1.200000002857494197e-01,1.713704242595449110e-10,7.200000001713704467e-01,1.017446538341685115e-10,1.320000000101744453e+00,1.004585651118129752e-01,2.520458565111812987e+00,8.059683744913229142e-02,3.100596837449132170e+00,6.225423028884184695e-02,3.682254230288842134e+00
4.506666666666666288e+02,3.441595220281943470e-10,1.200000003441595159e-01,2.069327050463348910e-10,7.200000002069326666e-01,1.231717684743869819e-10,1.320000000123171535e+00,9.410261896413954497e-02,2.514102618964139335e+00,7.497685896480060785e-02,3.094976858964800570e+00,5.751387263429426355e-02,3.677513872634294412e+00
4.513333333333333144e+02,4.141779152734369881e-10,1.200000004141779097e-01,2.496697563821876516e-10,7.200000002496697027e-01,1.489874849854133772e-10,1.320000000148987329e+00,8.801335204407594037e-02,2.508013352044075717e+00,6.964157677126878165e-02,3.089641576771268827e+00,5.305281911079624824e-02,3.673052819110796285e+00
4.520000000000000000e+02,4.980352176806751823e-10,1.200000004980352197e-01,3.009837155058077967e-10,7.200000003009836558e-01,1.800635830486436518e-10,1.320000000180063360e+00,8.219161696917882953e-02,2.502191616969178689e+00,6.458654607088112898e-02,3.084586546070881230e+00,4.886258431193023222e-02,3.668862584311930242e+00
4.526666666666666288e+02,5.983771079150911674e-10,1.200000005983771073e-01,3.625419910303588613e-10,7.200000003625419698e-01,2.174395484379844038e-10,1.320000000217439462e+00,7.663701819344832800e-02,2.496637018193448299e+00,5.980639657915313989e-02,3.079806396579153116e+00,4.493414794058279288e-02,3.664934147940583031e+00
4.533333333333333144e+02,7.183384561874031557e-10,1.200000007183384537e-01,4.363255687179435104e-10,7.200000004363255046e-01,2.623536870514373408e-10,1.320000000262353534e+00,7.134799687666074086e-02,2.491347996876660531e+00,5.529493145449917296e-02,3.075294931454499281e+00,4.125805024164938550e-02,3.661258050241649631e+00
4.540000000000000000e+02,8.616301981360129198e-10,1.200000008616301933e-01,5.246857829056425010e-10,7.200000005246857127e-01,3.162797956893425280e-10,1.320000000316279731e+00,6.632191871302543784e-02,2.486321918713025436e+00,5.104522509228934246e-02,3.071045225092289499e+00,3.782448307251774083e-02,3.657824483072517729e+00
4.546666666666666288e+02,1.032641038173798976e-09,1.200000010326410377e-01,6.304109672055646638e-10,7.200000006304109190e-01,3.809703383664243694e-10,1.320000000380970206e+00,6.155516373788405549e-02,2.481555163737883873e+00,4.704971900009165958e-02,3.067049719000091823e+00,3.462337615701738952e-02,3.654623376157017489e+00
4.553333333333333144e+02,1.236556385392994795e-09,1.200000012365563806e-01,7.568046232942498054e-10,7.200000007568045923e-01,4.585072314749478365e-10,1.320000000458507072e+00,5.704321717762207006e-02,2.477043217177622214e+00,4.330031504927341068e-02,3.063300315049273248e+00,3.164447815497263561e-02,3.651644478154972617e+00
4.560000000000000000e+02,1.479497296035921868e-09,1.200000014794972980e-01,9.077770053506302179e-10,7.200000009077769381e-01,5.513615193452458016e-10,1.320000000551361463e+00,5.278076046227898888e-02,2.472780760462279126e+00,3.978846547885863533e-02,3.059788465478858743e+00,2.887743226319744796e-02,3.648877432263197385e+00
4.566666666666666288e+02,1.768682620598003632e-09,1.200000017686826126e-01,1.087952314696791389e-09,7.200000010879522572e-01,6.624634270908137297e-10,1.320000000662463258e+00,4.876176158124952836e-02,2.468761761581249381e+00,3.650525910942343383e-02,3.056505259109423278e+00,2.631184614384931078e-02,3.646311846143849511e+00
4.573333333333333144e+02,2.112618037975453992e-09,1.200000021126180344e-01,1.302794039731217598e-09,7.200000013027940682e-01,7.952845139380934675e-10,1.320000000795284345e+00,4.497956402871861742e-02,2.464979564028718428e+00,3.344150330670031535e-02,3.053441503306700167e+00,2.393735605177929951e-02,3.643937356051779375e+00
4.580000000000000000e+02,2.521316211690964802e-09,1.200000025213162069e-01,1.558751366267520285e-09,7.200000015587513236e-01,9.539339218883171862e-10,1.320000000953933661e+00,4.142697365576700902e-02,2.461426973655767014e+00,3.058780131534559812e-02,3.050587801315345793e+00,2.174368510322604101e-02,3.641743685103226102e+00
4.586666666666666288e+02,3.006552933047125079e-09,1.200000030065529327e-01,1.863430029580727764e-09,7.200000018634300503e-01,1.143271026461771078e-09,1.320000001143270874e+00,3.809634281918984622e-02,2.458096342819189761e+00,2.793462466202563388e-02,3.047934624662025804e+00,1.972069569340634959e-02,3.639720695693406505e+00
4.593333333333333144e+02,3.582164833016736972e-09,1.200000035821648242e-01,2.225791489304605640e-09,7.200000022257914134e-01,1.369037153978012669e-09,1.320000001369036946e+00,3.497965129183328026e-02,2.454979651291833154e+00,2.547238040274252269e-02,3.045472380402742374e+00,1.785843612989652246e-02,3.637858436129896678e+00
4.600000000000000000e+02,4.264395059866896915e-09,1.200000042643950549e-01,2.656384890202153791e-09,7.200000026563848632e-01,1.638009439568133758e-09,1.320000001638009346e+00,3.206858347452604813e-02,2.452068583474526164e+00,2.319147306136995837e-02,3.043191473061369834e+00,1.614718160189829860e-02,3.636147181601898204e+00
4.606666666666666288e+02,5.072294245258605875e-09,1.200000050722942468e-01,3.167616935122069485e-09,7.200000031676169199e-01,1.958180368906328004e-09,1.320000001958180125e+00,2.935460152442796733e-02,2.449354601524428077e+00,2.108236117407224358e-02,3.041082361174072268e+00,1.457746965240436926e-02,3.634577469652404691e+00
4.613333333333333144e+02,6.028185131553704163e-09,1.200000060281851272e-01,3.774065551618405963e-09,7.200000037740654779e-01,2.338967082348678908e-09,1.320000002338966860e+00,2.682901408791181150e-02,2.446829014087911869e+00,1.913560841712495450e-02,3.039135608417125045e+00,1.314013036089326826e-02,3.633140130360893227e+00
4.620000000000000000e+02,7.158200422478321792e-09,1.200000071582004169e-01,4.492844092413712395e-09,7.200000044928440701e-01,2.791455131583684239e-09,1.320000002791454907e+00,2.448304039705899438e-02,2.444483040397058993e+00,1.734192935322679749e-02,3.037341929353226888e+00,1.182631147853477858e-02,3.631826311478534741e+00
4.626666666666666288e+02,8.492904764942321869e-09,1.200000084929047639e-01,5.344023785105796530e-09,7.200000053440237524e-01,3.328682075879131243e-09,1.320000003328681837e+00,2.230786955674217420e-02,2.442307869556742173e+00,1.569222988339714908e-02,3.035692229883397264e+00,1.062749878612112217e-02,3.630627498786121343e+00
4.633333333333333144e+02,1.006801329025663178e-08,1.200000100680132797e-01,6.351123252667590977e-09,7.200000063511232673e-01,3.965967098544582342e-09,1.320000003965966950e+00,2.029471491346552386e-02,2.440294714913465501e+00,1.417764253782302468e-02,3.034177642537823072e+00,9.535531967284998495e-03,3.629535531967285067e+00
4.640000000000000000e+02,1.192522085870692232e-08,1.200000119252208480e-01,7.541675179357293889e-09,7.200000075416751466e-01,4.721293726573475666e-09,1.320000004721293640e+00,1.843486345708354041e-02,2.438434863457083601e+00,1.278955677945436444e-02,3.032789556779454276e+00,8.542616306294336520e-03,3.628542616306294377e+00
4.646666666666666288e+02,1.411315808497939880e-08,1.200000141131580822e-01,8.947881614342719988e-09,7.200000089478816312e-01,5.615753761220305198e-09,1.320000005615753702e+00,1.671972026180178900e-02,2.436719720261801836e+00,1.151964452876137052e-02,3.031519644528761326e+00,7.641330531165315722e-03,3.627641330531165220e+00
4.653333333333333144e+02,1.668849239805917793e-08,1.200000166884923891e-01,1.060737100719916406e-08,7.200000106073709549e-01,6.674061689650631055e-09,1.320000006674061588e+00,1.514084802317409127e-02,2.435140848023173987e+00,1.035988114696284601e-02,3.030359881146962753e+00,6.824631129398232854e-03,3.626824631129398124e+00
4.660000000000000000e+02,1.971719483509941383e-08,1.200000197171948307e-01,1.256407187704042482e-08,7.200000125640718673e-01,7.925150164575726954e-09,1.320000007925149932e+00,1.369000179291498392e-02,2.433690001792915059e+00,9.302562138371373718e-03,3.029302562138371346e+00,6.085853465718605616e-03,3.626085853465718767e+00
4.666666666666666288e+02,2.327599601414101801e-08,1.200000232759960150e-01,1.486922005413980289e-08,7.200000148692200508e-01,9.402858628549529523e-09,1.320000009402858554e+00,1.235915905312696961e-02,2.432359159053127051e+00,8.340315850510676698e-03,3.028340315850510667e+00,5.418710029236711335e-03,3.625418710029236991e+00
4.673333333333333144e+02,2.745405780790200090e-08,1.200000274540578005e-01,1.758251872558395167e-08,7.200000175825187476e-01,1.114672884290624556e-08,1.320000011146728713e+00,1.114054530597665890e-02,2.431140545305976453e+00,7.466112463642217076e-03,3.027466112463642389e+00,4.817286131877541490e-03,3.624817286131877481e+00
4.680000000000000000e+02,3.235489068556404141e-08,1.200000323548906789e-01,2.077347309339658447e-08,7.200000207734730262e-01,1.320292298082534735e-08,1.320000013202922817e+00,1.002665538397757433e-02,2.430026655383977552e+00,6.673269569613123932e-03,3.026673269569613023e+00,4.276033371227126560e-03,3.624276033371227168e+00
4.686666666666666288e+02,3.809855054006860889e-08,1.200000380985505322e-01,2.452292434601535402e-08,7.200000245229243312e-01,1.562528208468653921e-08,1.320000015625282019e+00,9.010270709975331041e-03,2.429010270709975217e+00,5.955454643876674850e-03,3.025955454643876497e+00,3.789761159543063220e-03,3.623789761159543321e+00
4.693333333333333144e+02,4.482415311664634715e-08,1.200000448241531070e-01,2.892481088619457085e-08,7.200000289248108531e-01,1.847654509713826232e-08,1.320000018476545023e+00,8.084472754875940068e-03,2.428084472754875822e+00,5.306684714539221075e-03,3.025306684714539340e+00,3.353626607032881603e-03,3.623353626607033195e+00
4.700000000000000000e+02,5.269274894937050162e-08,1.200000526927489514e-01,3.408818838764785857e-08,7.200000340881883565e-01,2.182975138322469224e-08,1.320000021829751180e+00,7.242652955341382856e-03,2.427242652955341473e+00,4.721323528755616908e-03,3.024721323528755779e+00,2.963123032033541417e-03,3.622963123032033828e+00
4.706666666666666288e+02,6.189060704531927882e-08,1.200000618906070377e-01,4.013954430960686845e-08,7.200000401395443284e-01,2.576985270043467299e-08,1.320000025769852536e+00,6.478519363385431412e-03,2.426478519363385544e+00,4.194076510149559456e-03,3.024194076510149376e+00,2.614067353835840268e-03,3.622614067353835843e+00
4.713333333333333144e+02,7.263296148300446119e-08,1.200000726329614742e-01,4.722544702694171715e-08,7.200000472254469708e-01,3.039556398058186529e-08,1.320000030395563906e+00,5.786100305367094208e-03,2.425786100305367121e+00,3.719983791599028138e-03,3.023719983791599120e+00,2.302586605971065122e-03,3.622302586605971264e+00
4.720000000000000000e+02,8.516828166964202568e-08,1.200000851682816588e-01,5.551557478121844967e-08,7.200000555155747772e-01,3.582148610120365174e-08,1.320000035821485840e+00,5.159745329640694385e-03,2.425159745329640515e+00,3.294411596107882801e-03,3.023294411596107789e+00,2.025103789162207690e-03,3.622025103789162426e+00
4.726666666666666288e+02,9.978313429119751021e-08,1.200000997831342925e-01,6.520617527654620660e-08,7.200000652061752104e-01,4.218053808730932786e-08,1.320000042180538014e+00,4.594123720452001312e-03,2.424594123720452021e+00,2.913042224985146634e-03,3.022913042224985247e+00,1.778323264160999772e-03,3.621778323264161159e+00
4.733333333333333144e+02,1.168077130545773113e-07,1.200001168077130531e-01,7.652401298866017275e-08,7.200000765240129885e-01,4.962674094303817757e-08,1.320000049626740779e+00,4.084220850954930170e-03,2.424084220850954985e+00,2.571862897561354513e-03,3.022571862897561523e+00,1.559215865635884017e-03,3.621559215865636006e+00
4.740000000000000000e+02,1.366221212318570643e-07,1.200001366221212229e-01,8.973086818599211218e-08,7.200000897308681536e-01,5.833840061718193892e-08,1.320000058338400395e+00,3.625332640842140845e-03,2.423625332640841901e+00,2.267153670545051392e-03,3.022267153670544992e+00,1.365003899398390666e-03,3.621365003899398527e+00
4.746666666666666288e+02,1.596635018452791748e-07,1.200001596635018458e-01,1.051286593413379410e-07,7.200001051286593068e-01,6.852174351068831738e-08,1.320000068521743453e+00,3.213058374419173590e-03,2.423213058374419138e+00,1.995474648201894623e-03,3.021995474648202062e+00,1.193146166780731550e-03,3.621193146166780785e+00
4.753333333333333144e+02,1.864341211562935955e-07,1.200001864341211505e-01,1.230652691102471286e-07,7.200001230652690598e-01,8.041506449637761544e-08,1.320000080415064447e+00,2.843292123383947892e-03,2.422843292123384007e+00,1.753652677137194481e-03,3.021753652677137136e+00,1.041323142096910659e-03,3.621041323142097035e+00
4.760000000000000000e+02,2.175105230239614882e-07,1.200002175105230190e-01,1.439411634401270154e-07,7.200001439411634063e-01,9.429345470379802332e-08,1.320000094293454440e+00,2.512213005457218564e-03,2.422512213005457049e+00,1.538767701859358088e-03,3.021538767701859474e+00,9.074224119909856659e-04,3.620907422411991039e+00
4.766666666666666288e+02,2.535538847635078204e-07,1.200002535538847587e-01,1.682169037294413970e-07,7.200001682169037132e-01,1.104741843925047640e-07,1.320000110474184307e+00,2.216274495690234367e-03,2.422216274495690325e+00,1.348138939749419585e-03,3.021348138939749628e+00,7.895244692277522463e-04,3.620789524469227860e+00
4.773333333333333144e+02,2.953217194543812049e-07,1.200002953217194496e-01,1.964216633608106563e-07,7.200001964216633521e-01,1.293228251666394650e-07,1.320000129322824955e+00,1.952192992077350555e-03,2.421952192992077091e+00,1.179311016783812565e-03,3.021179311016783942e+00,6.858889382141400079e-04,3.620685888938214081e+00
4.780000000000000000e+02,3.436810853126079741e-07,1.200003436810853086e-01,2.291628724714749341e-07,7.200002291628724294e-01,1.512602056489047626e-07,1.320000151260205534e+00,1.716935821319036165e-03,2.421716935821319083e+00,1.030040188542686534e-03,3.021030040188542820e+00,5.949412953257966763e-04,3.620594941295325775e+00
4.786666666666666288e+02,3.996234798516365133e-07,1.200003996234798448e-01,2.671371285899856119e-07,7.200002671371286134e-01,1.767703056139600084e-07,1.320000176770305345e+00,1.507708854488078567e-03,2.421507708854488072e+00,8.982807548461865322e-04,3.020898280754846343e+00,5.152601340019822770e-04,3.620515260134002045e+00
4.793333333333333144e+02,4.642816152092831082e-07,1.200004642816152045e-01,3.111425258536264830e-07,7.200003111425258284e-01,2.064092055655773800e-07,1.320000206409205346e+00,1.321943886195499698e-03,2.421321943886195260e+00,7.821717609299388670e-04,3.020782171760930002e+00,4.455650125901468956e-04,3.620445565012590183e+00
4.800000000000000000e+02,5.389482913185191030e-07,1.200005389482913104e-01,3.620925720257161794e-07,7.200003620925720105e-01,2.408152219191630805e-07,1.320000240815221826e+00,1.157285914847738231e-03,2.421157285914847801e+00,6.800240635021759499e-04,3.020680024063502334e+00,3.847049120759299542e-04,3.620384704912075868e+00
4.806666666666666288e+02,6.250976056518072583e-07,1.200006250976056454e-01,4.210318805579274693e-07,7.200004210318805553e-01,2.807203724165854292e-07,1.320000280720372343e+00,1.011580445923345546e-03,2.421011580445923350e+00,5.903078263986835184e-04,3.020590307826398480e+00,3.316473211146824429e-04,3.620331647321114676e+00
4.813333333333333144e+02,7.244087621779153749e-07,1.200007244087621799e-01,4.891538445954623393e-07,7.200004891538445140e-01,3.269633322529567821e-07,1.320000326963332027e+00,8.828609250378936834e-04,2.420882860925037683e+00,5.116404979248764069e-04,3.020511640497924866e+00,2.854679571627279522e-04,3.620285467957162773e+00
4.820000000000000000e+02,8.387927680433766013e-07,1.200008387927680442e-01,5.678205212105602103e-07,7.200005678205211312e-01,3.805040587388836241e-07,1.320000380504058546e+00,7.693363930436500570e-04,2.420769336393043591e+00,4.427753103803984814e-04,3.020442775310380412e+00,2.453411249524930626e-04,3.620245341124952443e+00
4.826666666666666288e+02,9.704223344341179113e-07,1.200009704223344298e-01,6.585849773831386911e-07,7.200006585849773044e-01,4.424402812642596651e-07,1.320000442440281141e+00,6.693794416348006725e-04,2.420669379441634739e+00,3.825903317163157464e-04,3.020382590331716521e+00,2.105307070180962551e-04,3.620210530707018037e+00
4.833333333333333144e+02,1.121765328189825389e-06,1.200011217653281920e-01,7.632163744374360340e-07,7.200007632163744065e-01,5.140260739816701047e-07,1.320000514026073768e+00,5.815145349852469557e-04,2.420581514534985157e+00,3.300780897771243535e-04,3.020330078089777270e+00,1.803817754018954085e-04,3.620180381775401912e+00
4.840000000000000000e+02,1.295622153135628112e-06,1.200012956221531285e-01,8.837280949028358558e-07,7.200008837280948981e-01,5.966927511026212228e-07,1.320000596692751049e+00,5.044067508951711239e-04,2.420504406750894955e+00,2.843357811122144952e-04,3.020284335781112439e+00,1.543128089958192102e-04,3.620154312808995911e+00
4.846666666666666288e+02,1.495167474860117763e-06,1.200014951674748531e-01,1.022409245207369463e-06,7.200010224092451283e-01,6.920723491144837823e-07,1.320000692072349047e+00,4.368509838064095680e-04,2.420436850983806121e+00,2.445560688754307979e-04,3.020244556068875319e+00,1.318084971284928266e-04,3.620131808497128567e+00
4.853333333333333144e+02,1.723996739894442713e-06,1.200017239967398897e-01,1.181859899342848206e-06,7.200011818598993640e-01,8.020239866969659045e-07,1.320000802023986619e+00,3.777616418882378787e-04,2.420377761641888004e+00,2.100184678278747678e-04,3.020210018467827773e+00,1.124131069319357819e-04,3.620112413106931992e+00
4.860000000000000000e+02,1.986177980017752427e-06,1.200019861779800107e-01,1.365030482767891790e-06,7.200013650304827317e-01,9.286634217623016748e-07,1.320000928663421558e+00,3.261628611999628632e-04,2.420326162861199837e+00,1.800813088698551337e-04,3.020180081308869724e+00,9.572438964009028699e-05,3.620095724389640335e+00
4.866666666666666288e+02,2.286309434802128079e-06,1.200022863094347969e-01,1.575265732441908073e-06,7.200015752657323853e-01,1.074396155980625039e-06,1.320001074396155882e+00,2.811792516961507914e-04,2.420281179251696280e+00,1.541742707988289765e-04,3.020154174270798908e+00,8.138799921621008406e-05,3.620081387999216194e+00
4.873333333333333144e+02,2.629583570573590911e-06,1.200026295835705664e-01,1.816353708103072355e-06,7.200018163537080795e-01,1.241954470495874200e-06,1.320001241954470439e+00,2.420271825338587610e-04,2.420242027182534006e+00,1.317914630624809371e-04,3.020131791463062321e+00,6.909239550888831693e-05,3.620069092395509003e+00
4.880000000000000000e+02,3.021858121751035998e-06,1.200030218581217417e-01,2.092580371804416745e-06,7.200020925803717331e-01,1.434438812400157374e-06,1.320001434438812238e+00,2.080066077366859274e-04,2.420208006607736717e+00,1.124850400872848689e-04,3.020112485040087336e+00,5.856420343073856012e-05,3.620058564203430862e+00
4.886666666666666288e+02,3.469734831059628826e-06,1.200034697348310586e-01,2.408790297380813285e-06,7.200024087902973102e-01,1.655363990023700077e-06,1.320001655363989945e+00,1.784934277277637710e-04,2.420178493427727506e+00,9.585932524916186389e-05,3.020095859325249155e+00,4.956399937593484410e-05,3.620049563999375941e+00
4.893333333333333144e+02,3.980646618403802596e-06,1.200039806466183939e-01,2.770454118997175670e-06,7.200027704541189788e-01,1.908710676311703268e-06,1.320001908710676242e+00,1.529323775162550381e-04,2.420152932377516386e+00,8.156542064995452132e-05,3.020081565420650094e+00,4.188249618285266147e-05,3.620041882496182861e+00
4.900000000000000000e+02,4.562953964211803612e-06,1.200045629539642084e-01,3.183743378273412624e-06,7.200031837433782389e-01,2.198982763591082333e-06,1.320002198982763497e+00,1.308304283569260943e-04,2.420130830428356639e+00,6.929627750726661877e-05,3.020069296277507309e+00,3.533709834938367444e-05,3.620035337098349348e+00
4.906666666666666288e+02,5.226051351785713749e-06,1.200052260513517766e-01,3.655613482723537853e-06,7.200036556134826737e-01,2.531271159959498914e-06,1.320002531271159851e+00,1.117506864443218142e-04,2.420111750686444463e+00,5.878220109360622473e-05,3.020058782201093805e+00,2.976879986890533958e-05,3.620029768799868819e+00
4.913333333333333144e+02,5.980484674528113874e-06,1.200059804846745209e-01,4.193895544389720411e-06,7.200041938955443754e-01,2.911324667420760852e-06,1.320002911324667183e+00,9.530676959411807294e-05,2.420095306769594057e+00,4.978676371359623656e-05,3.020049786763713495e+00,2.503939792636862262e-05,3.620025039397926303e+00
4.920000000000000000e+02,6.838080577763488360e-06,1.200068380805777574e-01,4.807397926580293182e-06,7.200048073979266050e-01,3.345628634795789674e-06,1.320003345628634639e+00,8.115764084511748703e-05,2.420081157640844971e+00,4.210309912802399256e-05,3.020042103099128017e+00,2.102899673287229334e-05,3.620021028996732948e+00
4.926666666666666288e+02,7.812088771079318022e-06,1.200078120887710792e-01,5.506018388488519994e-06,7.200055060183884192e-01,3.841492134387446457e-06,1.320003841492134233e+00,6.900287642723066295e-05,2.420069002876427344e+00,3.555055206672708731e-05,3.020035550552066628e+00,1.763377694419715523e-05,3.620017633776944521e+00
4.933333333333333144e+02,8.917338415483933915e-06,1.200089173384154828e-01,6.300867782092120247e-06,7.200063008677820564e-01,4.407144470375639072e-06,1.320004407144470315e+00,5.857834452573061759e-05,2.420058578344525646e+00,2.997165696864433656e-05,3.020029971656968737e+00,1.476400736919823150e-05,3.620014764007369212e+00
4.940000000000000000e+02,1.017040975997881221e-05,1.200101704097599753e-01,7.204406323000818411e-06,7.200072044063229315e-01,5.051841888948783599e-06,1.320005051841888877e+00,4.965227067371039935e-05,2.420049652270673590e+00,2.522942080029710556e-05,3.020025229420800095e+00,1.234227699692422937e-05,3.620012342276996975e+00
4.946666666666666288e+02,1.158982227408402280e-05,1.200115898222740840e-01,8.230593526672853370e-06,7.200082305935266991e-01,5.785985425191326239e-06,1.320005785985425062e+00,4.202166536914925271e-05,2.420042021665369081e+00,2.120488569126376089e-05,3.020021204885691368e+00,1.030192673012368605e-05,3.620010301926730012e+00
4.953333333333333144e+02,1.319624059608228443e-05,1.200131962405960734e-01,9.395052973456288637e-06,7.200093950529734554e-01,6.621250889656126620e-06,1.320006621250889411e+00,3.550908958933814027e-05,2.420035509089589087e+00,1.779494814858673574e-05,3.020017794948148815e+00,8.585661584461916926e-06,3.620008585661584455e+00
4.960000000000000000e+02,1.501269969085614173e-05,1.200150126996908512e-01,1.071525313997767685e-05,7.200107152531399768e-01,7.570732068238148462e-06,1.320007570732067981e+00,2.995973421568655555e-05,2.420029959734215641e+00,1.491041273726304898e-05,3.020014910412737397e+00,7.144325477842926030e-06,3.620007144325477988e+00
4.966666666666666288e+02,1.706485068571367907e-05,1.200170648506857091e-01,1.221070561019566594e-05,7.200122107056101672e-01,8.649098282266388718e-06,1.320008649098282083e+00,2.523878994185796678e-05,2.420025238789941913e+00,1.247425931068590964e-05,3.020012474259310853e+00,5.935822076527779477e-06,3.620005935822076637e+00
4.973333333333333144e+02,1.938122892697801403e-05,1.200193812289269690e-01,1.390318205658669171e-05,7.200139031820566027e-01,9.872767531428641664e-06,1.320009872767531345e+00,2.122908497706347473e-05,2.420021229084976966e+00,1.042010411665771397e-05,3.020010420104116466e+00,4.924166471055240350e-06,3.620004924166471127e+00
4.980000000000000000e+02,2.199354587373800738e-05,1.200219935458737286e-01,1.581695146000915053e-05,7.200158169514599971e-01,1.126009651997654318e-05,1.320011260096519923e+00,1.782896873717355058e-05,2.420017828968737295e+00,8.690836368389697492e-06,3.020008690836368359e+00,4.078653714762486390e-06,3.620004078653714874e+00
4.986666666666666288e+02,2.493700651733786290e-05,1.200249370065173266e-01,1.797903911530548566e-05,7.200179790391152412e-01,1.283158894630731078e-05,1.320012831588946112e+00,1.495042070583280033e-05,2.420014950420705802e+00,7.237413136216071065e-06,3.020007237413136369e+00,3.373131462847566511e-06,3.620003373131463142e+00
4.993333333333333144e+02,2.825065408511539785e-05,1.200282506540851085e-01,2.041950904806612247e-05,7.200204195090480486e-01,1.461012351709110068e-05,1.320014610123516841e+00,1.251736471641003776e-05,2.420012517364716231e+00,6.017796668147725501e-06,3.020006017796668107e+00,2.785365094427254699e-06,3.620002785365094677e+00
5.000000000000000000e+02,3.197774385373583890e-05,1.200319777438537266e-01,2.317177154554540136e-05,7.200231717715455115e-01,1.662120322916215933e-05,1.320016621203228935e+00,1.046417002729685659e-05,2.420010464170027298e+00,4.996019472315352500e-06,3.020004996019472365e+00,2.296484779774025383e-06,3.620002296484779780e+00
5.006666666666666288e+02,3.616614796025417549e-05,1.200361661479602549e-01,2.627291758076667693e-05,7.200262729175807008e-01,1.889322754489728887e-05,1.320018893227544732e+00,8.734321715121641194e-06,2.420008734321715149e+00,4.141363680864108525e-06,3.020004141363680894e+00,1.890504967349031215e-06,3.620001890504967346e+00
5.013333333333333144e+02,4.086879315669957562e-05,1.200408687931567020e-01,2.976408198253229271e-05,7.200297640819824929e-01,2.145778916915423091e-05,1.320021457789168906e+00,7.279244073421252153e-06,2.420007279244073217e+00,3.427642354393933976e-06,3.020003427642354410e+00,1.553907709232981253e-06,3.620001553907709280e+00
5.020000000000000000e+02,4.614413350539474525e-05,1.200461441335053947e-01,3.369083727447168947e-05,7.200336908372744205e-01,2.434999721735279534e-05,1.320024349997217294e+00,6.057261861703597280e-06,2.420006057261861798e+00,2.832571472079792255e-06,3.020002832571472062e+00,1.275282119096990916e-06,3.620001275282119124e+00
5.026666666666666288e+02,5.205666005615115213e-05,1.200520566600561528e-01,3.810362017241065644e-05,7.200381036201723983e-01,2.760882864419549095e-05,1.320027608828644006e+00,5.032685387925733046e-06,2.420005032685387913e+00,2.337222380516388254e-06,3.020002337222380540e+00,1.045013064909767922e-06,3.620001045013065077e+00
5.033333333333333144e+02,5.867744958156505838e-05,1.200586774495815551e-01,4.305819279009419175e-05,7.200430581927900198e-01,3.127750987994919434e-05,1.320031277509879697e+00,4.175006515005355649e-06,2.420004175006515101e+00,1.925545441063655810e-06,3.020001925545440891e+00,8.550129408836976173e-07,3.620000855012940999e+00
5.040000000000000000e+02,6.608475447145944180e-05,1.200660847544714610e-01,4.861614065746946024e-05,7.200486161406574048e-01,3.540393069520754004e-05,1.320035403930694962e+00,3.458193750144301561e-06,2.420003458193749957e+00,1.583956519350290822e-06,3.020001583956519298e+00,6.984910420589665934e-07,3.620000698491042002e+00
5.046666666666666288e+02,7.436463590056639707e-05,1.200743646359005573e-01,5.484540970201640017e-05,7.200548454097019935e-01,4.004109238456713061e-05,1.320040041092384486e+00,2.860075597583165496e-06,2.420002860075597617e+00,1.300978801117609239e-06,3.020001300978801151e+00,5.697556832258300992e-07,3.620000569755683184e+00
5.053333333333333144e+02,8.361164238314171217e-05,1.200836116423831396e-01,6.182088438057746569e-05,7.200618208843805323e-01,4.524759242348881465e-05,1.320045247592423365e+00,2.361802325855110944e-06,2.420002361802325641e+00,1.066933196229379737e-06,3.020001066933196032e+00,4.640447647407524822e-07,3.620000464044764943e+00
5.060000000000000000e+02,9.392953581270333029e-05,1.200939295358127018e-01,6.962500917528763030e-05,7.200696250091752626e-01,5.108814780954418200e-05,1.320051088147809359e+00,1.947377216147688371e-06,2.420001947377215856e+00,8.736713086934281752e-07,3.020000873671308650e+00,3.773809945842389778e-07,3.620000377380994561e+00
5.066666666666666288e+02,1.054320670526788148e-04,1.201054320670526809e-01,7.834845568095389690e-05,7.200783484556809722e-01,5.763415934788164143e-05,1.320057634159347737e+00,1.603249216884060332e-06,2.420001603249216870e+00,7.143456068438392457e-07,3.020000714345606685e+00,3.064484322559118121e-07,3.620000306448432514e+00
5.073333333333333144e+02,1.182438030925372680e-04,1.201182438030925365e-01,8.809083751081001697e-05,7.200880908375107969e-01,6.496431917958988655e-05,1.320064964319179523e+00,1.317959730125861847e-06,2.420001317959730169e+00,5.832120268164624527e-07,3.020000583212026690e+00,2.484874293857704766e-07,3.620000248487429406e+00
5.080000000000000000e+02,1.325010077120640712e-04,1.201325010077120559e-01,9.896147523124101378e-05,7.200989614752312251e-01,7.316526387911581879e-05,1.320073165263878856e+00,1.081836997884797505e-06,2.420001081836997692e+00,4.754607868828710597e-07,3.020000475460786760e+00,2.012054078298766140e-07,3.620000201205407997e+00
5.086666666666666288e+02,1.483525775018641789e-04,1.201483525775018657e-01,1.110802135019294743e-04,7.201110802135018973e-01,8.233227546134138318e-05,1.320082332275461123e+00,8.867322417250712966e-07,2.420000886732241785e+00,3.870716831209757882e-07,3.020000387071683168e+00,1.627012420270469266e-07,3.620000162701241919e+00
5.093333333333333144e+02,1.659610349688095377e-04,1.201659610349688073e-01,1.245782925439231940e-04,7.201245782925439487e-01,9.257003263847832176e-05,1.320092570032638246e+00,7.257923386210158110e-07,2.420000725792338603e+00,3.146905814951586369e-07,3.020000314690581611e+00,1.314013019306474935e-07,3.620000131401301946e+00
5.100000000000000000e+02,1.855035803090223279e-04,1.201855035803090221e-01,1.395992759823532251e-04,7.201395992759823672e-01,1.039934146497786973e-04,1.320103993414649679e+00,5.932643918904100339e-07,2.420000593264391764e+00,2.555242209830394490e-07,3.020000255524220911e+00,1.060054691714066022e-07,3.620000106005469398e+00
5.106666666666666288e+02,2.071732032560326950e-04,1.202071732032560236e-01,1.563000370108926461e-04,7.201563000370109213e-01,1.167283599511801339e-04,1.320116728359951086e+00,4.843280805444121825e-07,2.420000484328080681e+00,2.072508002333429887e-07,3.020000207250800095e+00,8.544166536951331315e-08,3.620000085441665405e+00
5.113333333333333144e+02,2.311798562057998938e-04,1.202311798562057943e-01,1.748518046992814763e-04,7.201748518046992009e-01,1.309127819953091200e-04,1.320130912781995125e+00,3.949521462557586623e-07,2.420000394952146028e+00,1.679441396503743561e-07,3.020000167944139502e+00,6.882763063774774934e-08,3.620000068827630813e+00
5.120000000000000000e+02,2.577516895814096804e-04,1.202577516895814019e-01,1.954412721112914000e-04,7.201954412721112142e-01,1.466975442526423791e-04,1.320146697544252401e+00,3.217718072208576924e-07,2.420000321771807350e+00,1.360094949803826701e-07,3.020000136009494796e+00,5.543886505449868643e-08,3.620000055438865161e+00
5.126666666666666288e+02,2.871363501264774087e-04,1.202871363501264723e-01,2.182717677161773032e-04,7.202182717677161339e-01,1.642474965199210862e-04,1.320164247496519838e+00,2.619842754687027865e-07,2.420000261984275536e+00,1.101293505187593253e-07,3.020000110129350546e+00,4.468179879696319968e-08,3.620000044681798812e+00
5.133333333333332575e+02,3.196023425055613955e-04,1.203196023425055633e-01,2.435644913596796840e-04,7.202435644913596224e-01,1.837425744297514632e-04,1.320183742574429608e+00,2.132599016925426114e-07,2.420000213259901667e+00,8.921774292376796719e-08,3.020000089217742989e+00,3.607139007681820987e-08,3.620000036071389982e+00
5.140000000000000000e+02,3.554404542405533189e-04,1.203554404542405420e-01,2.715598158089852464e-04,7.202715598158089261e-01,2.053789639135604451e-04,1.320205378963913434e+00,1.736667824838616610e-07,2.420000173666782217e+00,7.238186311563481895e-08,3.020000072381863188e+00,2.921246618745736790e-08,3.620000029212466330e+00
5.146666666666666288e+02,3.949652436223115575e-04,1.203949652436223094e-01,3.025186545975387100e-04,7.203025186545974901e-01,2.293703321763219114e-04,1.320229370332176133e+00,1.416069419200191324e-07,2.420000141606941657e+00,5.888985649526751658e-08,3.020000058889856565e+00,2.378422384083076824e-08,3.620000023784224030e+00
5.153333333333332575e+02,4.385165898053941004e-04,1.204385165898053944e-01,3.367238965683593574e-04,7.203367238965683317e-01,2.559491265135617239e-04,1.320255949126513340e+00,1.157624456973947312e-07,2.420000115762445780e+00,4.814389319480797577e-08,3.020000048143893334e+00,1.952739235037520442e-08,3.620000019527392254e+00
5.160000000000000000e+02,4.864613038188525529e-04,1.204864613038188481e-01,3.744819071462972835e-04,7.203744819071462580e-01,2.853679420365607582e-04,1.320285367942036325e+00,9.505002419956002451e-08,2.420000095050024225e+00,3.965771255450609320e-08,3.020000039657712687e+00,1.623363874055395290e-08,3.620000016233638984e+00
5.166666666666666288e+02,5.391947987073381163e-04,1.205391947987073387e-01,4.161240959592211216e-04,7.204161240959592316e-01,3.179009590686000114e-04,1.320317900959068425e+00,7.858297369793875478e-08,2.420000078582973835e+00,3.303796161037741963e-08,3.020000033037961717e+00,1.373685900765915703e-08,3.620000013736859312e+00
5.173333333333332575e+02,5.971428164528629415e-04,1.205971428164528542e-01,4.620085499735402052e-04,7.204620085499735538e-01,3.538454506311573193e-04,1.320353845450630947e+00,6.563927480760440827e-08,2.420000065639274833e+00,2.796874800405141442e-08,3.020000027968748224e+00,1.190605584455298057e-08,3.620000011906055803e+00
5.180000000000000000e+02,6.607632087179221526e-04,1.206607632087179222e-01,5.125217308091482718e-04,7.205125217308091523e-01,3.935233600520411938e-04,1.320393523360051891e+00,5.563501671147081655e-08,2.420000055635016523e+00,2.419891514994449196e-08,3.020000024198915334e+00,1.063955135763620524e-08,3.620000010639551569e+00
5.186666666666666288e+02,7.305477677957606828e-04,1.207305477677957511e-01,5.680802343523740907e-04,7.205680802343523705e-01,4.372829482961306858e-04,1.320437282948295987e+00,4.810234670891055421e-08,2.420000048102346479e+00,2.153162331368142625e-08,3.020000021531623169e+00,9.860324702333932671e-09,3.620000009860324663e+00
5.193333333333332575e+02,8.070241034531280529e-04,1.208070241034531200e-01,6.291326101914092479e-04,7.206291326101913475e-01,4.855005101416863642e-04,1.320485500510141463e+00,4.267127936377079128e-08,2.420000042671279328e+00,1.981588591504964987e-08,3.020000019815885839e+00,9.512300080834642884e-09,3.620000009512300387e+00
5.200000000000000000e+02,8.907575606053004047e-04,1.208907575606052998e-01,6.961612377563823357e-04,7.206961612377563720e-01,5.385821577994439908e-04,1.320538582157799290e+00,3.905479978441296624e-08,2.420000039054799768e+00,1.893976717053082521e-08,3.020000018939767106e+00,9.557441012472569186e-09,3.620000009557441167e+00
5.206666666666666288e+02,9.823531719745334009e-04,1.209823531719745326e-01,7.696842553562479455e-04,7.207696842553562577e-01,5.969656699974100651e-04,1.320596965669997180e+00,3.703678307048977385e-08,2.420000037036782903e+00,1.882499630309656581e-08,3.020000018824996246e+00,9.973532936023168583e-09,3.620000009973533217e+00
5.213333333333332575e+02,1.082457639052374597e-03,1.210824576390523710e-01,8.502575375666885250e-04,7.208502575375667076e-01,6.611224039299554460e-04,1.320661122403929744e+00,3.646232826304732373e-08,2.420000036462328197e+00,1.942279601585748820e-08,3.020000019422795834e+00,1.075255868032755096e-08,3.620000010752558950e+00
5.220000000000000000e+02,1.191761333815263358e-03,1.211917613338152622e-01,9.384767156377272915e-04,7.209384767156377105e-01,7.315592667948425188e-04,1.320731559266794752e+00,3.723017164794784015e-08,2.420000037230171763e+00,2.071075968374897192e-08,3.020000020710759792e+00,1.189959071339298973e-08,3.620000011899590753e+00
5.226666666666666288e+02,1.311000312735562806e-03,1.213110003127355618e-01,1.034979234758883447e-03,7.210349792347588993e-01,8.088207429167350998e-04,1.320808820742916501e+00,3.928690226463659941e-08,2.420000039286902105e+00,2.269064359341226085e-08,3.020000022690643604e+00,1.343214084975400162e-08,3.620000013432140840e+00
5.233333333333332575e+02,1.440958333689082221e-03,1.214409583336890780e-01,1.140446441144466264e-03,7.211404464411443893e-01,8.934909716802489970e-04,1.320893490971680073e+00,4.262275311425744017e-08,2.420000042622753256e+00,2.538696829257193706e-08,3.020000025386968101e+00,1.537992269976501081e-08,3.620000015379922775e+00
5.240000000000000000e+02,1.582468865388749445e-03,1.215824688653887459e-01,1.255605690983938169e-03,7.212556056909839031e-01,9.861958706701540699e-04,1.320986195870669899e+00,4.726878587790338618e-08,2.420000047268785703e+00,2.884634734964594989e-08,3.020000028846347551e+00,1.778499496740523764e-08,3.620000017784994917e+00
5.246666666666666288e+02,1.736417077978880596e-03,1.217364170779788729e-01,1.381232472346396404e-03,7.213812324723464231e-01,1.087605297543233493e-03,1.321087605297543099e+00,5.329532587533756845e-08,2.420000053295325859e+00,3.313748315059112827e-08,3.020000033137482998e+00,2.070226508314190277e-08,3.620000020702265342e+00
5.253333333333332575e+02,1.903741802409323692e-03,1.219037418024093156e-01,1.518152530136711699e-03,7.215181525301367360e-01,1.198435243236557713e-03,1.321198435243236435e+00,6.081153834732454364e-08,2.420000060811538400e+00,3.835178828522529885e-08,3.020000038351788429e+00,2.420034289285543270e-08,3.620000024200343169e+00
5.260000000000000000e+02,2.085437445179477798e-03,1.220854374451794677e-01,1.667243983177432590e-03,7.216672439831773866e-01,1.319450048152612980e-03,1.321319450048152433e+00,6.996606767273394594e-08,2.420000069966067535e+00,4.460460805303489888e-08,3.020000044604608025e+00,2.836274347520326918e-08,3.620000028362743372e+00
5.266666666666666288e+02,2.282555844007513532e-03,1.222825558440075039e-01,1.829439421442034894e-03,7.218294394214419540e-01,1.451464631957230219e-03,1.321451464631957062e+00,8.094868849741943546e-08,2.420000080948688570e+00,5.203703505099561786e-08,3.020000052037035143e+00,3.328944686065064076e-08,3.620000033289446861e+00
5.273333333333332575e+02,2.496208048946013669e-03,1.224962080489460092e-01,2.005727970395537480e-03,7.220057279703955277e-01,1.595346726584341178e-03,1.321595346726584186e+00,9.399294254674505160e-08,2.420000093992942691e+00,6.081832105053535756e-08,3.020000060818321064e+00,3.909883068280507455e-08,3.620000039098830946e+00
5.280000000000000000e+02,2.727566012439362319e-03,1.227275660124393514e-01,2.197157308314092502e-03,7.221971573083140195e-01,1.752019100966115735e-03,1.321752019100965958e+00,1.093797576453624057e-07,2.420000109379757625e+00,7.114890474589676986e-08,3.020000071148904564e+00,4.592999979238308098e-08,3.620000045929999910e+00
5.286666666666666288e+02,2.977864170812100780e-03,1.229778641708120929e-01,2.404835621365059364e-03,7.224048356213650379e-01,1.922461764905189410e-03,1.321922461764905021e+00,1.274420666484475403e-07,2.420000127442066606e+00,8.326408674701923219e-08,3.020000083264086754e+00,5.394554477414414650e-08,3.620000053945545027e+00
5.293333333333332575e+02,3.248400898698877715e-03,1.232484008986988733e-01,2.629933480139550177e-03,7.226299334801394858e-01,2.107714138381751486e-03,1.322107714138381684e+00,1.485704640205098989e-07,2.420000148570463860e+00,9.743839565313505418e-08,3.020000097438395592e+00,6.333476928082593877e-08,3.620000063334769536e+00
5.300000000000000000e+02,3.540539816984767264e-03,1.235405398169847624e-01,2.873685620248614143e-03,7.228736856202485628e-01,2.308877171448707639e-03,1.322308877171448627e+00,1.732199570604214689e-07,2.420000173219956974e+00,1.139907014108689801e-07,3.020000113990701340e+00,7.431743427707312181e-08,3.620000074317434535e+00
5.306666666666666288e+02,3.855710933934410316e-03,1.238557109339344098e-01,3.137392608534177608e-03,7.231373926085341575e-01,2.527115398722604763e-03,1.322527115398722364e+00,2.019178876065264211e-07,2.420000201917887672e+00,1.332901446449858016e-07,3.020000133290144717e+00,8.714807580301660353e-08,3.620000087148075973e+00
5.313333333333332575e+02,4.195411598358234073e-03,1.241954115983582296e-01,3.422422375414889330e-03,7.234224223754148753e-01,2.763658911333086686e-03,1.322763658911332962e+00,2.352731187727481012e-07,2.420000235273118694e+00,1.557629634460770254e-07,3.020000155762963434e+00,1.021209618466161235e-07,3.620000102120962016e+00
5.320000000000000000e+02,4.561207242904824141e-03,1.245612072429048145e-01,3.730211592894665858e-03,7.237302115928946344e-01,3.019805228057865967e-03,1.323019805228057733e+00,2.739866001465709337e-07,2.420000273986600003e+00,1.819003123886058265e-07,3.020000181900312608e+00,1.195757634759238302e-07,3.620000119575763620e+00
5.326666666666666288e+02,4.954731894897973846e-03,1.249547318948979746e-01,4.062266876823753502e-03,7.240622668768237347e-01,3.296921046256254435e-03,1.323296921046256180e+00,3.188634441801033290e-07,2.420000318863444022e+00,2.122671825049641204e-07,3.020000212267182516e+00,1.399040256434175472e-07,3.620000139904025804e+00
5.333333333333332575e+02,5.377688431563413737e-03,1.253776884315634110e-01,4.420165791127425928e-03,7.244201657911274461e-01,3.596443852130900513e-03,1.323596443852130822e+00,3.708266664621733850e-07,2.420000370826666192e+00,2.475125457171639415e-07,3.020000247512545588e+00,1.635565341481749315e-07,3.620000163556534201e+00
5.340000000000000000e+02,5.831848556026681882e-03,1.258318485560266653e-01,4.805557630917583166e-03,7.248055576309175851e-01,3.919883368804564019e-03,1.323919883368804395e+00,4.309327633909036658e-07,2.420000430932763180e+00,2.883808629808108385e-07,3.020000288380863207e+00,1.910516872404728508e-07,3.620000191051687466e+00
5.346666666666666288e+02,6.319052470128326375e-03,1.263190524701283124e-01,5.220163960696079866e-03,7.252201639606961070e-01,4.268822819713097121e-03,1.324268822819713032e+00,5.003893226760955823e-07,2.420000500389322795e+00,3.357251122742225289e-07,3.020000335725112173e+00,2.229849933899801718e-07,3.620000222984993687e+00
5.353333333333332575e+02,6.841208219904793691e-03,1.268412082199047997e-01,5.665778883254311490e-03,7.256657788832542311e-01,4.644919983896616915e-03,1.324644919983896552e+00,5.805748852785045940e-07,2.420000580574885429e+00,3.905215107118474985e-07,3.020000390521510703e+00,2.600398309257173945e-07,3.620000260039831108e+00
5.360000000000000000e+02,7.400290689535032711e-03,1.274002906895350395e-01,6.144269014385255086e-03,7.261442690143852241e-01,5.049908018930341323e-03,1.325049908018930189e+00,6.730613020161447436e-07,2.420000673061301733e+00,4.538861246148662640e-07,3.020000453886124703e+00,3.029996207070219990e-07,3.620000302999620612e+00
5.366666666666666288e+02,7.998340219674071952e-03,1.279983402196740727e-01,6.657573138170915644e-03,7.266575731381709202e-01,5.485596026494185887e-03,1.325485596026493962e+00,7.796388543045639680e-07,2.420000779638854294e+00,5.270935824701340045e-07,3.020000527093582576e+00,3.527615798155215224e-07,3.620000352761580054e+00
5.373333333333332575e+02,8.637460826392502622e-03,1.286374608263924912e-01,7.207701517399692920e-03,7.272077015173996628e-01,5.953869334945208376e-03,1.325953869334945079e+00,9.023444365051995301e-07,2.420000902344436433e+00,6.115981284850946930e-07,3.020000611598128604e+00,4.103522425850389318e-07,3.620000410352242515e+00
5.380000000000000000e+02,9.319817997426598985e-03,1.293198179974265893e-01,7.796734833617266838e-03,7.277967348336172870e-01,6.456689472743827422e-03,1.326456689472743644e+00,1.043493127281135737e-06,2.420001043493127391e+00,7.090572790319049260e-07,3.020000709057279131e+00,4.769449552276514956e-07,3.620000476944955192e+00
5.386666666666666288e+02,1.004763604313660061e-02,1.300476360431365996e-01,8.426822731442325590e-03,7.284268227314423250e-01,6.996093806213504913e-03,1.326996093806213306e+00,1.205713509342630689e-06,2.420001205713509407e+00,8.213583707987540354e-07,3.020000821358370668e+00,5.538795719902317148e-07,3.620000553879572092e+00
5.393333333333332575e+02,1.082319498047576954e-02,1.308231949804757599e-01,9.100181942092101101e-03,7.291001819420920294e-01,7.574194814894593016e-03,1.327574194814894470e+00,1.391987131133760883e-06,2.420001391987131267e+00,9.506483180552053648e-07,3.020000950648317861e+00,6.426846043074547025e-07,3.620000642684604308e+00
5.400000000000000000e+02,1.164882692939736390e-02,1.316488269293973612e-01,9.819093961574452967e-03,7.298190939615744055e-01,8.193178977699501833e-03,1.328193178977699285e+00,1.605692540483997355e-06,2.420001605692540192e+00,1.099366927213152877e-06,3.020001099366927289e+00,7.451020999256371406e-07,3.620000745102100126e+00
5.406666666666666288e+02,1.252691200249006487e-02,1.325269120024900604e-01,1.058590225973320489e-02,7.305859022597331887e-01,8.855305243210579227e-03,1.328855305243210383e+00,1.850654359133900293e-06,2.420001850654359021e+00,1.270284149944621233e-06,3.020001270284149886e+00,8.631155565798639741e-07,3.620000863115556466e+00
5.413333333333332575e+02,1.345987367023367826e-02,1.334598736702336808e-01,1.140300899728697269e-02,7.314030089972869408e-01,9.562903057791701314e-03,1.329562903057791567e+00,2.131197908435507132e-06,2.420002131197908302e+00,1.466541691613361751e-06,3.020001466541691659e+00,9.989812046346975526e-07,3.620000998981204532e+00
5.420000000000000000e+02,1.445017358610963670e-02,1.344501735861096392e-01,1.227287122918650948e-02,7.322728712291864950e-01,1.031836992572230695e-02,1.330318369925722166e+00,2.452209940504342958e-06,2.420002452209940369e+00,1.691699429792987779e-06,3.020001691699429891e+00,1.155263025265032372e-06,3.620001155263025350e+00
5.426666666666666288e+02,1.550030585790191859e-02,1.355003058579019037e-01,1.319799657405203337e-02,7.331979965740520466e-01,1.112416847632980745e-02,1.331124168476329750e+00,2.819206075729212100e-06,2.420002819206075628e+00,1.949787138279062719e-06,3.020001949787138429e+00,1.334871905375689357e-06,3.620001334871905563e+00
5.433333333333332575e+02,1.661279075387506882e-02,1.366127907538750574e-01,1.418093833113905425e-02,7.341809383311390658e-01,1.198282301409817410e-02,1.331982823014097983e+00,3.238405596870965609e-06,2.420003238405596946e+00,2.245362055340355441e-06,3.020002245362055415e+00,1.541109367646669362e-06,3.620001541109367782e+00
5.440000000000000000e+02,1.779016783511574648e-02,1.377901678351157455e-01,1.522429002822265308e-02,7.352242900282226490e-01,1.289691552897565506e-02,1.332896915528975601e+00,3.716814302026454251e-06,2.420003716814302042e+00,2.583572881067312770e-06,3.020002583572880983e+00,1.777716353949721787e-06,3.620001777716354230e+00
5.446666666666666288e+02,1.903498850818459431e-02,1.390349885081845760e-01,1.633067938600380603e-02,7.363306793860038280e-01,1.386908114561400014e-02,1.333869081145613755e+00,4.262316173504368258e-06,2.420004262316173271e+00,2.970230837625663753e-06,3.020002970230837747e+00,2.048927583010594885e-06,3.620002048927583260e+00
5.453333333333332575e+02,2.034980799533087775e-02,1.403498079953308664e-01,1.750276168711837818e-02,7.375027616871183689e-01,1.490200299204443198e-02,1.334902002992044201e+00,4.883774677127530215e-06,2.420004883774677040e+00,3.411888478047523444e-06,3.020003411888477984e+00,2.359532048675127423e-06,3.620002359532048963e+00
5.460000000000000000e+02,2.173717672286277700e-02,1.417371767228627621e-01,1.874321254056837693e-02,7.387432125405684058e-01,1.599840647033566945e-02,1.335998406470335409e+00,5.591144566583270080e-06,2.420005591144566370e+00,3.915926983910387843e-06,3.020003915926984028e+00,2.714940273548927240e-06,3.620002714940273592e+00
5.466666666666666288e+02,2.319963113185053924e-02,1.431996311318505244e-01,2.005472003540877124e-02,7.400547200354087307e-01,1.716105291410569694e-02,1.337161052914105586e+00,6.395595130108884528e-06,2.420006395595129867e+00,4.490652749866595663e-06,3.020004490652749674e+00,3.121258984182651596e-06,3.620003121258984269e+00
5.473333333333332575e+02,2.473968391914155643e-02,1.447396839191415485e-01,2.143997628079503254e-02,7.414399762807950545e-01,1.839273262036168408e-02,1.338392732620361514e+00,7.309645881890384264e-06,2.420007309645881843e+00,5.145404113458236243e-06,3.020005145404113467e+00,3.585373928405436434e-06,3.620003585373928523e+00
5.480000000000000000e+02,2.635981372066652229e-02,1.463598137206665317e-01,2.290166833301614246e-02,7.429016683330160742e-01,1.969625724602100392e-02,1.339696257246020927e+00,8.347315767900400068e-06,2.420008347315767860e+00,5.890669151920271436e-06,3.020005890669152038e+00,4.115041612886278689e-06,3.620004115041612902e+00
5.486666666666666288e+02,2.806245425322000803e-02,1.480624542532200105e-01,2.444246851391396191e-02,7.444424685139139353e-01,2.107445156263294470e-02,1.341074451562632719e+00,9.524287025300581780e-06,2.420009524287025204e+00,6.738215533649799252e-06,3.020006738215533559e+00,4.718990799526578598e-06,3.620004718990799564e+00
5.493333333333332575e+02,2.984998293526671190e-02,1.498499829352667179e-01,2.606502412909556671e-02,7.460650241290955886e-01,2.253014456625918732e-02,1.342530144566258965e+00,1.085808490571726331e-05,2.420010858084905792e+00,7.701233480559873914e-06,3.020007701233480724e+00,5.407034662819928550e-06,3.620005407034662781e+00
5.500000000000000000e+02,3.172470901183186559e-02,1.517247090118318542e-01,2.777194659855937442e-02,7.477719465985593894e-01,2.406615994316950446e-02,1.344066159943169358e+00,1.236827454534060308e-05,2.420012368274545356e+00,8.794492968461938885e-06,3.020008794492968551e+00,6.190194576788667567e-06,3.620006190194577034e+00
5.506666666666666288e+02,3.368886121317761495e-02,1.536888612131775966e-01,2.956580001678536795e-02,7.495658000167852997e-01,2.568530589597738459e-02,1.345685305895977235e+00,1.407667633854015945e-05,2.420014076676338277e+00,1.003451636571439880e-05,3.020010034516365849e+00,7.080836569427666959e-06,3.620007080836569635e+00
5.513333333333332575e+02,3.574457498169832104e-02,1.557445749816983027e-01,3.144908916394171389e-02,7.514490891639417081e-01,2.739036433904958046e-02,1.347390364339049462e+00,1.600760124607871935e-05,2.420016007601245800e+00,1.143976778535288204e-05,3.020011439767785522e+00,8.092821554604367207e-06,3.620008092821554779e+00
5.520000000000000000e+02,3.789387930625155720e-02,1.578938793062515389e-01,3.342424699460857379e-02,7.534242469946085263e-01,2.918407947645222308e-02,1.349184079476452025e+00,1.818810754353037849e-05,2.420018188107543544e+00,1.303086050243578333e-05,3.020013030860502656e+00,9.241670525890665819e-06,3.620009241670525846e+00
5.526666666666666288e+02,4.013868320797187722e-02,1.601386832079718658e-01,3.549362163531213227e-02,7.554936216353120848e-01,3.106914578035072788e-02,1.351069145780350533e+00,2.064828058960481704e-05,2.420020648280589715e+00,1.483078386602017725e-05,3.020014830783865900e+00,1.054474597360800854e-05,3.620010544745973835e+00
5.533333333333332575e+02,4.248076192643103488e-02,1.624807619264310166e-01,3.765946292714644761e-02,7.576594629271464765e-01,3.304819539261671935e-02,1.353048195392616559e+00,2.342153726708189951e-05,2.420023421537266906e+00,1.686515121354791751e-05,3.020016865151213370e+00,1.202145086515421587e-05,3.620012021450865092e+00
5.540000000000000000e+02,4.492174285976992254e-02,1.649217428597699042e-01,3.992390855480075496e-02,7.599239085548007422e-01,3.512378497738528199e-02,1.355123784977385171e+00,2.654495682020912187e-05,2.420026544956820125e+00,1.916247037393106954e-05,3.020019162470374052e+00,1.369344660908668539e-05,3.620013693446609171e+00
5.546666666666666288e+02,4.746309131712407592e-02,1.674630913171240576e-01,4.228896980839894071e-02,7.622889698083988863e-01,3.729838205744664265e-02,1.357298382057446462e+00,3.005963988093043941e-05,2.420030059639880715e+00,2.175443842368539595e-05,3.020021754438423578e+00,1.558489150506603348e-05,3.620015584891504989e+00
5.553333333333332575e+02,5.010609614622796304e-02,1.701060961462279586e-01,4.475651702963270168e-02,7.647565170296326542e-01,3.957435087259457418e-02,1.359574350872594373e+00,3.401109754125448238e-05,2.420034011097541349e+00,2.467626243736926949e-05,3.020024676262437424e+00,1.772270126411205747e-05,3.620017722701264429e+00
5.560000000000000000e+02,5.285185530346522831e-02,1.728518553034652239e-01,4.732826479868616765e-02,7.673282647986860994e-01,4.195393780334994577e-02,1.361953937803349834e+00,3.844967238941501077e-05,2.420038449672389458e+00,2.796700804854174749e-05,3.020027967008048542e+00,2.013683326612390845e-05,3.620020136833266289e+00
5.566666666666666288e+02,5.570126143782448691e-02,1.757012614378244963e-01,5.000575692339858519e-02,7.700057569233985655e-01,4.443925640882601114e-02,1.364439256408825907e+00,4.343099348218769362e-05,2.420043430993481959e+00,3.166997770963736979e-05,3.020031669977709665e+00,2.286059630364431166e-05,3.620022860596303627e+00
5.573333333333332575e+02,5.865498756414635334e-02,1.786549875641463558e-01,5.279035129691874578e-02,7.727903512969187538e-01,4.703227213283436847e-02,1.367032272132834292e+00,4.901646727355815072e-05,2.420049016467273439e+00,3.583312060757149728e-05,3.020035833120607638e+00,2.593098764166595419e-05,3.620025930987641694e+00
5.580000000000000000e+02,6.171347290465720170e-02,1.817134729046571973e-01,5.568320469472229362e-02,7.756832046947222947e-01,4.973478673760241275e-02,1.369734786737602183e+00,5.527380655960034884e-05,2.420055273806559715e+00,4.050947625546598733e-05,3.020040509476255686e+00,2.938905930204559021e-05,3.620029389059302272e+00
5.586666666666666288e+02,6.487690898107480175e-02,1.848769089810747834e-01,5.868525758627936989e-02,7.786852575862793779e-01,5.254842252967308752e-02,1.372548422529672907e+00,6.227759952958202613e-05,2.420062277599529299e+00,4.575765383852579770e-05,3.020045757653838425e+00,3.328031555694488619e-05,3.620033280315557267e+00
5.593333333333332575e+02,6.814522604245806803e-02,1.881452260424580636e-01,6.179721904079705369e-02,7.817972190407970201e-01,5.547460644760953546e-02,1.375474606447609327e+00,7.010992103244867533e-05,2.420070109921032220e+00,5.164234944248961108e-05,3.020051642349442567e+00,3.765514368761205190e-05,3.620037655143687694e+00
5.600000000000000000e+02,7.151807991641154216e-02,1.915180799164115377e-01,6.501955181026383701e-02,7.850195518102638381e-01,5.851455408597936586e-02,1.378514554085979116e+00,7.886098817433770001e-05,2.420078860988174263e+00,5.823490333486546524e-05,3.020058234903334693e+00,4.256928013162628857e-05,3.620042569280131683e+00
5.606666666666666288e+02,7.499483937324542826e-02,1.949948393732454099e-01,6.835245767648952253e-02,7.883524576764895375e-01,6.166925373473425287e-02,1.381669253734734149e+00,8.862986235507762703e-05,2.420088629862354956e+00,6.561389950093537580e-05,3.020065613899500789e+00,4.808431420229914344e-05,3.620048084314202441e+00
5.613333333333332575e+02,7.857457409415516403e-02,1.985745740941551596e-01,7.179586315187547196e-02,7.917958631518754453e-01,6.493945051744774710e-02,1.384939450517447490e+00,9.952519982789853842e-05,2.420099525199827628e+00,7.386580965667201434e-05,3.020073865809656866e+00,5.426823161688097127e-05,3.620054268231617023e+00
5.620000000000000000e+02,8.225604333537642199e-02,2.022560433353764175e-01,7.534940562621930682e-02,7.953494056262192524e-01,6.832563071587047232e-02,1.388325630715870229e+00,1.116660528249756198e-04,2.420111666052824795e+00,8.308568396755869161e-05,3.020083085683967550e+00,6.119600011413363903e-05,3.620061196000114112e+00
5.626666666666666288e+02,8.603768538060765914e-02,2.060376853806076547e-01,7.901242005395500700e-02,7.990124200539550081e-01,7.182800637190425719e-02,1.391828006371904181e+00,1.251827232301458241e-04,2.420125182723229962e+00,9.337789069419459857e-05,3.020093377890694430e+00,6.895019947521906646e-05,3.620068950199475388e+00
5.633333333333332575e+02,8.991760787369600105e-02,2.099176078736960105e-01,8.278392627777063362e-02,8.027839262777706208e-01,7.544650026129287590e-02,1.395446500261292799e+00,1.402176706971564664e-04,2.420140217670696980e+00,1.048569069605670873e-04,3.020104856906960400e+00,7.762169828303707277e-05,3.620077621698283288e+00
5.640000000000000000e+02,9.389357912261911410e-02,2.138935791226191097e-01,8.666261708548586573e-02,8.066626170854858113e-01,7.918073133602707148e-02,1.399180731336026939e+00,1.569264770050183514e-04,2.420156926477004866e+00,1.176481627970393811e-04,3.020117648162797153e+00,8.731037976234253353e-05,3.620087310379762613e+00
5.646666666666666288e+02,9.796302046419964882e-02,2.179630204641996305e-01,9.064684709742593105e-02,8.106468470974259599e-01,8.303000073466458575e-02,1.403030000734664329e+00,1.754788683096238447e-04,2.420175478868309416e+00,1.318889405455375122e-04,3.020131888940545739e+00,9.812591903445023989e-05,3.620098125919034349e+00
5.653333333333332575e+02,1.021229997766869568e-01,2.221229997766869524e-01,9.473462258121542745e-02,8.147346225812154286e-01,8.699327846138608933e-02,1.406993278461385888e+00,1.960597967905035864e-04,2.420196059796790422e+00,1.477293316269932355e-04,3.020147729331627229e+00,1.101886140940639531e-04,3.620110188614094060e+00
5.660000000000000000e+02,1.063702262243176044e-01,2.263702262243176000e-01,9.892359228990227349e-02,8.189235922899023024e-01,9.106919083559532335e-02,1.411069190835595233e+00,2.188705830013244595e-04,2.420218870583001447e+00,1.653332525585928924e-04,3.020165333252558426e+00,1.236302727697047527e-04,3.620123630272769955e+00
5.666666666666666288e+02,1.107010463142712453e-01,2.307010463142712409e-01,1.032110394176389140e-01,8.232110394176388457e-01,9.525600881424420296e-02,1.415256008814244071e+00,2.441301200106568031e-04,2.420244130120010606e+00,1.848795219688764496e-04,3.020184879521969012e+00,1.385951578613654289e-04,3.620138595157861516e+00
5.673333333333332575e+02,1.151114413420119831e-01,2.351114413420119786e-01,1.075938747647237625e-01,8.275938747647237914e-01,9.955163728873486773e-02,1.419551637288734680e+00,2.720761401634565267e-04,2.420272076140163264e+00,2.065630001898569675e-04,3.020206563000189970e+00,1.552409925571458327e-04,3.620155240992557033e+00
5.680000000000000000e+02,1.195970262958518243e-01,2.395970262958518338e-01,1.120686312006203417e-01,8.320686312006203567e-01,1.039536054571854468e-01,1.423953605457185301e+00,3.029665450015775583e-04,2.420302966545001322e+00,2.305957928048677592e-04,3.020230595792805062e+00,1.737400281123957393e-04,3.620173740028112430e+00
5.686666666666666288e+02,1.241530502857563917e-01,2.441530502857564011e-01,1.166314595096786394e-01,8.366314595096786544e-01,1.084590583710781930e-01,1.428459058371078116e+00,3.370807985519215467e-04,2.420337080798551810e+00,2.572085192968708934e-04,3.020257208519296910e+00,1.942801756282937990e-04,3.620194280175628609e+00
5.693333333333332575e+02,1.287743985548993608e-01,2.487743985548993564e-01,1.212781256996197793e-01,8.412781256996197943e-01,1.130647497527605683e-01,1.433064749752760436e+00,3.747213838215571712e-04,2.420374721383821370e+00,2.866516476721621756e-04,3.020286651647672294e+00,2.170662035893291229e-04,3.620217066203589518e+00
5.700000000000000000e+02,1.334555961252730516e-01,2.534555961252730194e-01,1.260040098474153325e-01,8.460040098474153059e-01,1.177670361769230789e-01,1.437767036176922808e+00,4.162153219285513609e-04,2.420416215321928632e+00,3.191968956266256498e-04,3.020319196895626668e+00,2.423210026084964940e-04,3.620242321002608676e+00
5.706666666666666288e+02,1.381908131208769985e-01,2.581908131208769941e-01,1.308041065510647805e-01,8.508041065510647538e-01,1.225618727050860335e-01,1.442561872705085957e+00,4.619157528444498375e-04,2.420461915752844195e+00,3.551386984743199545e-04,3.020355138698474384e+00,2.702869185831463495e-04,3.620270286918583214e+00
5.713333333333332575e+02,1.429738718036036305e-01,2.629738718036036538e-01,1.356730270489118206e-01,8.556730270489117940e-01,1.274448100572275755e-01,1.447444810057227471e+00,5.122035762276953624e-04,2.420512203576227428e+00,3.947957436691220822e-04,3.020394795743669203e+00,3.012271551809118974e-04,3.620301227155180879e+00
5.720000000000000000e+02,1.477982553479651184e-01,2.677982553479650862e-01,1.406050030605555390e-01,8.606050030605555401e-01,1.324109933989788268e-01,1.452410993398978611e+00,5.674891502857696288e-04,2.420567489150285745e+00,4.385125713175676418e-04,3.020438512571317791e+00,3.354272462517052375e-04,3.620335427246252014e+00
5.726666666666666288e+02,1.526571183713667790e-01,2.726571183713667468e-01,1.455938923952097008e-01,8.655938923952096742e-01,1.374551628163731554e-01,1.457455162816372995e+00,6.282140460173601558e-04,2.420628214046017135e+00,4.866612396039645934e-04,3.020486661239603965e+00,3.731965983967408594e-04,3.620373196598396959e+00
5.733333333333332575e+02,1.575432992267252197e-01,2.775432992267252152e-01,1.506331863645109514e-01,8.706331863645109248e-01,1.425716555429243082e-01,1.462571655542924232e+00,6.948528535536435983e-04,2.420694852853553680e+00,5.396430535256009674e-04,3.020539643053525403e+00,4.148701035167029851e-04,3.620414870103516591e+00
5.740000000000000000e+02,1.624493340539087671e-01,2.824493340539087627e-01,1.557160190273204070e-01,8.757160190273203249e-01,1.477544099958380541e-01,1.467754409995837950e+00,7.679150366396481119e-04,2.420767915036639462e+00,5.978903547653596773e-04,3.020597890354765447e+00,4.608098207065954694e-04,3.620460809820706505e+00
5.746666666666666288e+02,1.673674725758804993e-01,2.873674725758804671e-01,1.608351782841185851e-01,8.808351782841186139e-01,1.529969716695424031e-01,1.472996971669542354e+00,8.479468305738825954e-04,2.420847946830573694e+00,6.618683699111438433e-04,3.020661868369911129e+00,5.114067263634875351e-04,3.620511406726363735e+00
5.753333333333332575e+02,1.722896956145487934e-01,2.922896956145487612e-01,1.659831188281569447e-01,8.859831188281569458e-01,1.582925009254183002e-01,1.478292500925418196e+00,9.355331781572645512e-04,2.420935533178157240e+00,7.320771135654437559e-04,3.020732077113565506e+00,5.670825308235124271e-04,3.620567082530823821e+00
5.760000000000000000e+02,1.772077342902592667e-01,2.972077342902592623e-01,1.711519769496538945e-01,8.911519769496538679e-01,1.636337827066756956e-01,1.483633782706675452e+00,1.031299697391930073e-03,2.421031299697391947e+00,8.090533421739132345e-04,3.020809053342174089e+00,6.282915592449539541e-04,3.620628291559245149e+00
5.766666666666666288e+02,1.821130908577340834e-01,3.021130908577340790e-01,1.763335871781598063e-01,8.963335871781598074e-01,1.690132381968703912e-01,1.489013238196870148e+00,1.135914673819795771e-03,2.421135914673819833e+00,8.933725536403394358e-04,3.020893372553640432e+00,6.955226938049306751e-04,3.620695522693805124e+00
5.773333333333332575e+02,1.869970611200999777e-01,3.069970611200999455e-01,1.815195007367567948e-01,9.015195007367567959e-01,1.744229384295886698e-01,1.494422938429588399e+00,1.250091069501345917e-03,2.421250091069501398e+00,9.856510269871171168e-04,3.020985651026987018e+00,7.693013735772457565e-04,3.620769301373577331e+00
5.780000000000000000e+02,1.918507583515305093e-01,3.118507583515305326e-01,1.867010057700946024e-01,9.067010057700946035e-01,1.798546198453990219e-01,1.499854619845398807e+00,1.374588539709770520e-03,2.421374588539709549e+00,1.086547895466497167e-03,3.021086547895466712e+00,8.501916477081799834e-04,3.620850191647708272e+00
5.786666666666666288e+02,1.966651386481085284e-01,3.166651386481085240e-01,1.918691492965412526e-01,9.118691492965411705e-01,1.852997017804391411e-01,1.505299701780439037e+00,1.510215447459418991e-03,2.421510215447459480e+00,1.196767245631570045e-03,3.021196767245631687e+00,9.387982767067973603e-04,3.620938798276706727e+00
5.793333333333332575e+02,2.014310276158239321e-01,3.214310276158239277e-01,1.970147608229624869e-01,9.170147608229624048e-01,1.907493058589647683e-01,1.510749305858964497e+00,1.657830865003741489e-03,2.421657830865003636e+00,1.317060233938917822e-03,3.021317060233938978e+00,1.035768875816970658e-03,3.621035768875817240e+00
5.800000000000000000e+02,2.061391482942355746e-01,3.261391482942355702e-01,2.021284775489339269e-01,9.221284775489339003e-01,1.961942772499299381e-01,1.516194277249929723e+00,1.818346550431074833e-03,2.421818346550431045e+00,1.448227211479936709e-03,3.021448227211479765e+00,1.141796093541064911e-03,3.621141796093541032e+00
5.806666666666666288e+02,2.107801502044104602e-01,3.307801502044104280e-01,2.072007710756857690e-01,9.272007710756857701e-01,2.016252077353484495e-01,1.521625207735348262e+00,1.992728886464430541e-03,2.421992728886464441e+00,1.591119846430459140e-03,3.021591119846430473e+00,1.257619817443344969e-03,3.621257619817443540e+00
5.813333333333332575e+02,2.153446394003188658e-01,3.353446394003188891e-01,2.122219755238144989e-01,9.322219755238144723e-01,2.070324605258249961e-01,1.527032460525824753e+00,2.182000767538711319e-03,2.422182000767538756e+00,1.746643232771799212e-03,3.021746643232771756e+00,1.384029398376489944e-03,3.621384029398376558e+00
5.820000000000000000e+02,2.198232093940049037e-01,3.398232093940048992e-01,2.171823169528553366e-01,9.371823169528552544e-01,2.124061967463373446e-01,1.532406196746337157e+00,2.387243420192315235e-03,2.422387243420192071e+00,1.915757972775596757e-03,3.021915757972775562e+00,1.521865883250103114e-03,3.621521865883250424e+00
5.826666666666666288e+02,2.242064728167060261e-01,3.442064728167060217e-01,2.220719439653610072e-01,9.420719439653609806e-01,2.177364035032630096e-01,1.537736403503262794e+00,2.609598140779952665e-03,2.422609598140780029e+00,2.099482219667882146e-03,3.022099482219668065e+00,1.672024245401499505e-03,3.621672024245401467e+00
5.833333333333332575e+02,2.284850936706825653e-01,3.484850936706825886e-01,2.268809593681931080e-01,9.468809593681930536e-01,2.230129234318050657e-01,1.543012923431804850e+00,2.850267933496658957e-03,2.422850267933496671e+00,2.298893665799713742e-03,3.022298893665799735e+00,1.835455600539856935e-03,3.621835455600539877e+00
5.840000000000000000e+02,2.326498200199077493e-01,3.526498200199077449e-01,2.315994527543980552e-01,9.515994527543980563e-01,2.282254856114750985e-01,1.548225485611474994e+00,3.110519030707845946e-03,2.423110519030707621e+00,2.515131460559760779e-03,3.022515131460559612e+00,2.013169395120118898e-03,3.622013169395120080e+00
5.846666666666666288e+02,2.366915169620953108e-01,3.566915169620953341e-01,2.362175338604581565e-01,9.562175338604581576e-01,2.333637377263115820e-01,1.553363737726311422e+00,3.391682276620030297e-03,2.423391682276620163e+00,2.749398041178879003e-03,3.022749398041178814e+00,2.206235552871334184e-03,3.622206235552871245e+00
5.853333333333332575e+02,2.406011997197989305e-01,3.606011997197989261e-01,2.407253665458977121e-01,9.607253665458976855e-01,2.384172793360673503e-01,1.558417279336067107e+00,3.695154354409669120e-03,2.423695154354409631e+00,3.002960858505408521e-03,3.023002960858505617e+00,2.415786564060716599e-03,3.622415786564060713e+00
5.860000000000000000e+02,2.443700666845671499e-01,3.643700666845671732e-01,2.451132032352599521e-01,9.651132032352599532e-01,2.433756961147911790e-01,1.563375696114791102e+00,4.022398836063885603e-03,2.424022398836063630e+00,3.277153978781480875e-03,3.023277153978781495e+00,2.643019500927206323e-03,3.622643019500927153e+00
5.866666666666666288e+02,2.479895322454820639e-01,3.679895322454820317e-01,2.493714196564932872e-01,9.693714196564933161e-01,2.482285949042102591e-01,1.568228594904210071e+00,4.374947033392410922e-03,2.424374947033392402e+00,3.573379541438960298e-03,3.023573379541439010e+00,2.889197941577804907e-03,3.622889197941578043e+00
5.873333333333332575e+02,2.514512592318293716e-01,3.714512592318293671e-01,2.534905497047881817e-01,9.734905497047880996e-01,2.529656394211128867e-01,1.572965639421112671e+00,4.754398627953845130e-03,2.424754398627953833e+00,3.893109051967330245e-03,3.023893109051967176e+00,3.155653783514158085e-03,3.623155653783514119e+00
5.880000000000000000e+02,2.547471907991763485e-01,3.747471907991763440e-01,2.574613202569546733e-01,9.774613202569546466e-01,2.575765864506121550e-01,1.577576586450611940e+00,5.162422057013397320e-03,2.425162422057013156e+00,4.237884487995879738e-03,3.024237884487996020e+00,3.443788926855115371e-03,3.623443788926855369e+00
5.886666666666666288e+02,2.578695815888485399e-01,3.778695815888485354e-01,2.612746857586328852e-01,9.812746857586328586e-01,2.620513223508912359e-01,1.582051322350891187e+00,5.600754632131196668e-03,2.425600754632131206e+00,4.609319195895575545e-03,3.024609319195895374e+00,3.755076806257890733e-03,3.623755076806257858e+00
5.893333333333332575e+02,2.608110279926474928e-01,3.808110279926474884e-01,2.649218624049630710e-01,9.849218624049630444e-01,2.663798996897774329e-01,1.586379899689777329e+00,6.071202366579510172e-03,2.426071202366579360e+00,5.009098554451372858e-03,3.025009098554451548e+00,4.091063749524991369e-03,3.624091063749525166e+00
5.900000000000000000e+02,2.635644973576555250e-01,3.835644973576555206e-01,2.683943617348465427e-01,9.883943617348465160e-01,2.705525738293422244e-01,1.590552573829342009e+00,6.575639487516158829e-03,2.426575639487515978e+00,5.438980381496257704e-03,3.025438980381496279e+00,4.453370139927873873e-03,3.624453370139927966e+00
5.906666666666666288e+02,2.661233559701624563e-01,3.861233559701624518e-01,2.716840234596797354e-01,9.916840234596797643e-01,2.745598392717837344e-01,1.594559839271783463e+00,7.116007608719269149e-03,2.427116007608719261e+00,5.900795058852511751e-03,3.025900795058852566e+00,4.843691358398741036e-03,3.624843691358398790e+00
5.913333333333332575e+02,2.684813956630574538e-01,3.884813956630574494e-01,2.747830473493965142e-01,9.947830473493964876e-01,2.783924655780968260e-01,1.598392465578096555e+00,7.694314539723776797e-03,2.427694314539723841e+00,6.396445350503412487e-03,3.026396445350503228e+00,5.263798480948899718e-03,3.625263798480948818e+00
5.920000000000000000e+02,2.706328588974410976e-01,3.906328588974410931e-01,2.776840240018156880e-01,9.976840240018156614e-01,2.820415326705166814e-01,1.602041532670516411e+00,8.312632707404456547e-03,2.428312632707404273e+00,6.927905888633096622e-03,3.026927905888633141e+00,5.715538705979118957e-03,3.625715538705979402e+00
5.926666666666666288e+02,2.725724621767233180e-01,3.925724621767233136e-01,2.803799643257068874e-01,1.000379964325706972e+00,2.854984653305109310e-01,1.605498465330510882e+00,8.973097166443616893e-03,2.428973097166443385e+00,7.497222302043515633e-03,3.027497222302043323e+00,6.200835485573825967e-03,3.626200835485573926e+00
5.933333333333332575e+02,2.742954176599963212e-01,3.942954176599963168e-01,2.828643275735783780e-01,1.002864327573578240e+00,2.887550667061454801e-01,1.608755066706145431e+00,9.677903175710282982e-03,2.429677903175710085e+00,8.106509961494694216e-03,3.028106509961494552e+00,6.721688334427314802e-03,3.626721688334427540e+00
5.940000000000000000e+02,2.757974528509644085e-01,3.957974528509644041e-01,2.851310477669468657e-01,1.005131047766946839e+00,2.918035506459757955e-01,1.611803550645975580e+00,1.042930331837057384e-02,2.430429303318370593e+00,8.757952316729695694e-03,3.028757952316729618e+00,7.280172289750033547e-03,3.627280172289750304e+00
5.946666666666666288e+02,2.770748282491326542e-01,3.970748282491326497e-01,2.871745583647620781e-01,1.007174558364761996e+00,2.946365726812513186e-01,1.614636572681251270e+00,1.122960414456700314e-02,2.431229604144566903e+00,9.453798800360240992e-03,3.029453798800360254e+00,7.878436995367762985e-03,3.627878436995367828e+00
5.953333333333332575e+02,2.781243528612012961e-01,3.981243528612012916e-01,2.889898150346389971e-01,1.008989815034639026e+00,2.972472594840993576e-01,1.617247259484099198e+00,1.208116231674775595e-02,2.432081162316747758e+00,1.019636227440904805e-02,3.030196362274409250e+00,8.518705383265609901e-03,3.628518705383265708e+00
5.960000000000000000e+02,2.789433974826149853e-01,3.989433974826149809e-01,2.905723163965517886e-01,1.010572316396551873e+00,2.996292366364526893e-01,1.619629236636452418e+00,1.298638023920335033e-02,2.432986380239203328e+00,1.098801599614042564e-02,3.030988015996140650e+00,9.203271926054934840e-03,3.629203271926054963e+00
5.966666666666666288e+02,2.795299056719004471e-01,3.995299056719004427e-01,2.919181226196219114e-01,1.011918122619621885e+00,3.017766545528008382e-01,1.621776654552800734e+00,1.394770115509419081e-02,2.433947701155094290e+00,1.183119008088309373e-02,3.031831190080882976e+00,9.934500434276863357e-03,3.629934500434277123e+00
5.973333333333332575e+02,2.798824023536819472e-01,3.998824023536819428e-01,2.930238717644799151e-01,1.013023871764479944e+00,3.036842124092816730e-01,1.623684212409281624e+00,1.496760369622490185e-02,2.434967603696224892e+00,1.272836744085924406e-02,3.032728367440859163e+00,1.071482137310781312e-02,3.630714821373107970e+00
5.980000000000000000e+02,2.800000000000000266e-01,4.000000000000000222e-01,2.938867937763265381e-01,1.013886793776326511e+00,3.053471799421391686e-01,1.625347179942139064e+00,1.604859587304067331e-02,2.436048595873040679e+00,1.368207918058924472e-02,3.033682079180589408e+00,1.154672867391027917e-02,3.631546728673910263e+00
5.986666666666666288e+02,2.798824023536820027e-01,3.998824023536819983e-01,2.945047220471808669e-01,1.014504722047180785e+00,3.067614169901111687e-01,1.626761416990111009e+00,1.719320849480236724e-02,2.437193208494802477e+00,1.469489943125995221e-02,3.034694899431260140e+00,1.243277601719918433e-02,3.632432776017199494e+00
5.993333333333332575e+02,2.795299056719005582e-01,3.995299056719005537e-01,2.948761024797720287e-01,1.014876102479771891e+00,3.079233906677585897e-01,1.627923390667758374e+00,1.840398801262839446e-02,2.438403988012628254e+00,1.576943960852266596e-02,3.035769439608522635e+00,1.337557256497073216e-02,3.633375572564971012e+00
6.000000000000000000e+02,2.789433974826149853e-01,3.989433974826149809e-01,2.950000000000000400e-01,1.015000000000000124e+00,3.088301900700380354e-01,1.628830190070037931e+00,1.968348878106733826e-02,2.439683488781067222e+00,1.690834208052499621e-02,3.036908342080525181e+00,1.437777812197513910e-02,3.634377778121975044e+00
6.006666666666666288e+02,2.781243528612014071e-01,3.981243528612014027e-01,2.948761024797721397e-01,1.014876102479772113e+00,3.094795384224612311e-01,1.629479538422461182e+00,2.103426473709643293e-02,2.441034264737096393e+00,1.811427323559535243e-02,3.038114273235595242e+00,1.544209770742571361e-02,3.635442097707425990e+00
6.013333333333332575e+02,2.770748282491328207e-01,3.970748282491328163e-01,2.945047220471809224e-01,1.014504722047180785e+00,3.098698026058621657e-01,1.629869802605862006e+00,2.245886049890582700e-02,2.442458860498905704e+00,1.938991594187634490e-02,3.039389915941876463e+00,1.657127552082042835e-02,3.636571275520820379e+00
6.020000000000000000e+02,2.757974528509644085e-01,3.957974528509644041e-01,2.938867937763265381e-01,1.013886793776326511e+00,3.100000000000000533e-01,1.629999999999999893e+00,2.395980189051387377e-02,2.443959801890513983e+00,2.073796139433880387e-02,3.040737961394338829e+00,1.776808828800931564e-02,3.637768088288009238e+00
6.026666666666666288e+02,2.742954176599965432e-01,3.942954176599965388e-01,2.930238717644800817e-01,1.013023871764480166e+00,3.098698026058622212e-01,1.629869802605862006e+00,2.553958590217048075e-02,2.445539585902170465e+00,2.216110034801231296e-02,3.042161100348012237e+00,1.903533797638833763e-02,3.639035337976388451e+00
6.033333333333332575e+02,2.725724621767236511e-01,3.925724621767236466e-01,2.919181226196220780e-01,1.011918122619622107e+00,3.094795384224613422e-01,1.629479538422461182e+00,2.720067010061088392e-02,2.447200670100610598e+00,2.366201373991864282e-02,3.043662013739918848e+00,2.037584387112429535e-02,3.640375843871124228e+00
6.040000000000000000e+02,2.706328588974410976e-01,3.906328588974410931e-01,2.905723163965517886e-01,1.010572316396551873e+00,3.088301900700380354e-01,1.628830190070037931e+00,2.894546150750039112e-02,2.448945461507500365e+00,2.524336270607711527e-02,3.045243362706077317e+00,2.179243400761026947e-02,3.641792434007610435e+00
6.046666666666666288e+02,2.684813956630578424e-01,3.884813956630578380e-01,2.889898150346392192e-01,1.008989815034639248e+00,3.079233906677587562e-01,1.627923390667758596e+00,3.077630496886120740e-02,2.450776304968861119e+00,2.690777800407247178e-02,3.046907778004072309e+00,2.328793595892819299e-02,3.643287935958928081e+00
6.053333333333332575e+02,2.661233559701629003e-01,3.861233559701628959e-01,2.871745583647624112e-01,1.007174558364762440e+00,3.067614169901113352e-01,1.626761416990111231e+00,3.269547104285214917e-02,2.452695471042852127e+00,2.865784885600075257e-02,3.048657848856000552e+00,2.486516698093145517e-02,3.644865166980931548e+00
6.060000000000000000e+02,2.635644973576555250e-01,3.835644973576555206e-01,2.851310477669468657e-01,1.005131047766946839e+00,3.053471799421391686e-01,1.625347179942139064e+00,3.470514343795113449e-02,2.454705143437950987e+00,3.049611123111648642e-02,3.050496111231116636e+00,2.652692352164036024e-02,3.646526923521640651e+00
6.066666666666666288e+02,2.608110279926479924e-01,3.808110279926479880e-01,2.828643275735787666e-01,1.002864327573578684e+00,3.036842124092819506e-01,1.623684212409281846e+00,3.680740603836279295e-02,2.456807406038362895e+00,3.242503559219305637e-02,3.052425035592193137e+00,2.827597010597446281e-02,3.648275970105974597e+00
6.073333333333332575e+02,2.578695815888490950e-01,3.778695815888490905e-01,2.803799643257073315e-01,1.000379964325707416e+00,3.017766545528011712e-01,1.621776654552800956e+00,3.900422955828678623e-02,2.459004229558286792e+00,3.444701413443351790e-02,3.054447014134433758e+00,3.011502761139062123e-02,3.650115027611390950e+00
6.080000000000000000e+02,2.547471907991763485e-01,3.747471907991763440e-01,2.776840240018156880e-01,9.976840240018156614e-01,2.996292366364526893e-01,1.619629236636452418e+00,4.129745787149605163e-02,2.461297457871495897e+00,3.656434755069851855e-02,3.056564347550698724e+00,3.204676095473257824e-02,3.652046760954732463e+00
6.086666666666666288e+02,2.514512592318299822e-01,3.714512592318299777e-01,2.747830473493970138e-01,9.947830473493970427e-01,2.972472594840997462e-01,1.617247259484099642e+00,4.368879406748180094e-02,2.463688794067481869e+00,3.877923136184651537e-02,3.058779231361846485e+00,3.407376621552490881e-02,3.654073766215525154e+00
6.093333333333332575e+02,2.479895322454826745e-01,3.679895322454826978e-01,2.716840234596802905e-01,9.916840234596802084e-01,2.946365726812517627e-01,1.614636572681251714e+00,4.617978629015727365e-02,2.466179786290157327e+00,4.109374185605214891e-02,3.061093741856052208e+00,3.619855722601488662e-02,3.656198557226014945e+00
6.100000000000000000e+02,2.443700666845671499e-01,3.643700666845671732e-01,2.683943617348465427e-01,9.883943617348465160e-01,2.918035506459757955e-01,1.611803550645975580e+00,4.877181341973164941e-02,2.468771813419731398e+00,4.350982168604048544e-02,3.063509821686040357e+00,3.842355166344590262e-02,3.658423551663446016e+00
6.106666666666666288e+02,2.406011997197995966e-01,3.606011997197995922e-01,2.649218624049637372e-01,9.849218624049637105e-01,2.887550667061460352e-01,1.608755066706145875e+00,5.146607066285924931e-02,2.471466070662859060e+00,4.602926517823975605e-02,3.066029265178239704e+00,4.075105668533023778e-02,3.660751056685330518e+00
6.113333333333332575e+02,2.366915169620959769e-01,3.566915169620960002e-01,2.612746857586335514e-01,9.812746857586335247e-01,2.854984653305114861e-01,1.605498465330511326e+00,5.426355512046256158e-02,2.474263555120462588e+00,4.865370341284427219e-02,3.068653703412844269e+00,4.318325415381751159e-02,3.663183254153817625e+00
6.120000000000000000e+02,2.326498200199077493e-01,3.526498200199077449e-01,2.574613202569546733e-01,9.774613202569546466e-01,2.820415326705166814e-01,1.602041532670516411e+00,5.716505140667513946e-02,2.477165051406675200e+00,5.138458913864584615e-02,3.071384589138645982e+00,4.572218550058491926e-02,3.665722185500584818e+00
6.126666666666666288e+02,2.284850936706832869e-01,3.484850936706832547e-01,2.534905497047888479e-01,9.734905497047887657e-01,2.783924655780974922e-01,1.598392465578097443e+00,6.017111739614058874e-02,2.480171117396140712e+00,5.422318159122670872e-02,3.074223181591226872e+00,4.836973628899771116e-02,3.668369736288997984e+00
6.133333333333332575e+02,2.242064728167067755e-01,3.442064728167067988e-01,2.493714196564940089e-01,9.693714196564939822e-01,2.745598392717844005e-01,1.594559839271784352e+00,6.328207018036169362e-02,2.483282070180361512e+00,5.717053128763020103e-02,3.077170531287630073e+00,5.112762053553127073e-02,3.671127620535531211e+00
6.140000000000000000e+02,2.198232093940049037e-01,3.398232093940048992e-01,2.451132032352599521e-01,9.651132032352599532e-01,2.705525738293422244e-01,1.590552573829342009e+00,6.649797231686598031e-02,2.486497972316866090e+00,6.022746487488988415e-02,3.080227464874889964e+00,5.399736485756004983e-02,3.673997364857560122e+00
6.146666666666666288e+02,2.153446394003196429e-01,3.353446394003196662e-01,2.407253665458984615e-01,9.607253665458984626e-01,2.663798996897781546e-01,1.586379899689777995e+00,6.981861845764275598e-02,2.489818618457642518e+00,6.339457011379097395e-02,3.083394570113791033e+00,5.698029251959416813e-02,3.676980292519594240e+00
6.153333333333332575e+02,2.107801502044112651e-01,3.307801502044112607e-01,2.362175338604589336e-01,9.562175338604589347e-01,2.620513223508920131e-01,1.582051322350891853e+00,7.324352244552666258e-02,2.493243522445526494e+00,6.667218108288107403e-02,3.086672181082881217e+00,6.007750745479784049e-02,3.680077507454798003e+00
6.160000000000000000e+02,2.061391482942355746e-01,3.261391482942355702e-01,2.315994527543980552e-01,9.515994527543980563e-01,2.575765864506121550e-01,1.577576586450611940e+00,7.677190496891282689e-02,2.496771904968912548e+00,7.006036369098381233e-02,3.090060363690983802e+00,6.328987834310462191e-02,3.683289878343104728e+00
6.166666666666666288e+02,2.014310276158247093e-01,3.214310276158247048e-01,2.268809593681939407e-01,9.468809593681939418e-01,2.529656394211136639e-01,1.572965639421113559e+00,8.040268186639125403e-02,2.500402681866391141e+00,7.355890158930220024e-02,3.093558901589302135e+00,6.661802283144137304e-02,3.686618022831441355e+00
6.173333333333332575e+02,1.966651386481093333e-01,3.166651386481093011e-01,2.220719439653618676e-01,9.420719439653618688e-01,2.482285949042110917e-01,1.568228594904210960e+00,8.413445317350888575e-02,2.504134453173509023e+00,7.716728257653701628e-02,3.097167282576537062e+00,7.006229198540045444e-02,3.690062291985400478e+00
6.180000000000000000e+02,1.918507583515305093e-01,3.118507583515305326e-01,2.171823169528553366e-01,9.371823169528552544e-01,2.433756961147911790e-01,1.563375696114791102e+00,8.796549300386613535e-02,2.507965493003866175e+00,8.088468559224745724e-02,3.100884685592247614e+00,7.362275506510163048e-02,3.693622755065101515e+00
6.186666666666666288e+02,1.869970611201008104e-01,3.069970611201008337e-01,2.122219755238153038e-01,9.322219755238152494e-01,2.384172793360682108e-01,1.558417279336067995e+00,9.189374035615213709e-02,2.511893740356152094e+00,8.470996839494793207e-02,3.104709968394947950e+00,7.729918472096163062e-02,3.697299184720961751e+00
6.193333333333332575e+02,1.821130908577349161e-01,3.021130908577349117e-01,2.072007710756866294e-01,9.272007710756866583e-01,2.333637377263124701e-01,1.553363737726312310e+00,9.591679093744746865e-02,2.515916790937447356e+00,8.864165602208971817e-02,3.108641656022089528e+00,8.109104270754738386e-02,3.701091042707547629e+00
6.200000000000000000e+02,1.772077342902592667e-01,2.972077342902592623e-01,2.021284775489339269e-01,9.221284775489339003e-01,2.282254856114750985e-01,1.548225485611474994e+00,1.000318900911495584e-01,2.520031890091149585e+00,9.267793012907325767e-02,3.112677930129073456e+00,8.499746621558207371e-02,3.704997466215582236e+00
6.206666666666666288e+02,1.722896956145496261e-01,2.922896956145496494e-01,1.970147608229633751e-01,9.170147608229632930e-01,2.230129234318059261e-01,1.543012923431805739e+00,1.042359269152404316e-01,2.524235926915240569e+00,9.681661930380314196e-02,3.116816619303802938e+00,8.901725492350461011e-02,3.709017254923504758e+00
6.213333333333332575e+02,1.673674725758813320e-01,2.873674725758813553e-01,1.918691492965421408e-01,9.118691492965420586e-01,2.177364035032639256e-01,1.537736403503263682e+00,1.085254296532598972e-01,2.528525429653259771e+00,1.010551904519535887e-01,3.121055190451953454e+00,9.314885887067055059e-02,3.713148858870670477e+00
6.220000000000000000e+02,1.624493340539087671e-01,2.824493340539087627e-01,1.867010057700946024e-01,9.067010057700946035e-01,2.124061967463373446e-01,1.532406196746337157e+00,1.128965624362576192e-01,2.532896562436257604e+00,1.053907413460325737e-01,3.125390741346032453e+00,9.739036725428037999e-02,3.717390367254280292e+00
6.226666666666666288e+02,1.575432992267260246e-01,2.775432992267260479e-01,1.815195007367576274e-01,9.015195007367575730e-01,2.070324605258259121e-01,1.527032460525825641e+00,1.173451234492342843e-01,2.537345123449234130e+00,1.098199944285568885e-01,3.129819994428556740e+00,1.017394982514541607e-01,3.721739498251454226e+00
6.233333333333332575e+02,1.526571183713676394e-01,2.726571183713676350e-01,1.763335871781606945e-01,8.963335871781606956e-01,2.016252077353493655e-01,1.521625207735349150e+00,1.218665445900975475e-01,2.541866544590097643e+00,1.143392919561131149e-01,3.134339291956113271e+00,1.061935899664596950e-01,3.726193589966459996e+00
6.240000000000000000e+02,1.477982553479651184e-01,2.677982553479650862e-01,1.711519769496538945e-01,8.911519769496538679e-01,1.961942772499299381e-01,1.516194277249929723e+00,1.264558926829598973e-01,2.546455892682959909e+00,1.189445925667714232e-01,3.138944592566771608e+00,1.107495926009155890e-01,3.730749592600915765e+00
6.246666666666666288e+02,1.429738718036044631e-01,2.629738718036044309e-01,1.659831188281578052e-01,8.859831188281577230e-01,1.907493058589656565e-01,1.510749305858965386e+00,1.311078723007760016e-01,2.551107872300776069e+00,1.236314693483004101e-01,3.143631469348300289e+00,1.154040619418733454e-01,3.735404061941873355e+00
6.253333333333332575e+02,1.381908131208778590e-01,2.581908131208778823e-01,1.608351782841194733e-01,8.808351782841195021e-01,1.852997017804400570e-01,1.505299701780439925e+00,1.358168302448216069e-01,2.555816830244821425e+00,1.283951094788527703e-01,3.148395109478852927e+00,1.201531542589663326e-01,3.740153154258966328e+00
6.260000000000000000e+02,1.334555961252730516e-01,2.534555961252730194e-01,1.557160190273204070e-01,8.757160190273203249e-01,1.798546198453990219e-01,1.499854619845398807e+00,1.405767617203852460e-01,2.560576761720385175e+00,1.332303155052613208e-01,3.153230315505261228e+00,1.249926226972852411e-01,3.744992622697285167e+00
6.266666666666666288e+02,1.287743985549001380e-01,2.487743985549001335e-01,1.506331863645118396e-01,8.706331863645118130e-01,1.744229384295895580e-01,1.494422938429589287e+00,1.453813182393813019e-01,2.565381318239381425e+00,1.381315083168890290e-01,3.158131508316889047e+00,1.299178152473665360e-01,3.749917815247366448e+00
6.273333333333332575e+02,1.241530502857571688e-01,2.441530502857571783e-01,1.455938923952105890e-01,8.655938923952105624e-01,1.690132381968713071e-01,1.489013238196871036e+00,1.502238172713794562e-01,2.570223817271379385e+00,1.430927318650798974e-01,3.163092731865079887e+00,1.349236743676080208e-01,3.754923674367608211e+00
6.280000000000000000e+02,1.195970262958518243e-01,2.395970262958518338e-01,1.406050030605555390e-01,8.606050030605555401e-01,1.636337827066756956e-01,1.483633782706675452e+00,1.550972536548331226e-01,2.575097253654833107e+00,1.481076596696915826e-01,3.168107659669691767e+00,1.400047383275627444e-01,3.760004738327562990e+00
6.286666666666666288e+02,1.151114413420127464e-01,2.351114413420127280e-01,1.356730270489126533e-01,8.556730270489125711e-01,1.582925009254192439e-01,1.478292500925419084e+00,1.599943127702004864e-01,2.579994312770200526e+00,1.531696031450624496e-01,3.173169603145062467e+00,1.451551443330020286e-01,3.765155144333002024e+00
6.293333333333332575e+02,1.107010463142719531e-01,2.307010463142719625e-01,1.308041065510655854e-01,8.508041065510655310e-01,1.529969716695433468e-01,1.472996971669543242e+00,1.649073854661842753e-01,2.584907385466184149e+00,1.582715217680605024e-01,3.178271521768060381e+00,1.503686334853382156e-01,3.770368633485338350e+00
6.300000000000000000e+02,1.063702262243176044e-01,2.263702262243176000e-01,1.260040098474153325e-01,8.460040098474153059e-01,1.477544099958380541e-01,1.467754409995837950e+00,1.698285847195373788e-01,2.589828584719537474e+00,1.634060351006277612e-01,3.183406035100627918e+00,1.556385576189979469e-01,3.775638557618997915e+00
6.306666666666666288e+02,1.021229997766876785e-01,2.221229997766876740e-01,1.212781256996205703e-01,8.412781256996205714e-01,1.425716555429251686e-01,1.462571655542924898e+00,1.747497639979322948e-01,2.594749763997932224e+00,1.685654366686041017e-01,3.188565436668604036e+00,1.609578880507435972e-01,3.780957888050743509e+00
6.313333333333332575e+02,9.796302046420034271e-02,2.179630204642003521e-01,1.166314595096793888e-01,8.366314595096793205e-01,1.374551628163740158e-01,1.457455162816373884e+00,1.796625372842828028e-01,2.599662537284282759e+00,1.737417096875870093e-01,3.193741709687587083e+00,1.663192262647415487e-01,3.786319226264741822e+00
6.320000000000000000e+02,9.389357912261911410e-02,2.138935791226191097e-01,1.120686312006203417e-01,8.320686312006203567e-01,1.324109933989788268e-01,1.452410993398978611e+00,1.845583007097157668e-01,2.604558300709715724e+00,1.789265446152268901e-01,3.198926544615226852e+00,1.717148165464223997e-01,3.791714816546422284e+00
6.326666666666666288e+02,8.991760787369669494e-02,2.099176078736966766e-01,1.075938747647245119e-01,8.275938747647244575e-01,1.274448100572284082e-01,1.447444810057228359e+00,1.894282557312733650e-01,2.609428255731273349e+00,1.841113584978215090e-01,3.204111358497821360e+00,1.771365605670076893e-01,3.797136560567007990e+00
6.333333333333332575e+02,8.603768538060833915e-02,2.060376853806083486e-01,1.032110394176396495e-01,8.232110394176396229e-01,1.225618727050868245e-01,1.442561872705086623e+00,1.942634337793981147e-01,2.614263433779397960e+00,1.892873160673693989e-01,3.209287316067369389e+00,1.825760339089897433e-01,3.802576033908990016e+00
6.340000000000000000e+02,8.225604333537642199e-02,2.022560433353764175e-01,9.892359228990227349e-02,8.189235922899023024e-01,1.177670361769230789e-01,1.437767036176922808e+00,1.990547222894024915e-01,2.619054722289402282e+00,1.944453525334505495e-01,3.214445352533450428e+00,1.880245045109164015e-01,3.808024504510916675e+00
6.346666666666666288e+02,7.857457409415578853e-02,1.985745740941557980e-01,9.473462258121616297e-02,8.147346225812160947e-01,1.130647497527613593e-01,1.433064749752761102e+00,2.037928920206089622e-01,2.623792892020608836e+00,1.995761980025915761e-01,3.219576198002591649e+00,1.934729529977107509e-01,3.813472952997710941e+00
6.353333333333332575e+02,7.499483937324601113e-02,1.949948393732460206e-01,9.064684709742665270e-02,8.106468470974266260e-01,1.084590583710789563e-01,1.428459058371078783e+00,2.084686255566849389e-01,2.628468625556684923e+00,2.046704034461516164e-01,3.224670403446151745e+00,1.989120948504559949e-01,3.818912094850456018e+00
6.360000000000000000e+02,7.151807991641154216e-02,1.915180799164115377e-01,8.666261708548586573e-02,8.066626170854858113e-01,1.039536054571854468e-01,1.423953605457185301e+00,2.130725468709766535e-01,2.633072546870976360e+00,2.097183681263347643e-01,3.229718368126334838e+00,2.043324043571853321e-01,3.824332404357185577e+00
6.366666666666666288e+02,6.814522604245863702e-02,1.881452260424586465e-01,8.278392627777128587e-02,8.027839262777712870e-01,9.955163728873564488e-02,1.419551637288735568e+00,2.175952518315243944e-01,2.637595251831524212e+00,2.147103683788558759e-01,3.234710368378856060e+00,2.097241402739098148e-01,3.829724140273909949e+00
6.373333333333332575e+02,6.487690898107535686e-02,1.848769089810753385e-01,7.901242005395561763e-02,7.990124200539555632e-01,9.525600881424495237e-02,1.415256008814244737e+00,2.220273395119253257e-01,2.642027339511925366e+00,2.196365876400787620e-01,3.239636587640078780e+00,2.150773731129050903e-01,3.835077373112905086e+00
6.380000000000000000e+02,6.171347290465720170e-02,1.817134729046571973e-01,7.534940562621930682e-02,7.953494056262192524e-01,9.106919083559532335e-02,1.411069190835595233e+00,2.263594441663922263e-01,2.646359444166392016e+00,2.244871475962075535e-01,3.244487147596207599e+00,2.203820139632670649e-01,3.840382013963266949e+00
6.386666666666666288e+02,5.865498756414685988e-02,1.786549875641468554e-01,7.179586315187606871e-02,7.917958631518760004e-01,8.699327846138678322e-02,1.406993278461386554e+00,2.305822677203670512e-01,2.650582267720366758e+00,2.292521403224989374e-01,3.249252140322498761e+00,2.256278447371028173e-01,3.845627844737102841e+00
6.393333333333332575e+02,5.570126143782496569e-02,1.757012614378249682e-01,6.835245767649010540e-02,7.883524576764900926e-01,8.303000073466522413e-02,1.403030000734664995e+00,2.346866126218970505e-01,2.654686612621897090e+00,2.339216612714927757e-01,3.253921661271492738e+00,2.308045497234726129e-01,3.850804549723472636e+00
6.400000000000000000e+02,5.285185530346522831e-02,1.728518553034652239e-01,6.501955181026383701e-02,7.850195518102638381e-01,7.918073133602707148e-02,1.399180731336026939e+00,2.386634148937363809e-01,2.658663414893736476e+00,2.384858429610203778e-01,3.258485842961020396e+00,2.359017483214384536e-01,3.855901748321438394e+00
6.406666666666666288e+02,5.010609614622842795e-02,1.701060961462284304e-01,6.179721904079758799e-02,7.817972190407975752e-01,7.544650026129348652e-02,1.395446500261293243e+00,2.425037772219131027e-01,2.662503777221913115e+00,2.429348892053867226e-01,3.262934889205386657e+00,2.409090288134734525e-01,3.860909028813473753e+00
6.413333333333332575e+02,4.746309131712453389e-02,1.674630913171245294e-01,5.868525758627987643e-02,7.786852575862798220e-01,7.182800637190486781e-02,1.391828006371904625e+00,2.461990019132919427e-01,2.666199001913291955e+00,2.472591097266415572e-01,3.267259109726641686e+00,2.458159830310601979e-01,3.865815983031060110e+00
6.420000000000000000e+02,4.492174285976992254e-02,1.649217428597699042e-01,5.568320469472229362e-02,7.756832046947222947e-01,6.832563071587047232e-02,1.388325630715870229e+00,2.497406235525124196e-01,2.669740623552512293e+00,2.514489549773293864e-01,3.271448954977329571e+00,2.506122417556485571e-01,3.870612241755648775e+00
6.426666666666666288e+02,4.248076192643144428e-02,1.624807619264314329e-01,5.279035129691923844e-02,7.727903512969191979e-01,6.493945051744831609e-02,1.384939450517448156e+00,2.531204411876831761e-01,2.673120441187683216e+00,2.554950510016584797e-01,3.275495051001658275e+00,2.552875106904063940e-01,3.875287510690406556e+00
6.433333333333332575e+02,4.013868320797226580e-02,1.601386832079722544e-01,5.000575692339906397e-02,7.700057569233990096e-01,6.166925373473478716e-02,1.381669253734734593e+00,2.563305498743278510e-01,2.676330549874327946e+00,2.593882341586468687e-01,3.279388234158647109e+00,2.598316068313860638e-01,3.879831606831386281e+00
6.440000000000000000e+02,3.789387930625155720e-02,1.578938793062515389e-01,4.732826479868616765e-02,7.673282647986860994e-01,5.851455408597936586e-02,1.378514554085979116e+00,2.593633714083384834e-01,2.679363371408338246e+00,2.631195855285398677e-01,3.283119585528539996e+00,2.642344950609224474e-01,3.884234495060922665e+00
6.446666666666666288e+02,3.574457498169866798e-02,1.557445749816986635e-01,4.475651702963312495e-02,7.647565170296330983e-01,5.547460644761004894e-02,1.375474606447609993e+00,2.622116840811435368e-01,2.682211684081143410e+00,2.666804648227376062e-01,3.286680464822737679e+00,2.684863247814038290e-01,3.888486324781403880e+00
6.453333333333332575e+02,3.368886121317796190e-02,1.536888612131779575e-01,4.228896980839935010e-02,7.622889698083993304e-01,5.254842252967359406e-02,1.372548422529673351e+00,2.648686512938940862e-01,2.684868651293894182e+00,2.700625436175954075e-01,3.290062543617595203e+00,2.725774664040018225e-01,3.892577466404001818e+00
6.460000000000000000e+02,3.172470901183186559e-02,1.517247090118318542e-01,3.992390855480075496e-02,7.599239085548007422e-01,4.973478673760241275e-02,1.369734786737602183e+00,2.673278488722025670e-01,2.687327848872202551e+00,2.732578377337852027e-01,3.293257837733785109e+00,2.764985475045673158e-01,3.896498547504567256e+00
6.466666666666666288e+02,2.984998293526701721e-02,1.498499829352670232e-01,3.765946292714681537e-02,7.576594629271468095e-01,4.703227213283481256e-02,1.367032272132834736e+00,2.695832909288536916e-01,2.689583290928853732e+00,2.762587385854904931e-01,3.296258738585490455e+00,2.802404884577920918e-01,3.900240488457792143e+00
6.473333333333332575e+02,2.806245425322030987e-02,1.480624542532203158e-01,3.549362163531249309e-02,7.554936216353124179e-01,4.443925640882644135e-02,1.364439256408826351e+00,2.716294541288710174e-01,2.691629454128870780e+00,2.790580433274955641e-01,3.299058043327495415e+00,2.837945373608630195e-01,3.903794537360862904e+00
6.480000000000000000e+02,2.635981372066652229e-02,1.463598137206665317e-01,3.342424699460857379e-02,7.534242469946085263e-01,4.195393780334994577e-02,1.361953937803349834e+00,2.734613002193303499e-01,2.693461300219330390e+00,2.816489836332134455e-01,3.301648983633213241e+00,2.871523040592319220e-01,3.907152304059231973e+00
6.486666666666666288e+02,2.473968391914182011e-02,1.447396839191418261e-01,3.144908916394204001e-02,7.514490891639420411e-01,3.957435087259495582e-02,1.359574350872594817e+00,2.750742966953438895e-01,2.695074296695343818e+00,2.840252529428994310e-01,3.304025252942899282e+00,2.903057930898375050e-01,3.910305793089837501e+00
6.493333333333332575e+02,2.319963113185078904e-02,1.431996311318507742e-01,2.956580001678568367e-02,7.495658000167856327e-01,3.729838205744703122e-02,1.357298382057446906e+00,2.764644354836008344e-01,2.696464435483600930e+00,2.861810320286319875e-01,3.306181032028631783e+00,2.932474353610970419e-01,3.913247435361097093e+00
6.500000000000000000e+02,2.173717672286277700e-02,1.417371767228627621e-01,2.777194659855937442e-02,7.477719465985593894e-01,3.512378497738528199e-02,1.355123784977385171e+00,2.776282495356800495e-01,2.697628249535680034e+00,2.881110127310801960e-01,3.308111012731080436e+00,2.959701183942242686e-01,3.915970118394224375e+00
6.506666666666666288e+02,2.034980799533113102e-02,1.403498079953311162e-01,2.606502412909584773e-02,7.460650241290958107e-01,3.304819539261705935e-02,1.353048195392617004e+00,2.785628272350000323e-01,2.698562827234999961e+00,2.898104197325944709e-01,3.309810419732594600e+00,2.984672149569451705e-01,3.918467214956945277e+00
6.513333333333332575e+02,1.903498850818483371e-02,1.390349885081848258e-01,2.444246851391422559e-02,7.444424685139141573e-01,3.106914578035105748e-02,1.351069145780350977e+00,2.792658245336183676e-01,2.699265824533618296e+00,2.912750302416508563e-01,3.311275030241650708e+00,3.007326099283929577e-01,3.920732609928393231e+00
6.520000000000000000e+02,1.779016783511574648e-02,1.377901678351157455e-01,2.290166833301614246e-02,7.429016683330160742e-01,2.918407947645222308e-02,1.349184079476452025e+00,2.797354747480730874e-01,2.699735474748072850e+00,2.925011914750915154e-01,3.312501191475091478e+00,3.027607252428300422e-01,3.922760725242830038e+00
6.526666666666666288e+02,1.661279075387526311e-02,1.366127907538752517e-01,2.143997628079529968e-02,7.414399762807952765e-01,2.739036433904987189e-02,1.347390364339049684e+00,2.799705959569711022e-01,2.699970595956970865e+00,2.934858358368750419e-01,3.313485835836875282e+00,3.045465427698450522e-01,3.924546542769845381e+00
6.533333333333332575e+02,1.550030585790209726e-02,1.355003058579020980e-01,2.005472003540902104e-02,7.400547200354089528e-01,2.568530589597765867e-02,1.345685305895977457e+00,2.799705959569711577e-01,2.699970595956971309e+00,2.942264937050622087e-01,3.314226493705062282e+00,3.060856249997009337e-01,3.926085624999700929e+00
6.540000000000000000e+02,1.445017358610963670e-02,1.344501735861096392e-01,1.874321254056837693e-02,7.387432125405684058e-01,2.406615994316950446e-02,1.344066159943169358e+00,2.797354747480730874e-01,2.699735474748072850e+00,2.947213037524341606e-01,3.314721303752434345e+00,3.073741334145029258e-01,3.927374133414502921e+00
6.546666666666666288e+02,1.345987367023383958e-02,1.334598736702338473e-01,1.750276168711857941e-02,7.375027616871185909e-01,2.253014456625946835e-02,1.342530144566259409e+00,2.792658245336184786e-01,2.699265824533618296e+00,2.949690207403802833e-01,3.314969020740380135e+00,3.084088444387500516e-01,3.928408844438750158e+00
6.553333333333332575e+02,1.252691200249021926e-02,1.325269120024902270e-01,1.633067938600399685e-02,7.363306793860039390e-01,2.107445156263320837e-02,1.341074451562632941e+00,2.785628272350001433e-01,2.698562827234999961e+00,2.949690207403803388e-01,3.314969020740380579e+00,3.091871628765060498e-01,3.929187162876506267e+00
6.560000000000000000e+02,1.164882692939736390e-02,1.316488269293973612e-01,1.522429002822265308e-02,7.352242900282226490e-01,1.969625724602100392e-02,1.339696257246020927e+00,2.776282495356800495e-01,2.697628249535680034e+00,2.947213037524341606e-01,3.314721303752434345e+00,3.097071327567952337e-01,3.929707132756795396e+00
6.566666666666666288e+02,1.082319498047590658e-02,1.308231949804758987e-01,1.418093833113922425e-02,7.341809383311391768e-01,1.839273262036189918e-02,1.338392732620361736e+00,2.764644354836010565e-01,2.696464435483600930e+00,2.942264937050623197e-01,3.314226493705062282e+00,3.099674455237894644e-01,3.929967445523789404e+00
6.573333333333332575e+02,1.004763604313672551e-02,1.300476360431367107e-01,1.319799657405219644e-02,7.331979965740521576e-01,1.716105291410589470e-02,1.337161052914105808e+00,2.750742966953441671e-01,2.695074296695344263e+00,2.934858358368752085e-01,3.313485835836875282e+00,3.099674455237895199e-01,3.929967445523789848e+00
6.580000000000000000e+02,9.319817997426598985e-03,1.293198179974265893e-01,1.227287122918650948e-02,7.322728712291864950e-01,1.599840647033566945e-02,1.335998406470335409e+00,2.734613002193303499e-01,2.693461300219330390e+00,2.925011914750915154e-01,3.312501191475091478e+00,3.097071327567952337e-01,3.929707132756795396e+00
6.586666666666666288e+02,8.637460826392615379e-03,1.286374608263926023e-01,1.140300899728711494e-02,7.314030089972870519e-01,1.490200299204460892e-02,1.334902002992044423e+00,2.716294541288713504e-01,2.691629454128871224e+00,2.912750302416510784e-01,3.311275030241651152e+00,3.091871628765061608e-01,3.929187162876506267e+00
6.593333333333332575e+02,7.998340219674174301e-03,1.279983402196741560e-01,1.058590225973333673e-02,7.305859022597332997e-01,1.386908114561417361e-02,1.333869081145613977e+00,2.695832909288540802e-01,2.689583290928854176e+00,2.898104197325947484e-01,3.309810419732594600e+00,3.084088444387502181e-01,3.928408844438750158e+00
6.600000000000000000e+02,7.400290689535032711e-03,1.274002906895350395e-01,9.819093961574452967e-03,7.298190939615744055e-01,1.289691552897565506e-02,1.332896915528975601e+00,2.673278488722025670e-01,2.687327848872202551e+00,2.881110127310801960e-01,3.308111012731080436e+00,3.073741334145029258e-01,3.927374133414502921e+00
6.606666666666666288e+02,6.841208219904880428e-03,1.268412082199048829e-01,9.100181942092219062e-03,7.291001819420921404e-01,1.198282301409832502e-02,1.331982823014098205e+00,2.648686512938944748e-01,2.684868651293894182e+00,2.861810320286323206e-01,3.306181032028632227e+00,3.060856249997011558e-01,3.926085624999701373e+00
6.613333333333332575e+02,6.319052470128412244e-03,1.263190524701283957e-01,8.426822731442433143e-03,7.284268227314424360e-01,1.112416847632994796e-02,1.331124168476329750e+00,2.622116840811439809e-01,2.682211684081143854e+00,2.840252529428998196e-01,3.304025252942899726e+00,3.045465427698453298e-01,3.924546542769845381e+00
6.620000000000000000e+02,5.831848556026681882e-03,1.258318485560266653e-01,7.796734833617266838e-03,7.277967348336172870e-01,1.031836992572230695e-02,1.330318369925722166e+00,2.593633714083384834e-01,2.679363371408338246e+00,2.816489836332134455e-01,3.301648983633213241e+00,3.027607252428300422e-01,3.922760725242830038e+00
6.626666666666666288e+02,5.377688431563488330e-03,1.253776884315634943e-01,7.207701517399785728e-03,7.272077015173997738e-01,9.562903057791824479e-03,1.329562903057791567e+00,2.563305498743284061e-01,2.676330549874328391e+00,2.790580433274960082e-01,3.299058043327495859e+00,3.007326099283933463e-01,3.920732609928393231e+00
6.633333333333332575e+02,4.954731894898043235e-03,1.249547318948980440e-01,6.657573138171006717e-03,7.266575731381710312e-01,8.855305243210693719e-03,1.328855305243210605e+00,2.531204411876837312e-01,2.673120441187683660e+00,2.762587385854909927e-01,3.296258738585490899e+00,2.984672149569456145e-01,3.918467214956945721e+00
6.640000000000000000e+02,4.561207242904824141e-03,1.245612072429048145e-01,6.144269014385255086e-03,7.261442690143852241e-01,8.193178977699501833e-03,1.328193178977699285e+00,2.497406235525124196e-01,2.669740623552512293e+00,2.732578377337852027e-01,3.293257837733785109e+00,2.959701183942242686e-01,3.915970118394224375e+00
6.646666666666666288e+02,4.195411598358293921e-03,1.241954115983582851e-01,5.665778883254390420e-03,7.256657788832543421e-01,7.574194814894690160e-03,1.327574194814894470e+00,2.461990019132925533e-01,2.666199001913292399e+00,2.700625436175960181e-01,3.290062543617596091e+00,2.932474353610974860e-01,3.913247435361097537e+00
6.653333333333332575e+02,3.855710933934464960e-03,1.238557109339344653e-01,5.220163960696153592e-03,7.252201639606961070e-01,6.996093806213600323e-03,1.326996093806213528e+00,2.425037772219137688e-01,2.662503777221913559e+00,2.666804648227382168e-01,3.286680464822738124e+00,2.903057930898380046e-01,3.910305793089837945e+00
6.660000000000000000e+02,3.540539816984767264e-03,1.235405398169847624e-01,4.805557630917583166e-03,7.248055576309175851e-01,6.456689472743827422e-03,1.326456689472743644e+00,2.386634148937363809e-01,2.658663414893736476e+00,2.631195855285398677e-01,3.283119585528539996e+00,2.871523040592319220e-01,3.907152304059231973e+00
6.666666666666666288e+02,3.248400898698929323e-03,1.232484008986989288e-01,4.420165791127488378e-03,7.244201657911274461e-01,5.953869334945291643e-03,1.325953869334945079e+00,2.346866126218977444e-01,2.654686612621897535e+00,2.593882341586475349e-01,3.279388234158647553e+00,2.837945373608635746e-01,3.903794537360863792e+00
6.673333333333332575e+02,2.977864170812148051e-03,1.229778641708121484e-01,4.062266876823811615e-03,7.240622668768237347e-01,5.485596026494263082e-03,1.325485596026494184e+00,2.305822677203677729e-01,2.650582267720367646e+00,2.554950510016591458e-01,3.275495051001659164e+00,2.802404884577927024e-01,3.900240488457792587e+00
6.680000000000000000e+02,2.727566012439362319e-03,1.227275660124393514e-01,3.730211592894665858e-03,7.237302115928946344e-01,5.049908018930341323e-03,1.325049908018930189e+00,2.263594441663922263e-01,2.646359444166392016e+00,2.514489549773293864e-01,3.271448954977329571e+00,2.764985475045673158e-01,3.896498547504567256e+00
6.686666666666666288e+02,2.496208048946051833e-03,1.224962080489460509e-01,3.422422375414943541e-03,7.234224223754148753e-01,4.644919983896682834e-03,1.324644919983896552e+00,2.220273395119260751e-01,2.642027339511925810e+00,2.472591097266422788e-01,3.267259109726642130e+00,2.725774664040024886e-01,3.892577466404002706e+00
6.693333333333332575e+02,2.282555844007548226e-03,1.222825558440075455e-01,3.137392608534227481e-03,7.231373926085341575e-01,4.268822819713157836e-03,1.324268822819713032e+00,2.175952518315251438e-01,2.637595251831525101e+00,2.429348892053874720e-01,3.262934889205387545e+00,2.684863247814045506e-01,3.888486324781404768e+00
6.700000000000000000e+02,2.085437445179477798e-03,1.220854374451794677e-01,2.873685620248614143e-03,7.228736856202485628e-01,3.919883368804564019e-03,1.323919883368804395e+00,2.130725468709766535e-01,2.633072546870976360e+00,2.384858429610203778e-01,3.258485842961020396e+00,2.642344950609224474e-01,3.884234495060922665e+00
6.706666666666666288e+02,1.903741802409352531e-03,1.219037418024093433e-01,2.629933480139590076e-03,7.226299334801395968e-01,3.596443852130957759e-03,1.323596443852130822e+00,2.084686255566857438e-01,2.628468625556685812e+00,2.339216612714935528e-01,3.253921661271493626e+00,2.598316068313867855e-01,3.879831606831386726e+00
6.713333333333332575e+02,1.736417077978908352e-03,1.217364170779789007e-01,2.404835621365095360e-03,7.224048356213650379e-01,3.296921046256307344e-03,1.323296921046256180e+00,2.037928920206097672e-01,2.623792892020609724e+00,2.292521403224997145e-01,3.249252140322499649e+00,2.552875106904071711e-01,3.875287510690407444e+00
6.720000000000000000e+02,1.582468865388749445e-03,1.215824688653887459e-01,2.197157308314092502e-03,7.221971573083140195e-01,3.019805228057865967e-03,1.323019805228057733e+00,1.990547222894024915e-01,2.619054722289402282e+00,2.244871475962075535e-01,3.244487147596207599e+00,2.506122417556485571e-01,3.870612241755648775e+00
6.726666666666666288e+02,1.440958333689104989e-03,1.214409583336891058e-01,2.005727970395567838e-03,7.220057279703955277e-01,2.763658911333128753e-03,1.322763658911332962e+00,1.942634337793989474e-01,2.614263433779398849e+00,2.196365876400796224e-01,3.239636587640079668e+00,2.458159830310610305e-01,3.865815983031060998e+00
6.733333333333332575e+02,1.311000312735583623e-03,1.213110003127355757e-01,1.829439421442064168e-03,7.218294394214420651e-01,2.527115398722642927e-03,1.322527115398722586e+00,1.894282557312741699e-01,2.609428255731274238e+00,2.147103683788567363e-01,3.234710368378856948e+00,2.409090288134742852e-01,3.860909028813474198e+00
6.740000000000000000e+02,1.191761333815263358e-03,1.211917613338152622e-01,1.667243983177432590e-03,7.216672439831773866e-01,2.308877171448707639e-03,1.322308877171448627e+00,1.845583007097157668e-01,2.604558300709715724e+00,2.097183681263347643e-01,3.229718368126334838e+00,2.359017483214384536e-01,3.855901748321438394e+00
6.746666666666666288e+02,1.082457639052391944e-03,1.210824576390523849e-01,1.518152530136735769e-03,7.215181525301367360e-01,2.107714138381783144e-03,1.322107714138381684e+00,1.796625372842836632e-01,2.599662537284283648e+00,2.046704034461524491e-01,3.224670403446152633e+00,2.308045497234735011e-01,3.850804549723473524e+00
6.753333333333332575e+02,9.823531719745490134e-04,1.209823531719745465e-01,1.381232472346418522e-03,7.213812324723464231e-01,1.922461764905219984e-03,1.321922461764905021e+00,1.747497639979331552e-01,2.594749763997933112e+00,1.995761980025924365e-01,3.219576198002592538e+00,2.256278447371037055e-01,3.845627844737103729e+00
6.760000000000000000e+02,8.907575606053004047e-04,1.208907575606052998e-01,1.255605690983938169e-03,7.212556056909839031e-01,1.752019100966115735e-03,1.321752019100965958e+00,1.698285847195373788e-01,2.589828584719537474e+00,1.944453525334505495e-01,3.214445352533450428e+00,2.203820139632670649e-01,3.840382013963266949e+00
6.766666666666666288e+02,8.070241034531416054e-04,1.208070241034531339e-01,1.140446441144484478e-03,7.211404464411445003e-01,1.595346726584366331e-03,1.321595346726584186e+00,1.649073854661851080e-01,2.584907385466185037e+00,1.892873160673702870e-01,3.209287316067370277e+00,2.150773731129059785e-01,3.835077373112905974e+00
6.773333333333332575e+02,7.305477677957730427e-04,1.207305477677957650e-01,1.034979234758899927e-03,7.210349792347588993e-01,1.451464631957253421e-03,1.321451464631957062e+00,1.599943127702012913e-01,2.579994312770201415e+00,1.841113584978224249e-01,3.204111358497822248e+00,2.097241402739107030e-01,3.829724140273910837e+00
6.780000000000000000e+02,6.607632087179221526e-04,1.206607632087179222e-01,9.384767156377272915e-04,7.209384767156377105e-01,1.319450048152612980e-03,1.321319450048152433e+00,1.550972536548331226e-01,2.575097253654833107e+00,1.789265446152268901e-01,3.198926544615226852e+00,2.043324043571853321e-01,3.824332404357185577e+00
6.786666666666666288e+02,5.971428164528736751e-04,1.205971428164528680e-01,8.502575375667028364e-04,7.208502575375667076e-01,1.198435243236576795e-03,1.321198435243236435e+00,1.502238172713802888e-01,2.570223817271380273e+00,1.737417096875878975e-01,3.193741709687587971e+00,1.989120948504569109e-01,3.818912094850456906e+00
6.793333333333332575e+02,5.391947987073476573e-04,1.205391947987073387e-01,7.696842553562609560e-04,7.207696842553562577e-01,1.087605297543250841e-03,1.321087605297543099e+00,1.453813182393821346e-01,2.565381318239381869e+00,1.685654366686049621e-01,3.188565436668604924e+00,1.934729529977117224e-01,3.813472952997711829e+00
6.800000000000000000e+02,4.864613038188525529e-04,1.204864613038188481e-01,6.961612377563823357e-04,7.206961612377563720e-01,9.861958706701540699e-04,1.320986195870669899e+00,1.405767617203852460e-01,2.560576761720385175e+00,1.634060351006277612e-01,3.183406035100627918e+00,1.880245045109164015e-01,3.808024504510916675e+00
6.806666666666666288e+02,4.385165898054014188e-04,1.204385165898053944e-01,6.291326101914204152e-04,7.206291326101913475e-01,8.934909716802640674e-04,1.320893490971680073e+00,1.358168302448224118e-01,2.555816830244822313e+00,1.582715217680613906e-01,3.178271521768061270e+00,1.825760339089906870e-01,3.802576033908990905e+00
6.813333333333332575e+02,3.949652436223186048e-04,1.203949652436223094e-01,5.680802343523841738e-04,7.205680802343523705e-01,8.088207429167488692e-04,1.320808820742916501e+00,1.311078723007768065e-01,2.551107872300776513e+00,1.531696031450633377e-01,3.173169603145063355e+00,1.771365605670086052e-01,3.797136560567008878e+00
6.820000000000000000e+02,3.554404542405533189e-04,1.203554404542405420e-01,5.125217308091482718e-04,7.205125217308091523e-01,7.315592667948425188e-04,1.320731559266794752e+00,1.264558926829598973e-01,2.546455892682959909e+00,1.481076596696915826e-01,3.168107659669691767e+00,1.717148165464223997e-01,3.791714816546422284e+00
6.826666666666666288e+02,3.196023425055676838e-04,1.203196023425055633e-01,4.620085499735479572e-04,7.204620085499735538e-01,6.611224039299672638e-04,1.320661122403929744e+00,1.218665445900983108e-01,2.541866544590098087e+00,1.430927318650807578e-01,3.163092731865080776e+00,1.663192262647424924e-01,3.786319226264742710e+00
6.833333333333332575e+02,2.871363501264829923e-04,1.202871363501264723e-01,4.161240959592285484e-04,7.204161240959592316e-01,5.969656699974206903e-04,1.320596965669997180e+00,1.173451234492350476e-01,2.537345123449235018e+00,1.381315083168898616e-01,3.158131508316889935e+00,1.609578880507445131e-01,3.780957888050744842e+00
6.840000000000000000e+02,2.577516895814096804e-04,1.202577516895814019e-01,3.744819071462972835e-04,7.203744819071462580e-01,5.385821577994439908e-04,1.320538582157799290e+00,1.128965624362576192e-01,2.532896562436257604e+00,1.332303155052613208e-01,3.153230315505261228e+00,1.556385576189979469e-01,3.775638557618997915e+00
6.846666666666666288e+02,2.311798562058019538e-04,1.202311798562057943e-01,3.367238965683659710e-04,7.203367238965683317e-01,4.855005101416944957e-04,1.320485500510141463e+00,1.085254296532606466e-01,2.528525429653260659e+00,1.283951094788535752e-01,3.148395109478853371e+00,1.503686334853391038e-01,3.770368633485339238e+00
6.853333333333332575e+02,2.071732032560365440e-04,1.202071732032560375e-01,3.025186545975446189e-04,7.203025186545974901e-01,4.372829482961384921e-04,1.320437282948295987e+00,1.042359269152411394e-01,2.524235926915241013e+00,1.236314693483012150e-01,3.143631469348301177e+00,1.451551443330029167e-01,3.765155144333002912e+00
6.860000000000000000e+02,1.855035803090223279e-04,1.201855035803090221e-01,2.715598158089852464e-04,7.202715598158089261e-01,3.935233600520411938e-04,1.320393523360051891e+00,1.000318900911495584e-01,2.520031890091149585e+00,1.189445925667714232e-01,3.138944592566771608e+00,1.400047383275627444e-01,3.760004738327562990e+00
6.866666666666666288e+02,1.659610349688110014e-04,1.201659610349688073e-01,2.435644913596842105e-04,7.202435644913596224e-01,3.538454506311642582e-04,1.320353845450630947e+00,9.591679093744816254e-02,2.515916790937448244e+00,1.143392919561139059e-01,3.134339291956113716e+00,1.349236743676088535e-01,3.754923674367609099e+00
6.873333333333332575e+02,1.483525775018669436e-04,1.201483525775018657e-01,2.182717677161813690e-04,7.202182717677161339e-01,3.179009590686061914e-04,1.320317900959068425e+00,9.189374035615281711e-02,2.511893740356152538e+00,1.098199944285576379e-01,3.129819994428557628e+00,1.299178152473673964e-01,3.749917815247367336e+00
6.880000000000000000e+02,1.325010077120640712e-04,1.201325010077120559e-01,1.954412721112914000e-04,7.201954412721112142e-01,2.853679420365607582e-04,1.320285367942036325e+00,8.796549300386613535e-02,2.507965493003866175e+00,1.053907413460325737e-01,3.125390741346032453e+00,1.249926226972852411e-01,3.744992622697285167e+00
6.886666666666666288e+02,1.182438030925382031e-04,1.201182438030925365e-01,1.748518046992830483e-04,7.201748518046992009e-01,2.559491265135664943e-04,1.320255949126513340e+00,8.413445317350951025e-02,2.504134453173509467e+00,1.010551904519543243e-01,3.121055190451954342e+00,1.201531542589671514e-01,3.740153154258967216e+00
6.893333333333332575e+02,1.054320670526808748e-04,1.201054320670526809e-01,1.563000370108955464e-04,7.201563000370109213e-01,2.293703321763261940e-04,1.320229370332176133e+00,8.040268186639187853e-02,2.500402681866392030e+00,9.681661930380386361e-02,3.116816619303803826e+00,1.154040619418741365e-01,3.735404061941874243e+00
6.900000000000000000e+02,9.392953581270333029e-05,1.200939295358127018e-01,1.395992759823532251e-04,7.201395992759823672e-01,2.053789639135604451e-04,1.320205378963913434e+00,7.677190496891282689e-02,2.496771904968912548e+00,9.267793012907325767e-02,3.112677930129073456e+00,1.107495926009155890e-01,3.730749592600915765e+00
6.906666666666666288e+02,8.361164238314259308e-05,1.200836116423831396e-01,1.245782925439241698e-04,7.201245782925439487e-01,1.837425744297550682e-04,1.320183742574429608e+00,7.324352244552723157e-02,2.493243522445527383e+00,8.864165602209038430e-02,3.108641656022090416e+00,1.061935899664604721e-01,3.726193589966460440e+00
6.913333333333332575e+02,7.436463590056798271e-05,1.200743646359005573e-01,1.110802135019316292e-04,7.201110802135018973e-01,1.642474965199241491e-04,1.320164247496519838e+00,6.981861845764332497e-02,2.489818618457643407e+00,8.470996839494858432e-02,3.104709968394948394e+00,1.017394982514549101e-01,3.721739498251455114e+00
6.920000000000000000e+02,6.608475447145944180e-05,1.200660847544714610e-01,9.896147523124101378e-05,7.200989614752312251e-01,1.466975442526423791e-04,1.320146697544252401e+00,6.649797231686598031e-02,2.486497972316866090e+00,8.088468559224745724e-02,3.100884685592247614e+00,9.739036725428037999e-02,3.717390367254280292e+00
6.926666666666666288e+02,5.867744958156547174e-05,1.200586774495815551e-01,8.809083751081093854e-05,7.200880908375107969e-01,1.309127819953101500e-04,1.320130912781995125e+00,6.328207018036222098e-02,2.483282070180361956e+00,7.716728257653762690e-02,3.097167282576537506e+00,9.314885887067125836e-02,3.713148858870671365e+00
6.933333333333332575e+02,5.205666005615216857e-05,1.200520566600561528e-01,7.834845568095555031e-05,7.200783484556809722e-01,1.167283599511823971e-04,1.320116728359951086e+00,6.017111739614110916e-02,2.480171117396141156e+00,7.355890158930278311e-02,3.093558901589302579e+00,8.901725492350530400e-02,3.709017254923505202e+00
6.940000000000000000e+02,4.614413350539474525e-05,1.200461441335053947e-01,6.962500917528763030e-05,7.200696250091752626e-01,1.039934146497786973e-04,1.320103993414649679e+00,5.716505140667513946e-02,2.477165051406675200e+00,7.006036369098381233e-02,3.090060363690983802e+00,8.499746621558207371e-02,3.704997466215582236e+00
6.946666666666666288e+02,4.086879315670000252e-05,1.200408687931567020e-01,6.182088438057791293e-05,7.200618208843805323e-01,9.257003263847929755e-05,1.320092570032638246e+00,5.426355512046307505e-02,2.474263555120463032e+00,6.667218108288162914e-02,3.086672181082881661e+00,8.109104270754802224e-02,3.701091042707548073e+00
6.953333333333332575e+02,3.616614796025501575e-05,1.200361661479602549e-01,5.484540970201747082e-05,7.200548454097019935e-01,8.233227546134313146e-05,1.320082332275461123e+00,5.146607066285972809e-02,2.471466070662859504e+00,6.339457011379152906e-02,3.083394570113791477e+00,7.729918472096225512e-02,3.697299184720962195e+00
6.960000000000000000e+02,3.197774385373583890e-05,1.200319777438537266e-01,4.861614065746946024e-05,7.200486161406574048e-01,7.316526387911581879e-05,1.320073165263878856e+00,4.877181341973164941e-02,2.468771813419731398e+00,6.022746487488988415e-02,3.080227464874889964e+00,7.362275506510163048e-02,3.693622755065101515e+00
6.966666666666666288e+02,2.825065408511559775e-05,1.200282506540851085e-01,4.305819279009465253e-05,7.200430581927900198e-01,6.496431917959034734e-05,1.320064964319179523e+00,4.617978629015770387e-02,2.466179786290157772e+00,5.717053128763074227e-02,3.077170531287630961e+00,7.006229198540103731e-02,3.690062291985401366e+00
6.973333333333332575e+02,2.493700651733835079e-05,1.200249370065173404e-01,3.810362017241153057e-05,7.200381036201723983e-01,5.763415934788276629e-05,1.320057634159347737e+00,4.368879406748222421e-02,2.463688794067482313e+00,5.422318159122721526e-02,3.074223181591227316e+00,6.661802283144194203e-02,3.686618022831442243e+00
6.980000000000000000e+02,2.199354587373800738e-05,1.200219935458737286e-01,3.369083727447168947e-05,7.200336908372744205e-01,5.108814780954418200e-05,1.320051088147809359e+00,4.129745787149605163e-02,2.461297457871495897e+00,5.138458913864584615e-02,3.071384589138645982e+00,6.328987834310462191e-02,3.683289878343104728e+00
6.986666666666666288e+02,1.938122892697822071e-05,1.200193812289269690e-01,2.976408198253250616e-05,7.200297640819824929e-01,4.524759242348929577e-05,1.320045247592423365e+00,3.900422955828715399e-02,2.459004229558287236e+00,4.865370341284472322e-02,3.068653703412844713e+00,6.007750745479840948e-02,3.680077507454798447e+00
6.993333333333332575e+02,1.706485068571407209e-05,1.200170648506857091e-01,2.627291758076719192e-05,7.200262729175807008e-01,4.004109238456805218e-05,1.320040041092384486e+00,3.680740603836318847e-02,2.456807406038363339e+00,4.602926517824020014e-02,3.066029265178240149e+00,5.698029251959470243e-02,3.676980292519594684e+00
7.000000000000000000e+02,1.501269969085614173e-05,1.200150126996908512e-01,2.317177154554540136e-05,7.200231717715455115e-01,3.540393069520754004e-05,1.320035403930694962e+00,3.470514343795113449e-02,2.454705143437950987e+00,4.350982168604048544e-02,3.063509821686040357e+00,5.399736485756004983e-02,3.673997364857560122e+00
7.006666666666666288e+02,1.319624059608244876e-05,1.200131962405960734e-01,2.041950904806633931e-05,7.200204195090480486e-01,3.127750987994941119e-05,1.320031277509879697e+00,3.269547104285248917e-02,2.452695471042852571e+00,4.109374185605254443e-02,3.061093741856052652e+00,5.112762053553174257e-02,3.671127620535531655e+00
7.013333333333332575e+02,1.158982227408424981e-05,1.200115898222740840e-01,1.797903911530589902e-05,7.200179790391152412e-01,2.760882864419603305e-05,1.320027608828644006e+00,3.077630496886151965e-02,2.450776304968861563e+00,3.877923136184693170e-02,3.058779231361846929e+00,4.836973628899817607e-02,3.668369736288998428e+00
7.020000000000000000e+02,1.017040975997881221e-05,1.200101704097599753e-01,1.581695146000915053e-05,7.200158169514599971e-01,2.434999721735279534e-05,1.320024349997217294e+00,2.894546150750039112e-02,2.448945461507500365e+00,3.656434755069851855e-02,3.056564347550698724e+00,4.572218550058491926e-02,3.665722185500584818e+00
7.026666666666666288e+02,8.917338415484044029e-06,1.200089173384154828e-01,1.390318205658686620e-05,7.200139031820566027e-01,2.145778916915445792e-05,1.320021457789168906e+00,2.720067010061117535e-02,2.447200670100611042e+00,3.444701413443387178e-02,3.054447014134433758e+00,4.318325415381792792e-02,3.663183254153818069e+00
7.033333333333332575e+02,7.812088771079512840e-06,1.200078120887710792e-01,1.221070561019590650e-05,7.200122107056101672e-01,1.889322754489772255e-05,1.320018893227544732e+00,2.553958590217075136e-02,2.445539585902170465e+00,3.242503559219338943e-02,3.052425035592193581e+00,4.075105668533067493e-02,3.660751056685330962e+00
7.040000000000000000e+02,6.838080577763488360e-06,1.200068380805777574e-01,1.071525313997767685e-05,7.200107152531399768e-01,1.662120322916215933e-05,1.320016621203228935e+00,2.395980189051387377e-02,2.443959801890513983e+00,3.049611123111648642e-02,3.050496111231116636e+00,3.842355166344590262e-02,3.658423551663446016e+00
7.046666666666666288e+02,5.980484674528188413e-06,1.200059804846745209e-01,9.395052973456403833e-06,7.200093950529734554e-01,1.461012351709128364e-05,1.320014610123516841e+00,2.245886049890606986e-02,2.442458860498906148e+00,2.865784885600106136e-02,3.048657848856000996e+00,3.619855722601525438e-02,3.656198557226015389e+00
7.053333333333332575e+02,5.226051351785844192e-06,1.200052260513517766e-01,8.230593526673058352e-06,7.200082305935266991e-01,1.283158894630756319e-05,1.320012831588946112e+00,2.103426473709667580e-02,2.441034264737096393e+00,2.690777800407275974e-02,3.046907778004072753e+00,3.407376621552525575e-02,3.654073766215525154e+00
7.060000000000000000e+02,4.562953964211803612e-06,1.200045629539642084e-01,7.204406323000818411e-06,7.200072044063229315e-01,1.126009651997654318e-05,1.320011260096519923e+00,1.968348878106733826e-02,2.439683488781067222e+00,2.524336270607711527e-02,3.045243362706077317e+00,3.204676095473257824e-02,3.652046760954732463e+00
7.066666666666666288e+02,3.980646618403837324e-06,1.200039806466183939e-01,6.300867782092199021e-06,7.200063008677820564e-01,9.872767531428763637e-06,1.320009872767531345e+00,1.840398801262860956e-02,2.438403988012628698e+00,2.366201373991889609e-02,3.043662013739918848e+00,3.011502761139094389e-02,3.650115027611390950e+00
7.073333333333332575e+02,3.469734831059702941e-06,1.200034697348310586e-01,5.506018388488657213e-06,7.200055060183884192e-01,8.649098282266603864e-06,1.320008649098282083e+00,1.719320849480256500e-02,2.437193208494802477e+00,2.216110034801256970e-02,3.042161100348012681e+00,2.827597010597476465e-02,3.648275970105975041e+00
7.080000000000000000e+02,3.021858121751035575e-06,1.200030218581217417e-01,4.807397926580293182e-06,7.200048073979266050e-01,7.570732068238148462e-06,1.320007570732067981e+00,1.604859587304067331e-02,2.436048595873040679e+00,2.073796139433880387e-02,3.040737961394338829e+00,2.652692352164036024e-02,3.646526923521640651e+00
7.086666666666666288e+02,2.629583570573623099e-06,1.200026295835705664e-01,4.193895544389757680e-06,7.200041938955443754e-01,6.621250889656209629e-06,1.320006621250889411e+00,1.496760369622508052e-02,2.434967603696224892e+00,1.938991594187657042e-02,3.039389915941876463e+00,2.486516698093172231e-02,3.644865166980931992e+00
7.093333333333332575e+02,2.286309434802189065e-06,1.200022863094347969e-01,3.655613482723615780e-06,7.200036556134826737e-01,5.785985425191470235e-06,1.320005785985425062e+00,1.394770115509435908e-02,2.433947701155094290e+00,1.811427323559556060e-02,3.038114273235595686e+00,2.328793595892846360e-02,3.643287935958928525e+00
7.100000000000000000e+02,1.986177980017751580e-06,1.200019861779800107e-01,3.183743378273412624e-06,7.200031837433782389e-01,5.051841888948783599e-06,1.320005051841888877e+00,1.298638023920335033e-02,2.432986380239203328e+00,1.690834208052499621e-02,3.036908342080525181e+00,2.179243400761026947e-02,3.641792434007610435e+00
7.106666666666666288e+02,1.723996739894456689e-06,1.200017239967398897e-01,2.770454118997209975e-06,7.200027704541189788e-01,4.407144470375677189e-06,1.320004407144470315e+00,1.208116231674789993e-02,2.432081162316747758e+00,1.576943960852285331e-02,3.035769439608523079e+00,2.037584387112453127e-02,3.640375843871124673e+00
7.113333333333332575e+02,1.495167474860147833e-06,1.200014951674748531e-01,2.408790297380877660e-06,7.200024087902973102e-01,3.841492134387528620e-06,1.320003841492134233e+00,1.122960414456714365e-02,2.431229604144566903e+00,1.469489943126012915e-02,3.034694899431260140e+00,1.903533797638855621e-02,3.639035337976388451e+00
7.120000000000000000e+02,1.295622153135625783e-06,1.200012956221531285e-01,2.092580371804416745e-06,7.200020925803717331e-01,3.345628634795789674e-06,1.320003345628634639e+00,1.042930331837057384e-02,2.430429303318370593e+00,1.368207918058924472e-02,3.033682079180589408e+00,1.776808828800931564e-02,3.637768088288009238e+00
7.126666666666666288e+02,1.121765328189835765e-06,1.200011217653281920e-01,1.816353708103088449e-06,7.200018163537080795e-01,2.911324667420797274e-06,1.320002911324667183e+00,9.677903175710406147e-03,2.429677903175710529e+00,1.272836744085939498e-02,3.032728367440859607e+00,1.657127552082062610e-02,3.636571275520820823e+00
7.133333333333332575e+02,9.704223344341386636e-07,1.200009704223344298e-01,1.575265732441941531e-06,7.200015752657323853e-01,2.531271159959566677e-06,1.320002531271159851e+00,8.973097166443734854e-03,2.428973097166443829e+00,1.183119008088324119e-02,3.031831190080883420e+00,1.544209770742589749e-02,3.635442097707425990e+00
7.140000000000000000e+02,8.387927680433691897e-07,1.200008387927680442e-01,1.365030482767891578e-06,7.200013650304827317e-01,2.198982763591082333e-06,1.320002198982763497e+00,8.312632707404456547e-03,2.428312632707404273e+00,1.098801599614042564e-02,3.030988015996140650e+00,1.437777812197513910e-02,3.634377778121975044e+00
7.146666666666666288e+02,7.244087621779149514e-07,1.200007244087621799e-01,1.181859899342862817e-06,7.200011818598993640e-01,1.908710676311720208e-06,1.320001908710676242e+00,7.694314539723886084e-03,2.427694314539723841e+00,1.019636227440917815e-02,3.030196362274409250e+00,1.337557256497089002e-02,3.633375572564971012e+00
7.153333333333332575e+02,6.250976056518060936e-07,1.200006250976056454e-01,1.022409245207396145e-06,7.200010224092451283e-01,1.655363990023735229e-06,1.320001655363989945e+00,7.116007608719369763e-03,2.427116007608719261e+00,9.453798800360362423e-03,3.029453798800360254e+00,1.243277601719933873e-02,3.632432776017199494e+00
7.160000000000000000e+02,5.389482913184964449e-07,1.200005389482913104e-01,8.837280949028354323e-07,7.200008837280948981e-01,1.434438812400157374e-06,1.320001434438812238e+00,6.575639487516158829e-03,2.426575639487515978e+00,8.757952316729695694e-03,3.028757952316729618e+00,1.154672867391027917e-02,3.631546728673910263e+00
7.166666666666666288e+02,4.642816152092569031e-07,1.200004642816152045e-01,7.632163744374460925e-07,7.200007632163744065e-01,1.241954470495889658e-06,1.320001241954470439e+00,6.071202366579593439e-03,2.426071202366579360e+00,8.106509961494808708e-03,3.028106509961494996e+00,1.071482137310795016e-02,3.630714821373107970e+00
7.173333333333332575e+02,3.996234798516005144e-07,1.200003996234798448e-01,6.585849773831528789e-07,7.200006585849773044e-01,1.074396155980653626e-06,1.320001074396155882e+00,5.600754632131273864e-03,2.425600754632131206e+00,7.497222302043622319e-03,3.027497222302043767e+00,9.934500434276991726e-03,3.629934500434277123e+00
7.180000000000000000e+02,3.436810853125397880e-07,1.200003436810853086e-01,5.678205212105587280e-07,7.200005678205211312e-01,9.286634217623016748e-07,1.320000928663421558e+00,5.162422057013397320e-03,2.425162422057013156e+00,6.927905888633096622e-03,3.026927905888633141e+00,9.203271926054934840e-03,3.629203271926054963e+00
7.186666666666666288e+02,2.953217194542872901e-07,1.200002953217194496e-01,4.891538445954671038e-07,7.200004891538445140e-01,8.020239866969773395e-07,1.320000802023986619e+00,4.754398627953911917e-03,2.424754398627953833e+00,6.396445350503500091e-03,3.026396445350503672e+00,8.518705383265731332e-03,3.628518705383265708e+00
7.193333333333332575e+02,2.535538847633727186e-07,1.200002535538847587e-01,4.210318805579362572e-07,7.200004210318805553e-01,6.920723491144996641e-07,1.320000692072349047e+00,4.374947033392473372e-03,2.424374947033392402e+00,5.900795058852592416e-03,3.025900795058852566e+00,7.878436995367874007e-03,3.627878436995367828e+00
7.200000000000000000e+02,2.175105230237593650e-07,1.200002175105230190e-01,3.620925720257115737e-07,7.200003620925720105e-01,5.966927511026211169e-07,1.320000596692751049e+00,4.022398836063885603e-03,2.424022398836063630e+00,5.438980381496257704e-03,3.025438980381496279e+00,7.280172289750033547e-03,3.627280172289750304e+00
7.206666666666666288e+02,1.864341211560068219e-07,1.200001864341211505e-01,3.111425258536241008e-07,7.200003111425258284e-01,5.140260739816773045e-07,1.320000514026073768e+00,3.695154354409721596e-03,2.423695154354409631e+00,5.009098554451443114e-03,3.025009098554451548e+00,6.721688334427407610e-03,3.626721688334427540e+00
7.213333333333332575e+02,1.596635018448698461e-07,1.200001596635018458e-01,2.671371285899819591e-07,7.200002671371286134e-01,4.424402812642720000e-07,1.320000442440281141e+00,3.391682276620081472e-03,2.423391682276620163e+00,4.609319195895641465e-03,3.024609319195895818e+00,6.200835485573910968e-03,3.626200835485573926e+00
7.220000000000000000e+02,1.366221212312662324e-07,1.200001366221212229e-01,2.291628724714607463e-07,7.200002291628724294e-01,3.805040587388833594e-07,1.320000380504058546e+00,3.110519030707845946e-03,2.423110519030707621e+00,4.237884487995879738e-03,3.024237884487996020e+00,5.715538705979118957e-03,3.625715538705979402e+00
7.226666666666666288e+02,1.168077130537367634e-07,1.200001168077130531e-01,1.964216633607929215e-07,7.200001964216633521e-01,3.269633322529609643e-07,1.320000326963332027e+00,2.850267933496699289e-03,2.422850267933496671e+00,3.893109051967385756e-03,3.023893109051967620e+00,5.263798480948974311e-03,3.625263798480949262e+00
7.233333333333332575e+02,9.978313429000168498e-08,1.200000997831342925e-01,1.682169037294164625e-07,7.200001682169037132e-01,2.807203724165912526e-07,1.320000280720372343e+00,2.609598140779992130e-03,2.422609598140780029e+00,3.573379541439014508e-03,3.023573379541439010e+00,4.843691358398809557e-03,3.624843691358398790e+00
7.240000000000000000e+02,8.516828166793865565e-08,1.200000851682816588e-01,1.439411634400840814e-07,7.200001439411634063e-01,2.408152219191621805e-07,1.320000240815221826e+00,2.387243420192315235e-03,2.422387243420192071e+00,3.277153978781480875e-03,3.023277153978781495e+00,4.453370139927873873e-03,3.624453370139927966e+00
7.246666666666666288e+02,7.263296148058839235e-08,1.200000726329614742e-01,1.230652691101869628e-07,7.200001230652690598e-01,2.064092055655789947e-07,1.320000206409205346e+00,2.182000767538744279e-03,2.422182000767538756e+00,3.002960858505451022e-03,3.023002960858505617e+00,4.091063749525049482e-03,3.624091063749525166e+00
7.253333333333332575e+02,6.189060704189685544e-08,1.200000618906070377e-01,1.051286593412517686e-07,7.200001051286593068e-01,1.767703056139630524e-07,1.320000176770305345e+00,1.992728886464460464e-03,2.421992728886464441e+00,2.749398041178920202e-03,3.022749398041178814e+00,3.755076806257947545e-03,3.623755076806257858e+00
7.260000000000000000e+02,5.269274894452724663e-08,1.200000526927489375e-01,8.973086818586394550e-08,7.200000897308681536e-01,1.512602056489019304e-07,1.320000151260205534e+00,1.818346550431074833e-03,2.421818346550431045e+00,2.515131460559760779e-03,3.022515131460559612e+00,3.443788926855115371e-03,3.623443788926855369e+00
7.266666666666666288e+02,4.482415310980662889e-08,1.200000448241531070e-01,7.652401298847705481e-08,7.200000765240129885e-01,1.293228251666371357e-07,1.320000129322824955e+00,1.657830865003767943e-03,2.421657830865003636e+00,2.298893665799748871e-03,3.022298893665799735e+00,3.155653783514202754e-03,3.623155653783514119e+00
7.273333333333332575e+02,3.809855053042366310e-08,1.200000380985505322e-01,6.520617527628419549e-08,7.200000652061752104e-01,1.104741843925018655e-07,1.320000110474184307e+00,1.510215447459443061e-03,2.421510215447459480e+00,2.099482219667913804e-03,3.022099482219668065e+00,2.889197941577848708e-03,3.622889197941578043e+00
7.280000000000000000e+02,3.235489067198225853e-08,1.200000323548906650e-01,5.551557478084120899e-08,7.200000555155747772e-01,9.429345470378923536e-08,1.320000094293454440e+00,1.374588539709770303e-03,2.421374588539709549e+00,1.915757972775596757e-03,3.021915757972775562e+00,2.643019500927206323e-03,3.622643019500927153e+00
7.286666666666666288e+02,2.745405778880861764e-08,1.200000274540577866e-01,4.722544702640341448e-08,7.200000472254469708e-01,8.041506449636571727e-08,1.320000080415064447e+00,1.250091069501366951e-03,2.421250091069501398e+00,1.746643232771827184e-03,3.021746643232771756e+00,2.415786564060753028e-03,3.622415786564060713e+00
7.293333333333332575e+02,2.327599598733990956e-08,1.200000232759959873e-01,4.013954430883921837e-08,7.200000401395443284e-01,6.852174351067152230e-08,1.320000068521743453e+00,1.135914673819815503e-03,2.421135914673819833e+00,1.591119846430484727e-03,3.021591119846430473e+00,2.206235552871367144e-03,3.622206235552871689e+00
7.300000000000000000e+02,1.971719479753600401e-08,1.200000197171947891e-01,3.408818838655273761e-08,7.200000340881883565e-01,5.833840061715517135e-08,1.320000058338400395e+00,1.031299697391929423e-03,2.421031299697391947e+00,1.448227211479936709e-03,3.021448227211479765e+00,2.013169395120118898e-03,3.622013169395120080e+00
7.306666666666666288e+02,1.668849234549423890e-08,1.200000166884923475e-01,2.892481088463765150e-08,7.200000289248108531e-01,4.962674094300020006e-08,1.320000049626740779e+00,9.355331781572795132e-04,2.420935533178157240e+00,1.317060233938940157e-03,3.021317060233938978e+00,1.835455600539886208e-03,3.621835455600539877e+00
7.313333333333332575e+02,1.411315801153448882e-08,1.200000141131580128e-01,2.452292434380454840e-08,7.200000245229243312e-01,4.218053808725477364e-08,1.320000042180538014e+00,8.479468305738957143e-04,2.420847946830573694e+00,1.196767245631591295e-03,3.021196767245631687e+00,1.672024245401526393e-03,3.621672024245401467e+00
7.320000000000000000e+02,1.192522075624506404e-08,1.200000119252207509e-01,2.077347309026114644e-08,7.200000207734730262e-01,3.582148610112321669e-08,1.320000035821485840e+00,7.679150366396463772e-04,2.420767915036639462e+00,1.086547895466497167e-03,3.021086547895466712e+00,1.521865883250103114e-03,3.621521865883250424e+00
7.326666666666666288e+02,1.006801314753439259e-08,1.200000100680131410e-01,1.758251872114571409e-08,7.200000175825187476e-01,3.039556398046668866e-08,1.320000030395563906e+00,6.948528535536530309e-04,2.420694852853553680e+00,9.856510269871338135e-04,3.020985651026987018e+00,1.384029398376513363e-03,3.621384029398376558e+00
7.333333333333332575e+02,8.492904566445385079e-09,1.200000084929045557e-01,1.486922004786669343e-08,7.200000148692200508e-01,2.576985270026918724e-08,1.320000025769852536e+00,6.282140460173674199e-04,2.420628214046017135e+00,8.933725536403543978e-04,3.020893372553640432e+00,1.257619817443367304e-03,3.621257619817443540e+00
7.340000000000000000e+02,7.158200146834375246e-09,1.200000071582001393e-01,1.256407186818676496e-08,7.200000125640718673e-01,2.182975138298629217e-08,1.320000021829751180e+00,5.674891502857647499e-04,2.420567489150285745e+00,8.090533421739131261e-04,3.020809053342174089e+00,1.141796093541064911e-03,3.621141796093541032e+00
7.346666666666666288e+02,6.028184749367801187e-09,1.200000060281847386e-01,1.060737099472373525e-08,7.200000106073709549e-01,1.847654509679719260e-08,1.320000018476545023e+00,5.122035762276972055e-04,2.420512203576227428e+00,7.320771135654558989e-04,3.020732077113565506e+00,1.035768875816988005e-03,3.621035768875817240e+00
7.353333333333332575e+02,5.072293716164357393e-09,1.200000050722937056e-01,8.947881596790675308e-09,7.200000089478815202e-01,1.562528208419889969e-08,1.320000015625282019e+00,4.619157528444484281e-04,2.420461915752844195e+00,6.618683699111549022e-04,3.020661868369911129e+00,9.387982767068131897e-04,3.620938798276706727e+00
7.360000000000000000e+02,4.264394328519536593e-09,1.200000042643943193e-01,7.541675154700502284e-09,7.200000075416751466e-01,1.320292298012846588e-08,1.320000013202922817e+00,4.162153219285377541e-04,2.420416215321928632e+00,5.978903547653593520e-04,3.020597890354765447e+00,8.501916477081799834e-04,3.620850191647708272e+00
7.366666666666666288e+02,3.582163823656233043e-09,1.200000035821638250e-01,6.351123218083933881e-09,7.200000063511231563e-01,1.114672884191307957e-08,1.320000011146728713e+00,3.747213838215447570e-04,2.420374721383821370e+00,5.396430535256095326e-04,3.020539643053525847e+00,7.693013735772587670e-04,3.620769301373577331e+00
7.373333333333332575e+02,3.006551542130649297e-09,1.200000030065515311e-01,5.344023736673163154e-09,7.200000053440237524e-01,9.402858627135963883e-09,1.320000009402858554e+00,3.370807985519010553e-04,2.420337080798551810e+00,4.866612396039724539e-04,3.020486661239603965e+00,6.955226938049424929e-04,3.620695522693805124e+00
7.380000000000000000e+02,2.521314297928905573e-09,1.200000025213142918e-01,4.492844024690226245e-09,7.200000044928439591e-01,7.925150162566630977e-09,1.320000007925149932e+00,3.029665450015399907e-04,2.420302966545001322e+00,4.385125713175665576e-04,3.020438512571317791e+00,6.282915592449539541e-04,3.620628291559245149e+00
7.386666666666666288e+02,2.112615408876653692e-09,1.200000021126153976e-01,3.774065457066388672e-09,7.200000037740654779e-01,6.674061686800066575e-09,1.320000006674061588e+00,2.720761401634090386e-04,2.420272076140163264e+00,3.947957436691275032e-04,3.020394795743669203e+00,5.670825308235219681e-04,3.620567082530823821e+00
7.393333333333332575e+02,1.768679014330093505e-09,1.200000017686790044e-01,3.167616803316220098e-09,7.200000031676168089e-01,5.615753757181968088e-09,1.320000005615753702e+00,2.441301200105877123e-04,2.420244130120010606e+00,3.551386984743243455e-04,3.020355138698474384e+00,5.114067263634965339e-04,3.620511406726363735e+00
7.400000000000000000e+02,1.479492357011357769e-09,1.200000014794923575e-01,2.656384706746525744e-09,7.200000026563846411e-01,4.721293720860915898e-09,1.320000004721293640e+00,2.188705830012220024e-04,2.420218870583001003e+00,3.191968956266225056e-04,3.020319196895626668e+00,4.608098207065954152e-04,3.620460809820706505e+00
7.406666666666666288e+02,1.236549631464008190e-09,1.200000012365496221e-01,2.225791234352188793e-09,7.200000022257911914e-01,3.965967090476543888e-09,1.320000003965966950e+00,1.960597967903645374e-04,2.420196059796790422e+00,2.866516476721630972e-04,3.020286651647672294e+00,4.148701035167103035e-04,3.620414870103517035e+00
7.413333333333332575e+02,1.032631816624208941e-09,1.200000010326318090e-01,1.863429675812063003e-09,7.200000018634296062e-01,3.328682064501790486e-09,1.320000003328681837e+00,1.754788683094286341e-04,2.420175478868309416e+00,2.572085192968692128e-04,3.020257208519296910e+00,3.731965983967476357e-04,3.620373196598396959e+00
7.420000000000000000e+02,8.616176267420758049e-10,1.200000008616176200e-01,1.558750876136966255e-09,7.200000015587508795e-01,2.791455115564145914e-09,1.320000002791454907e+00,1.569264770047427201e-04,2.420156926477004866e+00,2.305957928048588958e-04,3.020230595792805062e+00,3.354272462517050206e-04,3.620335427246252014e+00
7.426666666666666288e+02,7.183213444118562331e-10,1.200000007183213424e-01,1.302793361721008699e-09,7.200000013027932910e-01,2.338967059827723893e-09,1.320000002338966860e+00,1.402176706967769144e-04,2.420140217670696536e+00,2.065630001898483481e-04,3.020206563000189970e+00,3.012271551809171557e-04,3.620301227155180879e+00
7.433333333333332575e+02,5.983538517112162371e-10,1.200000005983538481e-01,1.087951378229077340e-09,7.200000010879513690e-01,1.958180337294032294e-09,1.320000001958180125e+00,1.251827232296191729e-04,2.420125182723229518e+00,1.848795219688623278e-04,3.020184879521969012e+00,2.702869185831506863e-04,3.620270286918583214e+00
7.440000000000000000e+02,4.980036593015756386e-10,1.200000004980036616e-01,9.077757138889727544e-10,7.200000009077757168e-01,1.638009395262574946e-09,1.320000001638009346e+00,1.116660528242442713e-04,2.420111666052824351e+00,1.653332525585682268e-04,3.020165333252558426e+00,2.423210026084957893e-04,3.620242321002608676e+00
7.446666666666666288e+02,4.141351567535970029e-10,1.200000004141351523e-01,7.568028450053485184e-10,7.200000007568028160e-01,1.369037091978009208e-09,1.320000001369036946e+00,9.952519982689128750e-05,2.420099525199826740e+00,1.477293316269613871e-04,3.020147729331626785e+00,2.170662035893321858e-04,3.620217066203589518e+00
7.453333333333332575e+02,3.441016774380057164e-10,1.200000003441016733e-01,6.304085223386028785e-10,7.200000006304084765e-01,1.143270939833945738e-09,1.320000001143270874e+00,8.862986235368860142e-05,2.420088629862353624e+00,1.318889405454916504e-04,3.020131888940545295e+00,1.942801756282960216e-04,3.620194280175628609e+00
7.460000000000000000e+02,2.856712943898775112e-10,1.200000002856712877e-01,5.246824267641600829e-10,7.200000005246823820e-01,9.539338010358698073e-10,1.320000000953933661e+00,7.886098817242393410e-05,2.420078860988172487e+00,1.176481627969716592e-04,3.020117648162797153e+00,1.737400281123937336e-04,3.620173740028112430e+00
7.466666666666666288e+02,2.369635452471160199e-10,1.200000002369635416e-01,4.363209687225397207e-10,7.200000004363209527e-01,7.952843455988409071e-10,1.320000000795284123e+00,7.010992102982082676e-05,2.420070109921029555e+00,1.048569069604747539e-04,3.020104856906960400e+00,1.552409925571458869e-04,3.620155240992557033e+00
7.473333333333332575e+02,1.963955296887860186e-10,1.200000001963955204e-01,3.625356958721845877e-10,7.200000003625356415e-01,6.624631929659895199e-10,1.320000000662463036e+00,6.227759952597686417e-05,2.420062277599525746e+00,9.337789069406477892e-05,3.020093377890693986e+00,1.385951578613641008e-04,3.620138595157861516e+00
7.480000000000000000e+02,1.626360361981693972e-10,1.200000001626360252e-01,3.009751137321924065e-10,7.200000003009751071e-01,5.513611942267444238e-10,1.320000000551361019e+00,5.527380655466132683e-05,2.420055273806554386e+00,8.308568396737523105e-05,3.020083085683967550e+00,1.236302727696990335e-04,3.620123630272769955e+00
7.486666666666666288e+02,1.345665403844420899e-10,1.200000001345665340e-01,2.496580208853544298e-10,7.200000002496580453e-01,4.585067806914824385e-10,1.320000000458506628e+00,4.901646726680526525e-05,2.420049016467266778e+00,7.386580965641837879e-05,3.020073865809656422e+00,1.101886140940582204e-04,3.620110188614094060e+00
7.493333333333332575e+02,1.112480779990985467e-10,1.200000001112480758e-01,2.069167187792567148e-10,7.200000002069166793e-01,3.809697143063635106e-10,1.320000000380969540e+00,4.343099347296714368e-05,2.420043430993473077e+00,6.561389950058276615e-05,3.020065613899500789e+00,9.812591903444095641e-05,3.620098125919034349e+00
7.500000000000000000e+02,9.189313525498213230e-11,1.200000000918931276e-01,1.713486809944999108e-10,7.200000001713486864e-01,3.162789330745073018e-10,1.320000000316278843e+00,3.844967237684361882e-05,2.420038449672376579e+00,5.823490333437533132e-05,3.020058234903334249e+00,8.731037976232651444e-05,3.620087310379762613e+00
7.506666666666666288e+02,7.584181981077553031e-11,1.200000000758418145e-01,1.417754621907514728e-10,7.200000001417754536e-01,2.623524965235927880e-10,1.320000000262352424e+00,3.401109752414331231e-05,2.420034011097524029e+00,5.164234944181268945e-05,3.020051642349441678e+00,7.762169828301593083e-05,3.620077621698283288e+00
7.513333333333332575e+02,6.254168021368999933e-11,1.200000000625416757e-01,1.172077964633359620e-10,7.200000001172077724e-01,2.174379078697274110e-10,1.320000000217437686e+00,3.005963985767482458e-05,2.420030059639857622e+00,4.575765383759038872e-05,3.020045757653837537e+00,6.895019947518866814e-05,3.620068950199475388e+00
7.520000000000000000e+02,5.153063180095409947e-11,1.200000000515306225e-01,9.681598178649903778e-11,7.200000000968159730e-01,1.800613257908303985e-10,1.320000000180061139e+00,2.654495678865074440e-05,2.420026544956788594e+00,4.050947625417452636e-05,3.020040509476254353e+00,6.119600011408933581e-05,3.620061196000114112e+00
7.526666666666666288e+02,4.242252489421977908e-11,1.200000000424225194e-01,7.990477444349565747e-11,7.200000000799047228e-01,1.489843839970608815e-10,1.320000000148984221e+00,2.342153722432391689e-05,2.420023421537224273e+00,3.583312060579384617e-05,3.020035833120605862e+00,5.426823161682012043e-05,3.620054268231617023e+00
7.533333333333332575e+02,3.489495820140955570e-11,1.200000000348949575e-01,6.589212736799481657e-11,7.200000000658921540e-01,1.231675149275734030e-10,1.320000000123167316e+00,2.064828053176069990e-05,2.420020648280531539e+00,3.166997770719311731e-05,3.020031669977707001e+00,4.808431420221362699e-05,3.620048084314202441e+00
7.540000000000000000e+02,2.867899808789571887e-11,1.200000000286789992e-01,5.429120136171949927e-11,7.200000000542912115e-01,1.017388283180159303e-10,1.320000000101738680e+00,1.818810746539729811e-05,2.420018188107465384e+00,2.796700804518560644e-05,3.020027967008044989e+00,4.256928013150543391e-05,3.620042569280131683e+00
7.546666666666666288e+02,2.355051403552647822e-11,1.200000000235505043e-01,4.469516015641012392e-11,7.200000000446951098e-01,8.396772907621577170e-11,1.320000000083967562e+00,1.600760114070371430e-05,2.420016007601140551e+00,2.467626243276984331e-05,3.020024676262432983e+00,3.765514368744438004e-05,3.620037655143687694e+00
7.553333333333332575e+02,1.932288325966728851e-11,1.200000000193228722e-01,3.676433096219935506e-11,7.200000000367643427e-01,6.924257452229964673e-11,1.320000000069242452e+00,1.407667619664268105e-05,2.420014076676196613e+00,2.175443841739073837e-05,3.020021754438417361e+00,3.328031555671141680e-05,3.620033280315556823e+00
7.560000000000000000e+02,1.584085404823633523e-11,1.200000000158408520e-01,3.021537298546156205e-11,7.200000000302153591e-01,5.705177092248489907e-11,1.320000000057051537e+00,1.236827435455561185e-05,2.420012368274354397e+00,1.916247036532929749e-05,3.020019162470365170e+00,2.938905930172047186e-05,3.620029389059301828e+00
7.566666666666666288e+02,1.297538874803633522e-11,1.200000000129753802e-01,2.481214871600111335e-11,7.200000000248121257e-01,4.696779541860046877e-11,1.320000000046967603e+00,1.085808464959667708e-05,2.420010858084649552e+00,1.686515120181284185e-05,3.020016865151201824e+00,2.593098764121576973e-05,3.620025930987641249e+00
7.573333333333332575e+02,1.061933417096680520e-11,1.200000000106193343e-01,2.035803772000660979e-11,7.200000000203580219e-01,3.863370372298915441e-11,1.320000000038633603e+00,9.524286681997765728e-06,2.420009524286681923e+00,1.483078385003425319e-05,3.020014830783849913e+00,2.286059630302077683e-05,3.620022860596303182e+00
7.580000000000000000e+02,8.683790150223244843e-12,1.200000000086837854e-01,1.668947122939185434e-11,7.200000000166894010e-01,3.175174788302740845e-11,1.320000000031751552e+00,8.347315308445941404e-06,2.420008347315308228e+00,1.303086048069251872e-05,3.020013030860480896e+00,2.013683326526129349e-05,3.620020136833265401e+00
7.586666666666666288e+02,7.095066586264486229e-12,1.200000000070950562e-01,1.367049885953828276e-11,7.200000000136704825e-01,2.607378339647574524e-11,1.320000000026073650e+00,7.309645267931454452e-06,2.420007309645267668e+00,1.143976775582506956e-05,3.020011439767755768e+00,1.772270126292196940e-05,3.620017722701263096e+00
7.593333333333332575e+02,5.792136054033933400e-12,1.200000000057921262e-01,1.118822707298288514e-11,7.200000000111882459e-01,2.139319218034592783e-11,1.320000000021392950e+00,6.395594310949419876e-06,2.420006395594310966e+00,1.003451632567621864e-05,3.020010034516325881e+00,1.558489150342582533e-05,3.620015584891503657e+00
7.600000000000000000e+02,4.724503303390636151e-12,1.200000000047244941e-01,9.148993193985205456e-12,7.200000000091489882e-01,1.753808841054737346e-11,1.320000000017538033e+00,5.591143475319494875e-06,2.420005591143475243e+00,8.794492914255545347e-06,3.020008794492914372e+00,1.369344660682942728e-05,3.620013693446606950e+00
7.606666666666666288e+02,3.850425125684410163e-12,1.200000000038504155e-01,7.475159439100084672e-12,7.200000000074751050e-01,1.436560897104023030e-11,1.320000000014365460e+00,4.883773225607544025e-06,2.420004883773225757e+00,7.701233407284925590e-06,3.020007701233407449e+00,1.202145086205346373e-05,3.620012021450861983e+00
7.613333333333332575e+02,3.135424384700693268e-12,1.200000000031354180e-01,6.102429056928608735e-12,7.200000000061024252e-01,1.175711997499896348e-11,1.320000000011756880e+00,4.262314245764385979e-06,2.420004262314245480e+00,6.738215434750282305e-06,3.020006738215434972e+00,1.054474596935466986e-05,3.620010544745969394e+00
7.620000000000000000e+02,2.551050781828852315e-12,1.200000000025510521e-01,4.977601694643706132e-12,7.200000000049775473e-01,9.614196237747164453e-12,1.320000000009613927e+00,3.716811745760648158e-06,2.420003716811745864e+00,5.890669018640182675e-06,3.020005890669018811e+00,9.241670520065149290e-06,3.620009241670520073e+00
7.626666666666666288e+02,2.073848369003004339e-12,1.200000000020738505e-01,4.056697900274646047e-12,7.200000000040566173e-01,7.855252291935682308e-12,1.320000000007855112e+00,3.238402212362167324e-06,2.420003238402212098e+00,5.145403934122234458e-06,3.020005145403934055e+00,8.092821546638396727e-06,3.620008092821546786e+00
7.633333333333332575e+02,1.684496132982610300e-12,1.200000000016844953e-01,3.303393548166801915e-12,7.200000000033033309e-01,6.412722059823284071e-12,1.320000000006412488e+00,2.819201601508443203e-06,2.420002819201601429e+00,4.490652508930335394e-06,3.020004490652508977e+00,7.080836558551143888e-06,3.620007080836558533e+00
7.640000000000000000e+02,1.367093317798374428e-12,1.200000000013670826e-01,2.687714216569683855e-12,7.200000000026877123e-01,5.230700085896776113e-12,1.320000000005230545e+00,2.452204034805641435e-06,2.420002452204034871e+00,3.915926660712111399e-06,3.020003915926660731e+00,6.190194561960869628e-06,3.620006190194561935e+00
7.646666666666666288e+02,1.108565671964262418e-12,1.200000000011085671e-01,2.184947388771022385e-12,7.200000000021848923e-01,4.262970674864882738e-12,1.320000000004262874e+00,2.131190125252086843e-06,2.420002131190125194e+00,3.411888045167283544e-06,3.020003411888044997e+00,5.407034642636924044e-06,3.620005407034642797e+00
7.653333333333332575e+02,8.981726261926468185e-13,1.200000000008981660e-01,1.774736997249535862e-12,7.200000000017746649e-01,3.471362711632910966e-12,1.320000000003471285e+00,1.850644117355868782e-06,2.420001850644117436e+00,2.970230258732109871e-06,3.020002970230258654e+00,4.718990772096284810e-06,3.620004718990772030e+00
7.660000000000000000e+02,7.270986310255286264e-13,1.200000000007270945e-01,1.440330459823287408e-12,7.200000000014402657e-01,2.824377651310514991e-12,1.320000000002824248e+00,1.605679084186954017e-06,2.420001605679084289e+00,2.583572108098801063e-06,3.020002583572108268e+00,4.115041575663575064e-06,3.620004115041575599e+00
7.666666666666666288e+02,5.881146019650391712e-13,1.200000000005881085e-01,1.167953118676633835e-12,7.200000000011679280e-01,2.296046408539040431e-12,1.320000000002295781e+00,1.391969478566267150e-06,2.420001391969478277e+00,2.245361024819162803e-06,3.020002245361024684e+00,3.585373877972399764e-06,3.620003585373877897e+00
7.673333333333332575e+02,4.752977092022901960e-13,1.200000000004752959e-01,9.462890168815387837e-13,7.200000000009462164e-01,1.864977861516461627e-12,1.320000000001864793e+00,1.205690387507048235e-06,2.420001205690387458e+00,1.949785766499933442e-06,3.020001949785766637e+00,3.121258915955776963e-06,3.620003121258915879e+00
7.680000000000000000e+02,3.837996754695229977e-13,1.200000000003837997e-01,7.660503434018962549e-13,7.200000000007660272e-01,1.513567601848200389e-12,1.320000000001513518e+00,1.043462888182027905e-06,2.420001043462888024e+00,1.691697606554112264e-06,3.020001691697606461e+00,2.714940181391960690e-06,3.620002714940181665e+00
7.686666666666666288e+02,3.096553647538024290e-13,1.200000000003096506e-01,6.196207413560233530e-13,7.200000000006195888e-01,1.227340565389005050e-12,1.320000000001227081e+00,9.023049501090019000e-07,2.420000902304950241e+00,1.466539272060888760e-06,3.020001466539272261e+00,2.359531924386239186e-06,3.620002359531924618e+00
7.693333333333332575e+02,2.496248041784000168e-13,1.200000000002496153e-01,5.007600864809842974e-13,7.200000000005006839e-01,9.944054075704304459e-13,1.320000000000994156e+00,7.795873719666175357e-07,2.420000779587371920e+00,1.270280943980640056e-06,3.020001270280944006e+00,2.048927415643997890e-06,3.620002048927415839e+00
7.700000000000000000e+02,2.010629217216750749e-13,1.200000000002010569e-01,4.043603723696760371e-13,7.200000000004043166e-01,8.050020557782638833e-13,1.320000000000804752e+00,6.729942825236170951e-07,2.420000672994282453e+00,1.099362685763208096e-06,3.020001099362685792e+00,1.777716128921270511e-06,3.620001777716129077e+00
7.706666666666666288e+02,1.618122379465912719e-13,1.200000000001618106e-01,3.262440450084704262e-13,7.200000000003262679e-01,6.511268807470076358e-13,1.320000000000650875e+00,5.804877736525061136e-07,2.420000580487773778e+00,9.506427152934127387e-07,3.020000950642715232e+00,1.541109065555510157e-06,3.620001541109065801e+00
7.713333333333332575e+02,1.301145496927027197e-13,1.200000000001301137e-01,2.629975615451000015e-13,7.200000000002629852e-01,5.262224637596783988e-13,1.320000000000526086e+00,5.002762693830713871e-07,2.420000500276269229e+00,8.213509811791149018e-07,3.020000821350981024e+00,1.334871500454232088e-06,3.620001334871500553e+00
7.720000000000000000e+02,1.045383124208619406e-13,1.200000000001045369e-01,2.118341496710505456e-13,7.200000000002118039e-01,4.249210692698290765e-13,1.320000000000424834e+00,4.307862685179793048e-07,2.420000430786268364e+00,7.090475476588109059e-07,3.020000709047547804e+00,1.155262483344388287e-06,3.620001155262483561e+00
7.726666666666666288e+02,8.391898649015271869e-14,1.200000000000839145e-01,1.704807506937300864e-13,7.200000000001705036e-01,3.428327252631384234e-13,1.320000000000342677e+00,3.706371295743916798e-07,2.420000370637129361e+00,6.115853329553189562e-07,3.020000611585333061e+00,9.989804804778235775e-07,3.620000998980480666e+00
7.733333333333332575e+02,6.731007874840631718e-14,1.200000000000673028e-01,1.370849719976689309e-13,7.200000000001370859e-01,2.763703189118000366e-13,1.320000000000276286e+00,3.186185958330189616e-07,2.420000318618595880e+00,5.270767838143073619e-07,3.020000527076784014e+00,8.631145903916122678e-07,3.620000863114590572e+00
7.740000000000000000e+02,5.394299934451790860e-14,1.200000000000539385e-01,1.101385791576938330e-13,7.200000000001101075e-01,2.226053776204259911e-13,1.320000000000222551e+00,2.736707851713319253e-07,2.420000273670785074e+00,4.538641043314424838e-07,3.020000453864104539e+00,7.451008127940047166e-07,3.620000745100812711e+00
7.746666666666666288e+02,4.319417720067299522e-14,1.200000000000431832e-01,8.841464648069661636e-14,7.200000000000883471e-01,1.791492634408689262e-13,1.320000000000179030e+00,2.348663942353893510e-07,2.420000234866394262e+00,3.904926900873055538e-07,3.020000390492690201e+00,6.426828922581317988e-07,3.620000642682892344e+00
7.753333333333332575e+02,3.455814671286362887e-14,1.200000000000345513e-01,7.091597582421380251e-14,7.200000000000709166e-01,1.440553943026351674e-13,1.320000000000143947e+00,2.013948894720501435e-07,2.420000201394889583e+00,3.356874491812164202e-07,3.020000335687449411e+00,5.538772982455434425e-07,3.620000553877298355e+00
7.760000000000000000e+02,2.762554189650435783e-14,1.200000000000276262e-01,5.683280288083136742e-14,7.200000000000568168e-01,1.157388458945257254e-13,1.320000000000115525e+00,1.725484787063726223e-07,2.420000172548478545e+00,2.883317200912247411e-07,3.020000288331720295e+00,4.769419401449056627e-07,3.620000476941940271e+00
7.766666666666666288e+02,2.206511985682886665e-14,1.200000000000220612e-01,4.550815097928047834e-14,7.200000000000454925e-01,9.291030647124052666e-14,1.320000000000092655e+00,1.477096764125991783e-07,2.420000147709676419e+00,2.474485224979995161e-07,3.020000247448522579e+00,4.103482506002194278e-07,3.620000410348250597e+00
7.773333333333332575e+02,1.760908943586629948e-14,1.200000000000176065e-01,3.640947600105275624e-14,7.200000000000363887e-01,7.452187290002128785e-14,1.320000000000074447e+00,1.263402936959015262e-07,2.420000126340293711e+00,2.121839014080528292e-07,3.020000212183901578e+00,3.527563025294138787e-07,3.620000352756302497e+00
7.780000000000000000e+02,1.404114844849121918e-14,1.200000000000140399e-01,2.910548164095995012e-14,7.200000000000290612e-01,5.972260641714483256e-14,1.320000000000059570e+00,1.079717003772190748e-07,2.420000107971700398e+00,1.817921472084997223e-07,3.020000181792147131e+00,3.029926550111175039e-07,3.620000302992655072e+00
7.786666666666666288e+02,1.118673849248875626e-14,1.200000000000111811e-01,2.324717984915898281e-14,7.200000000000231770e-01,4.782212475788796147e-14,1.320000000000047580e+00,9.219622155349399187e-08,2.420000092196221697e+00,1.556226947918455661e-07,3.020000155622694749e+00,2.600306507606096547e-07,3.620000260030650896e+00
7.793333333333332575e+02,8.905113603569402525e-15,1.200000000000089051e-01,1.855243351278770759e-14,7.200000000000185141e-01,3.826080528924187730e-14,1.320000000000038032e+00,7.865954468618259940e-08,2.420000078659544585e+00,1.331085237153248242e-07,3.020000133108523777e+00,2.229729133440555150e-07,3.620000222972913573e+00
7.800000000000000000e+02,7.082891120272929306e-15,1.200000000000070732e-01,1.479335282966039218e-14,7.200000000000147393e-01,3.058542138541554241e-14,1.320000000000030482e+00,6.705402574374546921e-08,2.420000067054025816e+00,1.137558986117129573e-07,3.020000113755898496e+00,1.910358157106268489e-07,3.620000191035815718e+00
7.806666666666666288e+02,5.628812609753654885e-15,1.200000000000056299e-01,1.178602805458636936e-14,7.200000000000117417e-01,2.442923984148910213e-14,1.320000000000024265e+00,5.711279427655966903e-08,2.420000057112794423e+00,9.713530485100261371e-08,3.020000097135304706e+00,1.635357131710919804e-07,3.620000163535713078e+00
7.813333333333332575e+02,4.469491739066125615e-15,1.200000000000044642e-01,9.382173260903477829e-15,7.200000000000094103e-01,1.949577758970911886e-14,1.320000000000019380e+00,4.860456761946822373e-08,2.420000048604567411e+00,8.287344886579953217e-08,3.020000082873449010e+00,1.398767537347481221e-07,3.620000139876753842e+00
7.820000000000000000e+02,3.545966353746369640e-15,1.200000000000035483e-01,7.462331716001837177e-15,7.200000000000074118e-01,1.554555721082956674e-14,1.320000000000015383e+00,4.132909377746546184e-08,2.420000041329093854e+00,7.064620569430327048e-08,3.020000070646205792e+00,1.195400968462068531e-07,3.620000119540097039e+00
7.826666666666666288e+02,2.810905241064724206e-15,1.200000000000028128e-01,5.930356142419028845e-15,7.200000000000058575e-01,1.238531761668398088e-14,1.320000000000012275e+00,3.511315102907197399e-08,2.420000035113150982e+00,6.017240825566108153e-08,3.020000060172408407e+00,1.020743881485112223e-07,3.620000102074388160e+00
7.833333333333332575e+02,2.226347352197170953e-15,1.200000000000022160e-01,4.708928796516096785e-15,7.200000000000046363e-01,9.859232918237554711e-15,1.320000000000009610e+00,2.980703995101350684e-08,2.420000029807039876e+00,5.120838374193974044e-08,3.020000051208383773e+00,8.708735304541646494e-08,3.620000087087352991e+00
7.840000000000000000e+02,1.761873667956096796e-15,1.200000000000017580e-01,3.735928836982782320e-15,7.200000000000037481e-01,7.841772311730744259e-15,1.320000000000007612e+00,2.528151049364278163e-08,2.420000025281510592e+00,4.354315237268683083e-08,3.020000043543152213e+00,7.423838564486105851e-08,3.620000074238385768e+00
7.846666666666666288e+02,1.393130273006378068e-15,1.200000000000013833e-01,2.961489450407477451e-15,7.200000000000029710e-01,6.231899675084403594e-15,1.320000000000006057e+00,2.142507298169869683e-08,2.420000021425072756e+00,3.699421269134368747e-08,3.020000036994212600e+00,6.323202223476249402e-08,3.620000063232022391e+00
7.853333333333332575e+02,1.100636263408451189e-15,1.200000000000010919e-01,2.345615960350591064e-15,7.200000000000023048e-01,4.948365853966067955e-15,1.320000000000004725e+00,1.814164753811419603e-08,2.420000018141647669e+00,3.140384566267494388e-08,3.020000031403845764e+00,5.381219986441125054e-08,3.620000053812200136e+00
7.860000000000000000e+02,8.688224394200673669e-16,1.200000000000008699e-01,1.856259757310887516e-15,7.200000000000018607e-01,3.925891320219195395e-15,1.320000000000003837e+00,1.534851148419487023e-08,2.420000015348511280e+00,2.663587712723078902e-08,3.020000026635877077e+00,4.575721096790819320e-08,3.620000045757211016e+00
7.866666666666666288e+02,6.852568156378857448e-16,1.200000000000006756e-01,1.467762251917434110e-15,7.200000000000014166e-01,3.112073659750230695e-15,1.320000000000002949e+00,1.297450880822950838e-08,2.420000012974508952e+00,2.257284474857541202e-08,3.020000022572844944e+00,3.887527435361540757e-08,3.620000038875274662e+00
7.873333333333332575e+02,5.400212151715345745e-16,1.200000000000005368e-01,1.159598920376761098e-15,7.200000000000010836e-01,2.464884568504011176e-15,1.320000000000002283e+00,1.095848986356319223e-08,2.420000010958489600e+00,1.911352151337031544e-08,3.020000019113521450e+00,3.300065137433638753e-08,3.620000033000651651e+00
7.880000000000000000e+02,4.252099348480130022e-16,1.200000000000004258e-01,9.153664986747138382e-16,7.200000000000008615e-01,1.950645846665678828e-15,1.320000000000001839e+00,9.247953099798628934e-09,2.420000009247952999e+00,1.617075317084816709e-08,3.020000016170753199e+00,2.799024376081879642e-08,3.620000027990244007e+00
7.886666666666666288e+02,3.345269474972402608e-16,1.200000000000003286e-01,7.219670021899153664e-16,7.200000000000007505e-01,1.542394230828490152e-15,1.320000000000001394e+00,7.797863887185816944e-09,2.420000007797863617e+00,1.366957178009894615e-08,3.020000013669571715e+00,2.372061651545213052e-08,3.620000023720616689e+00
7.893333333333332575e+02,2.629625700278986260e-16,1.200000000000002592e-01,5.689509231271524435e-16,7.200000000000005285e-01,1.218561577345071205e-15,1.320000000000000950e+00,6.569628401374641100e-09,2.420000006569628326e+00,1.154555182053979361e-08,3.020000011545551644e+00,2.008539548862643486e-08,3.620000020085395676e+00
7.900000000000000000e+02,2.065341572314332823e-16,1.200000000000002037e-01,4.479890385005851414e-16,7.200000000000004174e-01,9.619105579293604082e-16,1.320000000000000728e+00,5.530203127446556600e-09,2.420000005530202891e+00,9.743379158716411622e-09,3.020000009743379010e+00,1.699299485750146725e-08,3.620000016992995118e+00
7.906666666666666288e+02,1.620783330471382130e-16,1.200000000000001621e-01,3.524480339703067104e-16,7.200000000000003064e-01,7.586771887419449881e-16,1.320000000000000506e+00,4.651322849565124786e-09,2.420000004651322811e+00,8.215606595427913926e-09,3.020000008215606435e+00,1.436463475196838558e-08,3.620000014364634922e+00
7.913333333333332575e+02,1.270846681550429874e-16,1.200000000000001205e-01,2.770498505651074740e-16,7.200000000000001954e-01,5.978806310827704112e-16,1.320000000000000506e+00,3.908832044158245235e-09,2.420000003908831854e+00,6.921572780019711395e-09,3.020000006921572666e+00,1.213261377751639334e-08,3.620000012132613687e+00
7.920000000000000000e+02,9.956265755104562320e-17,1.200000000000000927e-01,2.175984870831172367e-16,7.200000000000001954e-01,4.707681421531572806e-16,1.320000000000000284e+00,3.282106416190809010e-09,2.420000003282106515e+00,5.826464009274050614e-09,3.020000005826464218e+00,1.023880521763419596e-08,3.620000010238805466e+00
7.926666666666666288e+02,7.793542801399901235e-17,1.200000000000000788e-01,1.707611008889491976e-16,7.200000000000001954e-01,3.703691204433732093e-16,1.320000000000000284e+00,2.753552933442271889e-09,2.420000002753552870e+00,4.900500859363256929e-09,3.020000004900500912e+00,8.633349303670012562e-09,3.620000008633349253e+00
7.933333333333332575e+02,6.095488168481116323e-17,1.200000000000000511e-01,1.338927753776345791e-16,7.200000000000000844e-01,2.911371311023163219e-16,1.320000000000000062e+00,2.308178144264766399e-09,2.420000002308178022e+00,4.118233760809580643e-09,3.020000004118233772e+00,7.273517158664781690e-09,3.620000007273517451e+00
7.940000000000000000e+02,4.763401441010714050e-17,1.200000000000000372e-01,1.048963713484230702e-16,7.200000000000000844e-01,2.286628169348011665e-16,1.320000000000000062e+00,1.933215829561617337e-09,2.420000001933215739e+00,3.457933545629602157e-09,3.020000003457933513e+00,6.122724891101545457e-09,3.620000006122725100e+00
7.946666666666666288e+02,3.719298184337261822e-17,1.200000000000000372e-01,8.211054022903467637e-17,7.200000000000000844e-01,1.794438687307601821e-16,1.320000000000000062e+00,1.617806157346623670e-09,2.420000001617806262e+00,2.901064697733822243e-09,3.020000002901064740e+00,5.149678869161389072e-09,3.620000005149679012e+00
7.953333333333332575e+02,2.901615989639072751e-17,1.200000000000000233e-01,6.422032177506891491e-17,7.200000000000000844e-01,1.407008826002261708e-16,1.320000000000000062e+00,1.352719494199279223e-09,2.420000001352719643e+00,2.431830544850378863e-09,3.020000002431830755e+00,4.327635477460915224e-09,3.620000004327635690e+00
7.960000000000000000e+02,2.261798943178251584e-17,1.200000000000000233e-01,5.018583661064859940e-17,7.199999999999999734e-01,1.102300851458005171e-16,1.319999999999999840e+00,1.130118896627410193e-09,2.420000001130119038e+00,2.036780963288132899e-09,3.020000002036780984e+00,3.633760675068395719e-09,3.620000003633760954e+00
7.966666666666666288e+02,1.761583286366429357e-17,1.200000000000000094e-01,3.918546301355329860e-17,7.199999999999999734e-01,8.628565244407034039e-17,1.319999999999999840e+00,9.433560697665948661e-10,2.420000000943355989e+00,1.704474344347335707e-09,3.020000001704474357e+00,3.048576462025372597e-09,3.620000003048576609e+00
7.973333333333332575e+02,1.370842274084151079e-17,1.200000000000000094e-01,3.057059703369737341e-17,7.199999999999999734e-01,6.748576186532665425e-17,1.319999999999999840e+00,7.867962526683079043e-10,2.420000000786796335e+00,1.425186609959954855e-09,3.020000001425186653e+00,2.555482945435991326e-09,3.620000002555483043e+00
7.980000000000000000e+02,1.065876579805383184e-17,1.200000000000000094e-01,2.382966743705658046e-17,7.199999999999999734e-01,5.273765881119005215e-17,1.319999999999999840e+00,6.556680791387903137e-10,2.420000000655667893e+00,1.190660980375307275e-09,3.020000001190660921e+00,2.140346097014648047e-09,3.620000002140346229e+00
7.986666666666666288e+02,8.280593663576585460e-18,1.200000000000000094e-01,1.855953819564630875e-17,7.199999999999999734e-01,4.117794418373397282e-17,1.319999999999999840e+00,5.459349800848323877e-10,2.420000000545934782e+00,9.938930020755195025e-10,3.020000000993892986e+00,1.791142531348047745e-09,3.620000001791142452e+00
7.993333333333332575e+02,6.427634179475227465e-18,1.199999999999999956e-01,1.444280253052944805e-17,7.199999999999999734e-01,3.212503417100401931e-17,1.319999999999999840e+00,4.541851460163542268e-10,2.420000000454185063e+00,8.289460519183958278e-10,3.020000000828946263e+00,1.497653725720630694e-09,3.620000001497653663e+00
8.000000000000000000e+02,4.985123849843295311e-18,1.199999999999999956e-01,1.122977110866385832e-17,7.199999999999999734e-01,2.504134544233064507e-17,1.319999999999999840e+00,3.775374642628992523e-10,2.420000000377537486e+00,6.907931548069398114e-10,3.020000000690793218e+00,1.251203064123204356e-09,3.620000001251203248e+00
