binding_energy_eV,synthetic_observation,total,primary1,cyan,blue,violet,primary3,primary2
2.821000000000000227e+02,7.541378892713940241e-02,7.197241040277863044e-02,3.310886844102113091e-116,2.969331039397550604e-49,4.132145187873468604e-38,4.507825548688641766e-21,5.668339903693918976e-08,3.697235371937958315e-02
2.821076666666667165e+02,8.121461642421527738e-02,7.321009170964447310e-02,4.990565826324145781e-116,3.654879873424306324e-49,5.050795719966989438e-38,5.207675189732920937e-21,6.119596098769213978e-08,3.821003051368348363e-02
2.821153333333333535e+02,6.584447412664251598e-02,7.448275857795488841e-02,7.519988577271084877e-116,4.497831796658813051e-49,6.172227533019253647e-38,6.014818606225816364e-21,6.605581645799979399e-08,3.948269252213843644e-02
2.821230000000000473e+02,8.043472683197915030e-02,7.579115382098891573e-02,1.132782459950292558e-115,5.534124522129449056e-49,7.540878506821338298e-38,6.945492355954082057e-21,7.128871758692447145e-08,4.079108253227132358e-02
2.821306666666666843e+02,7.492763811604530311e-02,7.713602714265911653e-02,1.705838032310653334e-115,6.807854372488525896e-49,9.210853029026174775e-38,8.018357184268318221e-21,7.692224863192684431e-08,4.213595022041047994e-02
2.821383333333333781e+02,7.519989739356421066e-02,7.851813486837516676e-02,2.567976306857416841e-115,8.373117796131696749e-49,1.124800896971966180e-37,9.254854950245177050e-21,8.298595036053407163e-08,4.351805188242480193e-02
2.821460000000000150e+02,8.572142498111412490e-02,7.993823966136417991e-02,3.864614457812020990e-115,1.029626611374683638e-48,1.373249178574710760e-37,1.067961734904644619e-20,8.951145244407380289e-08,4.493815014991173196e-02
2.821536666666667088e+02,7.700301612190280087e-02,8.139711022457517264e-02,5.814110458876203976e-115,1.265866567411483328e-48,1.676181080571502373e-37,1.232093383489326033e-20,9.653261433788334611e-08,4.639701369196082975e-02
2.821613333333333458e+02,7.966496688372712298e-02,8.289552098765889943e-02,8.744245151566979348e-115,1.556007603576784538e-48,2.045457279093099959e-37,1.421128719043032126e-20,1.040856751565698932e-07,4.789541690198373391e-02
2.821690000000000396e+02,9.046674435000878756e-02,8.443425177919011704e-02,1.314689861157081781e-114,1.912278373456606983e-48,2.495501210697141387e-37,1.638796637504390288e-20,1.122094130842178639e-07,4.943413956977701917e-02
2.821766666666666765e+02,7.755945177641364319e-02,8.601408748362865397e-02,1.975996835747616542e-114,2.349665962934529020e-48,3.043848614048229725e-37,1.889376763396724720e-20,1.209453148859515994e-07,5.101396653831375555e-02
2.821843333333333703e+02,8.329619809532236296e-02,8.763581768322903365e-02,2.969006293844739128e-114,2.886534494391694765e-48,3.711814001041866975e-37,2.177779638697505008e-20,1.303377561219348402e-07,5.263568734547290073e-02
2.821920000000000073e+02,9.553293873981402728e-02,8.930023628440109107e-02,4.459620816654960538e-114,3.545381640081511482e-48,4.525298740979873285e-37,2.509638416192403600e-20,1.404341926939312196e-07,5.430009585020839635e-02
2.821996666666667011e+02,8.341890327519545234e-02,9.100814112877841922e-02,6.696481788465935277e-114,4.353763605647488233e-48,5.515770610470366787e-37,2.891413682686673406e-20,1.512853643929034767e-07,5.600798984341401332e-02
2.822073333333333380e+02,8.568549578217177221e-02,9.276033358850403754e-02,1.005211370482402485e-113,5.345425875674564243e-48,6.721450903728059235e-37,3.330513263275211770e-20,1.629455111478651205e-07,5.776017064299288767e-02
2.822150000000000318e+02,8.531512246987271730e-02,9.455761814603956539e-02,1.508446929066164199e-113,6.561685218043805795e-48,8.188752735168976063e-37,3.835429114873089329e-20,1.754726027186105875e-07,5.955744267343684312e-02
2.822226666666666688e+02,9.242167197281381252e-02,9.640080195801777052e-02,2.262896132907541825e-113,8.053118441997869045e-48,9.974023263375647529e-37,4.415893708925986723e-20,1.889285826095453465e-07,6.140061302943515542e-02
2.822303333333333626e+02,1.066382535811190996e-01,9.829069440349581799e-02,3.393603879420013390e-113,9.881625587470309361e-48,1.214565354492689413e-36,5.083058635044967282e-20,2.033796270287010321e-07,6.329049102386878622e-02
2.822379999999999995e+02,1.113249184065056852e-01,1.002281066161411355e-01,5.087678004639671910e-113,1.212295006250565321e-47,1.478663297180202736e-36,5.849698533761763849e-20,2.188964197536773314e-07,6.522788771972137800e-02
2.822456666666666933e+02,9.959873311990194433e-02,1.022138510007627177e-01,7.625003183754149084e-113,1.486975631981371196e-47,1.799764122385875479e-36,6.730443894601018959e-20,2.355544438179375360e-07,6.721361544631890284e-02
2.822533333333333303e+02,1.107637002088078110e-01,1.042487407337319982e-01,1.142411019799059416e-112,1.823538767020140394e-47,2.190078993338549796e-36,7.742046740970788404e-20,2.534342909718477631e-07,6.924848729944102499e-02
2.822610000000000241e+02,9.606535292028535455e-02,1.063335892477643430e-01,1.711065679673874316e-112,2.235845362392140832e-47,2.664414948733272705e-36,8.903683774871176466e-20,2.726219899297758147e-07,7.133331662577441223e-02
2.822686666666666611e+02,1.141198401511285543e-01,1.084692097006206557e-01,2.561963389320083344e-112,2.740842876058714864e-47,3.240722438718350011e-36,1.023730217941592467e-19,2.932093544590081622e-07,7.346891649126618962e-02
2.822763333333333549e+02,1.135219958849746358e-01,1.106564144282604911e-01,3.834785712791042763e-112,3.359248481469644870e-47,3.940757432281003455e-36,1.176801398707442287e-19,3.152943524289389905e-07,7.565609913390805574e-02
2.822840000000000487e+02,1.209740397073653106e-01,1.128960143820382372e-01,5.738141113407502685e-112,4.116382594580184465e-47,4.790881875445212523e-36,1.352454572563804465e-19,3.389814969872587313e-07,7.789567540054125050e-02
2.822916666666666856e+02,1.079111026676764784e-01,1.151888185504220952e-01,8.583477839689869215e-112,5.043185589804778108e-47,5.823031174529479899e-36,1.553975096670361867e-19,3.643822610973619181e-07,8.018845416816099136e-02
2.822993333333333794e+02,1.192564365339288945e-01,1.175356333651958324e-01,1.283563321841970416e-111,6.177457718426782124e-47,7.075883272194858574e-36,1.785119443531300026e-19,3.916155167284667531e-07,8.253524174967910576e-02
2.823070000000000164e+02,1.200951756804151116e-01,1.199372620920974436e-01,1.918815637522492566e-111,7.565370928523886395e-47,8.596270978597523900e-36,2.050181751120264031e-19,4.208080000538348385e-07,8.493684128409738354e-02
2.823146666666667102e+02,1.153208052135609452e-01,1.223945042064784050e-01,2.867550943109352324e-111,9.263311844834982286e-47,1.044088775869130231e-35,2.354069628049269563e-19,4.520948040873305558e-07,8.739405211167430854e-02
2.823223333333333471e+02,1.316475658461654930e-01,1.249081547536199238e-01,4.284014945681137287e-111,1.134012800051101892e-46,1.267834744958477017e-35,2.702390479965530200e-19,4.856199002478592423e-07,8.990766913371966984e-02
2.823300000000000409e+02,1.281428730887250178e-01,1.274790036944737914e-01,6.398125504242346175e-111,1.387986500920083656e-46,1.539167074035342118e-35,3.101549793786358176e-19,5.215366904282485362e-07,9.247848215778335657e-02
2.823376666666666779e+02,1.298006345772565184e-01,1.301078352364664625e-01,9.552487427136775364e-111,1.698510131349259073e-46,1.868128610738661646e-35,3.558863009052770676e-19,5.600085912074733824e-07,9.510727522787525146e-02
2.823453333333333717e+02,1.434490137789284081e-01,1.327954271502077011e-01,1.425745918377871521e-110,2.078101016337142722e-46,2.266865076732856661e-35,4.082682824064077892e-19,6.012096519406053382e-07,9.779482594055576017e-02
2.823530000000000086e+02,1.286520274981441947e-01,1.355425500717628295e-01,2.127304905165137204e-110,2.542030643019549364e-46,2.750061868579329123e-35,4.682544031202832486e-19,6.453252085277546278e-07,1.005419047465542920e-01
2.823606666666667024e+02,1.449104587553970425e-01,1.383499667914047937e-01,3.173067335620882046e-110,3.108926980408678497e-46,3.335470849085910693e-35,5.369328255403639694e-19,6.925525747677763498e-07,1.033492742388300162e-01
2.823683333333333394e+02,1.465695775613193030e-01,1.412184315285258118e-01,4.731412114608883383e-110,3.801507712438973764e-46,4.044545514601924967e-35,6.155451285399112784e-19,7.431017732739473987e-07,1.062176884267525268e-01
2.823760000000000332e+02,1.368940022087310471e-01,1.441486891937028281e-01,7.052842881646338454e-110,4.647472660461458510e-46,4.903206648262515074e-35,7.055076044847491154e-19,7.971963080432358630e-07,1.091478919973947609e-01
2.823836666666666702e+02,1.502369628360834541e-01,1.471414746376166205e-01,1.050992417721646389e-109,5.680589739658681731e-46,5.942765041109676084e-35,8.084354653907225382e-19,8.550739808468596540e-07,1.121406195636357600e-01
2.823913333333333640e+02,1.482502142784480059e-01,1.501975118878978166e-01,1.565657991250991262e-109,6.942016156772838731e-46,7.201033232227642616e-35,9.261703488476034874e-19,9.169877537348191963e-07,1.151965949001440837e-01
2.823990000000000009e+02,1.554201627790767481e-01,1.533175133736222606e-01,2.331611332503977615e-109,8.481905486936498194e-46,8.723664662437283353e-35,1.060811565943761312e-18,9.832066600280037381e-07,1.183165301669622110e-01
2.824066666666666947e+02,1.550903462216565165e-01,1.565021791386070893e-01,3.471181785886216021e-109,1.036136209858527873e-45,1.056576636853030870e-34,1.214751591701919846e-18,1.054016766307925308e-06,1.215011251218407751e-01
2.824143333333333317e+02,1.568896726349021664e-01,1.597521960432534138e-01,5.166072555716757822e-109,1.265481752711179531e-45,1.279384061982549728e-34,1.390716364238095045e-18,1.129722187999729773e-06,1.247510663210653903e-01
2.824220000000000255e+02,1.743662001236353509e-01,1.630682369561671230e-01,7.686092147160865771e-109,1.545291931818643231e-45,1.548812202356874668e-34,1.591811033149568329e-18,1.210646161293135182e-06,1.280670263100058270e-01
2.824296666666666624e+02,1.607933790877008051e-01,1.664509599353251879e-01,1.143174726934730810e-108,1.886604215546575145e-45,1.874538996279316955e-34,1.821571881351415025e-18,1.297132174236188011e-06,1.314496628031509573e-01
2.824373333333333562e+02,1.728107734582866872e-01,1.699010074000998627e-01,1.699736438035129102e-108,2.302855446892194142e-45,2.268235221961865631e-34,2.084025239198395949e-18,1.389545159999121962e-06,1.348996178549398683e-01
2.824450000000000500e+02,1.745940520051184053e-01,1.734190052939571236e-01,2.526460409541891393e-108,2.810400204461601307e-45,2.743971479654221869e-34,2.383754316285663791e-18,1.488272755401236291e-06,1.384175170212017247e-01
2.824526666666666870e+02,1.798151073441498216e-01,1.770055622390386552e-01,3.754095806242756058e-108,3.429140446812904612e-45,3.318707590627999737e-34,2.725974996679824899e-18,1.593726627964592238e-06,1.420039685124106776e-01
2.824603333333333808e+02,1.836943591230115747e-01,1.806612686830168790e-01,5.576479999076564564e-108,4.183290178368954917e-45,4.012880959828092536e-34,3.116621778889293345e-18,1.706343874879471545e-06,1.456595623391419847e-01
2.824680000000000177e+02,1.813909247253122636e-01,1.843866960385886489e-01,8.280887570048533621e-108,5.102303905890000763e-45,4.851113741923773881e-34,3.562445194718355197e-18,1.826588497410068450e-06,1.493848694500912455e-01
2.824756666666667115e+02,1.918067750255912085e-01,1.881823958169556721e-01,1.229293456664250202e-107,6.222003744694033478e-45,5.863062593095688902e-34,4.071122213507340139e-18,1.954952954450055010e-06,1.531804408640012050e-01
2.824833333333333485e+02,1.887249648273777725e-01,1.920488987551477456e-01,1.824299730463061025e-107,7.585947404145707930e-45,7.084439509389811954e-34,4.651381332169500689e-18,2.091959799048725159e-06,1.570468067953486868e-01
2.824910000000000423e+02,2.004186800848774264e-01,1.959867139387951596e-01,2.706442223508707246e-107,9.247088201148872718e-45,8.558237899470083936e-34,5.313144270221823216e-18,2.238163401945617128e-06,1.609844757753932099e-01
2.824986666666666792e+02,2.063841375285407898e-01,1.999963279201966426e-01,4.013869689393650708e-107,1.126978903980821194e-44,1.033620479437370426e-33,6.067686434916087314e-18,2.394151766260618520e-06,1.649939337684303842e-01
2.825063333333333730e+02,2.055127753846620609e-01,2.040782038333710524e-01,5.950996844253526626e-107,1.373226534701714288e-44,1.248060817687254177e-33,6.927818598934188906e-18,2.560548437723406514e-06,1.690756432849333246e-01
2.825140000000000100e+02,2.157734390890520548e-01,2.082327805059537851e-01,8.820193507252227149e-107,1.672954773563039859e-44,1.506635807325321569e-33,7.908092544670695640e-18,2.738014514938048974e-06,1.732300424914388348e-01
2.825216666666667038e+02,2.153835568846992621e-01,2.124604715697062107e-01,1.306858144865625995e-106,2.037707424992655655e-44,1.818355160005596334e-33,9.025033780366888758e-18,2.927250764435538865e-06,1.774575443189417567e-01
2.825293333333333408e+02,2.169403936398859034e-01,2.167616645695105704e-01,1.935711930857179764e-106,2.481504511380999617e-44,2.194052595989499116e-33,1.029740482769266953e-17,3.128999845381411518e-06,1.817585355696651750e-01
2.825370000000000346e+02,2.185247214491036483e-01,2.211367200726989668e-01,2.866255803884578207e-106,3.021370078138222565e-44,2.646751987344218790e-33,1.174650302471909353e-17,3.344048649084180946e-06,1.861333760240498625e-01
2.825446666666666715e+02,2.118065191205905362e-01,2.255859707785962398e-01,4.242785830115371959e-106,3.677971777342764234e-44,3.192106363338179203e-33,1.339649728680414966e-17,3.573230758566044509e-06,1.905823975478376509e-01
2.825523333333333653e+02,2.381406998974092137e-01,2.301097206302033793e-01,6.278403372765833786e-106,4.476395748014244308e-44,3.848924149450897787e-33,1.527480882947007538e-17,3.817429033759267460e-06,1.951059032011696059e-01
2.825600000000000023e+02,2.302684168405410015e-01,2.347082439279084276e-01,9.287723160952844502e-106,5.447085226060911840e-44,4.639799820168046585e-33,1.741254148708401983e-17,4.077578328007679079e-06,1.997041663495804087e-01
2.825676666666666961e+02,2.408034342141280315e-01,2.393817844472238276e-01,1.373508183969813064e-105,6.626977252863446760e-44,5.591869498871194945e-33,1.984496797010367446e-17,4.354668341879595680e-06,2.043774297788819305e-01
2.825753333333333330e+02,2.489291813372573325e-01,2.441305545604422755e-01,2.030556991801373281e-105,8.060879017431829452e-44,6.737716039008988192e-33,2.261207919821657687e-17,4.649746620413624668e-06,2.091259048138218446e-01
2.825830000000000268e+02,2.500633866305514430e-01,2.489547343642816157e-01,3.000965879463788782e-105,9.803134017979400592e-44,8.116452894683140236e-33,2.575920474080816618e-17,4.963921700272661992e-06,2.139497704425813163e-01
2.825906666666666638e+02,2.602877035599716060e-01,2.538544708134091721e-01,4.433726239900407154e-105,1.191963866809708159e-43,9.775021782066475213e-33,2.933771339769894572e-17,5.298366413393504390e-06,2.188491724469957544e-01
2.825983333333333576e+02,2.608223557157193229e-01,2.588298768619858858e-01,6.548451766168050640e-105,1.449028257018279575e-43,1.176974592306742434e-32,3.340580407954681643e-17,5.654321354102928452e-06,2.238242225406317787e-01
2.826059999999999945e+02,2.602071699234533853e-01,2.638810306131159633e-01,9.668750069549338388e-105,1.761190087436889442e-43,1.416818875616059060e-32,3.802939840835220193e-17,6.033098516778496132e-06,2.288749975145991378e-01
2.826136666666666883e+02,2.692723248675187864e-01,2.690079744784064086e-01,1.427131452588742699e-104,2.140184547077738147e-43,1.705137764708006918e-32,4.328314787619764414e-17,6.436085111546337921e-06,2.340015383932947945e-01
2.826213333333333821e+02,2.670025292684135021e-01,2.742107143475543962e-01,2.105811841493070123e-104,2.600230386383237969e-43,2.051646362623520641e-32,4.925156998659459690e-17,6.864747565613058901e-06,2.392038495999886938e-01
2.826290000000000191e+02,2.839571559391729227e-01,2.794892187699545283e-01,3.106254903499866393e-104,3.158552122531278944e-43,2.467990187413344406e-32,5.603032958483983346e-17,7.320635718249520683e-06,2.444818981342362085e-01
2.826366666666667129e+02,2.787248940884518578e-01,2.848434181490479000e-01,4.580538756626601508e-104,3.836011324192353274e-43,2.968125398419013775e-32,6.372768357823936771e-17,7.805387217632485806e-06,2.498356127618301670e-01
2.826443333333333499e+02,2.959972303336521060e-01,2.902732039500947048e-01,6.752397103675685832e-104,4.657869608139166383e-43,3.568773245001207288e-32,7.246610948257057195e-17,8.320732128019110214e-06,2.552648832179665872e-01
2.826520000000000437e+02,2.955142031103656919e-01,2.957784279234576541e-01,9.950876357459756948e-104,5.654710644275667800e-43,4.289963094015368998e-32,8.238414073795113919e-17,8.868497756147985758e-06,2.607695594257014582e-01
2.826596666666666806e+02,3.014524365864955091e-01,3.013589013432689256e-01,1.465975213834416098e-103,6.863554083847314873e-43,5.155681142931797663e-32,9.363843453933247399e-17,9.450613705856508539e-06,2.663494507295629532e-01
2.826673333333333744e+02,3.040967425096541832e-01,3.070143942638783319e-01,2.159006089363906798e-103,8.329201092878815379e-43,6.194645198593051885e-32,1.064061010716285523e-16,1.006911717044248504e-05,2.720043251467078038e-01
2.826750000000000114e+02,3.059252882035602417e-01,3.127446347938952487e-01,3.178652479619797707e-103,1.010585932089512782e-42,7.441229794228767563e-32,1.208873265507886117e-16,1.072615847235502711e-05,2.777339086354227438e-01
2.826826666666667052e+02,3.157666235097720819e-01,3.185493083902631861e-01,4.678365773940000422e-103,1.225910494557365334e-42,8.936570547142159326e-32,1.373083264116242996e-16,1.142400686038306146e-05,2.835378843834026608e-01
2.826903333333333421e+02,3.283684212759068743e-01,3.244280571721508410e-01,6.883467091288275791e-103,1.486825124138910794e-42,1.072988216282447659e-31,1.559246693791750955e-16,1.216505657454496154e-05,2.894158921155761677e-01
2.826980000000000359e+02,3.253195998442917625e-01,3.303804792571355398e-01,1.012470200045148007e-102,1.802920733125002830e-42,1.288003103353310534e-31,1.770250180902040099e-16,1.295183318951326664e-05,2.953675274239458415e-01
2.827056666666666729e+02,3.273294336980069885e-01,3.364061281194266062e-01,1.488741177809583202e-102,2.185792787652803906e-42,1.545741115212588157e-31,2.009353374291488705e-16,1.378700024741727049e-05,3.013923411191790080e-01
2.827133333333333667e+02,3.445678797384593706e-01,3.425045119726382037e-01,2.188356607225976722e-102,2.649457502910991094e-42,1.854618129747189499e-31,2.280236279055918416e-16,1.467336619154532474e-05,3.074898386064464084e-01
2.827210000000000036e+02,3.430056248731878643e-01,3.486750931768147765e-01,3.215725211968413006e-102,3.210853870351495358e-42,2.224693241476954127e-31,2.587052482686670866e-16,1.561389161244752327e-05,3.136594792852020475e-01
2.827286666666666974e+02,3.564302167453299863e-01,3.549172876722466174e-01,4.723911023818506972e-102,3.890449097237547668e-42,2.667986713853722362e-31,2.934488992497465554e-16,1.661169681867139539e-05,3.199006759754275953e-01
2.827363333333333344e+02,3.661156660936913387e-01,3.612304644397301701e-01,6.937235368667048103e-102,4.712968614424706261e-42,3.198858886450639001e-31,3.327833488965666529e-16,1.767006974430402296e-05,3.262127943699855148e-01
2.827440000000000282e+02,3.704505750169452827e-01,3.676139449898286893e-01,1.018434476010511311e-101,5.708276106458609028e-42,3.834461612598840998e-31,3.773049895622626874e-16,1.879247420628430904e-05,3.325951525156220501e-01
2.827516666666666652e+02,3.748100764898498749e-01,3.740670028807352443e-01,1.494657542074457083e-101,6.912434182652593677e-42,4.595275979779747485e-31,4.276863272994898736e-16,1.998255852434616353e-05,3.390470203222105128e-01
2.827593333333333590e+02,3.893952512514498032e-01,3.805888632673071204e-01,2.192866765542242915e-101,8.368982513626383889e-42,5.505752647618753876e-31,4.846855163731199983e-16,2.124416451730359076e-05,3.455676191027893807e-01
2.827669999999999959e+02,3.924421444585389773e-01,3.871787024808117650e-01,3.216212500044176584e-101,1.013047771148382497e-41,6.595074200398450146e-31,5.491570649142634112e-16,2.258133688923687064e-05,3.521561211439219741e-01
2.827746666666666897e+02,3.977293214214644990e-01,3.938356476419587748e-01,4.715623983084125430e-101,1.226034818461914752e-41,7.898062542098479153e-31,6.220638526309491269e-16,2.399833302005310916e-05,3.588116493089380521e-01
2.827823333333333835e+02,3.943204327087748151e-01,4.005587763067444129e-01,6.911869700226281622e-101,1.483512794682732243e-41,9.456258665130998339e-31,7.044906180491679078e-16,2.549963317469682779e-05,3.655332766735689964e-01
2.827900000000000205e+02,4.053954914856831016e-01,4.073471161473289914e-01,1.012777068327507491e-100,1.794714626547713899e-41,1.131920722408626695e-30,7.976590912723457615e-16,2.708995114617914604e-05,3.723200261961820412e-01
2.827976666666667143e+02,4.114507007842043707e-01,4.141996446684550470e-01,1.483522435442687458e-100,2.170776552171085573e-41,1.354598438734585704e-30,9.029449688439560240e-16,2.877424534764789127e-05,3.791708704231065430e-01
2.828053333333333512e+02,4.166334224876303005e-01,4.211152889598565041e-01,2.172382622779828929e-100,2.625127824165430954e-41,1.620701459521610346e-30,1.021896950260287472e-15,3.055773036904250669e-05,3.860847312294864442e-01
2.828130000000000450e+02,4.326281857365934513e-01,4.280929254868663936e-01,3.180097709621350915e-100,3.173959655765931163e-41,1.938623032730312458e-30,1.156258081296702861e-15,3.244588901469128205e-05,3.930604795978505650e-01
2.828206666666666820e+02,4.418921836108060108e-01,4.351313799185617670e-01,4.653787515969208888e-100,3.836789410505058214e-41,2.318363901202612417e-30,1.307989677767045232e-15,3.444448483788135413e-05,4.000969354337225448e-01
2.828283333333333758e+02,4.476462731515970517e-01,4.422294269959740065e-01,6.808235641272397829e-100,4.637139243997595692e-41,2.771837308437971580e-30,1.479298135124570542e-15,3.655957518961970229e-05,4.071928674207829224e-01
2.828360000000000127e+02,4.517317139122103975e-01,4.493857904395731628e-01,9.956909268043124244e-100,5.603352252394898913e-41,3.313231324394790199e-30,1.672664964579438077e-15,3.879752479829777647e-05,4.143469929147732267e-01
2.828436666666667065e+02,4.594340035769637343e-01,4.565991428985222145e-01,1.455715354457378365e-99,6.769573793168986711e-41,3.959439158383345140e-30,1.890880435792582349e-15,4.116501989825946200e-05,4.215579778786220366e-01
2.828513333333333435e+02,4.643844790909711362e-01,4.638681059408185092e-01,2.127601649464568227e-99,8.176931169753228224e-41,4.730570091087895976e-30,2.137081249872572715e-15,4.366908292466129677e-05,4.288244368578916776e-01
2.828590000000000373e+02,4.822662249616097019e-01,4.711912500867853071e-01,3.108609115509770434e-99,9.874951494025980672e-41,5.650555981492499882e-30,2.414792715146640805e-15,4.631708779340147923e-05,4.361449329989895429e-01
2.828666666666666742e+02,4.724995728153480457e-01,4.785670948849317652e-01,4.540501843319543708e-99,1.192326547361802544e-40,6.747871050647982239e-30,2.727975952186298560e-15,4.911677578415339071e-05,4.435179781091448392e-01
2.828743333333333680e+02,4.803187728309012416e-01,4.859941090325988755e-01,6.629847499035197578e-99,1.439365437445259101e-40,8.056385890157981615e-30,3.081080714832877681e-15,5.207627204604565785e-05,4.509420327605497270e-01
2.828820000000000050e+02,4.873420342867799682e-01,4.934707105403127736e-01,9.677544201268693643e-99,1.737250878834028333e-40,9.616380477331257217e-30,3.479104480698970652e-15,5.520410274464029882e-05,4.584155064375646238e-01
2.828896666666666988e+02,4.965594668395409972e-01,5.009952669422089722e-01,1.412175688975168254e-98,2.096378146203248588e-40,1.147574550851584636e-29,3.927658539050593154e-15,5.850921287049062175e-05,4.659367577293345719e-01
2.828973333333333358e+02,5.074050881103258082e-01,5.085660955513428005e-01,2.060033297399427506e-98,2.529253275393477422e-40,1.369140670969592862e-29,4.433041886335188500e-15,6.200098472850937628e-05,4.735040945666098011e-01
2.829050000000000296e+02,5.141036545607450270e-01,5.161814637621912061e-01,3.004150541765296591e-98,3.050918680736525835e-40,1.633101309789520958e-29,5.002323831444484486e-15,6.568925712913990735e-05,4.811157745050570478e-01
2.829126666666666665e+02,5.168637133542174356e-01,5.238395893990527297e-01,4.379566105556011669e-98,3.679463988655388274e-40,1.947493761793099004e-29,5.643436314344390250e-15,6.958434530108609456e-05,4.887700050537460150e-01
2.829203333333333603e+02,5.348057011177660414e-01,5.315386411125828658e-01,6.382670463206561574e-98,4.436639026875605914e-40,2.321864737289887484e-29,6.365277054866960681e-15,7.369706154727007042e-05,4.964649440510292555e-01
2.829279999999999973e+02,5.412299849767188142e-01,5.392767388230584880e-01,9.298988297150599474e-98,5.348589250866385823e-40,2.767551103813272484e-29,7.177824773518568404e-15,7.803873666424280414e-05,5.041987000863870083e-01
2.829356666666666911e+02,5.550166067123275537e-01,5.470519542125361623e-01,1.354350031576875618e-97,6.446737886567413920e-40,3.298012328277991154e-29,8.092267865473462915e-15,8.262124214733878170e-05,5.119693329703807194e-01
2.829433333333333280e+02,5.631547599344031152e-01,5.548623112643820132e-01,1.971914523108937605e-97,7.768843847151083500e-40,3.929224044492730601e-29,9.121148062776247522e-15,8.745701320220228411e-05,5.197748542511706482e-01
2.829510000000000218e+02,5.640265427372428420e-01,5.627057868522552520e-01,2.870167161847157348e-97,9.360270194653391179e-40,4.680143871013439614e-29,1.027852079110231270e-14,9.255907258554683210e-05,5.276132277796593550e-01
2.829586666666667156e+02,5.672149984246328547e-01,5.705803113769646329e-01,4.176266834675182027e-97,1.127550474418321542e-39,5.573262607716862220e-29,1.158013411651652350e-14,9.794105529612731273e-05,5.354823703216569086e-01
2.829663333333333526e+02,5.795664849876021041e-01,5.784837694527839025e-01,6.074789444525174516e-97,1.357998256670581038e-39,6.635256300315488653e-29,1.304362838805166226e-14,1.036172341390106911e-04,5.433801522186317845e-01
2.829740000000000464e+02,5.821891627864640428e-01,5.864140006427511764e-01,8.833568117395505622e-97,1.635226989175489652e-39,7.897757442423342518e-29,1.468875891435062102e-14,1.096025461852063006e-04,5.513043980965512958e-01
2.829816666666666833e+02,5.938950589707409078e-01,5.943688002423993533e-01,1.284112392789425529e-96,1.968668055127802372e-39,9.398266858967591623e-29,1.653764427020483037e-14,1.159126201487026649e-04,5.592528876222341294e-01
2.829893333333333771e+02,5.916153632503938775e-01,6.023459201133704033e-01,1.866086859184750327e-96,2.369641000643578877e-39,1.118123166980873326e-28,1.861504311457262108e-14,1.225638047046220141e-04,5.672233563086471753e-01
2.829970000000000141e+02,6.012376547373009528e-01,6.103430695650223781e-01,2.710956907678305633e-96,2.851728859312060219e-39,1.329931926887398193e-28,2.094866271681683837e-14,1.295731977698172475e-04,5.752134963672316248e-01
2.830046666666667079e+02,6.124361728366071178e-01,6.183579162857868461e-01,3.937089760208927500e-96,3.431227543231654886e-39,1.581492259336371554e-28,2.356950273827019724e-14,1.369586767701759370e-04,5.832209576089930625e-01
2.830123333333333449e+02,6.265625855644426645e-01,6.263880873222017476e-01,5.715970259903890406e-96,4.127683808978274468e-39,1.880193823705609546e-28,2.651223820201131112e-14,1.447389299158342456e-04,5.912433483922593380e-01
2.830200000000000387e+02,6.401330003180120132e-01,6.344311701072750109e-01,8.295958046251994866e-96,4.964539127843781446e-39,2.234786634885702105e-28,2.981564601253596611e-14,1.529334885087511723e-04,5.992782366187363596e-01
2.830276666666666756e+02,6.450175307556990090e-01,6.424847135359758044e-01,1.203663458111551805e-95,5.969900154277161532e-39,2.655628994124277506e-28,3.352307985881033744e-14,1.615627603036249042e-04,6.073231507756385872e-01
2.830353333333333694e+02,6.555413553151019368e-01,6.505462290894020727e-01,1.745844452587270856e-95,7.177460499977543114e-39,3.154980144335329871e-28,3.768299885841320607e-14,1.706480639466560994e-04,6.153755810254176728e-01
2.830430000000000064e+02,6.551877845157920710e-01,6.586131920052971100e-01,2.531441880500260236e-95,8.627603306208378540e-39,3.747345632927411007e-28,4.234955587686053098e-14,1.802116645127542027e-04,6.234329803407420156e-01
2.830506666666667002e+02,6.688367539454650457e-01,6.666830424963487989e-01,3.669376850526597890e-95,1.036871981260506836e-38,4.449884774967691112e-28,4.758325209637746462e-14,1.902768101656252529e-04,6.314927656861355487e-01
2.830583333333333371e+02,6.828212359183236657e-01,6.747531870138221421e-01,5.317146360887908991e-95,1.245878592058304593e-38,5.282891264974526419e-28,5.345166511177524032e-14,2.008677699607619232e-04,6.395523192438078430e-01
2.830660000000000309e+02,6.821248571322485743e-01,6.828209995578455871e-01,7.702413956112332114e-95,1.496724685416942336e-38,6.270359930199577446e-28,6.003025861202388892e-14,2.120098728155564113e-04,6.476089896849699379e-01
2.830736666666666679e+02,6.903972919014379483e-01,6.908838230317776441e-01,1.115416432655091924e-94,1.797726967600658106e-38,7.440654900584227388e-28,6.740328256355115926e-14,2.237295476657951050e-04,6.556600934840444150e-01
2.830813333333333617e+02,6.940249201629206111e-01,6.989389706418558390e-01,1.614764390341120781e-94,2.158843491928131989e-38,8.827297150117962253e-28,7.566477376290913125e-14,2.360543648323661949e-04,6.637029162769477741e-01
2.830889999999999986e+02,7.001817532848991776e-01,7.069837273394382615e-01,2.336916694212640302e-94,2.591995229393362548e-38,1.046989250767454613e-27,8.491966767053147537e-14,2.490130786164577678e-04,6.717347142607368315e-01
2.830966666666666924e+02,7.221480094001703209e-01,7.150153513069186229e-01,3.380953835947817011e-94,3.111450173833881671e-38,1.241522492397477032e-27,9.528503359565264578e-14,2.626356711465194856e-04,6.797527156356767408e-01
2.831043333333333294e+02,7.250729919520532141e-01,7.230310754845101773e-01,4.889868645805299758e-94,3.734282050476726333e-38,1.471854410614050189e-27,1.068914465724072462e-13,2.769533974940460632e-04,6.877541220869092253e-01
2.831120000000000232e+02,7.346685608578794602e-01,7.310281091388595165e-01,7.069962129863678743e-94,4.480918008187677872e-38,1.744508170374067497e-27,1.198845106755766407e-13,2.919988320806971146e-04,6.957361103066589392e-01
2.831196666666667170e+02,7.396897563990070257e-01,7.390036394706310796e-01,1.021877705830000819e-93,5.375792425985528698e-38,2.067183617458172464e-27,1.344265500675767447e-13,3.078059163924626979e-04,7.036958335541041443e-01
2.831273333333333539e+02,7.510792519008593349e-01,7.469548332614908137e-01,1.476531455416951600e-93,6.448127236989525769e-38,2.448967342670932447e-27,1.506984857780351516e-13,3.244100080215877539e-04,7.116304232533184893e-01
2.831350000000000477e+02,7.572789414182371504e-01,7.548788385587655858e-01,2.132791616056414761e-93,7.732863065404536726e-38,2.900579849587340826e-27,1.689019180933535852e-13,3.418479310527363139e-04,7.195369906275439487e-01
2.831426666666666847e+02,7.553514472269317048e-01,7.627727863960155341e-01,3.079754430308913466e-93,9.271770101372143355e-38,3.434666307934976235e-27,1.892614365016180828e-13,3.601580278086476540e-04,7.274126283680175664e-01
2.831503333333333785e+02,7.704067628082296171e-01,7.706337925497596109e-01,4.445756731351738258e-93,1.111477314324012047e-37,4.066138494563225708e-27,2.120271814207225960e-13,3.793802119741951037e-04,7.352544123375733820e-01
2.831580000000000155e+02,7.774982037724779138e-01,7.784589593292454701e-01,6.415599474423582731e-93,1.332153177981666821e-37,4.812576834699561566e-27,2.374776844371242125e-13,3.995560231096077818e-04,7.430594033058983694e-01
2.831656666666667093e+02,7.938819238288786773e-01,7.862453773998006046e-01,9.255304973900703784e-93,1.596332446313214171e-37,5.694702990815069300e-27,2.659230165504343776e-13,4.207286825709974864e-04,7.508246487169636385e-01
2.831733333333333462e+02,7.831399923079345182e-01,7.939901276365055605e-01,1.334769170003288135e-92,1.912529446316137130e-37,6.736935241600556772e-27,2.977082769434448090e-13,4.429431508463018167e-04,7.585471844853615142e-01
2.831810000000000400e+02,7.967735786860639102e-01,8.016902830086074516e-01,1.924347687546293175e-92,2.290912667664622636e-37,7.968040994322438653e-27,3.332174581461585921e-13,4.662461863229744861e-04,7.662240368219512821e-01
2.831886666666666770e+02,8.072604165200339965e-01,8.093429104913363314e-01,2.773466088059743506e-92,2.743623730282354845e-37,9.421903230006651731e-27,3.728777271188297749e-13,4.906864054926671648e-04,7.738522240854707190e-01
2.831963333333333708e+02,8.106176523762174124e-01,8.169450730054208520e-01,3.995987490887490028e-92,3.285157388838012605e-37,1.113842055374882421e-26,4.171641658266007811e-13,5.163143446071356097e-04,7.814287586603965163e-01
2.832040000000000077e+02,8.198618674769151404e-01,8.244938313808969355e-01,5.755556510711888948e-92,3.932814163168205628e-37,1.316456387960347628e-26,4.666050192939495281e-13,5.431825227873739561e-04,7.889506488576428778e-01
2.832116666666667015e+02,8.402151527332237801e-01,8.319862463453923107e-01,8.287288674212762583e-92,4.707239366815482438e-37,1.555561670420298059e-26,5.217875040137813481e-13,5.713455065978417053e-04,7.964149008382725992e-01
2.832193333333333385e+02,8.359051044269280029e-01,8.394193805334128067e-01,1.192887682126356555e-91,5.633064896471641613e-37,1.837663050722384594e-26,5.833642349124656225e-13,6.008599760841442034e-04,8.038185205567452973e-01
2.832270000000000323e+02,8.433926370678797024e-01,8.467903005167074504e-01,1.716518875097928635e-91,6.739673219698449060e-37,2.170413217303174521e-26,6.520603349650580026e-13,6.317847922833587457e-04,8.111585157237719557e-01
2.832346666666666692e+02,8.608529373462728840e-01,8.540960788521823055e-01,2.469218686725291274e-91,8.062106645146074984e-37,2.562812658056748203e-26,7.286812979732107250e-13,6.641810662013392401e-04,8.184318977852522714e-01
2.832423333333333630e+02,8.584698069146383670e-01,8.613337961473356286e-01,3.550851163800462300e-91,9.642149285884151730e-37,3.025444481098170644e-26,8.141216821167173918e-13,6.981122292631864248e-04,8.256356839172582784e-01
2.832500000000000000e+02,8.770841540509255463e-01,8.685005431396375375e-01,5.104665928466574717e-91,1.152961425599849132e-36,3.570749694284241128e-26,9.093747196147651159e-13,7.336441052267522094e-04,8.327668990335014287e-01
2.832576666666666938e+02,8.745241766563777164e-01,8.755934227897292921e-01,7.336081100803707089e-91,1.378387472350073343e-36,4.213349835047222886e-26,1.015542936374264956e-12,7.708449835620685090e-04,8.398225778051516821e-01
2.832653333333333308e+02,8.756134613608065331e-01,8.826095523848305202e-01,1.053956932406969545e-90,1.647568465172706561e-36,4.970425001941763716e-26,1.133849884790141769e-12,8.097856942816532592e-04,8.467997666894150344e-01
2.832730000000000246e+02,8.893139146527583305e-01,8.895460656521330112e-01,1.513713025395587107e-90,1.968934360690443141e-36,5.862156692508536934e-26,1.265653103128363489e-12,8.505396842209304387e-04,8.536955259666464402e-01
2.832806666666666615e+02,8.972654360442950949e-01,8.964001148785499806e-01,2.173332495501928791e-90,2.352527013308580298e-36,6.912246429310656495e-26,1.412458426075908048e-12,8.931830947483786068e-04,8.605069317823891284e-01
2.832883333333333553e+02,9.060104250074541010e-01,9.031688730365091677e-01,3.119397656063302331e-90,2.810306019088780916e-36,8.148522995275382848e-26,1.575935783366870940e-12,9.377948409006302017e-04,8.672310781940325564e-01
2.832960000000000491e+02,9.223705812898230771e-01,9.098495359121946402e-01,4.475867810871276585e-90,3.356512136092425270e-36,9.603653242180466123e-26,1.757936636774389490e-12,9.844566919166664130e-04,8.738650792185199689e-01
2.833036666666666861e+02,9.158928722099134445e-01,9.164393242355024505e-01,6.420157823531900689e-90,4.008099033628335247e-36,1.131597393342922800e-25,1.960513220527082167e-12,1.033253353159548950e-03,8.804060708803823632e-01
2.833113333333333799e+02,9.262938586168353305e-01,9.229354858091461944e-01,9.206108713590998192e-90,4.785246114368428792e-36,1.333046499048505791e-25,2.185939766281052413e-12,1.084272549400936911e-03,8.868512132575593343e-01
2.833190000000000168e+02,9.276447896593248421e-01,9.293352976343891569e-01,1.319679396404439261e-89,5.711967510667757734e-36,1.569988789910333059e-25,2.436735911389891749e-12,1.137605109439561663e-03,8.931976925225127983e-01
2.833266666666667106e+02,9.377367854093767718e-01,9.356360680325441770e-01,1.891135798765951084e-89,6.816835146488529994e-36,1.848611697509575013e-25,2.715692508552378622e-12,1.193345052035215065e-03,8.994427229777932631e-01
2.833343333333333476e+02,9.499068597721050944e-01,9.418351387586764156e-01,2.709186717105375105e-89,8.133837056956446449e-36,2.176169577792271405e-25,3.025900075906698502e-12,1.251589673115560035e-03,9.055835490825349110e-01
2.833420000000000414e+02,9.538828688103124787e-01,9.479298871069370414e-01,3.879869352672364742e-89,9.703396062851333545e-36,2.561165630177068145e-25,3.370780149802895530e-12,1.312439634234399688e-03,9.116174474693318208e-01
2.833496666666666783e+02,9.491862668634225564e-01,9.539177280039461415e-01,5.554656511900940315e-89,1.157357851515478101e-35,3.013564478500899594e-25,3.754119827552383780e-12,1.375999052230838723e-03,9.175417289479611549e-01
2.833573333333333721e+02,9.583966083439738881e-01,9.597961160895971400e-01,7.949855907452938289e-89,1.380152828636370671e-35,3.545040520566033254e-25,4.180109815122539317e-12,1.442375590062437143e-03,9.233537404953545691e-01
2.833650000000000091e+02,9.698212905316345722e-01,9.655625477817402214e-01,1.137426253463626927e-88,1.645516764069439668e-35,4.169267992981298407e-25,4.653386324659908937e-12,1.511680548753669947e-03,9.290508672283331881e-01
2.833726666666667029e+02,9.735413472060194806e-01,9.712145633240764075e-01,1.626856255692789057e-88,1.961521424713217031e-35,4.902259674751488798e-25,5.179077199739975875e-12,1.584028960427004981e-03,9.346305343584703218e-01
2.833803333333333399e+02,9.788669516414534311e-01,9.767497488137706352e-01,2.326146470045129584e-88,2.337757261612291424e-35,5.762762287722031278e-25,5.762852681901519398e-12,1.659539682349257632e-03,9.400902091256585491e-01
2.833880000000000337e+02,9.839296552490474079e-01,9.821657382080762888e-01,3.324963448827715229e-88,2.785616889640588176e-35,6.772717970822311377e-25,6.410981271370771458e-12,1.738335491954387958e-03,9.454274027097109290e-01
2.833956666666666706e+02,9.882157247636709219e-01,9.874602153065531462e-01,4.751148840573001212e-88,3.318631055273517579e-35,7.957802736275350367e-25,7.130391177339769366e-12,1.820543182766297310e-03,9.506396721166564534e-01
2.834033333333333644e+02,9.910581228064297976e-01,9.926309157081329992e-01,6.786913883491923222e-88,3.952866731070075164e-35,9.348054594832127123e-25,7.928737900004585439e-12,1.906293661176317565e-03,9.557246220390278602e-01
2.834110000000000014e+02,9.949296469919812758e-01,9.976756287397022804e-01,9.691879004856390508e-88,4.707398730348827000e-35,1.097860610137658438e-24,8.814478537066073272e-12,1.995722043989297569e-03,9.606799066868985104e-01
2.834186666666666952e+02,1.010807503313964073e+00,1.002592199355430314e+00,1.383584127286019282e-87,5.604868307675816109e-35,1.289053846921873277e-24,9.796953463093663398e-12,2.088967756686313168e-03,9.655032315889470196e-01
2.834263333333333321e+02,9.965445841433573371e-01,1.007378530003607553e+00,1.974536202382260197e-87,6.672144655909889592e-35,1.513187718147157941e-24,1.088647609013874093e-11,2.186174632307725206e-03,9.701923553604133721e-01
2.834340000000000259e+02,1.017967944226326749e+00,1.012032582460205221e+00,2.816998221515239461e-87,7.941108096575323341e-35,1.775875225440686878e-24,1.209443148414069336e-11,2.287491010897628723e-03,9.747450914372132180e-01
2.834416666666666629e+02,1.012441757051087743e+00,1.016552379626032510e+00,4.017630451899975211e-87,9.449577164438821479e-35,2.083675004792108571e-24,1.343338468284134478e-11,2.393069839402892085e-03,9.791593097731963180e-01
2.834493333333333567e+02,1.014493871263083991e+00,1.020936007286690872e+00,5.728162684810723202e-87,1.124240580344899409e-34,2.444248785689806077e-24,1.491719963941147675e-11,2.503068771960506589e-03,9.834329384998132806e-01
2.834570000000000505e+02,1.027071608888913135e+00,1.025181615832353677e+00,8.164369334252924772e-87,1.337278162651636627e-34,2.866544754413505748e-24,1.656116980035650403e-11,2.617650270456307101e-03,9.875639655453362087e-01
2.834646666666666874e+02,1.031798529705898471e+00,1.029287421936354363e+00,1.163300417947573727e-86,1.590376177605795812e-34,3.361011030341871039e-24,1.838216141917285359e-11,2.736981705275376604e-03,9.915504402126967820e-01
2.834723333333333812e+02,1.038651636780840937e+00,1.033251710190392414e+00,1.657002134117597426e-86,1.891008950438590020e-34,3.939844139144365748e-24,2.039877080745387958e-11,2.861235456133863920e-03,9.953904747138598852e-01
2.834800000000000182e+02,1.039886649014806652e+00,1.037072834694276802e+00,2.359479420326515862e-86,2.248034235076653586e-34,4.617278148606973235e-24,2.263149683438733111e-11,2.990589012874205269e-03,9.990822456587712397e-01
2.834876666666667120e+02,1.042847971846719624e+00,1.040749220599196612e+00,3.358700369180750211e-86,2.671947193425369818e-34,5.409921038431454104e-24,2.510293010500298303e-11,3.125225076133502419e-03,1.002623995497960330e+00
2.834953333333333489e+02,1.043892441331035537e+00,1.044279365601895160e+00,4.779563904043907792e-86,3.175180614972585877e-34,6.337145923309245389e-24,2.783796037593395524e-11,3.265331657738121569e-03,1.006014033916319050e+00
2.835030000000000427e+02,1.049987904072046341e+00,1.047661841388983994e+00,6.799347311307791618e-86,3.772459724110695313e-34,7.421545962041034372e-24,3.086400390889793498e-11,3.411102180732257343e-03,1.009250739177387723e+00
2.835106666666666797e+02,1.050069910130799089e+00,1.050895295028901222e+00,9.669591354366380891e-86,4.481221416182340038e-34,8.689463188846427389e-24,3.421125261355797163e-11,3.562735578880257131e-03,1.012332559415809685e+00
2.835183333333333735e+02,1.053165394737059835e+00,1.053978450310774750e+00,1.374709577479525677e-85,5.322109522229896023e-34,1.017160312723748355e-23,3.791294699837138135e-11,3.720436395542755376e-03,1.015258013877319065e+00
2.835260000000000105e+02,1.071510632929032480e+00,1.056910109027866085e+00,1.953780353874061541e-85,6.319559772430681157e-34,1.190374892425692067e-23,4.200567512657419176e-11,3.884414881753590811e-03,1.018025694104106815e+00
2.835336666666667043e+02,1.066912752580393198e+00,1.059689152204886575e+00,2.775891330241125108e-85,7.502490564984241600e-34,1.392759091467388241e-23,4.652969997125615341e-11,4.054887093390018016e-03,1.020634265064966906e+00
2.835413333333333412e+02,1.055162925846510946e+00,1.062314541267037615e+00,3.942676325043865855e-85,8.905118513688105296e-34,1.629169003376098547e-23,5.152931777370056380e-11,4.232074987250019314e-03,1.023082466228258269e+00
2.835490000000000350e+02,1.064471276351099283e+00,1.064785319150112652e+00,5.598113918777955356e-85,1.056792112043810633e-33,1.905259639824200337e-23,5.705325024090034765e-11,4.416206515921811994e-03,1.025369112577137587e+00
2.835566666666666720e+02,1.070204357605953671e+00,1.067100611349691697e+00,7.946104662342327014e-85,1.253877288501034430e-33,2.227614772466594329e-23,6.315507366538581415e-11,4.607515721245974798e-03,1.027493095565290782e+00
2.835643333333333658e+02,1.071194848539895217e+00,1.069259626908815042e+00,1.127531730873771429e-84,1.487428582954868282e-33,2.603897612543386494e-23,6.989368832303856036e-11,4.806242826248076534e-03,1.029453384012673389e+00
2.835720000000000027e+02,1.072079209656918497e+00,1.071261659342360506e+00,1.599429884875570089e-84,1.764139089827812644e-33,3.043025629005456759e-23,7.733383179496771881e-11,5.012634325328621868e-03,1.031249024939698167e+00
2.835796666666666965e+02,1.071695084577694024e+00,1.073106087497561534e+00,2.268107227898071092e-84,2.091920313971711250e-33,3.555373321920414048e-23,8.554664017966938406e-11,5.226943072581344968e-03,1.032879144339433619e+00
2.835873333333333335e+02,1.075640417125148129e+00,1.074792376349090084e+00,3.215317772439854428e-84,2.480122115271479066e-33,4.153007363099374889e-23,9.461026150238779502e-11,5.449428368012915365e-03,1.034342947886466968e+00
2.835950000000000273e+02,1.077657678018746124e+00,1.076320077728198710e+00,4.556655146413031287e-84,2.939792017917462136e-33,4.849959203004208052e-23,1.046105260042352110e-10,5.680356041528555888e-03,1.035639721582059636e+00
2.836026666666666642e+02,1.081629296708254140e+00,1.077688830984553370e+00,6.455507127698702246e-84,3.483980868008677820e-33,5.662541035136656361e-23,1.156416783928421868e-10,5.919998534442911034e-03,1.036768832334468815e+00
2.836103333333333580e+02,1.074076440875649352e+00,1.078898363580307773e+00,9.142742965955845872e-84,4.128103051242636859e-33,6.609711923152883149e-23,1.278071775765200341e-10,6.168634978374503038e-03,1.037729728474126256e+00
2.836179999999999950e+02,1.071931109299680829e+00,1.079948491615266626e+00,1.294447968281072200e-83,4.890360924087135524e-33,7.713501949138392223e-23,1.412205698711492075e-10,6.426551271269543252e-03,1.038521940202776550e+00
2.836256666666666888e+02,1.079256013294000116e+00,1.080839120282747867e+00,1.832123006377273573e-83,5.792244804763755657e-33,8.999503456131772386e-23,1.560064421842761309e-10,6.694040150407793918e-03,1.039145079976333763e+00
2.836333333333333826e+02,1.087596954557755069e+00,1.081570244255219304e+00,2.592308003483633512e-83,6.859121856853631811e-33,1.049743985682071891e-22,1.723014622271760235e-10,6.971401262124680802e-03,1.039598842820793179e+00
2.836410000000000196e+02,1.078380025310403889e+00,1.082141947999342824e+00,3.666743370359739800e-83,8.120929530058699975e-33,1.224182409270042906e-22,1.902555134070495940e-10,7.258941228082992254e-03,1.039883006581004299e+00
2.836486666666667134e+02,1.085714755176505619e+00,1.082554406019827775e+00,5.184852100177192754e-83,9.612991957858278409e-33,1.427272068430252581e-22,2.100329326928085440e-10,7.556973707858966570e-03,1.039997432101935848e+00
2.836563333333333503e+02,1.083243754415693649e+00,1.082807883031642771e+00,7.329159479607271184e-83,1.137698092029696291e-32,1.663662745064775845e-22,2.318138604430767400e-10,7.865819457597634720e-03,1.039942063342231382e+00
2.836640000000000441e+02,1.077396134065625066e+00,1.082902734060319005e+00,1.035699850544422957e-82,1.346204674344651278e-32,1.938749543734561003e-22,2.557957119418099033e-10,8.185806384565768451e-03,1.039716927419957582e+00
2.836716666666666811e+02,1.081639061616016750e+00,1.082839404469972733e+00,1.463105347453974145e-82,1.592614891855996659e-32,2.258790842382313024e-22,2.821947811902339866e-10,8.517269597303643233e-03,1.039322134590474400e+00
2.836793333333333749e+02,1.084774022710235597e+00,1.082618429918895231e+00,2.066232669483650097e-82,1.883762139692986201e-32,2.631044663940810174e-22,3.112479883893266558e-10,8.860551451214783783e-03,1.038757878156432612e+00
2.836870000000000118e+02,1.083191121076393371e+00,1.082240436242558168e+00,2.917056175175128021e-82,2.227701357751998960e-32,3.063926306445514532e-22,3.432147834810020865e-10,9.216001589280356857e-03,1.038024434310063082e+00
2.836946666666667056e+02,1.082630239837836017e+00,1.081706139263951316e+00,4.116918822165954977e-82,2.633925510898722286e-32,3.567190500375149095e-22,3.783792191472134737e-10,9.583976977735888039e-03,1.037122161907836349e+00
2.837023333333333426e+02,1.077658350488158501e+00,1.081016344531326778e+00,5.808470084402474538e-82,3.113620094839573296e-32,4.152141857228026615e-22,4.170522077517055108e-10,9.964841936384759985e-03,1.036051502177889994e+00
2.837100000000000364e+02,1.076978029461339581e+00,1.080171946983339071e+00,8.192437796815709105e-82,3.679962286814202275e-32,4.831877942979091639e-22,4.595739779081627425e-10,1.035896816338570219e-02,1.034812978360379443e+00
2.837176666666666733e+02,1.082829796279373369e+00,1.079173930541874604e+00,1.155118369959191652e-81,4.348472501592912933e-32,5.621569964151140042e-22,5.063167476185888543e-10,1.076673475417742887e-02,1.033407195281380586e+00
2.837253333333333671e+02,1.078078443577754619e+00,1.078023367632636509e+00,1.628177582277865675e-81,5.137427449990449969e-32,6.538786806139621252e-22,5.576876323182537520e-10,1.118852821437830991e-02,1.031834838860570702e+00
2.837330000000000041e+02,1.076468309146791258e+00,1.076721418633994176e+00,2.294240771408215285e-81,6.068345361354821124e-32,7.603869026346224190e-22,6.141318076245657128e-10,1.162474246631355936e-02,1.030096675553548780e+00
2.837406666666666979e+02,1.072310662265342884e+00,1.075269331254236516e+00,3.231752983096909619e-81,7.166555862782944082e-32,8.840360396140918100e-22,6.761359482024172652e-10,1.207577884901020124e-02,1.028193551729090549e+00
2.837483333333333348e+02,1.074668482538718717e+00,1.073668439837958788e+00,4.550920675273774434e-81,8.461869149904347322e-32,1.027550572290702466e-21,7.442319658503804327e-10,1.254204611130212144e-02,1.026126392982424695e+00
2.837560000000000286e+02,1.077348503283426906e+00,1.071920164601784187e+00,6.406521901680257805e-81,9.989361590843736221e-32,1.194082498941314761e-21,8.190010717832200151e-10,1.302396039788972920e-02,1.023896203384893511e+00
2.837636666666666656e+02,1.075236069079553047e+00,1.070026010800369187e+00,9.015863068345942839e-81,1.179029783593409963e-31,1.387277534495685477e-21,9.010781900428906140e-10,1.352194522798707589e-02,1.021504064671304057e+00
2.837713333333333594e+02,1.070341311405579310e+00,1.067987567822962891e+00,1.268394182037198652e-80,1.391321293430360683e-31,1.611351420123119995e-21,9.911567511351080211e-10,1.403643146640678324e-02,1.018951135365399496e+00
2.837789999999999964e+02,1.078892217310324142e+00,1.065806508221668780e+00,1.783869654891730768e-80,1.641518196550222296e-31,1.871177865492316307e-21,1.089993897248355857e-09,1.456785728670770275e-02,1.016238649844967368e+00
2.837866666666666902e+02,1.064684196660442117e+00,1.063484586671756160e+00,2.508036985839520628e-80,1.936330937972535957e-31,2.172389871802382711e-21,1.198416132914330190e-09,1.511666812626283676e-02,1.013367917347077318e+00
2.837943333333333840e+02,1.067097615837022007e+00,1.061023638865343788e+00,3.525061496673211093e-80,2.283647571388538674e-31,2.521496442378884308e-21,1.317325457576066411e-09,1.568331663286980440e-02,1.010340320915148693e+00
2.838020000000000209e+02,1.057007881315204179e+00,1.058425580339001915e+00,4.952921005174519287e-80,2.692738574823134288e-31,2.926016984238994549e-21,1.447706019410660708e-09,1.626826260274117850e-02,1.007157316288554760e+00
2.838096666666667147e+02,1.057039481768653921e+00,1.055692405236392961e+00,6.956936627048487173e-80,3.174496963992124116e-31,3.394636043625477724e-21,1.590631332782738406e-09,1.687197290958097548e-02,1.003820430736180658e+00
2.838173333333333517e+02,1.053034592474799247e+00,1.052826185007227355e+00,9.768696916703435195e-80,3.741719729654129989e-31,3.937381407436039470e-21,1.747272104973478185e-09,1.749492142444468087e-02,1.000331261835510688e+00
2.838250000000000455e+02,1.050380881194375560e+00,1.049829067043144493e+00,1.371251658597966744e-79,4.409437644405806420e-31,4.565829047899827980e-21,1.918904721380834100e-09,1.813758892624040345e-02,9.966914761979993598e-01
2.838326666666666824e+02,1.044260654337464622e+00,1.046703273252322264e+00,1.924241774125955380e-79,5.195301673807666734e-31,5.293338897339803078e-21,2.106920442095257068e-09,1.880046300248080365e-02,9.929028081429212005e-01
2.838403333333333762e+02,1.039428653717876516e+00,1.043451098573369151e+00,2.699380173934713486e-79,6.120035615519244003e-31,6.135326023315141823e-21,2.312835366865185553e-09,1.948403794018632729e-02,9.889670583203474807e-01
2.838480000000000132e+02,1.042666118233780193e+00,1.040074909430489747e+00,3.785562416609477652e-79,7.207966210179148275e-31,7.109572441336715709e-21,2.538301229717640359e-09,2.018881460654292637e-02,9.848860922856457201e-01
2.838556666666667070e+02,1.041214745051327606e+00,1.036577142130528095e+00,5.307117597469772196e-79,8.487643858594121273e-31,8.236585565714146166e-21,2.785117089223028483e-09,2.091530031923232932e-02,9.806618390261787610e-01
2.838633333333333439e+02,1.029587636583936261e+00,1.032960301204047804e+00,7.437876331268824305e-79,9.992569284574752689e-31,9.540010171153575944e-21,3.055241985267252068e-09,2.166400870603708839e-02,9.762962894427688054e-01
2.838710000000000377e+02,1.027514241382038618e+00,1.029226957691095956e+00,1.042080184046649731e-78,1.176204405496799975e-30,1.104710173543117748e-20,3.350808638615140911e-09,2.243545955365806172e-02,9.717914947866291842e-01
2.838786666666666747e+02,1.019624922775229203e+00,1.025379747373968531e+00,1.459537521654310631e-78,1.384216586646422388e-30,1.278927017261512224e-20,3.674138275130440757e-09,2.323017864534794585e-02,9.671495650544822409e-01
2.838863333333333685e+02,1.016948078091885144e+00,1.021421368957661890e+00,2.043578539545001288e-78,1.628699300500579219e-30,1.480270426892681752e-20,4.027756662731014306e-09,2.404869758731986024e-02,9.623726673425853084e-01
2.838940000000000055e+02,1.007625308136789855e+00,1.017354582200478585e+00,2.860416962069940173e-78,1.915990645692056563e-30,1.712908861981525935e-20,4.414411455538317798e-09,2.489155362353794379e-02,9.574630241625292637e-01
2.839016666666666993e+02,1.007708506641066037e+00,1.013182205995502905e+00,4.002481179173754080e-78,2.253520289918964945e-30,1.981642656575514891e-20,4.837090946794665805e-09,2.575928943887392450e-02,9.524229117195379679e-01
2.839093333333333362e+02,1.013435328014574255e+00,1.008907116405552751e+00,5.598751533998937127e-78,2.649995732589583216e-30,2.291998456197011131e-20,5.299044339405896791e-09,2.665245295023978972e-02,9.472546581562687473e-01
2.839170000000000300e+02,1.007480733528575145e+00,1.004532244652353912e+00,7.829157552181487335e-78,3.115620051121233300e-30,2.650337563080308415e-20,5.803803651100551068e-09,2.757159708570963361e-02,9.419606417628405559e-01
2.839246666666666670e+02,9.935977335072792016e-01,1.000060575062664991e+00,1.094462317828503878e-77,3.662346400972954154e-30,3.063980206866055136e-20,6.355207379502512828e-09,2.851727955124588182e-02,9.365432891562117668e-01
2.839323333333333608e+02,9.955267812188935972e-01,9.954951429721276002e-01,1.529496672405189651e-77,4.304175413110245084e-30,3.541348046040672584e-20,6.957426061700703045e-09,2.949006258507352873e-02,9.310050734296280162e-01
2.839399999999999977e+02,9.954435735388219575e-01,9.908390325896837547e-01,2.136772086955541743e-77,5.057502649114658391e-30,4.092127533628267997e-20,7.614989872356097855e-09,3.049051269932587585e-02,9.253485122753679626e-01
2.839476666666666915e+02,9.884890106966086609e-01,9.860953748233470817e-01,2.984212941499803167e-77,5.941524457667232368e-30,4.727457155211577861e-20,8.332818414975601323e-09,3.151920040903827963e-02,9.195761660814903982e-01
2.839553333333333285e+02,9.851669205962821918e-01,9.812673450702846800e-01,4.166422994071687104e-77,6.978711952648487688e-30,5.460141973860274509e-20,9.116252871734125004e-09,3.257669994812286557e-02,9.136906360059089405e-01
2.839630000000000223e+02,9.680063173048402136e-01,9.763581609719993448e-01,5.815122282644555056e-77,8.195364435099794506e-30,6.304899403033972649e-20,9.971090689286144495e-09,3.366358897243765247e-02,9.076945620284709859e-01
2.839706666666667161e+02,9.780756655737660177e-01,9.713710801376261861e-01,8.113650312935940380e-77,9.622255443762953860e-30,7.278640682165752456e-20,1.090362299022070700e-08,3.478044824960209447e-02,9.015906209844011254e-01
2.839783333333333530e+02,9.747682135648709778e-01,9.663093978364044601e-01,1.131711328472383344e-76,1.129538678548675915e-29,8.400793160755334305e-20,1.192067491347173008e-08,3.592786133565321199e-02,8.953815245800762490e-01
2.839860000000000468e+02,9.629766385655635919e-01,9.611764446616318791e-01,1.578036275600069813e-76,1.325686841498248277e-29,9.693669214928735808e-20,1.302964910104344419e-08,3.710641423838420550e-02,8.890700173935985884e-01
2.839936666666666838e+02,9.483551995494006182e-01,9.559755841684770550e-01,2.199683737544912300e-76,1.555594496055706843e-29,1.118288843796017745e-19,1.423857256351696290e-08,3.831669506720487839e-02,8.826588748626995606e-01
2.840013333333333776e+02,9.447130064511367609e-01,9.507102104866990144e-01,3.065246801600759428e-76,1.825019309477501951e-29,1.289786067702934200e-19,1.555614717322056805e-08,3.955929366968438665e-02,8.761509012608674762e-01
2.840090000000000146e+02,9.397308521297221828e-01,9.453837459114707853e-01,4.270046399015917597e-76,2.140691790063417162e-29,1.487233854650240993e-19,1.699180405065195278e-08,4.083480125446487669e-02,8.695489276652018651e-01
2.840166666666667084e+02,9.335008103576103444e-01,9.399996384730956445e-01,5.946503553028857896e-76,2.510478097613634103e-29,1.714504925268216511e-19,1.855576212854348447e-08,4.214381000080896778e-02,8.628558099165245521e-01
2.840243333333333453e+02,9.277102180171125090e-01,9.345613594889022879e-01,8.278520214373888247e-76,2.943569835113609831e-29,1.976041693324245273e-19,2.025909119677230708e-08,4.348691265447870991e-02,8.560744265753323923e-01
2.840320000000000391e+02,9.268913893568445639e-01,9.290724010980958569e-01,1.152141146167376190e-75,3.450705248324474665e-29,2.276938827178018932e-19,2.211377975260892811e-08,4.486470211025846144e-02,8.492076768740576265e-01
2.840396666666666761e+02,9.181983118990795223e-01,9.235362737828890500e-01,1.602952312142482384e-75,4.044426978555515934e-29,2.623037591563250336e-19,2.413280800200926152e-08,4.627777098083826757e-02,8.422584786692427494e-01
2.840473333333333699e+02,9.249460735392022182e-01,9.179565038766770435e-01,2.229448579385387090e-75,4.739382348332710144e-29,3.021033623593176546e-19,2.633022638172937449e-08,4.772671115242205914e-02,8.352297663940285721e-01
2.840550000000000068e+02,9.159735839597175078e-01,9.123366310626068731e-01,3.099818460189799247e-75,5.552673127515408965e-29,3.478600025024128946e-19,2.872123999591969337e-08,4.921211332679826383e-02,8.281244890145685877e-01
2.840626666666667006e+02,9.157386027049518873e-01,9.066802058632852379e-01,4.308608191122460328e-75,6.504262850807728314e-29,4.004527912192394111e-19,3.132229938803605697e-08,5.073456655029136286e-02,8.209456079906944925e-01
2.840703333333333376e+02,8.905739553123126484e-01,9.009907871249935862e-01,5.986868065323833010e-75,7.617451060042641818e-29,4.608886859157449771e-19,3.415119809574695277e-08,5.229465772935367601e-02,8.136960952444417527e-01
2.840780000000000314e+02,8.891072449989092519e-01,8.952719394971268008e-01,8.316188306881651618e-75,8.919425355774985367e-29,5.303208003813184104e-19,3.722717746715844327e-08,5.389297113327400773e-02,8.063789311366752477e-01
2.840856666666666683e+02,8.943641686932025658e-01,8.895272309102347785e-01,1.154810925770238931e-74,1.044190389395771142e-28,6.100692965507225791e-19,4.057103924680959406e-08,5.553008788378488436e-02,7.989971024554106682e-01
2.840933333333333621e+02,8.841819995752567829e-01,8.837602300533512478e-01,1.603095503233125844e-74,1.222188299453601228e-28,7.016452152928978880e-19,4.420526647437989208e-08,5.720658543210438429e-02,7.915536004159803296e-01
2.841009999999999991e+02,8.777281894424089348e-01,8.779745038539854551e-01,2.224691779235403132e-74,1.430250688153967485e-28,8.067776528317634225e-19,4.815415327282250435e-08,5.892303702321979170e-02,7.840514186766123217e-01
2.841086666666666929e+02,8.733568911165686677e-01,8.721736149614300881e-01,3.086329190433930475e-74,1.673407930180387510e-28,9.274447447238156210e-19,5.244394414141302899e-08,6.068001114800965906e-02,7.764935513694762870e-01
2.841163333333333298e+02,8.654210768080704552e-01,8.663611192367460800e-01,4.280323417311741465e-74,1.957523992765916426e-28,1.065908981939667716e-18,5.710298340697332103e-08,6.247807098303665568e-02,7.688829911507260029e-01
2.841240000000000236e+02,8.560477606665505279e-01,8.605405632500394697e-01,5.934346028669957581e-74,2.289433210876274223e-28,1.224757454653830171e-18,6.216187553007633609e-08,6.431777381867295751e-02,7.612227272694909175e-01
2.841316666666667174e+02,8.600508225436921395e-01,8.547154817883271249e-01,8.224908771913135841e-74,2.677099277415670743e-28,1.406947699740015616e-18,6.765365700526070130e-08,6.619967047542930916e-02,7.535157436592407887e-01
2.841393333333333544e+02,8.434464213985907177e-01,8.488893953748674059e-01,1.139596889825269172e-73,3.129800019205239192e-28,1.615859919132141899e-18,7.361398064275867685e-08,6.812430470911655378e-02,7.457650170517701183e-01
2.841470000000000482e+02,8.432250404150736234e-01,8.430658078023138824e-01,1.578459209427406989e-73,3.658342097229627700e-28,1.855356439347239286e-18,8.008131306751445321e-08,7.009221260503514794e-02,7.379735151159656503e-01
2.841546666666666852e+02,8.311957278659323212e-01,8.372482036820345641e-01,2.185633877627698824e-73,4.275310426716027508e-28,2.129849399233099414e-18,8.709714632314421009e-08,7.210392196138902532e-02,7.301441946234992209e-01
2.841623333333333790e+02,8.332301539196671492e-01,8.314400460104047763e-01,3.025404206159860373e-73,4.995357873034877922e-28,2.444377785226163821e-18,9.470622452525899389e-08,7.415995166265451632e-02,7.222799996415256718e-01
2.841700000000000159e+02,8.178421032029654647e-01,8.256447737552762289e-01,4.186502369504949346e-73,5.835541658679129246e-28,2.804695082828138171e-18,1.029567865640396810e-07,7.626081104284616885e-02,7.143838597556434467e-01
2.841776666666667097e+02,8.190465896821174097e-01,8.198657994630792478e-01,5.791368754129312781e-73,6.815713934022892308e-28,3.217368982255547720e-18,1.119008259204872915e-07,7.840699923957282491e-02,7.064586883226804392e-01
2.841853333333333467e+02,8.117880010468093710e-01,8.141065068897518353e-01,8.008903084514190078e-73,7.958975140388068910e-28,3.689894767314474363e-18,1.215943687220263773e-07,8.059900453883832305e-02,6.985073807565447268e-01
2.841930000000000405e+02,8.113740820235310069e-01,8.083702486559045663e-01,1.107201843650629466e-72,9.292200154030469971e-28,4.230824232908972538e-18,1.320977712351832366e-07,8.283730371155147154e-02,6.905328128465818560e-01
2.842006666666666774e+02,8.082044448175835782e-01,8.026603439293511499e-01,1.530179941097061369e-72,1.084664877078560651e-27,4.849912220741561643e-18,1.434760380609051490e-07,8.512236134172493363e-02,6.825378391115881627e-01
2.842083333333333712e+02,7.987518209095824107e-01,7.969800761353657004e-01,2.114073835014066248e-72,1.265867390769992218e-27,5.558283139047497159e-18,1.557991623783625862e-07,8.745462914739812743e-02,6.745252911888051095e-01
2.842160000000000082e+02,7.920366679352788264e-01,7.913326906977264930e-01,2.919844613900693412e-72,1.477054299554245990e-27,6.368620143802390043e-18,1.691424896580989335e-07,8.983454529429057978e-02,6.664979762609462011e-01
2.842236666666667020e+02,7.879876540321767431e-01,7.857213928108559564e-01,4.031449939880473765e-72,1.723139046036847802e-27,7.295380011275172975e-18,1.835871063546777111e-07,9.226253370328933723e-02,6.584586755204602238e-01
2.842313333333333389e+02,7.804315443412915831e-01,7.801493452460401823e-01,5.564482039009677581e-72,2.009832199036547035e-27,8.355037129050656315e-18,1.992202551717883453e-07,9.473900335180321375e-02,6.504101426739817837e-01
2.842390000000000327e+02,7.781718275171718435e-01,7.746196661919864113e-01,7.678036296612037423e-72,2.343769451676337372e-27,9.566360481737984271e-18,2.161357785919528523e-07,9.726434757015729737e-02,6.423551024860504333e-01
2.842466666666666697e+02,7.774622108228343986e-01,7.691354271326181768e-01,1.059101343767145271e-71,2.732659956693464903e-27,1.095072801348932275e-17,2.344345924541879835e-07,9.983894333308386548e-02,6.342962493649417777e-01
2.842543333333333635e+02,7.666372590519766606e-01,7.636996507623160513e-01,1.460450425598091950e-71,3.185458195451202346e-27,1.253248332110318983e-17,2.542251914729786381e-07,1.024631505475528115e-01,6.262362459895717270e-01
2.842620000000000005e+02,7.594603908178019225e-01,7.583153089414113035e-01,2.013251644330486438e-71,3.712563073778523341e-27,1.433934027508280896e-17,2.756241886921849755e-07,1.051373113370195067e-01,6.181777219802030432e-01
2.842696666666666943e+02,7.391919121699299655e-01,7.529853206920902320e-01,2.774413874584428736e-71,4.326048511059947341e-27,1.640284189289087426e-17,2.987568909893458158e-07,1.078617493234021035e-01,6.101232726117971072e-01
2.842773333333333312e+02,7.555896476111717552e-01,7.477125502374224464e-01,3.822138103693936514e-71,5.039930449831671687e-27,1.875888060652210736e-17,3.237579128558221629e-07,1.106367689068864374e-01,6.020754575726231517e-01
2.842850000000000250e+02,7.492266091212383960e-01,7.424998050836157937e-01,5.263849272778085281e-71,5.870475975658014762e-27,2.144828798976818421e-17,3.507718308129589605e-07,1.134626545449365503e-01,5.940367997668484223e-01
2.842926666666666620e+02,7.390979026298518662e-01,7.373498341481121710e-01,7.247070015914706050e-71,6.836561115629246537e-27,2.451750304878771821e-17,3.799538809448140107e-07,1.163396700306284365e-01,5.860097841636027205e-01
2.843003333333333558e+02,7.319818564267783767e-01,7.322653259335764053e-01,9.974322626195666078e-71,7.960084897162523723e-27,2.801932935102864424e-17,4.114707021768234449e-07,1.192680577717489948e-01,5.779968566911252159e-01
2.843080000000000496e+02,7.208870427875619935e-01,7.272489067502477811e-01,1.372354492864999898e-70,9.266448415860681860e-27,3.201379258413691169e-17,4.455011280614453858e-07,1.222480380708157455e-01,5.700004231783039055e-01
2.843156666666666865e+02,7.262655016691415000e-01,7.223031389869166707e-01,1.887605124006022985e-70,1.078510900663811421e-26,3.656911162095967294e-17,4.822370299938336880e-07,1.252798084073667439e-01,5.620228483425198096e-01
2.843233333333333803e+02,7.174817411340870255e-01,7.174305194321076717e-01,2.595481448389812642e-70,1.255022116161675945e-26,4.176279783536348296e-17,5.218842149314251147e-07,1.283635427231565596e-01,5.540664548247360432e-01
2.843310000000000173e+02,7.174755423489396211e-01,7.126334776469697152e-01,3.567686235350331384e-70,1.460137762273661556e-26,4.768289929126994689e-17,5.646633808548413277e-07,1.314993907108830684e-01,5.461335222727057293e-01
2.843386666666667111e+02,7.172478287214456572e-01,7.079143743900705443e-01,4.902496800463968464e-70,1.698446613234102282e-26,5.442940854091896772e-17,6.108111333904436308e-07,1.346874771078869215e-01,5.382262864710500860e-01
2.843463333333333480e+02,7.063508943149158226e-01,7.032755000962752634e-01,6.734570867328293058e-70,1.975265968984391450e-26,6.211585514125960255e-17,6.605810671787545600e-07,1.379279009950048762e-01,5.303469385202030928e-01
2.843540000000000418e+02,6.933912258082212121e-01,6.987190734095953815e-01,9.248354705754098205e-70,2.296756088624139011e-26,7.087110666991294397e-17,7.142449157808887370e-07,1.412207351022250201e-01,5.224976240624544799e-01
2.843616666666666788e+02,6.958756804306948096e-01,6.942472397721034527e-01,1.269641095466027875e-69,2.670052402031614890e-26,8.084140501954888941e-17,7.720937740906026202e-07,1.445660251213062575e-01,5.146804425570229435e-01
2.843693333333333726e+02,6.854487958991443142e-01,6.898620700687525531e-01,1.742446315813529129e-69,3.103418230629207051e-26,9.219266812409379655e-17,8.344393974478131729e-07,1.479637890270632250e-01,5.068974466022917458e-01
2.843770000000000095e+02,6.777801760256472186e-01,6.855655593300743478e-01,2.390560747567833574e-69,3.606421162756264835e-26,1.051130910526752888e-16,9.016155818389765593e-07,1.514140164074765649e-01,4.991506413070158632e-01
2.843846666666667033e+02,6.854914176214680355e-01,6.813596254925469164e-01,3.278703197703514971e-69,4.190136706104737572e-26,1.198160846635841112e-16,9.739796298196253115e-07,1.549166678043783218e-01,4.914419837085386433e-01
2.843923333333333403e+02,6.767509597869038052e-01,6.772461082184799697e-01,4.495379560408731324e-69,4.867383387721284135e-26,1.365435947785750907e-16,1.051913906998478291e-06,1.584716740648676181e-01,4.837733822397051742e-01
2.844000000000000341e+02,6.782028869207750166e-01,6.732267677751646584e-01,6.161586805488385169e-69,5.652994102523451437e-26,1.555698502006298689e-16,1.135827494195763703e-06,1.620789357052478952e-01,4.761466962424223959e-01
2.844076666666666711e+02,6.588436662066011751e-01,6.693032839750072682e-01,8.442687573864540977e-69,6.564129235313039082e-26,1.772055939021556430e-16,1.226157940607490449e-06,1.657383222876327722e-01,4.685637355294336448e-01
2.844153333333333649e+02,6.681149949578528702e-01,6.654772551763467048e-01,1.156460510576764846e-68,7.620637913828288832e-26,2.018028584601183170e-16,1.323373123605796823e-06,1.694496718110483080e-01,4.610262599921746141e-01
2.844230000000000018e+02,6.607384792592934097e-01,6.617501973465484966e-01,1.583590323124914293e-68,8.845474706110064799e-26,2.297603543663862261e-16,1.427973221039877761e-06,1.732127901171646167e-01,4.535359792561625691e-01
2.844306666666666956e+02,6.533804114159476040e-01,6.581235431870301467e-01,2.167788026575217339e-68,1.026518017399350607e-25,2.615295483271490722e-16,1.540492802227224263e-06,1.770274503125172649e-01,4.460945523817104186e-01
2.844383333333333326e+02,6.414951233429552202e-01,6.545986413216768884e-01,2.966557219400838687e-68,1.191043495505474559e-25,2.976215181537617850e-16,1.661503044075036028e-06,1.808933922073311384e-01,4.387035876113013488e-01
2.844460000000000264e+02,6.477336343121837814e-01,6.511767555482642633e-01,4.058360180027067488e-68,1.381669849360925389e-25,3.386146815039616783e-16,1.791614079125468516e-06,1.848103217728344905e-01,4.313646421613502313e-01
2.844536666666666633e+02,6.548993611299155360e-01,6.478590641542077977e-01,5.550222440674103225e-68,1.602494520244737359e-25,3.851635076412899092e-16,1.931477482584187936e-06,1.887779106171497134e-01,4.240792220595750450e-01
2.844613333333333571e+02,6.388176821844119280e-01,6.446466592962181164e-01,7.588084042202887572e-68,1.858251274472518247e-25,4.380083347491112160e-16,2.081788905776354831e-06,1.927957954816695019e-01,4.168487820256424059e-01
2.844690000000000509e+02,6.431941103580692820e-01,6.415405464450231188e-01,1.037088498473716156e-67,2.154407931256695363e-25,4.979864302663668562e-16,2.243290863756652175e-06,1.968635777580054758e-01,4.096747253961534052e-01
2.844766666666666879e+02,6.383155817885505234e-01,6.385416438948526840e-01,1.416972578460339672e-67,2.497278928957880616e-25,5.660444484609746876e-16,2.416775685207358414e-06,2.009808230272182306e-01,4.025584040919487072e-01
2.844843333333333817e+02,6.405807348915630861e-01,6.356507823382382405e-01,1.935392331780837641e-67,2.894154956245324344e-25,6.432524581683859704e-16,2.603088633091182530e-06,2.051470606220180404e-01,3.955011186275864676e-01
2.844920000000000186e+02,6.302839788740516314e-01,6.328687045065649608e-01,2.642643189685898758e-67,3.353452204709319548e-25,7.308197345615688182e-16,2.803131204896818164e-06,2.093617832125860279e-01,3.885041181627732487e-01
2.844996666666667124e+02,6.184586259704997202e-01,6.301960648760299710e-01,3.607198015866106319e-67,3.884884177929655274e-25,8.301125322601135428e-16,3.017864621754708718e-06,2.136244464177392832e-01,3.815686005936680947e-01
2.845073333333333494e+02,6.272533812816133425e-01,6.276334294398208113e-01,4.922246746702748713e-67,4.499659425495029362e-25,9.426740832400247420e-16,3.248313516027143380e-06,2.179344684414247502e-01,3.746957126848790565e-01
2.845150000000000432e+02,6.220385524993937709e-01,6.251812755459558169e-01,6.714577952722637532e-67,5.210709067589439928e-25,1.070247092313533316e-15,3.495569827484138159e-06,2.222912297364689205e-01,3.678865502396583276e-01
2.845226666666666802e+02,6.231842068394669587e-01,6.228399918014855263e-01,9.156637091307907604e-67,6.032948544821278145e-25,1.214799035608538657e-15,3.760796918507582055e-06,2.266940726954869978e-01,3.611421583090788090e-01
2.845303333333333740e+02,6.214947204529140956e-01,6.206098780424652572e-01,1.248289237475196582e-66,6.983578680324767125e-25,1.378550604063865643e-15,4.045233919315448352e-06,2.311423013708704677e-01,3.544635314376740065e-01
2.845380000000000109e+02,6.173038090485367668e-01,6.184911453702500728e-01,1.701203989865681376e-66,8.082431887579682601e-25,1.564007674701899691e-15,4.350200314539736545e-06,2.356351812236962551e-01,3.478516139462376477e-01
2.845456666666667047e+02,6.169877205483391691e-01,6.164839162534909711e-01,2.317712171135545275e-66,9.352370212728710122e-25,1.773997238062099621e-15,4.677100783084186241e-06,2.401719389034622787e-01,3.413073002492437724e-01
2.845533333333333417e+02,6.193431267791913442e-01,6.145882246962428574e-01,3.156636344486899921e-66,1.081974287839741854e-24,2.011707760955401782e-15,5.027430303539610651e-06,2.447517620584286069e-01,3.348314352075086875e-01
2.845610000000000355e+02,6.150521361984525592e-01,6.128040164715253812e-01,4.297852889212876791e-66,1.251491211653260249e-24,2.280734520525719252e-15,5.402779538071409392e-06,2.493737991784432950e-01,3.284248145135417185e-01
2.845686666666666724e+02,6.169016725396284651e-01,6.111311494206078665e-01,5.849792774948648985e-66,1.447285735872365807e-24,2.585130508811936200e-15,5.804840508053219796e-06,2.540371594699645796e-01,3.220881851101325410e-01
2.845763333333333662e+02,6.106518039130265363e-01,6.095693938173215587e-01,7.959602135343067402e-66,1.673386931913130962e-24,2.929463577708684697e-15,6.235412575405133349e-06,2.587409127651255636e-01,3.158222456396175826e-01
2.845840000000000032e+02,6.057414494702886287e-01,6.081184327975358572e-01,1.082690136440458225e-65,1.934434718107033904e-24,3.318880572817648943e-15,6.696408743958074745e-06,2.634840894644790987e-01,3.096276469243093854e-01
2.845916666666666970e+02,6.027095989323179026e-01,6.067778628530592355e-01,1.472241118354853632e-65,2.235771401641772103e-24,3.759179292558067467e-15,7.189862295900344879e-06,2.682656805152299762e-01,3.035049924755295336e-01
2.845993333333333339e+02,6.033804250311850526e-01,6.055471943899640719e-01,2.001315910695413527e-65,2.583546775784326573e-24,4.256889206522307270e-15,7.717933778726106042e-06,2.730846374245105013e-01,2.974548390316706370e-01
2.846070000000000277e+02,6.029182680346519829e-01,6.044258523505651182e-01,2.719658006312906123e-65,2.984838755028402818e-24,4.819361976161016214e-15,8.282918358892739510e-06,2.779398723094622103e-01,2.914776971227391322e-01
2.846146666666666647e+02,6.000061933253223456e-01,6.034131768989013933e-01,3.694663457571315176e-65,3.447791816958410656e-24,5.454872941994178532e-15,8.887253558753601724e-06,2.828302579835916264e-01,2.855740316617454977e-01
2.846223333333333585e+02,6.017735562061020671e-01,6.025084241689269149e-01,5.017615949987990976e-65,3.981775846861576629e-24,6.172734876839734398e-15,9.533527394174837262e-06,2.877546280811115742e-01,2.797442625604149580e-01
2.846299999999999955e+02,5.943428842333191575e-01,6.017107670751160597e-01,6.812113754294644873e-65,4.597568354549391971e-24,6.983425454646721256e-15,1.022448693059515153e-05,2.927117772186449973e-01,2.739887653695334269e-01
2.846376666666666893e+02,6.065943029930302988e-01,6.010192961846493320e-01,9.245455407026071768e-65,5.307563459732176991e-24,7.898730052115704097e-15,1.096304727618848757e-05,2.977004611959406244e-01,2.683078719414245250e-01
2.846453333333333831e+02,6.008364230370305537e-01,6.004330206507526579e-01,1.254401796260594474e-64,6.126011529216956559e-24,8.931901686105939148e-15,1.175230103112896769e-05,3.027193972349210283e-01,2.627018711147915409e-01
2.846530000000000200e+02,5.991586472760215276e-01,5.999508692063423299e-01,1.701402115861129267e-64,7.069293905536328418e-24,1.009784009714263694e-14,1.259552821287114819e-05,3.077672642583835771e-01,2.571710094197356966e-01
2.846606666666667138e+02,5.980643318714967682e-01,5.995716912173303381e-01,2.306955473017214172e-64,8.156237801170517874e-24,1.141329221933614132e-14,1.349620667784649596e-05,3.128427032083588299e-01,2.517154918022821986e-01
2.846683333333333508e+02,5.978881465950490748e-01,5.992942577948389138e-01,3.127039723132806044e-64,9.408477156663604495e-24,1.289707653281031220e-14,1.445802306060727318e-05,3.179443174040654796e-01,2.463354823676999206e-01
2.846760000000000446e+02,5.987663841421555500e-01,5.991172629654352155e-01,4.237303057828792227e-64,1.085086608739308889e-23,1.457033407940200981e-14,1.548488425235467706e-05,3.230706729406761513e-01,2.410311051404921134e-01
2.846836666666666815e+02,5.964009057516995727e-01,5.990393248986193298e-01,5.739943229642353537e-64,1.251195248560563142e-23,1.645680923771742488e-14,1.658092944109065063e-05,3.282202991279546955e-01,2.358024448412070762e-01
2.846913333333333753e+02,5.922534473115741438e-01,5.990589871906030206e-01,7.772981069339867526e-64,1.442452041941316268e-23,1.858316370511147446e-14,1.775054273675444859e-05,3.333916889701544206e-01,2.306495476776932729e-01
2.846990000000000123e+02,6.013532981811888778e-01,5.991747202034861663e-01,1.052275757735850822e-63,1.662621119483822329e-23,2.097932752292077694e-14,1.899836640491924311e-05,3.385832996860925759e-01,2.255724221509677052e-01
2.847066666666667061e+02,6.028433403138814262e-01,5.993849224588315705e-01,1.424076969041735737e-63,1.916023434408647618e-23,2.367889141451088240e-14,2.032931473382141728e-05,3.437935532707029895e-01,2.205710398733710942e-01
2.847143333333333430e+02,6.103521161030208697e-01,5.996879220846161873e-01,1.926634366341806442e-63,2.207618139361891127e-23,2.671954518454832128e-14,2.174858855965184026e-05,3.490208370968707063e-01,2.156453363991590877e-01
2.847220000000000368e+02,6.153404107813011947e-01,6.000819783145227015e-01,2.605716031651331206e-63,2.543095707959460192e-23,3.014356746129802616e-14,2.326169047631130934e-05,3.542635045587571585e-01,2.107952120652590855e-01
2.847296666666666738e+02,6.013187636494439214e-01,6.005652830384254903e-01,3.523033797541553856e-63,2.928984474229977403e-23,3.399837265289389660e-14,2.487444075591571202e-05,3.595198757553078051e-01,2.060205328423277138e-01
2.847373333333333676e+02,6.080235603365196084e-01,6.011359624029956050e-01,4.761770677972494189e-63,3.372772498447430795e-23,3.833712164450038652e-14,2.659299400768952562e-05,3.647882382150520186e-01,2.013211311938976067e-01
2.847450000000000045e+02,5.954744778001099803e-01,6.017920784611567875e-01,6.434015244768127949e-63,3.883046935493909554e-23,4.321940348732156117e-14,2.842385660288108092e-05,3.700668476607724133e-01,1.966968069437382560e-01
2.847526666666666983e+02,5.931716039002452590e-01,6.025316308692831857e-01,8.690757604417272366e-63,4.469653386924968300e-23,4.871199613622660556e-14,3.037390489476989621e-05,3.753539288150546382e-01,1.921473281492850071e-01
2.847603333333333353e+02,6.047678798364684027e-01,6.033525586307481037e-01,1.173532525445832278e-62,5.143878064678882710e-23,5.488971518157641321e-14,3.245040426272691414e-05,3.806476762451765361e-01,1.876724319812539954e-01
2.847680000000000291e+02,6.115217141545580271e-01,6.042527418846815879e-01,1.584143672904012687e-62,5.918655989416021773e-23,6.183636050960837667e-14,3.466102901081093732e-05,3.859462552482440523e-01,1.832718256073648244e-01
2.847756666666666661e+02,5.955990901605852095e-01,6.052300037384268361e-01,2.137745227682573684e-62,6.808808895369011270e-23,6.964577191559069917e-14,3.701388315115391201e-05,3.912478027749181630e-01,1.789451870802878097e-01
2.847833333333333599e+02,6.044180766388946857e-01,6.062821121425222559e-01,2.883893820165005751e-62,7.831317024763489896e-23,7.842300590587551199e-14,3.951752210399970394e-05,3.965504283925320173e-01,1.746921662278078657e-01
2.847909999999999968e+02,6.092830805355456958e-01,6.074067818065871371e-01,3.889238081706461530e-62,9.005629575473055622e-23,8.828564725983019892e-14,4.218097534588555143e-05,4.018522152858291507e-01,1.705123855453238024e-01
2.847986666666666906e+02,6.117356166715999244e-01,6.086016761548989074e-01,5.243384850861569274e-62,1.035401922646258738e-22,9.936527040636746104e-14,4.501377003916680737e-05,4.071512212960107790e-01,1.664054410887495228e-01
2.848063333333333276e+02,6.119646425110258914e-01,6.098644093199391270e-01,7.066768796729635953e-62,1.190198691588595824e-22,1.118090673028737694e-13,4.802595567553923561e-05,4.124454799962111173e-01,1.623709033679406055e-01
2.848140000000000214e+02,6.115636820350447422e-01,6.111925481726609988e-01,9.521206246149425267e-62,1.367872390042844662e-22,1.257816603188121135e-13,5.122812976802720034e-05,4.177330018039781545e-01,1.584083182387889810e-01
2.848216666666667152e+02,6.156495111959480182e-01,6.125836143876621787e-01,1.282404417208735069e-61,1.571763909329097590e-22,1.414671206220556893e-13,5.463146462518918587e-05,4.230117751288063332e-01,1.545172077940891453e-01
2.848293333333333521e+02,6.111099583401371493e-01,6.140350865419127446e-01,1.726712289463366784e-61,1.805696077996658306e-22,1.590712147814644634e-13,5.824773524301408843e-05,4.282797675549138150e-01,1.506970712515967870e-01
2.848370000000000459e+02,6.106892145036671993e-01,6.155444022453486763e-01,2.324218196928456660e-61,2.074042306125292738e-22,1.788239047387705534e-13,6.208934834976276697e-05,4.335349270580242109e-01,1.469473858387958243e-01
2.848446666666666829e+02,6.089996538046602570e-01,6.171089603015725844e-01,3.127488752208125273e-61,2.381804879281991457e-22,2.009821289990786680e-13,6.616937263937257502e-05,4.387751832548655861e-01,1.432676076738665649e-01
2.848523333333333767e+02,6.125216142999907465e-01,6.187261228972719129e-01,4.207039195162602380e-61,2.734704240340392364e-22,2.258328958724501699e-13,7.050157023048027446e-05,4.439984486854086643e-01,1.396571726414068959e-01
2.848600000000000136e+02,6.221842775067620845e-01,6.203932178183123591e-01,5.657431473515076206e-61,3.139280780222313788e-22,2.536967228778621276e-13,7.510042938693407214e-05,4.492026201256328344e-01,1.361154972630388427e-01
2.848676666666667074e+02,6.216473449060283540e-01,6.221075406911505956e-01,7.605433766745916070e-61,3.603010866373033943e-22,2.849314600578610852e-13,7.998119853788778215e-05,4.543855799310037580e-01,1.326419795613240082e-01
2.848753333333333444e+02,6.265541303309760668e-01,6.238663572474393293e-01,1.022093478425881964e-60,4.134439073159855579e-22,3.199365389420647134e-13,8.515992163387646409e-05,4.595451974083177293e-01,1.292359999171678042e-01
2.848830000000000382e+02,6.253460789630832517e-01,6.256669056104423587e-01,1.373153816285020789e-60,4.743328845722915013e-22,3.591576933228633368e-13,9.065347487766567446e-05,4.646793302159876737e-01,1.258969219192178635e-01
2.848906666666666752e+02,6.248912830612722846e-01,6.275063986010590567e-01,1.844207150456531374e-60,5.440834131553853881e-22,4.030922028573104512e-13,9.647960486662519332e-05,4.697858257903346768e-01,1.226240932054546845e-01
2.848983333333333690e+02,6.349965874845426850e-01,6.293820260620539564e-01,2.476065660784587916e-60,6.239694857798947023e-22,4.522947158870594718e-13,1.026569681859150810e-04,4.748625227978546248e-01,1.194168462955610965e-01
2.849060000000000059e+02,6.350792990152285267e-01,6.312909571982252555e-01,3.323353623978472605e-60,7.154459521348150969e-22,5.073837137585926900e-13,1.092051724893374246e-04,4.799072526109396941e-01,1.162744994142888427e-01
2.849136666666666997e+02,6.381609240778252090e-01,6.332303429310907061e-01,4.459158355435579647e-60,8.201738600315133626e-22,5.690486854540817786e-13,1.161448191074195512e-04,4.849178408069215740e-01,1.131963573044925675e-01
2.849213333333333367e+02,6.271444979552645016e-01,6.351973182657644212e-01,5.981239298313055340e-60,9.400492995079827396e-22,6.380580884880425192e-13,1.234975472194041490e-04,4.898921086878409437e-01,1.101817120300659786e-01
2.849290000000000305e+02,6.383938380070842689e-01,6.371890046685878550e-01,8.020314581983081498e-60,1.077236227378332817e-21,7.152681799402019100e-13,1.312860796287250171e-04,4.948278748207081135e-01,1.072298437675356514e-01
2.849366666666666674e+02,6.394620667561941030e-01,6.392025124531424130e-01,1.075111655785311028e-59,1.234203813806754488e-21,8.016328101512650753e-13,1.395342701781524160e-04,4.997229565955952357e-01,1.043400215865673969e-01
2.849443333333333612e+02,6.360939854873032262e-01,6.412349431731894089e-01,1.440713679700425479e-59,1.413768925160843705e-21,8.982142811945649789e-13,1.482671528439114591e-04,5.045751718012273512e-01,1.015115042182199029e-01
2.849519999999999982e+02,6.440432168422435266e-01,6.432833920201291855e-01,1.930028542848676548e-59,1.619144439550220336e-21,1.006195382711754414e-12,1.575109925441162335e-04,5.093823402153550006e-01,9.874354081122387050e-02
2.849596666666666920e+02,6.442249980764523931e-01,6.453449502235149016e-01,2.584709422192431001e-59,1.853994184575972263e-21,1.126892729297457147e-12,1.672933377002093209e-04,5.141422852094861273e-01,9.603537167520156959e-02
2.849673333333333289e+02,6.492852835343627671e-01,6.474167074521826049e-01,3.460363022847190839e-59,2.122495392026709215e-21,1.261771536279470433e-12,1.776430745855182424e-04,5.188528353652108738e-01,9.338622901112436647e-02
2.849750000000000227e+02,6.501159687069445470e-01,6.494957542145262108e-01,4.631200051709199894e-59,2.429409683469112293e-21,1.412461984753527275e-12,1.885904834986480553e-04,5.235118261016116215e-01,9.079533762800336139e-02
2.849826666666667165e+02,6.529828085068075660e-01,6.515791842554776725e-01,6.196227610074880518e-59,2.780163735310099946e-21,1.580777342019826679e-12,2.001672967942422687e-04,5.281171013109891010e-01,8.826191564611354790e-02
2.849903333333333535e+02,6.454884849560791338e-01,6.536640969486074981e-01,8.287492075102302707e-59,3.180940924368623441e-21,1.768734020469724624e-12,2.124067588068370791e-04,5.326665150020795103e-01,8.578517518595246694e-02
2.849980000000000473e+02,6.597634867955218807e-01,6.557475996812248686e-01,1.108104789378824193e-58,3.638785427196327264e-21,1.978573776444165542e-12,2.253436877000603098e-04,5.371579329486797505e-01,8.336432304286642281e-02
2.850056666666666843e+02,6.538885136146955768e-01,6.578268102303489462e-01,1.481154901597447194e-58,4.161720441073848710e-21,2.212788270885821858e-12,2.390145392719295330e-04,5.415892343415990018e-01,8.099856134726526879e-02
2.850133333333333781e+02,6.656405406519060319e-01,6.598988591279785210e-01,1.979165311787027983e-58,4.758882414775155751e-21,2.474146235951647709e-12,2.534574727491494071e-04,5.459583134430094908e-01,7.868708820974563978e-02
2.850210000000000150e+02,6.575373655773572024e-01,6.619608920132098451e-01,2.643781768790836373e-58,5.440673425624417479e-21,2.765723516119179390e-12,2.687124185965795433e-04,5.502630812403739302e-01,7.642909835147360109e-02
2.850286666666667088e+02,6.650452889879301388e-01,6.640100719697484832e-01,3.530458237837854330e-58,6.218934120454465674e-21,3.090936279245240774e-12,2.848211483727718487e-04,5.545014670992023387e-01,7.422378371908243400e-02
2.850363333333333458e+02,6.644702625651823791e-01,6.660435818463688040e-01,4.713011462407292277e-58,7.107139954987149543e-21,3.453577722323237693e-12,3.018273466541488087e-04,5.586714204117865235e-01,7.207033408447452438e-02
2.850440000000000396e+02,6.707139149749925533e-01,6.680586265588750461e-01,6.289669939930324089e-58,8.120623824607467331e-21,3.857858629051166220e-12,3.197766850556377281e-04,5.627709122411075349e-01,6.996793762885403223e-02
2.850516666666666765e+02,6.736467411725260979e-01,6.700524353711538872e-01,8.391105044662661774e-58,9.276828583452819916e-21,4.308452171495031299e-12,3.387168983661692436e-04,5.667979369570829151e-01,6.791578151139629482e-02
2.850593333333333703e+02,6.725674343476963912e-01,6.720222641538835529e-01,1.119109035805174286e-57,1.059559340545137447e-20,4.810543386991077688e-12,3.586978628232047003e-04,5.707505138643016451e-01,6.591305242194808733e-02
2.850670000000000073e+02,6.732695436456263005e-01,6.739653976185313589e-01,1.492064470835419119e-57,1.209947845539098152e-20,5.369883803620751202e-12,3.797716765398587960e-04,5.746266888184392574e-01,6.395893711818238792e-02
2.850746666666667011e+02,6.805059184756833135e-01,6.758791515252308146e-01,1.988679139174729852e-57,1.381413291950922821e-20,5.992851734191034049e-12,4.019927421045154216e-04,5.784245358304686002e-01,6.205262294666480383e-02
2.850823333333333380e+02,6.797275176176914568e-01,6.777608748622135915e-01,2.649743219449526957e-57,1.576871209969361169e-20,6.686518809201625980e-12,4.254178513609503079e-04,5.821421586558931383e-01,6.019329834827288894e-02
2.850900000000000318e+02,6.742376209160321210e-01,6.796079519954221215e-01,3.529431872004945380e-57,1.799635001490034012e-20,7.458723375095196733e-12,4.501062723839370505e-04,5.857776923680930725e-01,5.838015334748632157e-02
2.850976666666666688e+02,6.807842451215067037e-01,6.814178047860370846e-01,4.699674278657484408e-57,2.053469478560226992e-20,8.318151444577810973e-12,4.761198386520350788e-04,5.893293049130640116e-01,5.661238002600285646e-02
2.851053333333333626e+02,6.846675883135684426e-01,6.831878946745775227e-01,6.255941192587028239e-57,2.342651501689170225e-20,9.274425952570484532e-12,5.035230404269385677e-04,5.927951986446181598e-01,5.488917298025800667e-02
2.851129999999999995e+02,6.883253517306688885e-01,6.849157247293792272e-01,8.324909064474167323e-57,2.672038645294783499e-20,1.033820514365512349e-11,5.323831183339588309e-04,5.961736118373909266e-01,5.320972976331606735e-02
2.851206666666666933e+02,6.853740976586405464e-01,6.865988416581503273e-01,1.107460592224294988e-56,3.047146936888523479e-20,1.152129099666901622e-11,5.627701591467153177e-04,5.994628201767170372e-01,5.157325131076533759e-02
2.851283333333333303e+02,6.905010031114797719e-01,6.882348377804892170e-01,1.472783827580480473e-56,3.474238850758492173e-20,1.283674867841688989e-11,5.947571937626451545e-04,6.026611382227921032e-01,4.997894235109764244e-02
2.851360000000000241e+02,6.955810496785408414e-01,6.898213529601080474e-01,1.957995431940277225e-56,3.960422888297013043e-20,1.429903811370263675e-11,6.284202973653457572e-04,6.057669208481859524e-01,4.842601180025763591e-02
2.851436666666666611e+02,6.958527075011256002e-01,6.913560764947374038e-01,2.602233624229780040e-56,4.513766247234475095e-20,1.592415886180228408e-11,6.638386917515355385e-04,6.087785646462106071e-01,4.691367314085107681e-02
2.851513333333333549e+02,7.043793924003102225e-01,6.928367489625077980e-01,3.457345936353476772e-56,5.143422273929486879e-20,1.772980960302741615e-11,7.010948498108323605e-04,6.116945093092192032e-01,4.544114478574794863e-02
2.851590000000000487e+02,6.950213667680703589e-01,6.942611640228895098e-01,4.591994202932287563e-56,5.859774608393178401e-20,1.973556366161390424e-11,7.402746021266697800e-04,6.145132389744600854e-01,4.400765042656722137e-02
2.851666666666666856e+02,6.943320886342962961e-01,6.956271701709725308e-01,6.097078239629394116e-56,6.674600174692827755e-20,2.196306212622268961e-11,7.814672456759021385e-04,6.172332835364348069e-01,4.261241936689875304e-02
2.851743333333333794e+02,6.963997973473251557e-01,6.969326724434929954e-01,8.092899501718263628e-56,7.601253442359523822e-20,2.443622627558941651e-11,8.247656545909888169e-04,6.198532199239291662e-01,4.125468684053657659e-02
2.851820000000000164e+02,6.904707911837234535e-01,6.981756340750900902e-01,1.073861985974600152e-55,8.654874691539826226e-20,2.718149117659146864e-11,8.702663929423098401e-04,6.223716733399808909e-01,3.993369431498541150e-02
2.851896666666667102e+02,7.036427667002240760e-01,6.993540781036616805e-01,1.424474675864360490e-55,9.852625360273484433e-20,3.022806249686800155e-11,9.180698295039601848e-04,6.247873184637650068e-01,3.864868978016462037e-02
2.851973333333333471e+02,6.931059574999149930e-01,7.004660889231865140e-01,1.888960772020552683e-55,1.121395394021746823e-19,3.360819876293729522e-11,9.682802544428072838e-04,6.270988806123263259e-01,3.739892802280920386e-02
2.852050000000000409e+02,7.050865966922275074e-01,7.015098137830270142e-01,2.504108183952317805e-55,1.276089632407212272e-19,3.735752150276859431e-11,1.021005997885492947e-03,6.293051368613312713e-01,3.618367088645271790e-02
2.852126666666666779e+02,7.013625030514148984e-01,7.024834642321992062e-01,3.318525647423045529e-55,1.451841499790888170e-19,4.151535593554158588e-11,1.076359550289758462e-03,6.314049171228882651e-01,3.500218751750582696e-02
2.852203333333333717e+02,7.048831960584578393e-01,7.033853175076930642e-01,4.396420372383162958e-55,1.651478202327744072e-19,4.612510511798221014e-11,1.134457684563422615e-03,6.333971051796534191e-01,3.385375459735105036e-02
2.852280000000000086e+02,7.062232602187171748e-01,7.042137178654679364e-01,5.822576284792919430e-55,1.878201137225337625e-19,5.123466072169995823e-11,1.195421579843296538e-03,6.352806396734218541e-01,3.273765656096808835e-02
2.852356666666667024e+02,6.961752379233712151e-01,7.049670778532790560e-01,7.708912300798562714e-55,2.135634687452268559e-19,5.689685390805766497e-11,1.259376946865238111e-03,6.370545150474736795e-01,3.165318580204325161e-02
2.852433333333333394e+02,6.930979869635945922e-01,7.056438795241042339e-01,1.020311931197487729e-54,2.427881281517213670e-19,6.316995008062306827e-11,1.326454154822518869e-03,6.387177824410350535e-01,3.059964286507669759e-02
2.852510000000000332e+02,7.062754610564204727e-01,7.062426755894033459e-01,1.350003105922801532e-54,2.759583509898874602e-19,7.011819164075574681e-11,1.396788359630846740e-03,6.402695505351836402e-01,2.957633662447068171e-02
2.852586666666666702e+02,7.043084448229325334e-01,7.067620905111290375e-01,1.785658940167948141e-54,3.135994187915125204e-19,7.781239324230076205e-11,1.470519633481179832e-03,6.417089863487247525e-01,2.858258445111069163e-02
2.852663333333333640e+02,7.114035477119888817e-01,7.072008215318013047e-01,2.361153379675828736e-54,3.563055365275572433e-19,8.633059444952234171e-11,1.547793095585033593e-03,6.430353159834362176e-01,2.761771236644936997e-02
2.852740000000000009e+02,7.076647812556553507e-01,7.075576396417186942e-01,3.121129791360374607e-54,4.047487406170905879e-19,9.575877513950858360e-11,1.628759043976463119e-03,6.442478253173818947e-01,2.668105518460152370e-02
2.852816666666666947e+02,7.000792855171892315e-01,7.078313904827014946e-01,4.124405913222884190e-54,4.596889402727133430e-19,1.061916394718711063e-10,1.713573088261128360e-03,6.453458606457643798e-01,2.577195664248430745e-02
2.852893333333333317e+02,7.060031296099620324e-01,7.080209951875968688e-01,5.448449312179678485e-54,5.219852340097243290e-19,1.177334747637033595e-10,1.802396283158721893e-03,6.463288292681985681e-01,2.488976951850606009e-02
2.852970000000000255e+02,7.104587517660865270e-01,7.081254511550266750e-01,7.195258005541838784e-54,5.926086606164480427e-19,1.304990921752992765e-10,1.895395262714291533e-03,6.471962000219542155e-01,2.403385573985906964e-02
2.853046666666666624e+02,6.968428858737411025e-01,7.081438327587702419e-01,9.499084917920407075e-54,6.726565634142241267e-19,1.446148567184734062e-10,1.992742375005971626e-03,6.479475037602359100e-01,2.320358647891353210e-02
2.853123333333333562e+02,7.132130835065511043e-01,7.080752919913462229e-01,1.253658100406120620e-53,7.633687685774459608e-19,1.602198147673408415e-10,2.094615817209195905e-03,6.485823337751298601e-01,2.239834223878730407e-02
2.853200000000000500e+02,7.119109493282206325e-01,7.079190590413514395e-01,1.654011004046390029e-53,8.661458028033092661e-19,1.774669279643263298e-10,2.201199770826187639e-03,6.491003461644835326e-01,2.161751292857477455e-02
2.853276666666666870e+02,7.076493452478944679e-01,7.076744428042158752e-01,2.181522116540212070e-53,9.825694031489968666e-19,1.965244231983958943e-10,2.312684536919216733e-03,6.495012601424060561e-01,2.086049792836621591e-02
2.853353333333333808e+02,7.039828695051674190e-01,7.073408313260655111e-01,2.876357004321211244e-53,1.114425602629793899e-18,2.175772691732901573e-10,2.429266671153173639e-03,6.497848582929220962e-01,2.012670614441289599e-02
2.853430000000000177e+02,7.107167520230716073e-01,7.069176921805000458e-01,3.791297798335888198e-53,1.263730709640119329e-18,2.408287909967174019e-10,2.551149118440879018e-03,6.499509867664501339e-01,1.941555605478015659e-02
2.853506666666667115e+02,7.023157735693188464e-01,7.064045727780640105e-01,4.995683906866999486e-53,1.432760537883796797e-18,2.665024352169419716e-10,2.678541347005709752e-03,6.499995554189132996e-01,1.872647574564258524e-02
2.853583333333333485e+02,7.098750492192816841e-01,7.058011006083905192e-01,6.580576562682197546e-53,1.624083286630100529e-18,2.948436987961048218e-10,2.811659481618186945e-03,6.499305378932485056e-01,1.805890293868008326e-02
2.853660000000000423e+02,7.088631341459868951e-01,7.051069834148757653e-01,8.665525082654926199e-53,1.840596519497548753e-18,3.261222366798173320e-10,2.950726435809795239e-03,6.497439716432457102e-01,1.741228500969789483e-02
2.853736666666666792e+02,7.072418069005123042e-01,7.043220093020364780e-01,1.140742870919610849e-52,2.085568743938006985e-18,3.606341638655035595e-10,3.095972042798187090e-03,6.494399578996800093e-01,1.678607899892405747e-02
2.853813333333333730e+02,7.039094609944971381e-01,7.034460467754896085e-01,1.501213928796188313e-52,2.362686154125353009e-18,3.987045692417074721e-10,3.247633184910320766e-03,6.490186615787588709e-01,1.617975161311576218e-02
2.853890000000000100e+02,7.094141696054924173e-01,7.024790447148708816e-01,1.974964754683742703e-52,2.676105167438157485e-18,4.406902599233813363e-10,3.405953921215688126e-03,6.484803111330482706e-01,1.559277921991668661e-02
2.853966666666667038e+02,7.013201326617877207e-01,7.014210322797171937e-01,2.597395335098277288e-52,3.030511460385451394e-18,4.869827564093346908e-10,3.571185613139591774e-03,6.478251983449916374e-01,1.502464783460320287e-02
2.854043333333333408e+02,6.929744084801205961e-01,7.002721187487903620e-01,3.414905618790139698e-52,3.431186294132665473e-18,5.380115605838316317e-10,3.743587047746262716e-03,6.470536780633840968e-01,1.447485309964840691e-02
2.854120000000000346e+02,6.952275648612884495e-01,6.990324932929488089e-01,4.488293992969791965e-52,3.884081014271187143e-18,5.942477204537826684e-10,3.923424558445561504e-03,6.461661678830078470e-01,1.394290025724762537e-02
2.854196666666666715e+02,7.005114222553787684e-01,6.977024246822060016e-01,5.897199635103568473e-52,4.395900714707173402e-18,6.562077174897269004e-10,4.110972142790572832e-03,6.451631477679872217e-01,1.342830411522039948e-02
2.854273333333333653e+02,6.927712200581673807e-01,6.962822609271557273e-01,7.745907490572243055e-52,4.974198173436291109e-18,7.244577046187886561e-10,4.306511577104040617e-03,6.440451596191578698e-01,1.293058900643601419e-02
2.854350000000000023e+02,7.042008502142862447e-01,6.947724288555663374e-01,1.017093137650478769e-51,5.627479299206543285e-18,7.996181252190784724e-10,4.510332527578586430e-03,6.428128067862060036e-01,1.244928874216353308e-02
2.854426666666666961e+02,6.929446556010201430e-01,6.931734336243913219e-01,1.335091665231993171e-51,6.365321475035377920e-18,8.823687460036963201e-10,4.722732657573496841e-03,6.414667535249534147e-01,1.198394655949569336e-02
2.854503333333333330e+02,6.894737092501338482e-01,6.914858581681559979e-01,1.751956777753632698e-51,7.198506348064085962e-18,9.734541393582530358e-10,4.944017730730845828e-03,6.400077244007386090e-01,1.153411506323233533e-02
2.854580000000000268e+02,6.829120808876335547e-01,6.897103625840338426e-01,2.298251926063338744e-51,8.139168798280735676e-18,1.073689653648305458e-09,5.174501709619615426e-03,6.384365036383506942e-01,1.109935616237380310e-02
2.854656666666666638e+02,6.833833243740075059e-01,6.878476834547244678e-01,3.013934572501415754e-51,9.200964022197761296e-18,1.183967913120192058e-09,5.414506849508639134e-03,6.367539344196530005e-01,1.067924100159489860e-02
2.854733333333333576e+02,6.894599820671436508e-01,6.858986331095073830e-01,3.951226720482103245e-51,1.039925489536379185e-17,1.305265892448103345e-09,5.664363786964055937e-03,6.349609181294284532e-01,1.027334988784888055e-02
2.854809999999999945e+02,6.798693322653793780e-01,6.838640988247275398e-01,5.178357411900054828e-51,1.175132203075894400e-17,1.438652614583214664e-09,5.924411622850997428e-03,6.330584135507668631e-01,9.881272212457018964e-03
2.854886666666666883e+02,6.829361135335636490e-01,6.817450419641507553e-01,6.784440480321252903e-51,1.327659923334813842e-17,1.585297524538986739e-09,6.194997999423247116e-03,6.310474360105985392e-01,9.502606368831399697e-03
2.854963333333333821e+02,6.745987594196819481e-01,6.795424970605588033e-01,8.885829863617808485e-51,1.499693736568587380e-17,1.746479595920221377e-09,6.476479171062671236e-03,6.289290564768486025e-01,9.136959666167877858e-03
2.855040000000000191e+02,6.738311807226243788e-01,6.772575708391975757e-01,1.163439736389982988e-50,1.693689999117791080e-17,1.923597231602665458e-09,6.769220068326924251e-03,6.267044006080001450e-01,8.783948239273253744e-03
2.855116666666667129e+02,6.748206416575628364e-01,6.748914411842278360e-01,1.522831087934506211e-50,1.912409455261213069e-17,2.118179024831410995e-09,7.073594354893001160e-03,6.243746477563641983e-01,8.443196954791546208e-03
2.855193333333333499e+02,6.736003644063848217e-01,6.724453560494287885e-01,1.992606386512012449e-50,2.158954327932268848e-17,2.331895452257129370e-09,7.389984476971066425e-03,6.219410299264802600e-01,8.114339314081984306e-03
2.855270000000000437e+02,6.726901262292453998e-01,6.699206323138228170e-01,2.606473081257776356e-50,2.436809850233596248e-17,2.566571576133321238e-09,7.718781704836626643e-03,6.194048306895059142e-01,7.797017352908572861e-03
2.855346666666666806e+02,6.690093831296441973e-01,6.673186545839099315e-01,3.408371400223088922e-50,2.749890759639677144e-17,2.824200838890713831e-09,8.060386165997201341e-03,6.167673840554742659e-01,7.490881538237515770e-03
2.855423333333333744e+02,6.656038112492245196e-01,6.646408739431163282e-01,4.455562327036631322e-50,3.102593337051546709e-17,3.106960039925423013e-09,8.415206869650257784e-03,6.140300733042278747e-01,7.195590662278044877e-03
2.855500000000000114e+02,6.645166734964813582e-01,6.618888066502712775e-01,5.822641833295233856e-50,3.499853639695338540e-17,3.417225591334905930e-09,8.783661721931346200e-03,6.111943297770644490e-01,6.910811734049808995e-03
2.855576666666667052e+02,6.620571806004779125e-01,6.590640327877501647e-01,7.606757505438482981e-50,3.947212651498834626e-17,3.757591156971774335e-09,9.166177531606522003e-03,6.082616316299455095e-01,6.636219868606824113e-03
2.855653333333333421e+02,6.526157332354267648e-01,6.561681948612041460e-01,9.934385517640224604e-50,4.450889157293941283e-17,4.130886787123804048e-09,9.563190005694688703e-03,6.052335025504371746e-01,6.371498174185528593e-03
2.855730000000000359e+02,6.538647080704385051e-01,6.532029963515432192e-01,1.297013180299288115e-49,5.017861239542661367e-17,4.540199669922834053e-09,9.975143734674179682e-03,6.021115104392682493e-01,6.116337637401051547e-03
2.855806666666666729e+02,6.532275225673411789e-01,6.501702002211843245e-01,1.692815830772424755e-49,5.655957398569385595e-17,4.988896629708745249e-09,1.040249216674800706e-02,5.988972660587963404e-01,5.870437006743334241e-03
2.855883333333333667e+02,6.409625318756054790e-01,6.470716273752602499e-01,2.208701247472196647e-49,6.373958411439567298e-17,5.480648512689646285e-09,1.084569757082570751e-02,5.955924216492947121e-01,5.633502674491238336e-03
2.855960000000000036e+02,6.341273308830284172e-01,6.439091550798846653e-01,2.880886732236039487e-49,7.181711170996062653e-17,6.019456610709666174e-09,1.130523098768715894e-02,5.921986695154602964e-01,5.405248557280572033e-03
2.856036666666666974e+02,6.465705736124319758e-01,6.406847153381859394e-01,3.756447580138471528e-49,8.090255887556559200e-17,6.609681285554845980e-09,1.178157216899339277e-02,5.887177405840735567e-01,5.185395975437594174e-03
2.856113333333333344e+02,6.383141038692862201e-01,6.374002932262856636e-01,4.896552603131109237e-49,9.111968191761698780e-17,7.256072968225789758e-09,1.227520950360361240e-02,5.851514029353102053e-01,4.973673531298762433e-03
2.856190000000000282e+02,6.385420282812602766e-01,6.340579251899431945e-01,6.380657869735120332e-49,1.026071785104512385e-16,7.963805720934715732e-09,1.278663993087400357e-02,5.815014603086419154e-01,4.769816986621404874e-03
2.856266666666666652e+02,6.284120606219408822e-01,6.306596973041164178e-01,8.311940672167676309e-49,1.155204600456665836e-16,8.738513563313732669e-09,1.331636884039449562e-02,5.777697505859171745e-01,4.573569139291028783e-03
2.856343333333333590e+02,6.234101783382801631e-01,6.272077434961620401e-01,1.082433820638959930e-48,1.300336303594187615e-16,9.586329779591262116e-09,1.386490995785357762e-02,5.739581442525555355e-01,4.384679699423053162e-03
2.856419999999999959e+02,6.268541007967146639e-01,6.237042437349882285e-01,1.409166188783004875e-48,1.463416944013437813e-16,1.051392943918062869e-08,1.443278521648733159e-02,5.700685428395212417e-01,4.202905165050067199e-03
2.856496666666666897e+02,6.147285606706669459e-01,6.201514221868853483e-01,1.833939554658435403e-48,1.646630230507611832e-16,1.152857538059391817e-08,1.502052461382168656e-02,5.661028773470030417e-01,4.028008697485133474e-03
2.856573333333333835e+02,6.179790970737197853e-01,6.165515453403723756e-01,2.385996284896456581e-48,1.852421032039355122e-16,1.263816792650218125e-08,1.562866605317202173e-02,5.620631066524953701e-01,3.859759996536918022e-03
2.856650000000000205e+02,6.151290752877096590e-01,6.129069201009696988e-01,3.103247763204508748e-48,2.083526055062825451e-16,1.385129861765101384e-08,1.625775516960041578e-02,5.579512159044017761e-01,3.697935175668627499e-03
2.856726666666667143e+02,6.107970587381342797e-01,6.092198918577137468e-01,4.034828513492988584e-48,2.343008056970257458e-16,1.517730827398415216e-08,1.690834513989824400e-02,5.537692149032700240e-01,3.542316637236936610e-03
2.856803333333333512e+02,6.025826640140856671e-01,6.054928425232648515e-01,5.244398129387972660e-48,2.634293995208181109e-16,1.662634971353231095e-08,1.758099647615990815e-02,5.495191364728168049e-01,3.392692947938036763e-03
2.856880000000000450e+02,6.081142391501351829e-01,6.017281885485006310e-01,6.814408566465040057e-48,2.961217555883557811e-16,1.820945548372437019e-08,1.827627680269350643e-02,5.452030348218084299e-01,3.248858714542830154e-03
2.856956666666666820e+02,6.026205185021225041e-01,5.979283789140295013e-01,8.851617238060085822e-48,3.328066554563057823e-16,1.993861098456249282e-08,1.899476061575771854e-02,5.408229838995973759e-01,3.110614460063132383e-03
2.857033333333333758e+02,5.924788029758996100e-01,5.940958930993203158e-01,1.149420729899043310e-47,3.739635756377159088e-16,2.182683339077056092e-08,1.973702902593613140e-02,5.363810757461356937e-01,2.977766500414676023e-03
2.857110000000000127e+02,5.896035529467708036e-01,5.902332390319282585e-01,1.492098065291558038e-47,4.201285722517020324e-16,2.388825680808780909e-08,2.050366948265068545e-02,5.318794188393128897e-01,2.850126821707394970e-03
2.857186666666667065e+02,5.802363084148201011e-01,5.863429510175046655e-01,1.936322319170703562e-47,4.719008356959347510e-16,2.613822413034630446e-08,2.129527548066648124e-02,5.273201364403916624e-01,2.727512958221903379e-03
2.857263333333333435e+02,5.804440643992027082e-01,5.824275876530802254e-01,2.512001404603081127e-47,5.299499900788928597e-16,2.859338609576950288e-08,2.211244624811044279e-02,5.227053649403925473e-01,2.609747871190596594e-03
2.857340000000000373e+02,5.709515292656851537e-01,5.784897297242930225e-01,3.257797207626590276e-47,5.950242203300001225e-16,3.127180807665388972e-08,2.295578641590230451e-02,5.180372522081466702e-01,2.496659828435431831e-03
2.857416666666666742e+02,5.798757710102453444e-01,5.745319780890618677e-01,4.223671739922866660e-47,6.679593189131540224e-16,3.419308517257594635e-08,2.382590566814564784e-02,5.133179559428610039e-01,2.388082284969370722e-03
2.857493333333333680e+02,5.673225764903568891e-01,5.705569515483512877e-01,5.474169130724916613e-47,7.496887540876315677e-16,3.737846621776656766e-08,2.472341837342901735e-02,5.085496420318483812e-01,2.283853764606887538e-03
2.857570000000000050e+02,5.573641734434440220e-01,5.665672847065355011e-01,7.092644737640775829e-47,8.412548726840068580e-16,4.085098735393859874e-08,2.564894319661444044e-02,5.037344829162533344e-01,2.183817742679553496e-03
2.857646666666666988e+02,5.662231189602867643e-01,5.625656258219827732e-01,9.186712921639808684e-47,9.438213626195684089e-16,4.463561586570722770e-08,2.660310269112034845e-02,4.988746559653498003e-01,2.087822529895763148e-03
2.857723333333333358e+02,5.630813467402585593e-01,5.585546346503628135e-01,1.189526237106440846e-46,1.058687113856994367e-15,4.875940502157774755e-08,2.758652287131039063e-02,4.939723418622162798e-01,1.995721157430122104e-03
2.857800000000000296e+02,5.486665078616049795e-01,5.545369802812795124e-01,1.539748708046746377e-46,1.187301631492163818e-15,5.325166071531282245e-08,2.859983276505738414e-02,4.890297230012847773e-01,1.907371263275494874e-03
2.857876666666666665e+02,5.467611825999183495e-01,5.505153389707154732e-01,1.992450833731380614e-46,1.331282171122876853e-15,5.814412075410362548e-08,2.964366394613256531e-02,4.840489819005274752e-01,1.822634979933339394e-03
2.857953333333333603e+02,5.377931844498160530e-01,5.464923919698723154e-01,2.577432621021966741e-46,1.492432784948024289e-15,6.347114769848203306e-08,3.071865004655689041e-02,4.790322996286967561e-01,1.741378823469490536e-03
2.858029999999999973e+02,5.353900231996021608e-01,5.424708233528767742e-01,3.333104811566703060e-46,1.672765487142726856e-15,6.926993621693134860e-08,3.182542624860748570e-02,4.739818542503297372e-01,1.663473584001663166e-03
2.858106666666666911e+02,5.366429390364190199e-01,5.384533178439104839e-01,4.308960992334839516e-46,1.874523769380464981e-15,7.558073598411051110e-08,3.296462875668959569e-02,4.688998192888426675e-01,1.588794217640308046e-03
2.858183333333333280e+02,5.411152599774582406e-01,5.344425586462159261e-01,5.568754815552732757e-46,2.100208721878818675e-15,8.244709121671448756e-08,3.413689424881317935e-02,4.637883622103690651e-01,1.517219739940336423e-03
2.858260000000000218e+02,5.249313584709180969e-01,5.304412252735125621e-01,7.194582112774099084e-46,2.352608042560258856e-15,8.991609801523532428e-08,3.534285930796364494e-02,4.586496429285684684e-01,1.448633120880043340e-03
2.858336666666667156e+02,5.284729993422307981e-01,5.264519913862215628e-01,9.292123913482863417e-46,2.634828246775860577e-15,9.803868075289653695e-08,3.658315983316588749e-02,4.534858123329561508e-01,1.382921181416085126e-03
2.858413333333333526e+02,5.232714492265532202e-01,5.224775226332175615e-01,1.199737832093324202e-45,2.950330423168256185e-15,1.068698888359602223e-07,3.785843043054935159e-02,4.482990108411471497e-01,1.319974491629231916e-03
2.858490000000000464e+02,5.159440875444153418e-01,5.185204745008578087e-01,1.548530121766266589e-45,3.302969917651737910e-15,1.164692152430255792e-07,3.916930378446425998e-02,4.430913669766829432e-01,1.259687270492072320e-03
2.858566666666666833e+02,5.173971425383715461e-01,5.145834901710187870e-01,1.998089343527911267e-45,3.697040367673438319e-15,1.269009383404599360e-07,4.051641000871499670e-02,4.378649959740764652e-01,1.201957287285200428e-03
2.858643333333333771e+02,5.136006784296875960e-01,5.106691983888295150e-01,2.577342242478410339e-45,4.137322553343620356e-15,1.382344885687261795e-07,4.190037597835709338e-02,4.326219984113096606e-01,1.146685764670063315e-03
2.858720000000000141e+02,5.126783333925535313e-01,5.067802113424236810e-01,3.323465864657488724e-45,4.629138580746606732e-15,1.505448416909440266e-07,4.332182464199832439e-02,4.273644588721299820e-01,1.093777283449082769e-03
2.858796666666667079e+02,5.020777885950706843e-01,5.029191225551724598e-01,4.284225239595589738e-45,5.178411966787452423e-15,1.639129404059846262e-07,4.478137431520740064e-02,4.220944446380059945e-01,1.043139689013450246e-03
2.858873333333333449e+02,4.930698954353254782e-01,4.990885047927141605e-01,5.520969026620393904e-45,5.791734254079751122e-15,1.784261462354427199e-07,4.627963795502466199e-02,4.168140044120341448e-01,9.946839995033267875e-04
2.858950000000000387e+02,4.950995329380263321e-01,4.952909079852289009e-01,7.112467063694033866e-45,6.476438849991587775e-15,1.941787237179547964e-07,4.781722241627713726e-02,4.115251670745445622e-01,9.483243156770327547e-04
2.859026666666666756e+02,4.882891894135124589e-01,4.915288571672320472e-01,9.159824825243975893e-45,7.240682855733090242e-15,2.112723590632794685e-07,4.939472768975733397e-02,4.062299404726003038e-01,9.039777325080872086e-04
2.859103333333333694e+02,4.794131584881342056e-01,4.878048504353247328e-01,1.179277494346271509e-44,8.093537730948244514e-15,2.298167155571263896e-07,5.101274612307087064e-02,4.009303102430270549e-01,8.615642525031348220e-04
2.859180000000000064e+02,4.910192281253423219e-01,4.841213569261332283e-01,1.517772902774377017e-44,9.045089726264699899e-15,2.499300281396306923e-07,5.267186162427984347e-02,3.956282386710618937e-01,8.210067007542634198e-04
2.859256666666667002e+02,4.869736565153895413e-01,4.804808148148655977e-01,1.952807893361051414e-44,1.010655111269101114e-14,2.717397397348527801e-07,5.437264884925180342e-02,3.903256635841484967e-01,7.822306417155327866e-04
2.859333333333333371e+02,4.793709250988045234e-01,4.768856293366747767e-01,2.511737161336630412e-44,1.129038334209618847e-14,2.953831820546718910e-07,5.611567237291039539e-02,3.850244972828587575e-01,7.451642977122635699e-04
2.859410000000000309e+02,4.674598575276033285e-01,4.733381708312471847e-01,3.229615365003155172e-44,1.261043338976165225e-14,3.210083037723857589e-07,5.790148584540547039e-02,3.797266255083552866e-01,7.097384691700381202e-04
2.859486666666666679e+02,4.679683382780984724e-01,4.698407728127652616e-01,4.151350058936076259e-44,1.408208465745155822e-14,3.487744491225929952e-07,5.973063113346813863e-02,3.744339064482664625e-01,6.758864565674664506e-04
2.859563333333333617e+02,4.754113214763547868e-01,4.663957300656560445e-01,5.334452502846654290e-44,1.572242395667184679e-14,3.788531901750157595e-07,6.160363744807854230e-02,3.691481697802745376e-01,6.435439840970487522e-04
2.859639999999999986e+02,4.568995250799016139e-01,4.630052967682283249e-01,6.852551230787083580e-44,1.755042624585589493e-14,4.114292162076744664e-07,6.352102045878153802e-02,3.638712157551788895e-01,6.126491250341570141e-04
2.859716666666666924e+02,4.570093635617797911e-01,4.596716846446110560e-01,8.799878419135597902e-44,1.958715896587421994e-14,4.467012838168448436e-07,6.548328139588868724e-02,3.586048143186228443e-01,5.831422287961411394e-04
2.859793333333333294e+02,4.600743745164015408e-01,4.563970611470447025e-01,1.129699652143861482e-43,2.185600800432872305e-14,4.848832315967755334e-07,6.749090614097190410e-02,3.533507042731314218e-01,5.549658496879139244e-04
2.859870000000000232e+02,4.496426144066036357e-01,4.531835476689435316e-01,1.449810565953710187e-43,2.438292752514009700e-14,5.262050634569760580e-07,6.954436430699753591e-02,3.481105924795441786e-01,5.280646773140025910e-04
2.859946666666667170e+02,4.478208147407083395e-01,4.500332177907060416e-01,1.860036507227747228e-43,2.719671612443977998e-14,5.709141048598895636e-07,7.164410830859097024e-02,3.428861530993331241e-01,5.023854686499627450e-04
2.860023333333333539e+02,4.511926979699673046e-01,4.469480955588581716e-01,2.385577985404415368e-43,3.032932202215386873e-14,6.192762365187440751e-07,7.379057242378062043e-02,3.376790268770580861e-01,4.778769817526560756e-04
2.860100000000000477e+02,4.451616323047228874e-01,4.439301537999715830e-01,3.058635401002610089e-43,3.381618026989382202e-14,6.715772103404876304e-07,7.598417184810926650e-02,3.324908204635225739e-01,4.544899110955273429e-04
2.860176666666666847e+02,4.404436318093383207e-01,4.409813124707508969e-01,3.920340106144035579e-43,3.769658525385198959e-14,7.281240526629970060e-07,7.822530174201565434e-02,3.273231057801316846e-01,4.321768245132251549e-04
2.860253333333333785e+02,4.426007874526398100e-01,4.381034370448934068e-01,5.023214487628703310e-43,4.201410209959776189e-14,7.892465601284890931e-07,8.051433627300384754e-02,3.221774194235544342e-01,4.108921017330146403e-04
2.860330000000000155e+02,4.312827087346536303e-01,4.352983369385654555e-01,6.434304977123301003e-43,4.681702094327788062e-14,8.552988938055713167e-07,8.285162765325081169e-02,3.170552621118947201e-01,3.905918744792640407e-04
2.860406666666667093e+02,4.292589389383863474e-01,4.325677639749430092e-01,8.239170757230835475e-43,5.215885842929272700e-14,9.266612775039515570e-07,8.523750517438027918e-02,3.119580981711072010e-01,3.712339681258281497e-04
2.860483333333333462e+02,4.262528573333040915e-01,4.299134108896299766e-01,1.054696021467640007e-42,5.809891122440071126e-14,1.003741806517709132e-06,8.767227424009733927e-02,3.068873550627872482e-01,3.527778448807618425e-04
2.860560000000000400e+02,4.211088723885901830e-01,4.273369098774120189e-01,1.349686966703673636e-42,6.470286681382753847e-14,1.086978373398029819e-06,9.015621539851363664e-02,3.018444229519829936e-01,3.351845484772272669e-04
2.860636666666666770e+02,4.185778818126145162e-01,4.248398311821020013e-01,1.726635805951294678e-42,7.204347736142880403e-14,1.176840717673193519e-06,9.268958337491117749e-02,2.968306543160478261e-01,3.184166503532500085e-04
2.860713333333333708e+02,4.206748227666102236e-01,4.224236817299499291e-01,2.208159162515813093e-42,8.020130298729685342e-14,1.273832606834400823e-06,9.527260610687256215e-02,2.918473635930968757e-01,3.024381972934323849e-04
2.860790000000000077e+02,4.175482257914230888e-01,4.200899038083131254e-01,2.823071951603916832e-42,8.926553143611301504e-14,1.378494156249150075e-06,9.790548378257386830e-02,2.868958268709799198e-01,2.872146605137911144e-04
2.860866666666667015e+02,4.212976051514630838e-01,4.178398737900712590e-01,3.608074221408623880e-42,9.933488179521626178e-14,1.491404296103187400e-06,1.005883878842596391e-01,2.819772816152539274e-01,2.727128861622528854e-04
2.860943333333333385e+02,4.131331180095171862e-01,4.156749009054221400e-01,4.609893803049576150e-42,1.105186006647654156e-13,1.613183393842584618e-06,1.033214602377387908e-01,2.770929264369642597e-01,2.589010472147406554e-04
2.861020000000000323e+02,4.078344690599226552e-01,4.135962260615551056e-01,5.888007046464974482e-42,1.229375600044227094e-13,1.744496041068262513e-06,1.061048120700056607e-01,2.722439208986464632e-01,2.457485967389892289e-04
2.861096666666666692e+02,4.086448294442260321e-01,4.116050207117728510e-01,7.518092480463753748e-42,1.367254667716828316e-13,1.886054014234153239e-06,1.089385230758602996e-01,2.674313853592565349e-01,2.332262225050182414e-04
2.861173333333333630e+02,4.087681811954367861e-01,4.097023857745716313e-01,9.596413403071547881e-42,1.520301954516315328e-13,2.038619419025458512e-06,1.118226404957104320e-01,2.626564008563759822e-01,2.213058029141807897e-04
2.861250000000000000e+02,4.068790824232635939e-01,4.078893506041822992e-01,1.224537743849371275e-41,1.690152556439922652e-13,2.203008028721541441e-06,1.147571782054551542e-01,2.579200090263044642e-01,2.099603642249192159e-04
2.861326666666666938e+02,4.043961051592722677e-01,4.061668720130913179e-01,1.562058683649719683e-41,1.878614080517428062e-13,2.380092827420870989e-06,1.177421158207032775e-01,2.532232120603257197e-01,1.991640390470670588e-04
2.861403333333333308e+02,4.046592849553612981e-01,4.045358333479748270e-01,1.991977631965034094e-41,2.087684434903141474e-13,2.570807769463360198e-06,1.207773978162438450e-01,2.485669726976705018e-01,1.888920260822441865e-04
2.861480000000000246e+02,3.957182355328914269e-01,4.029970436195726702e-01,2.539414012094293363e-41,2.319571409453491369e-13,2.776151767009244350e-06,1.238629326630828614e-01,2.439522142534086002e-01,1.791205510822468721e-04
2.861556666666666615e+02,4.075867498876022954e-01,4.015512366878576378e-01,3.236268217637870949e-41,2.576714222298557517e-13,2.997192918221553548e-06,1.269985919839704824e-01,2.393798206817087104e-01,1.698268290025510237e-04
2.861633333333333553e+02,4.031284068775107254e-01,4.001990705030359363e-01,4.123039040189210780e-41,2.861807224745013310e-13,3.235072989177658715e-06,1.301842097297850609e-01,2.348506366726524630e-01,1.609890273230347849e-04
2.861710000000000491e+02,4.078994238718559040e-01,3.989411264036408777e-01,5.251124658129515039e-41,3.177825975026814202e-13,3.491012163155071704e-06,1.334195813777193096e-01,2.303654677829279074e-01,1.525862305127182806e-04
2.861786666666666861e+02,3.914541058425011766e-01,3.977779084723238601e-01,6.685734894702051682e-41,3.528055911482573377e-13,3.766314071657307048e-06,1.367044631535049848e-01,2.259250805987830790e-01,1.445984056113441677e-04
2.861863333333333799e+02,3.961845725462248002e-01,3.967098429503294055e-01,8.509575926782331095e-41,3.916123877483571413e-13,4.062371122150496916e-06,1.400385712791172854e-01,2.215302029307951448e-01,1.370063689032378006e-04
2.861940000000000168e+02,3.817912627723369923e-01,3.957372777115623075e-01,1.082751080523763361e-40,4.346032774217215517e-13,4.380670138150719490e-06,1.434215812473719209e-01,2.171815240399588842e-01,1.297917536587385034e-04
2.862016666666667106e+02,3.943461007266789720e-01,3.948604817968582870e-01,1.377245228090632577e-40,4.822199643508716693e-13,4.722798328082471139e-06,1.468531271256932613e-01,2.128796948934380262e-01,1.229369789166870537e-04
2.862093333333333476e+02,3.957346433122861940e-01,3.940796450094882220e-01,1.751281133706640871e-40,5.349497511045063573e-13,5.090449599932897980e-06,1.503328008899433577e-01,2.086253284501251304e-01,1.164252192847635761e-04
2.862170000000000414e+02,3.903185194231122979e-01,3.933948775724284141e-01,2.226190905599796541e-40,5.933301351479475073e-13,5.485431239621148272e-06,1.538601517907651484e-01,2.044189999740990971e-01,1.102403757312125427e-04
2.862246666666666783e+02,3.849881074193306496e-01,3.928062098483349196e-01,2.828986543692391559e-40,6.579538570396736900e-13,5.909670971619041515e-06,1.574346857532618327e-01,2.002612473760984613e-01,1.043670473450322039e-04
2.862323333333333721e+02,3.984307586959523473e-01,3.923135921227385303e-01,3.593861212053970312e-40,7.294744435129305223e-13,6.365224421326912393e-06,1.610558648124615910e-01,1.961525715810873982e-01,9.879050403874392377e-05
2.862400000000000091e+02,3.913225401165942308e-01,3.919168944512930741e-01,4.564084365385260077e-40,8.086122926227810632e-13,6.854282999348815384e-06,1.647231065853348164e-01,1.920934369219791937e-01,9.349666017112749552e-05
2.862476666666667029e+02,3.896113965155046377e-01,3.916159065715711929e-01,5.794393273258876449e-40,8.961613525365795014e-13,7.379182228853755763e-06,1.684357837817941350e-01,1.880842715575873347e-01,8.847204906469482814e-05
2.862553333333333399e+02,3.917832141049440997e-01,3.914103378801251365e-01,7.354009977642644360e-40,9.929964502726237454e-13,7.942410537870593138e-06,1.721932237553765177e-01,1.841254679148220663e-01,8.370379839567252637e-05
2.862630000000000337e+02,3.845479092980700897e-01,3.912998174752801983e-01,9.330446002223604033e-40,1.100081331912411783e-12,8.546618539485395681e-06,1.759947080960050647e-01,1.802173831532036807e-01,7.917960643197078372e-05
2.862706666666666706e+02,3.918185615571655456e-01,3.912838942662556496e-01,1.183429893103168829e-39,1.218477481418063506e-12,9.194628823587166705e-06,1.798394722654482192e-01,1.763603396516679467e-01,7.488771909737802800e-05
2.862783333333333644e+02,3.882167464255888989e-01,3.913620371490450500e-01,1.500529745302144900e-39,1.349353791378287462e-12,9.889446285011571953e-06,1.837267052778282783e-01,1.725546255157441866e-01,7.081690783820214974e-05
2.862860000000000014e+02,3.881709497830451716e-01,3.915336352495243366e-01,1.901991733203740384e-39,1.493997165649142501e-12,1.063426901362106840e-05,1.876555494257005074e-01,1.688004951050449953e-01,6.695644827112486464e-05
2.862936666666666952e+02,3.937422251012457908e-01,3.917979982341732725e-01,2.410097339795159904e-39,1.653824141192024416e-12,1.143249977314911098e-05,1.916251000539954397e-01,1.650981695791615689e-01,6.329609958927908254e-05
2.863013333333333321e+02,3.858249734351321680e-01,3.921543566887443211e-01,3.052969629636558429e-39,1.830393624275266101e-12,1.228775809633016661e-05,1.956344053822364204e-01,1.614478374618752987e-01,5.982608470588934944e-05
2.863090000000000259e+02,3.932199399955789154e-01,3.926018625652142324e-01,3.866093268397008133e-39,2.025420844889767591e-12,1.320389302521712452e-05,1.996824663772502895e-01,1.578496552218000004e-01,5.653707111329721460e-05
2.863166666666666629e+02,3.949903058331418748e-01,3.931395896972058601e-01,4.894227042917272264e-39,2.240792642528545342e-12,1.418499652627815294e-05,2.037682366766613018e-01,1.543037478693401465e-01,5.342015243734216139e-05
2.863243333333333567e+02,3.853157866536545129e-01,3.937665343841605381e-01,6.193809445695498344e-39,2.478584206750536694e-12,1.523541761133929546e-05,2.078906225652977224e-01,1.508102095681071730e-01,5.046683066574328999e-05
2.863320000000000505e+02,3.973533101388995736e-01,3.944816160443004316e-01,7.835983448886411270e-39,2.741077406937242682e-12,1.635977719612654113e-05,2.120484830046976132e-01,1.473691042606345702e-01,4.766899903109536325e-05
2.863396666666666874e+02,4.000020790744724386e-01,3.952836779365547226e-01,9.910398599591300782e-39,3.030780857768923755e-12,1.756298372966356728e-05,2.162406297175224756e-01,1.439804663067437152e-01,4.501892552811340636e-05
2.863473333333333812e+02,4.058715343777842821e-01,3.961714879514519616e-01,1.252998863068846416e-38,3.350451879973476342e-12,1.885024962868903461e-05,2.204658273275707514e-01,1.406443011338560922e-01,4.250923704600111666e-05
2.863550000000000182e+02,3.985247466659186943e-01,3.971437394708705604e-01,1.583697291130468256e-38,3.703120530089209309e-12,2.022710855236897894e-05,2.247227935559944767e-01,1.373605858985234573e-01,4.013290409712364464e-05
2.863626666666667120e+02,3.958557907094369943e-01,3.981990522967101542e-01,2.001039276802658744e-38,4.092115888488095701e-12,2.169943355409055088e-05,2.290101994753490633e-01,1.341292701575919899e-01,3.788322612291020782e-05
2.863703333333333489e+02,3.942801890688727440e-01,3.993359736481195688e-01,2.527557211829875062e-38,4.521094811516614756e-12,2.327345614777888013e-05,2.333266698212762835e-01,1.309502765488150811e-01,3.575381735935616355e-05
2.863780000000000427e+02,4.059623116681460586e-01,4.005529792272877199e-01,3.191598987605816586e-38,4.994073371941516118e-12,2.495578632800629637e-05,2.376707833635278433e-01,1.278235014791940793e-01,3.373859324375055266e-05
2.863856666666666797e+02,3.983994036990228804e-01,4.018484743532546588e-01,4.028817407183158455e-38,5.515461231428527337e-12,2.675343358369979989e-05,2.420410733359262268e-01,1.247488158208835962e-01,3.183175734574802545e-05
2.863933333333333735e+02,3.984483117961312715e-01,4.032207951636527232e-01,5.084038063894651259e-38,6.090099210367941588e-12,2.867382894720023762e-05,2.464360279268180132e-01,1.217260656129921653e-01,3.002778880525951971e-05
2.864010000000000105e+02,4.052840226833677173e-01,4.046682098836587027e-01,6.413601088705167961e-38,6.723300343343628374e-12,3.072484812088456351e-05,2.508540908294366045e-01,1.187550727691168984e-01,2.832143026101861862e-05
2.864086666666667043e+02,4.067641464330156720e-01,4.061889201619621748e-01,8.088296021600337050e-38,7.420894733934919622e-12,3.291483572562740433e-05,2.552936618535673330e-01,1.158356357889951810e-01,2.670767625313853673e-05
2.864163333333333412e+02,4.098816710091862103e-01,4.077810624728489541e-01,1.019703882887291463e-37,8.189278549546158945e-12,3.525263071573620373e-05,2.597530975977404566e-01,1.129675304741192265e-01,2.518176208424997565e-05
2.864240000000000350e+02,4.039876727865520656e-01,4.094427095840943442e-01,1.285147722398044347e-37,9.035467526798109964e-12,3.774759300718169260e-05,2.642307121831748984e-01,1.101505106457534439e-01,2.373915312336760040e-05
2.864316666666666720e+02,4.107183207854810947e-01,4.111718720895799484e-01,1.619175676063845969e-37,9.967155389717886372e-12,4.040963136617729481e-05,2.687247780484985360e-01,1.073843088652102346e-01,2.237553453780638440e-05
2.864393333333333658e+02,4.182831167091164426e-01,4.129665000062106017e-01,2.039373790427983155e-37,1.099277761799592468e-11,4.324923260747811819e-05,2.732335268062884293e-01,1.046686371548838368e-01,2.108680143810861058e-05
2.864470000000000027e+02,4.082265842406584966e-01,4.148244844338592197e-01,2.567802624244991041e-37,1.212158103975272575e-11,4.627749215184734247e-05,2.777551501602527062e-01,1.020031877199110149e-01,1.986904942203019140e-05
2.864546666666666965e+02,4.138057066564064246e-01,4.167436592777906679e-01,3.232126764270534899e-37,1.336369976435000313e-11,4.950614599458877006e-05,2.822878008839077579e-01,9.938763366902134133e-02,1.871856550334333690e-05
2.864623333333333335e+02,4.116939153577801602e-01,4.187218030321064877e-01,4.067027181410391104e-37,1.473023801432711284e-11,5.294760413693865649e-05,2.868295938593654615e-01,9.682162973446160892e-02,1.763181941221688280e-05
2.864700000000000273e+02,4.259256294969693823e-01,4.207566406235302425e-01,5.115966673685228903e-37,1.623336046369347872e-11,5.661498553469648500e-05,2.913786071768868502e-01,9.430481298962158088e-02,1.660545525371041911e-05
2.864776666666666642e+02,4.213217312839594442e-01,4.228458453138892459e-01,6.433395942954401532e-37,1.788639074077138957e-11,6.052215461815450983e-05,2.959328832936078402e-01,9.183680356426501823e-02,1.563628351184324133e-05
2.864853333333333580e+02,4.342618328068529321e-01,4.249870406604804307e-01,8.087509378157464587e-37,1.970391881014194924e-11,6.468375944011259357e-05,3.004904302518903725e-01,8.941720535605950093e-02,1.472127338652858816e-05
2.864929999999999950e+02,4.226731624099787088e-01,4.271778025324844963e-01,1.016368639010322287e-36,2.170191800783584210e-11,6.911527150819094835e-05,3.050492229554936374e-01,8.704560673832924256e-02,1.385754545152022530e-05
2.865006666666666888e+02,4.299461011214467110e-01,4.294156611824868630e-01,1.276878743141985248e-36,2.389787256981460841e-11,7.383302736053177779e-05,3.096072045038133491e-01,8.472158126279372148e-02,1.304236462139240172e-05
2.865083333333333826e+02,4.295015116790926735e-01,4.316981033710972637e-01,1.603651520949083182e-36,2.631091656339785565e-11,7.885427194314098044e-05,3.141622875822056016e-01,8.244468835722128242e-02,1.227313341636116590e-05
2.865160000000000196e+02,4.371483381365766641e-01,4.340225745434725946e-01,2.013410301008291366e-36,2.896198520814369483e-11,8.419720384985777744e-05,3.187123559081999069e-01,8.021447401694714596e-02,1.154738551371449266e-05
2.865236666666667134e+02,4.330716523834184928e-01,4.363864810559109353e-01,2.527065590455720930e-36,3.187397965442623423e-11,8.988102248582692337e-05,3.232552657321172140e-01,7.803047148985871317e-02,1.086277957518856618e-05
2.865313333333333503e+02,4.392198530223194730e-01,4.387871924505829524e-01,3.170754990174473506e-36,3.507194637659150008e-11,9.592597721606522978e-05,3.277888473905081201e-01,7.589220195444687511e-02,1.021709333992924984e-05
2.865390000000000441e+02,4.440384801350558130e-01,4.412220437770049131e-01,3.977139252545826952e-36,3.858327243417749986e-11,1.023534185630340596e-04,3.323109069119022374e-01,7.379917518998356518e-02,9.608217972820831831e-06
2.865466666666666811e+02,4.473910919942663544e-01,4.436883379577982733e-01,4.987017041952262393e-36,4.243789795693330589e-11,1.091858515155465155e-04,3.368192276723718237e-01,7.175089023881449368e-02,9.034152658565983016e-06
2.865543333333333749e+02,4.489737300206889659e-01,4.461833481973205284e-01,6.251336107096020716e-36,4.666854732245111359e-11,1.164469910147945760e-04,3.413115721004296721e-01,6.974683605977566314e-02,8.492999431897187452e-06
2.865620000000000118e+02,4.525748225451932671e-01,4.487043204305320998e-01,7.833697358405616900e-36,5.131098061407743049e-11,1.241618196809258286e-04,3.457856834285370495e-01,6.778649217276822014e-02,7.982958234900443836e-06
2.865696666666667056e+02,4.509223538381627039e-01,4.512484758105498317e-01,9.813471629677146418e-36,5.640426707843760335e-11,1.323566478473004414e-04,3.502392874905378983e-01,6.586932929356791033e-02,7.502322192445602195e-06
2.865773333333333426e+02,4.568653396069653483e-01,4.538130132320949972e-01,1.228967775753728001e-35,6.199108244006159967e-11,1.410591759666364638e-04,3.546700945621083512e-01,6.399480995893168378e-02,7.049473097272073909e-06
2.865850000000000364e+02,4.560459051244790118e-01,4.563951118891590442e-01,1.538580635778780823e-35,6.811803208375278124e-11,1.502985594571657781e-04,3.590758012433407087e-01,6.216238914114684266e-02,6.622877096310319490e-06
2.865926666666666733e+02,4.518243778590945725e-01,4.589919338639458779e-01,1.925581794149545415e-35,7.483600227577217017e-11,1.601054760533778833e-04,3.634540923803745160e-01,6.037151485211160462e-02,6.221080570331627019e-06
2.866003333333333671e+02,4.591125822178167004e-01,4.616006267452946732e-01,2.409159881180333714e-35,8.220054177284866928e-11,1.705121957300678650e-04,3.678026430250037615e-01,5.862162873616123121e-02,5.842706199066048368e-06
2.866080000000000041e+02,4.599491574120341819e-01,4.642183262735051219e-01,3.013222599357622464e-35,9.027227635415816530e-11,1.815526532641414297e-04,3.721191204290081878e-01,5.691216665175605205e-02,5.486449204400006943e-06
2.866156666666666979e+02,4.614241020480003286e-01,4.668421590096520912e-01,3.767547634104305291e-35,9.911735901793059691e-11,1.932625235030440087e-04,3.764011860719565505e-01,5.524255924131077355e-02,5.151073764325190159e-06
2.866233333333333348e+02,4.706683206389453700e-01,4.694692450261923611e-01,4.709211871409431356e-35,1.088079588000563336e-10,2.056792994035947517e-04,3.806464977190806009e-01,5.361223248930943597e-02,4.835409590745943549e-06
2.866310000000000286e+02,4.807129722161421204e-01,4.720967006168417246e-01,5.884365637711506025e-35,1.194227914115347900e-10,2.188423729097135147e-04,3.848527115077943206e-01,5.202060826805054994e-02,4.538348664321042165e-06
2.866386666666666656e+02,4.730240652434580251e-01,4.747216410224158745e-01,7.350434528289422309e-35,1.310476951413003588e-10,2.327931187315477517e-04,3.890174840593247918e-01,5.046710487119195759e-02,4.258842119918207215e-06
2.866463333333333594e+02,4.762644831142784363e-01,4.773411831705195452e-01,9.178850974083375369e-35,1.437762557483894716e-10,2.475749810935191138e-04,3.931384746138691377e-01,4.895113753450427291e-02,3.995897276335737608e-06
2.866539999999999964e+02,4.882041803774371247e-01,4.799524484256808554e-01,1.145844188219815736e-34,1.577104843561342494e-10,2.632335635118314139e-04,3.972133471856263420e-01,4.747211894402783572e-02,3.748574804316198317e-06
2.866616666666666902e+02,4.772338466721831596e-01,4.825525653477317212e-01,1.429962854613298403e-34,1.729615526821185501e-10,2.798167216673507754e-04,4.012397727359733324e-01,4.602945973110257605e-02,3.515986026959039724e-06
2.866693333333333840e+02,4.884924560022410045e-01,4.851386724549741070e-01,1.783963187425935766e-34,1.896505902712913856e-10,2.973746594317987603e-04,4.052154313610639713e-01,4.462256895448080823e-02,3.297290346978889393e-06
2.866770000000000209e+02,4.922644128152144360e-01,4.877079209897231538e-01,2.224892145469217115e-34,2.079095487697186049e-10,3.159600281099008041e-04,4.091380144917852180e-01,4.325085456912313581e-02,3.091692795354222607e-06
2.866846666666667147e+02,4.945051837996935484e-01,4.902574776831118974e-01,2.773920305397760770e-34,2.278821386651163616e-10,3.356280289546897532e-04,4.130052271028842314e-01,4.191372388169466862e-02,2.898441696180513432e-06
2.866923333333333517e+02,4.985301982574995572e-01,4.927845275160206429e-01,3.457330829002094296e-34,2.497248443404197409e-10,3.564365190106842706e-04,4.168147899280660318e-01,4.061058399277641534e-02,2.716826442728578321e-06
2.867000000000000455e+02,5.043646366040122064e-01,4.952862764736377654e-01,4.307743544274438497e-34,2.736080237438531794e-10,3.784461203426894827e-04,4.205644416788262285e-01,3.934084222548095422e-02,2.546175379848644447e-06
2.867076666666666824e+02,4.948318063157206015e-01,4.977599542900786878e-01,5.365629536686263923e-34,2.997170994560138011e-10,4.017203326974585543e-04,4.242519412631395870e-01,3.810390654073636529e-02,2.385853788124850508e-06
2.867153333333333762e+02,4.996119779669875305e-01,5.002028171806672807e-01,6.681184580704019270e-34,3.282538484652102819e-10,4.263256496523596534e-04,4.278750700018902897e-01,3.689918593890548215e-02,2.235261965275055315e-06
2.867230000000000132e+02,4.866338762757754788e-01,5.026121505582772375e-01,8.316645665793968714e-34,3.594377985102253036e-10,4.523316782921328453e-04,4.314316338391121497e-01,3.572609084803454738e-02,2.093833400547061524e-06
2.867306666666667070e+02,4.959939868669063223e-01,5.049852717313101369e-01,1.034915447281406096e-33,3.935077394611821818e-10,4.798112624624746776e-04,4.349194655438534118e-01,3.458403349844857422e-02,1.961033037950467777e-06
2.867383333333333439e+02,5.092665294386399255e-01,5.073195325797226207e-01,1.287429577453094256e-33,4.307233588390688779e-10,5.088406096343789896e-04,4.383364268997346214e-01,3.347242828400588677e-02,1.836355624398817703e-06
2.867460000000000377e+02,5.070612457223728775e-01,5.096123222066671898e-01,1.601046840144421561e-33,4.713670112780622008e-10,5.394994214215119779e-04,4.416804108799630146e-01,3.239069210977670032e-02,1.719324138923734211e-06
2.867536666666666747e+02,5.122096583189389429e-01,5.118610695621923501e-01,1.990428289223766344e-33,5.157456324581689967e-10,5.718710277761871125e-04,4.449493438038966686e-01,3.133824472647447207e-02,1.609488299339279489e-06
2.867613333333333685e+02,5.159428026242732779e-01,5.140632460365741618e-01,2.473722478982132685e-33,5.641928088444284765e-10,6.060425248986594723e-04,4.481411874728901124e-01,3.031450905144976449e-02,1.506423142819758673e-06
2.867690000000000055e+02,5.149589994688930084e-01,5.162163680197772164e-01,3.073387764252560341e-33,6.170710153985782117e-10,6.421049168756398683e-04,4.512539412815630979e-01,2.931891147659040908e-02,1.409727677053250369e-06
2.867766666666666993e+02,5.141436215880803573e-01,5.183179994246401856e-01,3.817206745569371640e-33,6.747740343579173051e-10,6.801532610740069953e-04,4.542856443022145196e-01,2.835088216297894023e-02,1.319023598715850245e-06
2.867843333333333362e+02,5.195112316945711406e-01,5.203657541703595735e-01,4.739537345055447421e-33,7.377295691264845993e-10,7.202868172945970119e-04,4.572343773385947885e-01,2.740985532266445798e-02,1.233954076194239925e-06
2.867920000000000300e+02,5.295388082820894349e-01,5.223572986239067850e-01,5.882855201669611983e-33,8.064020683892011510e-10,7.626092007020613371e-04,4.600982649467701968e-01,2.649526948743893134e-02,1.154182593564269380e-06
2.867996666666666670e+02,5.165352532774295513e-01,5.242903539960461767e-01,7.299654594223486999e-33,8.812957766474718902e-10,8.072285385232022721e-04,4.628754774193883370e-01,2.560656776498586654e-02,1.079391853000862893e-06
2.868073333333333608e+02,5.307686183743539621e-01,5.261626986896478231e-01,9.054790459726207897e-33,9.629580285953630143e-10,8.542576305184924283e-04,4.655642327311106943e-01,2.474319808232774628e-02,1.009282732871468001e-06
2.868149999999999977e+02,5.305636325064317926e-01,5.279721705970779055e-01,1.122836290870449018e-32,1.051982805999417923e-09,9.038141132052117692e-04,4.681627984416413812e-01,2.390461341694957373e-02,9.435732989190579294e-07
2.868226666666666915e+02,5.266731198329225316e-01,5.297166693444332886e-01,1.391926872902770574e-32,1.149014577142312335e-09,9.560206278242545236e-04,4.706694935541705926e-01,2.309027201555778272e-02,8.819978660143711560e-07
2.868303333333333285e+02,5.355458201864774503e-01,5.313941584795404127e-01,1.724957266448019043e-32,1.254752440310749781e-09,1.011004992013494379e-03,4.730826903258067984e-01,2.229963760085955024e-02,8.243061080979286729e-07
2.868380000000000223e+02,5.323735681079718729e-01,5.330026676015735543e-01,2.136988591917352084e-32,1.369954594406054652e-09,1.068900375165729878e-03,4.754008160278869743e-01,2.153217956635227262e-02,7.702622140026634960e-07
2.868456666666667161e+02,5.447922367887170214e-01,5.345402944293798919e-01,2.646598178899198687e-32,1.495443161376209307e-09,1.129845477417343921e-03,4.776223546529242414e-01,2.078737315950810252e-02,7.196440869767124237e-07
2.868533333333333530e+02,5.311194326577103331e-01,5.360052068063919650e-01,3.276693029292746194e-32,1.632109386986201595e-09,1.193984712227002566e-03,4.797458485660602290e-01,2.006469965340947070e-02,6.722425857954498019e-07
2.868610000000000468e+02,5.402586427804388913e-01,5.373956446396251918e-01,4.055509727937321494e-32,1.780919248316366773e-09,1.261468392481443794e-03,4.817699000983087232e-01,1.936364650711034849e-02,6.278608054596296907e-07
2.868686666666666838e+02,5.388237355211538127e-01,5.387099217703746890e-01,5.017843129428682717e-32,1.942919498398459626e-09,1.332452920054168731e-03,4.836931730790137163e-01,1.868370751499169244e-02,5.863133955623829667e-07
2.868763333333333776e+02,5.382078403546677325e-01,5.399464277746671703e-01,6.206555666447756034e-32,2.119244180599523781e-09,1.407100978750803815e-03,4.855143943055522660e-01,1.802438294520538470e-02,5.474259144813629214e-07
2.868840000000000146e+02,5.423775127838004195e-01,5.411036296910308740e-01,7.674430759239296881e-32,2.311121647608973937e-09,1.485581730536728907e-03,4.872323549475567894e-01,1.738517966759801914e-02,5.110342176522691444e-07
2.868916666666667084e+02,5.400448462362481550e-01,5.421800736738586757e-01,9.486448025794960546e-32,2.519882122417444979e-09,1.568071014964544886e-03,4.888459118839448281e-01,1.676561127118882111e-02,4.769838782382093939e-07
2.868993333333333453e+02,5.509212763420471282e-01,5.431743865701327278e-01,1.172257536450584927e-31,2.746965841218380540e-09,1.654751551673320402e-03,4.903539889702557830e-01,1.616519817159911901e-02,4.451296386037418178e-07
2.869070000000000391e+02,5.520746073569120504e-01,5.440852774179399942e-01,1.448119419975162613e-31,2.993931821047873290e-09,1.745813145856621191e-03,4.917555782347345361e-01,1.558346770852589436e-02,4.153348910567775794e-07
2.869146666666666761e+02,5.567583269997130602e-01,5.449115388647733926e-01,1.788330008579179540e-31,3.262467297862115489e-09,1.841452896546261859e-03,4.930497410009186399e-01,1.501995423365480760e-02,3.874711864076299759e-07
2.869223333333333699e+02,5.486407560039662235e-01,5.456520485042116730e-01,2.207765248359158011e-31,3.554397884031367405e-09,1.941875407586768831e-03,4.942356089353366344e-01,1.447419918912143562e-02,3.614177689454298725e-07
2.869300000000000068e+02,5.441823883230086922e-01,5.463057701292172164e-01,2.724708610145157908e-31,3.871698497497491323e-09,2.047293001120748836e-03,4.953123850183485111e-01,1.394575117691284651e-02,3.370611365107076829e-07
2.869376666666667006e+02,5.497455974861805705e-01,5.468717549008134116e-01,3.361624324423258091e-31,4.216505118565364960e-09,2.157925933436784672e-03,4.962793444369153484e-01,1.343416601933162396e-02,3.142946243904976294e-07
2.869453333333333376e+02,5.436635527780746546e-01,5.473491424306383690e-01,4.146104398386307134e-31,4.591127433998882221e-09,2.274002612971507981e-03,4.971358353976174094e-01,1.293900681091011452e-02,2.930180118339522147e-07
2.869530000000000314e+02,5.405975592896360427e-01,5.477371617763127087e-01,5.112028089173887246e-31,4.998062432314962422e-09,2.395759820292833568e-03,4.978812798588990729e-01,1.245984396190831685e-02,2.731371500308415358e-07
2.869606666666666683e+02,5.439122879663988996e-01,5.480351323483821924e-01,6.300981027143806853e-31,5.440009018351382192e-09,2.523442929825805200e-03,4.985151741811598702e-01,1.199625523377701938e-02,2.545636104604834171e-07
2.869683333333333621e+02,5.484403064661572680e-01,5.482424647279593444e-01,7.763991561081136918e-31,5.919883719971059494e-09,2.657306133122090946e-03,4.990370896938713385e-01,1.154782576672948487e-02,2.372143525599800746e-07
2.869759999999999991e+02,5.429259736910939660e-01,5.483586613940948373e-01,9.563654532920165047e-31,6.440837564485583481e-09,2.797612663402812387e-03,4.994466731786489366e-01,1.111414809979567771e-02,2.210114097199709585e-07
2.869836666666666929e+02,5.498591313645121437e-01,5.483833173601923017e-01,1.177672807082341560e-30,7.006274207800125961e-09,2.944635021148699246e-03,4.997436472676670127e-01,1.069482218350969148e-02,2.058815926544168006e-07
2.869913333333333298e+02,5.469642766966835712e-01,5.483161207187736697e-01,1.449730770397114076e-30,7.619869404604164514e-09,3.098655200433917799e-03,4.999278107566643703e-01,1.028945538559663045e-02,1.917562092449281831e-07
2.869990000000000236e+02,5.428473620697727986e-01,5.481568530940987838e-01,1.784070486795423251e-30,8.285591914059935782e-09,3.259964915749528035e-03,4.999990388321426393e-01,9.897662489814640016e-03,1.785707999956307200e-07
2.870066666666666606e+02,5.457028188777515165e-01,5.479053900022302637e-01,2.194818454981253685e-30,9.007725941434152494e-09,3.428865828978193940e-03,4.999572832123285182e-01,9.519065688309309020e-03,1.662648882836059314e-07
2.870143333333333544e+02,5.435136415482502148e-01,5.475617011182367655e-01,2.699275047086663363e-30,9.790895223040412333e-09,3.605669776237243034e-03,4.998025722017195860e-01,9.153294567640055807e-03,1.547817446227570858e-07
2.870220000000000482e+02,5.431447367649819835e-01,5.471258504504027398e-01,3.318620709092818711e-30,1.064008886860579240e-08,3.790698994217093967e-03,4.995350106591097683e-01,8.799986088822866689e-03,1.440681642034163149e-07
2.870296666666666852e+02,5.357670753349782489e-01,5.465979964213585340e-01,4.078777738526707355e-30,1.156068908293330214e-08,3.984286345692805188e-03,4.991547798791500790e-01,8.458784561569412941e-03,1.340742570008752423e-07
2.870373333333333790e+02,5.343321555364803910e-01,5.459783918561966765e-01,5.011461565552778760e-30,1.255850089649388898e-08,4.186775543828252615e-03,4.986621373876157226e-01,8.129341613002086589e-03,1.247532497842345156e-07
2.870450000000000159e+02,5.507251706396811830e-01,5.452673838778199222e-01,6.155462784606469852e-30,1.363978404295326312e-08,4.398521374870723727e-03,4.980574166507510947e-01,7.811316151114628195e-03,1.160612993896523037e-07
2.870526666666667097e+02,5.434432307571425147e-01,5.444654137097011404e-01,7.558210068024231157e-30,1.481128713081780811e-08,4.619889918869440025e-03,4.973410266990678230e-01,7.504374323160143030e-03,1.079573166514150953e-07
2.870603333333333467e+02,5.393579245353212759e-01,5.435730163866226983e-01,9.277674869763708647e-30,1.608028426541936909e-08,4.851258767950534546e-03,4.965134516663050612e-01,7.208189469282341548e-03,1.004028004183881308e-07
2.870680000000000405e+02,5.431444895488454216e-01,5.425908203737449531e-01,1.138469189670530591e-29,1.745461428796001984e-08,5.093017241760915137e-03,4.955752502441371776e-01,6.922442071551415839e-03,9.336168110806583327e-08
2.870756666666666774e+02,5.513043175837389898e-01,5.415195470948377388e-01,1.396578516715060273e-29,1.894272280840666363e-08,5.345566599573242129e-03,4.945270550536576826e-01,6.646819698710733360e-03,8.680017328199046523e-08
2.870833333333333712e+02,5.408244377506209455e-01,5.403600103702052015e-01,1.712660867570287539e-29,2.055370722083315841e-08,5.609320248634561829e-03,4.933695719344332042e-01,6.381016946793456775e-03,8.068663674885103190e-08
2.870910000000000082e+02,5.474631735446395808e-01,5.391131157653934469e-01,2.099613394066597641e-29,2.229736490106126935e-08,5.884703948211484834e-03,4.921035791524687175e-01,6.124735375902560022e-03,7.499144573010522294e-08
2.870986666666667020e+02,5.343015575452461086e-01,5.377798598513848782e-01,2.573174487678674659e-29,2.418424479971334418e-08,6.172156008885182343e-03,4.907299265280793410e-01,5.877683443309891266e-03,6.968686564361460402e-08
2.871063333333333389e+02,5.330257027435854056e-01,5.363613293776150481e-01,3.152543453188623127e-29,2.622570265634907912e-08,6.472127486509716456e-03,4.892495344853109440e-01,5.639576433154622724e-03,6.474693708656704559e-08
2.871140000000000327e+02,5.413699555830031596e-01,5.348587003586768862e-01,3.861133949151816836e-29,2.843396007523278034e-08,6.785082370358498649e-03,4.876633930240988901e-01,5.410136382892744705e-03,6.014736661784003944e-08
2.871216666666666697e+02,5.322807249868752866e-01,5.332732370762852669e-01,4.727489767352560333e-29,3.082216771728018532e-08,7.111497764833381134e-03,4.859725606170959833e-01,5.189092006764204831e-03,5.586542396323967714e-08
2.871293333333333635e+02,5.239229118092483262e-01,5.316062909975169948e-01,5.786397560805629431e-29,3.340447287939264072e-08,7.451864064234041581e-03,4.841781630325400765e-01,4.976178616424700718e-03,5.187984528428766191e-08
2.871370000000000005e+02,5.340582452079520870e-01,5.298592996111227693e-01,7.080238428088226554e-29,3.619609174797714367e-08,7.806685119923640302e-03,4.822813920853702419e-01,4.771138038994936041e-03,4.817074217223293210e-08
2.871446666666666943e+02,5.264838899276922390e-01,5.280337851830629869e-01,8.660629082719595754e-29,3.921338663209256559e-08,8.176478399362956812e-03,4.802835043181285513e-01,4.573718532668775462e-03,4.471951604467837804e-08
2.871523333333333312e+02,5.228797049123079521e-01,5.261313534332749953e-01,1.059041399213699860e-28,4.247394849898894589e-08,8.561775136311601531e-03,4.781858196141177686e-01,4.383674700119513309e-03,4.150877764115128246e-08
2.871600000000000250e+02,5.239255356366443461e-01,5.241536921349475575e-01,1.294608274110424679e-28,4.599668515564446834e-08,8.963120471645049173e-03,4.759897197445066563e-01,4.200767399839384908e-03,3.852227132824315018e-08
2.871676666666666620e+02,5.335109212521275124e-01,5.221025696385025450e-01,1.582070241126816803e-28,4.980191543914283612e-08,9.381073584050022077e-03,4.736966468520951712e-01,4.024763655637939551e-03,3.574480394200913055e-08
2.871753333333333558e+02,5.209663765974629213e-01,5.199798333216719692e-01,1.932747352150679666e-28,5.391146980198251338e-08,9.816207810026240932e-03,4.713081018735703065e-01,3.855436564427759151e-03,3.316217790831272002e-08
2.871830000000000496e+02,5.164813245370770689e-01,5.177874079680304664e-01,2.360404069655633441e-28,5.834879769978336994e-08,1.026911075242605519e-02,4.688256429031700256e-01,3.692565202508213407e-03,3.076112839713775775e-08
2.871906666666666865e+02,5.124652555387430031e-01,5.155272940755810662e-01,2.881771651815328511e-28,6.313908221449969877e-08,1.074038437691845170e-02,4.662508834998389529e-01,3.535934530477189645e-03,2.852926427882653224e-08
2.871983333333333803e+02,5.172821143099157748e-01,5.132015660975679516e-01,3.517180990938926756e-28,6.830936237085349319e-08,1.123064509564888729e-02,4.635854909406008639e-01,3.385335296943102652e-03,2.645501266351364889e-08
2.872060000000000173e+02,4.993982789986581849e-01,5.108123706177782886e-01,4.291329005116679219e-28,7.388866363035494707e-08,1.174052383734535028e-02,4.608311844230018606e-01,3.240563941200647492e-03,2.452756681680277510e-08
2.872136666666667111e+02,5.081178038108321582e-01,5.083619244620480870e-01,5.234206460091692445e-28,7.990813707690481847e-08,1.227066610323905224e-02,4.579897332188448411e-01,3.101422494989857642e-03,2.273683725550361869e-08
2.872213333333333480e+02,5.037614306497654182e-01,5.058525127486879214e-01,6.382220851536803695e-28,8.640120783559283130e-08,1.282173200795581197e-02,4.550629547826028354e-01,2.967718483515550780e-03,2.107340583883093820e-08
2.872290000000000418e+02,5.047290585949282260e-01,5.032864868794929558e-01,7.779554905383026301e-28,9.340373330017683450e-08,1.339439630476076636e-02,4.520527128166858533e-01,2.839264825830344844e-03,1.952848267970498925e-08
2.872366666666666788e+02,5.022042379949300805e-01,5.006662624741818890e-01,9.479809590818524434e-28,1.009541717749033307e-07,1.398934839428489334e-02,4.489609152971129058e-01,2.715879734746560938e-03,1.809386571133354068e-08
2.872443333333333726e+02,4.881463161611923063e-01,4.979943172499693427e-01,1.154799057243808293e-27,1.090937621739816999e-07,1.460729231611272196e-02,4.457895124618190819e-01,2.597386616372604137e-03,1.676190275258217605e-08
2.872520000000000095e+02,4.896234390063224917e-01,4.952731888492102330e-01,1.406290909272688669e-27,1.178667154552386692e-07,1.524894672233907851e-02,4.425404947652731846e-01,2.483613969426549852e-03,1.552545592508877820e-08
2.872596666666667033e+02,4.983885767850557147e-01,4.925054726168477393e-01,1.712008278357989999e-27,1.273204185062421438e-07,1.591504483247643473e-02,4.392158908016696728e-01,2.374395284414791696e-03,1.437786828259700084e-08
2.872673333333333403e+02,4.976511329938718142e-01,4.896938193306753506e-01,2.083523934087726622e-27,1.375056512376710047e-07,1.660633436880435895e-02,4.358177652004710523e-01,2.269568942816227453e-03,1.331293252144204497e-08
2.872750000000000341e+02,4.860683232294642497e-01,4.868409328861592611e-01,2.534854694735215612e-27,1.484768176849998172e-07,1.732357747155080160e-02,4.323482164965768426e-01,2.168978116352275262e-03,1.232486164790401292e-08
2.872826666666666711e+02,4.822958859133770759e-01,4.839495679388815530e-01,3.082972049110957592e-27,1.602921919595630692e-07,1.806755059298492325e-02,4.288093749789719800e-01,2.072470666471231803e-03,1.140826148571198119e-08
2.872903333333333649e+02,4.814292695431853231e-01,4.810225275063527706e-01,3.748418284267394575e-27,1.730141799413146270e-07,1.883904436982604402e-02,4.252034005201221767e-01,1.979899044119797467e-03,1.055810491308820553e-08
2.872980000000000018e+02,4.789246313254732490e-01,4.780626605322875200e-01,4.556049671683143304e-27,1.867095976493764884e-07,1.963886347304181004e-02,4.215324803900216133e-01,1.891120189918775842e-03,9.769707725489087766e-09
2.873056666666666956e+02,4.726086476190581864e-01,4.750728594150748219e-01,5.535932616211340026e-27,2.014499672831322572e-07,2.046782643446174582e-02,4.177988270571313389e-01,1.805995434808427454e-03,9.038706025691415542e-09
2.873133333333333326e+02,4.738807408182239000e-01,4.720560575035560591e-01,6.724423891150540783e-27,2.173118319744603751e-07,2.132676544927872980e-02,4.140046759801408460e-01,1.724390401269449433e-03,8.361035048916340439e-09
2.873210000000000264e+02,4.771339879311380927e-01,4.690152265618152683e-01,8.165472341477237994e-27,2.343770903542692179e-07,2.221652615389321794e-02,4.101522833927444545e-01,1.646174905177856095e-03,7.732909335617932002e-09
2.873286666666666633e+02,4.711820481216975054e-01,4.659533742060893990e-01,9.912186938328547788e-27,2.527333520886613709e-07,2.313796737817852209e-02,4.062439240853654154e-01,1.571222858389180639e-03,7.150804169959000714e-09
2.873363333333333571e+02,4.579695751638397372e-01,4.628735413154696499e-01,1.202872505687370242e-26,2.724743156090939144e-07,2.409196087165864017e-02,4.022818891859538115e-01,1.499412172103338839e-03,6.611438206421716097e-09
2.873440000000000509e+02,4.638508165477653877e-01,4.597787994194574290e-01,1.459256561572182342e-26,2.937001693178055645e-07,2.507939100269633570e-02,3.982684839437396485e-01,1.430624661094920909e-03,6.111757211810646017e-09
2.873516666666666879e+02,4.580497428532410709e-01,4.566722480641604021e-01,1.769724460865546976e-26,3.165180176245711632e-07,2.610115443017615652e-02,3.942060255181906170e-01,1.364745948857137067e-03,5.648918853900516841e-09
2.873593333333333817e+02,4.645613386695055524e-01,4.535570121596742554e-01,2.145564599088661260e-26,3.410423332372250577e-07,2.715815974695582821e-02,3.900968407763826251e-01,1.301665373724075802e-03,5.220278472165719831e-09
2.873670000000000186e+02,4.434087820320713469e-01,4.504362393111854823e-01,2.600395934709968778e-26,3.673954372014719603e-07,2.825132709436027276e-02,3.859432641019819865e-01,1.241275896030292081e-03,4.823375769804674451e-09
2.873746666666667124e+02,4.449772958597270067e-01,4.473130971354856156e-01,3.150643785728536097e-26,3.957080082692349955e-07,2.938158774729005690e-02,3.817476352179182131e-01,1.183474006346734450e-03,4.455922369751244523e-09
2.873823333333333494e+02,4.426250599676310737e-01,4.441907705658536543e-01,3.816111648645730267e-26,4.261196232454052068e-07,3.054988366910297432e-02,3.775122970264825351e-01,1.128159634854661352e-03,4.115790180932979377e-09
2.873900000000000432e+02,4.437218562254259258e-01,4.410724591467725109e-01,4.620668189750883791e-26,4.587793300591427397e-07,3.175716703595680979e-02,3.732395934685983629e-01,1.075236061886794981e-03,3.801000524042658555e-09
2.873976666666666802e+02,4.362923005684916644e-01,4.379613743213927046e-01,5.593072330957503243e-26,4.938462553809901380e-07,3.300439972980249298e-02,3.689318674059312575e-01,1.024609829689560872e-03,3.509713969289923321e-09
2.874053333333333740e+02,4.273306491681451713e-01,4.348607367131339663e-01,6.767963859132926261e-26,5.314902487128729898e-07,3.429255279979293025e-02,3.645914585274414588e-01,9.761906554300664928e-04,3.240220841281141286e-09
2.874130000000000109e+02,4.270754691392320557e-01,4.317737734042638165e-01,8.187052368678879973e-26,5.718925649589249452e-07,3.562260589134213368e-02,3.602207012839305778e-01,9.298913454938238354e-04,2.990932349018932417e-09
2.874206666666667047e+02,4.310666580628770839e-01,4.287037152127669559e-01,9.900543771066226697e-26,6.152465876011844542e-07,3.699554664268660253e-02,3.558219228520288491e-01,8.856277110915499514e-04,2.760372301403209299e-09
2.874283333333333417e+02,4.253266796367904945e-01,4.256537939702570439e-01,1.196885126962244176e-25,6.617585946910145602e-07,3.841237004823692264e-02,3.513974411310422097e-01,8.433184852138172777e-04,2.547169371140217075e-09
2.874360000000000355e+02,4.206912935241219897e-01,4.226272398021700960e-01,1.446464684206210514e-25,7.116485699942887718e-07,3.987407778866848551e-02,3.469495627739348498e-01,8.028852409468485544e-04,2.350049872095265249e-09
2.874436666666666724e+02,4.286993281445010684e-01,4.196272784128945998e-01,1.747532017587694506e-25,7.651510617214521898e-07,4.138167752710041752e-02,3.424805812557199514e-01,7.642523111814793343e-04,2.167831017363635122e-09
2.874513333333333662e+02,4.151382244716572689e-01,4.166571283770006406e-01,2.110592500007950103e-25,8.225160914126241501e-07,4.293618217141810522e-02,3.379927749803525172e-01,7.273467097239489070e-04,1.999414627229490445e-09
2.874590000000000032e+02,4.168933338555985690e-01,4.137199984391243257e-01,2.548270824400826911e-25,8.840101156473857791e-07,4.453860910215793473e-02,3.334884054292353017e-01,6.920980538342350703e-04,1.843781258166031854e-09
2.874666666666666970e+02,4.149763480763755119e-01,4.108190848235935277e-01,3.075733590544797109e-25,9.499170434009415557e-07,4.618997936612596888e-02,3.289697153522430639e-01,6.584384881963341752e-04,1.699984725715403503e-09
2.874743333333333339e+02,4.042801788423364129e-01,4.079575685562458753e-01,3.711195147959053692e-25,1.020539311974186986e-06,4.789131683524664590e-02,3.244389270041998508e-01,6.263026103403800376e-04,1.567146995842535220e-09
2.874820000000000277e+02,4.008654390622998775e-01,4.051386127994531794e-01,4.476522895663118958e-25,1.096199024591257203e-06,4.964364733093883097e-02,3.198982404275191871e-01,5.956273975170546953e-04,1.444453420854295847e-09
2.874896666666666647e+02,3.984247474517035870e-01,4.023653602026973086e-01,5.397961351705209886e-25,1.177239152870601288e-06,5.144799771360063223e-02,3.153498317837566400e-01,5.663521350388729886e-04,1.331148297527835470e-09
2.874973333333333585e+02,3.962690061962594323e-01,3.996409302696405375e-01,6.506998008066687851e-25,1.264024807556424393e-06,5.330539493763609277e-02,3.107958517345810745e-01,5.384183460851617569e-04,1.226530726420670218e-09
2.875049999999999955e+02,4.018232983940655534e-01,3.969684167439301303e-01,7.841398389026712168e-25,1.356944581016704040e-06,5.521686507169693003e-02,3.062384238747209442e-01,5.117697229804606812e-04,1.129950752707196546e-09
2.875126666666666893e+02,3.911269497144229668e-01,3.943508850146143496e-01,9.446442965394583010e-25,1.456411965210733364e-06,5.718343228471765155e-02,3.016796432171858222e-01,4.863520599398759334e-04,1.040805770063771927e-09
2.875203333333333831e+02,3.863048793119522317e-01,3.917913695432879706e-01,1.137640479625455194e-24,1.562866848955684318e-06,5.920611779753157805e-02,2.971215747330837598e-01,4.621131872865155590e-04,9.585371703356836323e-10
2.875280000000000200e+02,3.892676643734112041e-01,3.892928713139154340e-01,1.369631415899294090e-24,1.676777098529558135e-06,6.128593880069326677e-02,2.925662519463636535e-01,4.390029071328024912e-04,8.826272227667330377e-10
2.875356666666667138e+02,3.830789412237990410e-01,3.868583553069528946e-01,1.648406520234668418e-24,1.798640225803473153e-06,6.342390733872056707e-02,2.880156755848872208e-01,4.169729305231174811e-04,8.125961676241439948e-10
2.875433333333333508e+02,3.866405288031585230e-01,3.844907479993188160e-01,1.983293007304624949e-24,1.928985148276092499e-06,6.562102916100562289e-02,2.834718122891324299e-01,3.959768160329568969e-04,7.479995100108480506e-10
2.875510000000000446e+02,3.863826682808132462e-01,3.821929348910979574e-01,2.385455832810268871e-24,2.068374045605315731e-06,6.787830254027059362e-02,2.789365933785436513e-01,3.759699098126673480e-04,6.884255005440947802e-10
2.875586666666666815e+02,3.861424327968002168e-01,3.799677580608403771e-01,2.868255410709051830e-24,2.217404317378625878e-06,7.019671705863068933e-02,2.744119136773279233e-01,3.569092870716002500e-04,6.334927904585977943e-10
2.875663333333333753e+02,3.818418191842194997e-01,3.778180137501671032e-01,3.447674092940772806e-24,2.376710647126497829e-06,7.257725236241428790e-02,2.698996303992702295e-01,3.387536949872170956e-04,5.828482494589793863e-10
2.875740000000000123e+02,3.837708100945195211e-01,3.757464499794711532e-01,4.142824459398060192e-24,2.546967177729177391e-06,7.502087688590629300e-02,2.654015620931899910e-01,3.214634970321368244e-04,5.361649354250811879e-10
2.875816666666667061e+02,3.802813953467083508e-01,3.737557641953989096e-01,4.976554909016500928e-24,2.728889803652884737e-06,7.752854654534427348e-02,2.609194876484089987e-01,3.050006187017294300e-04,4.931402057496634476e-10
2.875893333333333430e+02,3.683554905155704273e-01,3.718486009518102708e-01,5.976170936591602782e-24,2.923238585602132341e-06,8.010120340345641687e-02,2.564551453616416565e-01,2.893284946326025011e-04,4.534939607730350378e-10
2.875970000000000368e+02,3.768765508448136958e-01,3.700275496248895957e-01,7.174293907398002788e-24,3.130820293484463012e-06,8.273977430605457262e-02,2.520102320644815874e-01,2.744120170929002572e-04,4.169670103750872476e-10
2.876046666666666738e+02,3.615712884776998703e-01,3.682951421640208167e-01,8.609883198470982174e-24,3.352491083738049913e-06,8.544516949109796922e-02,2.475864023126870817e-01,2.602174858324419636e-04,3.833195553873008093e-10
2.876123333333333676e+02,3.716287578839923555e-01,3.666538508790968542e-01,1.032945237713681290e-23,3.589159317407814174e-06,8.821828117192907770e-02,2.431852676362484256e-01,2.467125592722156213e-04,3.523297760121578875e-10
2.876200000000000045e+02,3.629157210756401852e-01,3.651060862657987682e-01,1.238851576675741941e-23,3.841788525512682774e-06,9.105998209522482567e-02,2.388083958512367266e-01,2.338662070192290977e-04,3.237925199661187157e-10
2.876276666666666983e+02,3.650666298489272932e-01,3.636541948695221071e-01,1.485330846729960119e-23,4.111400528608460551e-06,9.397112407555642533e-02,2.344573104322339729e-01,2.216486636850708929e-04,2.975180835241763236e-10
2.876353333333333353e+02,3.691224243598002497e-01,3.623004571894161696e-01,1.780283083824455459e-23,4.399078717609727065e-06,9.695253650722959748e-02,2.301334899461454364e-01,2.100313839924605589e-04,2.733310791079632876e-10
2.876430000000000291e+02,3.613532705427293101e-01,3.610470856232329551e-01,2.133127783629383771e-23,4.705971503324897266e-06,1.000050248554910509e-01,2.258383675460219897e-01,1.989869991471939176e-04,2.510693834653212556e-10
2.876506666666666661e+02,3.584255668451867272e-01,3.598962224543864608e-01,2.555092468505313226e-23,5.033295942316732349e-06,1.031293691279018820e-01,2.215733305255007390e-01,1.884892744583071460e-04,2.305831608960513169e-10
2.876583333333333599e+02,3.549870615452362377e-01,3.588499378819500762e-01,3.059555344690821863e-23,5.382341547123291740e-06,1.063263223281566972e-01,2.173397199323292006e-01,1.785130681831387039e-04,2.117339563350993297e-10
2.876659999999999968e+02,3.598133722383509148e-01,3.579102280949356674e-01,3.662452052090055218e-23,5.754474289029278473e-06,1.095966088932754240e-01,2.131388302413984304e-01,1.690342915789126612e-04,1.943938534607170943e-10
2.876736666666666906e+02,3.531190244280394408e-01,3.570790133916209586e-01,4.382758333117421298e-23,6.151140802034280118e-06,1.129409231166390581e-01,2.089719090855981509e-01,1.600298701369688888e-04,1.784446933080340674e-10
2.876813333333333276e+02,3.545806156347594551e-01,3.563581363452191786e-01,5.243062598487280962e-23,6.573872796814771011e-06,1.163599275579192405e-01,2.048401570447455078e-01,1.514777059803091924e-04,1.637773491802941379e-10
2.876890000000000214e+02,3.611831362565631753e-01,3.557493600167086489e-01,6.270244905538184401e-23,7.024291693967789421e-06,1.198542514425623290e-01,2.007447274907610546e-01,1.433566414002159807e-04,1.502910539243097490e-10
2.876966666666667152e+02,3.562670502656630211e-01,3.552543662160635440e-01,7.496281855701753602e-23,7.504113485972506025e-06,1.234244890520229815e-01,1.966867264891500600e-01,1.356464235118056306e-04,1.378927759092652158e-10
2.877043333333333521e+02,3.580474654306303184e-01,3.548747538127905443e-01,8.959200443233570646e-23,8.015153837804278196e-06,1.270711981074061914e-01,1.926672127550454472e-01,1.283276700044575880e-04,1.264966402889753936e-10
2.877120000000000459e+02,3.546288117567096276e-01,3.546120370969012559e-01,1.070420804004051593e-22,8.559333436376991599e-06,1.307948981483871287e-01,1.886871976630891123e-01,1.213818359652632625e-04,1.160233923633786696e-10
2.877196666666666829e+02,3.604313501289701516e-01,3.544676441913957587e-01,1.278503059196329901e-22,9.138683599319194801e-06,1.345960689093029516e-01,1.847476453103403249e-01,1.147911817532922050e-04,1.063999000708497605e-10
2.877273333333333767e+02,3.512692543538785128e-01,3.544429155172745816e-01,1.526549685974475674e-22,9.755352154087724336e-06,1.384751486953514910e-01,1.808494726303097322e-01,1.085387419006150490e-04,9.755869284254828874e-11
2.877350000000000136e+02,3.620365075059294724e-01,3.545391023122225205e-01,1.822141331266600992e-22,1.041160959855764654e-05,1.424325327603529201e-01,1.769935495578146556e-01,1.026082950188892052e-04,8.943753424346604876e-11
2.877426666666667074e+02,3.622598777002197235e-01,3.547573652040248993e-01,2.174278225449008286e-22,1.110985555486031152e-05,1.464685716893557865e-01,1.731806992424480274e-01,9.698433468715970561e-05,8.197902599674846047e-11
2.877503333333333444e+02,3.551835971521160595e-01,3.550987728398311560e-01,2.593642513380950363e-22,1.185262552833079611e-05,1.505835697876077295e-01,1.694116983102653129e-01,9.165204129959945132e-05,7.513024115723407757e-11
2.877580000000000382e+02,3.588026754100451798e-01,3.555643005724077321e-01,3.092908401167175878e-22,1.264259798410776226e-05,1.547777834793281071e-01,1.656872771714039960e-01,8.659725484908450098e-05,6.884238435018312339e-11
2.877656666666666752e+02,3.519200885803482337e-01,3.561548292044606212e-01,3.687108710754258977e-22,1.348260175399446686e-05,1.590514197178809486e-01,1.620081203731299213e-01,8.180644862533936084e-05,6.307047713871853037e-11
2.877733333333333690e+02,3.587983887231367408e-01,3.568711437922573726e-01,4.394067955945992595e-22,1.437562378692162240e-05,1.634046344109302829e-01,1.583748669959632316e-01,7.726670380388534463e-05,5.777306671435360072e-11
2.877810000000000059e+02,3.637965200545046907e-01,3.577139325095927136e-01,5.234913839726041907e-22,1.532481725638513585e-05,1.678375308622392370e-01,1.547881110922804393e-01,7.296568490464946455e-05,5.291195623343732191e-11
2.877886666666666997e+02,3.627809264773690368e-01,3.586837855734129610e-01,6.234681170315480594e-22,1.633351003902089299e-05,1.723501582338272942e-01,1.512484021649977972e-01,6.889161609690809757e-05,4.845195523638853052e-11
2.877963333333333367e+02,3.531378297250949427e-01,3.597811942321119671e-01,7.423024654282031296e-22,1.740521357846991921e-05,1.769425100301946774e-01,1.477562456856485185e-01,6.503325832964619330e-05,4.436064869830062737e-11
2.878040000000000305e+02,3.646130261294914243e-01,3.610065498178928189e-01,8.835059912661487194e-22,1.854363214953600695e-05,1.816145226084446840e-01,1.443121036494258436e-01,6.137988726451879700e-05,4.060818335881323689e-11
2.878116666666666674e+02,3.589009100069738833e-01,3.623601428641736177e-01,1.051235545151626177e-21,1.975267253758347823e-05,1.863660737160450498e-01,1.409163951664331171e-01,5.792127199081769593e-05,3.716707007622699513e-11
2.878193333333333612e+02,3.678534960709348711e-01,3.638421622895126051e-01,1.250410228814729157e-21,2.103645414903097314e-05,1.911969810601573394e-01,1.375694970866940536e-01,5.464765450020913663e-05,3.401200103722888455e-11
2.878269999999999982e+02,3.650309771327493458e-01,3.654526946489858874e-01,1.486849258502662417e-21,2.239931956869181483e-05,1.961070009102900413e-01,1.342717446581064566e-01,5.154972990104695566e-05,3.111968073790134916e-11
2.878346666666666920e+02,3.626184528777487981e-01,3.671917234545715170e-01,1.767434409332035756e-21,2.384584558068490850e-05,2.010958267382847164e-01,1.310234322148867703e-01,4.861862735065840903e-05,2.846866972678017663e-11
2.878423333333333289e+02,3.692346142514288942e-01,3.690591285654237774e-01,2.100301358809138026e-21,2.538085466946812308e-05,2.061630878973849668e-01,1.278248138956442070e-01,4.584589168588474911e-05,2.603924017386482681e-11
2.878500000000000227e+02,3.764546064291339755e-01,3.710546856496598211e-01,2.495064994832057672e-21,2.700942701859639132e-05,2.113083483444582467e-01,1.246761043886388531e-01,4.322346573094585672e-05,2.381324239470097496e-11
2.878576666666667165e+02,3.719298652177240871e-01,3.731780657185033157e-01,2.963084627523720145e-21,2.873691302456830396e-05,2.165311054071335228e-01,1.215774797033078308e-01,4.074367326342865644e-05,2.177398152204882612e-11
2.878653333333333535e+02,3.782526884022931468e-01,3.754288347343519572e-01,3.517776066965646272e-21,3.056894634414912445e-05,2.218307885996899098e-01,1.185290779657935251e-01,3.839920261830699594e-05,1.990610357434630700e-11
2.878730000000000473e+02,3.822797304312037237e-01,3.778064532938927300e-01,4.174978724669252794e-21,3.251145749360362977e-05,2.272067584902335013e-01,1.155310002370591033e-01,3.618309091100125002e-05,1.819549022468776777e-11
2.878806666666666843e+02,3.837823645539514272e-01,3.803102763872988623e-01,4.953387294489901778e-21,3.457068801862657101e-05,2.326583056216391387e-01,1.125833113521511886e-01,3.408870886073873957e-05,1.662916162399450212e-11
2.878883333333333781e+02,3.790057611862855946e-01,3.829395532351639320e-01,5.875059202431338935e-21,3.675320525467564060e-05,2.381846494901153077e-01,1.096860407784034791e-01,3.210974619526039422e-05,1.519518667823011535e-11
2.878960000000000150e+02,3.766189739962892413e-01,3.856934272038263778e-01,6.966010922788057481e-21,3.906591769701126378e-05,2.437849375829944931e-01,1.068391834916330718e-01,3.024019761919664686e-05,1.388260022357398825e-11
2.879036666666667088e+02,3.991092932364441737e-01,3.885709358008692105e-01,8.256918486810441890e-21,4.151609100108560744e-05,2.494582444798518484e-01,1.040427008680071541e-01,2.847434932778684634e-05,1.268132658302251547e-11
2.879113333333333458e+02,3.912060822543994010e-01,3.915710107513398208e-01,9.783940110943903275e-21,4.411136463330252031e-05,2.552035710184126227e-01,1.012965215906628108e-01,2.680676604895016875e-05,1.158210902609772245e-11
2.879190000000000396e+02,3.995344477921310977e-01,3.946924781564877804e-01,1.158968190768329154e-20,4.685976919362764908e-05,2.610198435293050179e-01,9.860054256881652102e-02,2.523227859616639844e-05,1.057644468754590246e-11
2.879266666666666765e+02,3.902494480060984539e-01,3.979340587354569525e-01,1.372433118244888501e-20,4.976974443075926185e-05,2.669059131409914354e-01,9.595462986846242659e-02,2.374597191585744725e-05,9.656524533910250538e-12
2.879343333333333703e+02,4.061254210725666058e-01,4.012943681517293637e-01,1.624698594966644743e-20,5.285015797214008624e-05,2.728605551588642597e-01,9.335861965246532168e-02,2.234317361251557138e-05,8.815177996424634651e-12
2.879420000000000073e+02,4.097220232128847561e-01,4.047719174246299234e-01,1.922721411364003844e-20,5.611032479016692559e-05,2.788824685196855113e-01,9.081231912917235582e-02,2.101944293596774984e-05,8.045821917157222774e-12
2.879496666666667011e+02,4.080933400125885124e-01,4.083651134276725658e-01,2.274688136947814115e-20,5.956002742763276864e-05,2.849702753252608134e-01,8.831550750742689360e-02,1.977056021480901976e-05,7.342413480861820661e-12
2.879573333333333380e+02,4.195099295247765037e-01,4.120722594739169020e-01,2.690229341155177136e-20,6.320953700434199225e-05,2.911225204563501756e-01,8.586793695714191321e-02,1.859251672109861185e-05,6.699406829554444549e-12
2.879650000000000318e+02,4.145775079316385558e-01,4.158915559900747683e-01,3.180670564603971937e-20,6.706963502864462287e-05,2.973376712705821379e-01,8.346933357340112491e-02,1.748150495113611153e-05,6.111713078862614962e-12
2.879726666666666688e+02,4.165260493330834035e-01,4.198211012793806596e-01,3.759326245818404358e-20,7.115163603632930077e-05,3.036141173851750752e-01,8.111939834328654730e-02,1.643390930811668111e-05,5.574663476353358343e-12
2.879803333333333626e+02,4.248956774144259652e-01,4.238588923749103676e-01,4.441843839132906515e-20,7.546741108127427353e-05,3.099501705480813274e-01,7.881780811349151095e-02,1.544629717225742108e-05,5.083975461039435437e-12
2.879879999999999995e+02,4.275193119213852033e-01,4.280028259831819559e-01,5.246606557900233236e-20,8.002941210070977393e-05,3.163440645981351884e-01,7.656421655796538661e-02,1.451541034489798474e-05,4.635721401479847080e-12
2.879956666666666933e+02,4.357371151373202189e-01,4.322506995196497837e-01,6.195204571148471483e-20,8.485069718006316760e-05,3.227939555176445041e-01,7.435825514374605483e-02,1.363815685292928821e-05,4.226299806250237456e-12
2.880033333333333303e+02,4.353877683179520064e-01,4.366002122357354187e-01,7.312986101608852385e-20,8.994495674055816130e-05,3.292979215777620539e-01,7.219953409427960767e-02,1.281160310074947264e-05,3.852408816229316187e-12
2.880110000000000241e+02,4.485706972491820821e-01,4.410489664389019016e-01,8.629701755870317878e-20,9.532654067501616707e-05,3.358539635798743483e-01,7.008764334848470445e-02,1.203296635684887880e-05,3.511021802228696743e-12
2.880186666666667179e+02,4.451380044114581214e-01,4.455944688052472236e-01,1.018025760358937536e-19,1.010104864552772205e-04,3.424600051931261380e-01,6.802215351490352446e-02,1.129960756290340585e-05,3.199364904958811066e-12
2.880263333333333549e+02,4.474767688652223074e-01,4.502341317857628811e-01,1.200559506201797824e-19,1.070125482367647674e-04,3.491138933907490527e-01,6.600261681940888803e-02,1.060902445324356609e-05,2.914896366451750313e-12
2.880340000000000487e+02,4.515889754541146384e-01,4.549652751062238654e-01,1.415371858886809920e-19,1.133492269845851145e-04,3.558133989860576829e-01,6.402856804555316639e-02,9.958844973140837682e-06,2.655287513564128545e-12
2.880416666666666856e+02,4.558506740813406122e-01,4.597851273605184641e-01,1.668089560581787255e-19,1.200378016454004275e-04,3.625562172688077123e-01,6.209952546666229478e-02,9.346820984668091219e-06,2.418405264726827646e-12
2.880493333333333794e+02,4.714295668331985878e-01,4.646908276983600095e-01,1.965305704167098916e-19,1.270963613909996360e-04,3.693399687442073809e-01,6.021499176831026506e-02,8.770822249059644332e-06,2.202296040826631790e-12
2.880570000000000164e+02,4.694213752868717227e-01,4.696794276062605800e-01,2.314743148198203696e-19,1.345438389568175532e-04,3.761621999739464539e-01,5.837445496067705797e-02,8.228830675100145010e-06,2.005170970276313809e-12
2.880646666666667102e+02,4.770167153143641814e-01,4.747478927827669670e-01,2.725445124325328328e-19,1.424000451016538217e-04,3.830203845215916503e-01,5.657738927942523866e-02,7.718934823102112911e-06,1.825392286606288164e-12
2.880723333333333471e+02,4.778216652670687625e-01,4.798931051065411513e-01,3.207997486428384660e-19,1.506857042114553825e-04,3.899119240013318444e-01,5.482325607468174766e-02,7.239324654633609600e-06,1.661460824789803776e-12
2.880800000000000409e+02,4.855864834622403703e-01,4.851118646980975280e-01,3.774787766187504684e-19,1.594224910733003974e-04,3.968341492321223463e-01,5.311150468687165366e-02,6.788286518207544554e-06,1.512004529608224411e-12
2.880876666666666779e+02,4.916797182065749117e-01,4.904008920735043464e-01,4.440307027820237185e-19,1.686330688418963047e-04,4.037843214958652394e-01,5.144157330905968495e-02,6.364198361700298328e-06,1.375767896110486196e-12
2.880953333333333717e+02,5.010152770123958987e-01,4.957568303906525475e-01,5.221501473493954792e-19,1.783411282244645399e-04,4.107596339013568354e-01,4.981288983465731457e-02,5.965525162336152969e-06,1.251602268299095624e-12
2.881030000000000086e+02,5.044856683349258075e-01,5.011762477861124720e-01,6.138181859712851524e-19,1.885714279055180742e-04,4.177572128522822892e-01,4.822487269022061179e-02,5.590814565590598920e-06,1.138456927949091159e-12
2.881106666666667024e+02,5.130799925045606003e-01,5.066556398029585795e-01,7.213500067975647487e-19,1.993498362369560697e-04,4.247741196206543668e-01,4.667693165230738656e-02,5.238692724447435621e-06,1.035370910669623365e-12
2.881183333333333394e+02,5.120961392785665645e-01,5.121914319072847777e-01,8.474503655660738477e-19,2.107033742139534903e-04,4.318073520236103691e-01,4.516846864818801349e-02,4.907860330924682934e-06,9.414654912550009777e-13
2.881260000000000332e+02,5.166807912347961551e-01,5.177799820935528041e-01,9.952780927482817235e-19,2.226602597613771075e-04,4.388538462046174815e-01,4.369887853948616063e-02,4.597088831876721698e-06,8.559372848223686320e-13
2.881336666666666702e+02,5.252348157285106067e-01,5.234175835761908369e-01,1.168521104760844671e-18,2.352499533499180626e-04,4.459104785166275176e-01,4.226754988861380902e-02,4.305216821525099245e-06,7.780519144515134354e-13
2.881413333333333640e+02,5.260498227399506010e-01,5.291004675673324220e-01,1.371483600006985710e-18,2.485032049657684406e-04,4.529740675078743339e-01,4.087386570718187090e-02,4.031146603271994139e-06,7.071381998457213493e-13
2.881490000000000009e+02,5.355656018663157436e-01,5.348248061378061413e-01,1.609187384478406902e-18,2.624521024514331747e-04,4.600413760074801295e-01,3.951720418631822496e-02,3.773840913761496860e-06,6.425828251335381614e-13
2.881566666666666947e+02,5.442056254527982695e-01,5.405867151610003196e-01,1.887489576443797087e-18,2.771301212403483251e-04,4.671091133111959781e-01,3.819693940817781713e-02,3.532319802262401580e-06,5.838254471793190045e-13
2.881643333333333317e+02,5.442116841824500284e-01,5.463822573364018886e-01,2.213219291201308116e-18,2.925721755009999124e-04,4.741739374640699944e-01,3.691244203864164908e-02,3.305657658826403350e-06,5.303542088421505487e-13
2.881720000000000255e+02,5.524090295186315780e-01,5.522074452921654775e-01,2.594336312398819178e-18,3.088146707117832334e-04,4.812324576399978904e-01,3.566308000058918126e-02,3.092980384788006890e-06,4.817016243938702656e-13
2.881796666666666624e+02,5.622250315363039874e-01,5.580582447631945442e-01,3.040115223682604086e-18,3.258955576800495291e-04,4.882812366145738436e-01,3.444821912780361706e-02,2.893462699524456775e-06,4.374408069251428702e-13
2.881873333333333562e+02,5.606433128392415144e-01,5.639305778438180594e-01,3.561359013203682817e-18,3.438543880248766524e-04,4.953167933308280646e-01,3.326722379899038629e-02,2.706325577508612114e-06,3.971820099311272267e-13
2.881950000000000500e+02,5.737829150891398111e-01,5.698203263112775474e-01,4.170646783843136511e-18,3.627323711345305473e-04,5.023356055539524023e-01,3.211945755202004482e-02,2.530833810011542956e-06,3.605694574976878396e-13
2.882026666666666870e+02,5.697427447436858028e-01,5.757233350185202436e-01,4.882620916733922118e-18,3.825724326151466368e-04,5.093341126138660746e-01,3.100428367802577842e-02,2.366293685937471047e-06,3.272784395238885649e-13
2.882103333333333808e+02,5.741908760730314309e-01,5.816354153531317905e-01,5.714319858150351515e-18,4.034192742416253612e-04,5.163087182324589408e-01,2.992106579534773228e-02,2.212050786537329701e-06,2.970126503064026417e-13
2.882180000000000177e+02,5.823689722142039171e-01,5.875523487590893490e-01,6.685563646372393882e-18,4.253194354197923559e-04,5.232557934321793169e-01,2.886916840333184076e-02,2.067487888942171484e-06,2.695017505408273989e-13
2.882256666666667115e+02,5.923879291999336605e-01,5.934698903194072228e-01,7.819400384254575422e-18,4.483213561727701028e-04,5.301716795242715774e-01,2.784795741574478886e-02,1.932022973614143035e-06,2.444991343840023275e-13
2.882333333333333485e+02,5.945253991047813047e-01,5.993837723951566110e-01,9.142623115039031646e-18,4.724754416542760634e-04,5.370526911718983554e-01,2.685680067405110324e-02,1.805107331067238218e-06,2.217798847062221701e-13
2.882410000000000423e+02,6.022717846077414450e-01,6.052897083189603400e-01,1.068636799874919077e-17,4.978341281998393663e-04,5.438951195264645211e-01,2.589506844033150415e-02,1.686223763324502729e-06,2.011389010058043794e-13
2.882486666666666792e+02,6.082426784985364154e-01,6.111833961381242242e-01,1.248680633995306880e-17,5.244519509144510193e-04,5.506952354320072685e-01,2.496213387014426313e-02,1.574884875823194720e-06,1.823891857216536491e-13
2.882563333333333730e+02,6.134218583482644593e-01,6.170605224052363447e-01,1.458594491813397809e-17,5.523856128044075508e-04,5.574492926956280403e-01,2.405737346518290951e-02,1.470631455589880750e-06,1.653602758204281615e-13
2.882640000000000100e+02,6.256724412650888079e-01,6.229167660111398774e-01,1.703255125274245269e-17,5.816940554473326022e-04,5.641535314185355254e-01,2.318016750607531165e-02,1.373030931733069213e-06,1.498968076069482910e-13
2.882716666666667038e+02,6.227192071109497462e-01,6.287478020578517457e-01,1.988322293985234059e-17,6.124385312045317305e-04,5.708041813853510504e-01,2.232990046524586589e-02,1.281675914407864814e-06,1.358572036749023554e-13
2.882793333333333408e+02,6.307098962343818949e-01,6.345493057660923641e-01,2.320362306958510447e-17,6.446826769646234016e-04,5.773974655059710415e-01,2.150596140022493011e-02,1.196182808614988672e-06,1.231124718239419239e-13
2.882870000000000346e+02,6.438714581100315471e-01,6.403169564147539461e-01,2.706990703012932120e-17,6.784925894186106480e-04,5.839296033073340109e-01,2.070774432739045864e-02,1.116190499299519481e-06,1.115451065905626543e-13
2.882946666666666715e+02,6.428861731247272893e-01,6.460464413067575906e-01,3.157036978153604291e-17,7.139369018497978333e-04,5.903968144691419395e-01,1.993464857656037509e-02,1.041359104405827019e-06,1.010480848104286529e-13
2.883023333333333653e+02,6.453732497691080372e-01,6.517334597583962497e-01,3.680734701492275846e-17,7.510868624343119927e-04,5.967953224005991819e-01,1.918607912647857586e-02,9.713687926440641671e-07,9.152394732574501545e-14
2.883100000000000023e+02,6.628107007394670180e-01,6.573737271064219456e-01,4.289940857316758969e-17,7.900164140295759703e-04,6.031213578520032703e-01,1.846144692164318826e-02,9.059186628991860549e-07,8.288395960344641615e-14
2.883176666666666961e+02,6.561377011226138256e-01,6.629629787297661725e-01,4.998388819454969067e-17,8.308022754416585819e-04,6.093711625579950608e-01,1.776016917057197247e-02,8.447256823078760691e-07,7.504734461925000900e-14
2.883253333333333330e+02,6.700858434353385018e-01,6.684969740799877602e-01,5.821980014538462322e-17,8.735240241422594608e-04,6.155409929061173013e-01,1.708166962598000813e-02,7.875236801900071806e-07,6.794058191432077708e-14
2.883330000000000268e+02,6.770642037504081001e-01,6.739715007171477312e-01,6.779120075759606133e-17,9.182641804210276348e-04,6.216271236272593592e-01,1.642537884701071246e-02,7.340623951111332133e-07,6.149676722989577540e-14
2.883406666666666638e+02,6.910272832751532812e-01,6.793823783450743115e-01,7.891106140408384026e-17,9.651082929367791122e-04,6.276258515014923045e-01,1.579073444401701831e-02,6.841065725002949895e-07,5.565502759155681413e-14
2.883483333333333576e+02,6.870230577023500596e-01,6.847254628425517575e-01,9.182572919254899332e-17,1.014145025647697441e-03,6.335334990756675833e-01,1.517718130607556906e-02,6.374351103326503975e-07,5.035998713635648362e-14
2.883559999999999945e+02,6.882398046180104867e-01,6.899966502842979077e-01,1.068200627938871393e-16,1.065466246076320501e-03,6.393464183861776728e-01,1.458417181174774362e-02,5.938402505219304088e-07,4.556127936991045993e-14
2.883636666666666883e+02,6.904967663185954674e-01,6.951918809481260064e-01,1.242233435570683273e-16,1.119167114883354254e-03,6.450609946830807573e-01,1.401116602330681506e-02,5.531268137480745218e-07,4.121310189662946432e-14
2.883713333333333821e+02,7.078512552670115365e-01,7.003071433021260672e-01,1.444160766003152349e-16,1.175346176698227304e-03,6.506736501489605029e-01,1.345763186495426735e-02,5.151114755692603128e-07,3.727380999869374467e-14
2.883790000000000191e+02,6.990283863350660321e-01,7.053384779678895100e-01,1.678378131823489612e-16,1.234105452170965265e-03,6.561808476082988673e-01,1.292304528530396554e-02,4.796220817454093035e-07,3.370554574013189712e-14
2.883866666666667129e+02,7.197770868017062673e-01,7.102819816543763931e-01,1.949961446139336347e-16,1.295550531193404931e-03,6.615790942215693526e-01,1.240689040458224819e-02,4.464970008058191343e-07,3.047389955195018576e-14
2.883943333333333499e+02,7.198590667754478645e-01,7.151338110570555351e-01,2.264770396037145159e-16,1.359790667232253867e-03,6.668649451582953080e-01,1.190865964698815775e-02,4.155845119818236014e-07,2.754760150945149665e-14
2.884020000000000437e+02,7.108655982823970376e-01,7.198901867182174730e-01,2.629567216194987363e-16,1.426938872728348781e-03,6.720350072447049961e-01,1.142785385853234068e-02,3.867422267031497988e-07,2.489823974657302071e-14
2.884096666666666806e+02,7.277651200946614329e-01,7.245473968423102873e-01,3.052153109773249662e-16,1.497112015486712702e-03,6.770859425793648301e-01,1.096398241089391323e-02,3.598365419532910838e-07,2.250000366863956806e-14
2.884173333333333744e+02,7.360186839272830905e-01,7.291018010624296108e-01,3.541524884639073571e-16,1.570430916007036545e-03,6.820144721126751852e-01,1.051656329160290809e-02,3.347421238437711460e-07,2.032944982098472389e-14
2.884250000000000114e+02,7.324216973369497286e-01,7.335498341518493781e-01,4.108054738341851553e-16,1.647020445668472520e-03,6.868173791836500452e-01,1.008512318109226931e-02,3.113414198576098407e-07,1.836528845341703558e-14
2.884326666666667052e+02,7.355628660070251401e-01,7.378880096767229668e-01,4.763696541795946682e-16,1.727009625710581057e-03,6.914915130098546747e-01,9.669197516942432472e-03,2.895241982721895866e-07,1.658818898549835700e-14
2.884403333333333421e+02,7.316291300126269714e-01,7.421129235839489802e-01,5.522222445468215158e-16,1.810531726913400990e-03,6.960337921240472570e-01,9.268330545859456565e-03,2.691871133542012793e-07,1.498060273111827029e-14
2.884480000000000359e+02,7.448379273142999857e-01,7.462212577203701791e-01,6.399494171691901755e-16,1.897724369910374189e-03,7.004412077534298842e-01,8.882075363720803168e-03,2.502332949749885724e-07,1.352660137961997562e-14
2.884556666666666729e+02,7.577677181602050505e-01,7.502097832774470287e-01,7.413773970345794657e-16,1.988729626025659541e-03,7.047108271352228170e-01,8.509993944224280779e-03,2.325719613697729119e-07,1.221172985974773980e-14
2.884633333333333667e+02,7.607574112955738377e-01,7.540753641576412036e-01,8.586080913706966172e-16,2.083694118561155335e-03,7.088397967645330144e-01,8.151657156481377856e-03,2.161180538158584393e-07,1.102287232931111494e-14
2.884710000000000036e+02,7.470062105414082554e-01,7.578149602568450272e-01,9.940598999726969750e-16,2.182769124412792770e-03,7.128253455684468998e-01,7.806644772082116726e-03,2.007918920732767616e-07,9.948130141805388813e-15
2.884786666666666974e+02,7.725129842588051021e-01,7.614256306591893342e-01,1.150514443563869671e-15,2.286110675932782887e-03,7.166647880024202832e-01,7.474545461976604514e-03,1.865188494791402660e-07,8.976710739164530574e-15
2.884863333333333344e+02,7.612169396053860559e-01,7.649045367388006555e-01,1.331170049824237930e-15,2.393879662904870552e-03,7.203555270631503138e-01,7.154956783689350036e-03,1.732290466491167148e-07,8.098826510733522055e-15
2.884940000000000282e+02,7.649382539049162100e-01,7.682489451649715528e-01,1.539702953185442437e-15,2.506241934540469948e-03,7.238950572141470419e-01,6.847485159212386707e-03,1.608570627835723742e-07,7.305602740728311618e-15
2.885016666666666652e+02,7.684052321033894017e-01,7.714562308055850082e-01,1.780337296563199027e-15,2.623368401349791563e-03,7.272809672184832319e-01,6.551745844080069173e-03,1.493416636323862321e-07,6.588993842679268151e-15
2.885093333333333590e+02,7.795428345164132633e-01,7.745238795254265618e-01,2.057925173238657773e-15,2.745435136786811541e-03,7.305109428751170864e-01,6.267362887969332025e-03,1.386255452131242931e-07,5.941707148253658172e-15
2.885169999999999959e+02,7.812951433188970451e-01,7.774494908745267496e-01,2.378038117118356418e-15,2.872623478508890427e-03,7.335827696536043607e-01,5.993969087313298118e-03,1.286550924284682009e-07,5.357133581724657101e-15
2.885246666666666897e+02,7.773479206234976679e-01,7.802307806633728138e-01,2.747071642610332834e-15,3.005120129140702485e-03,7.364943352238055851e-01,5.731205930267184966e-03,1.193801517662250969e-07,4.829284609074450218e-15
2.885323333333333835e+02,7.840044789131146441e-01,7.828655834204879538e-01,3.172364653894732992e-15,3.143117256370716716e-03,7.392436318757967806e-01,5.478723534495665189e-03,1.107538173116109258e-07,4.352734904187818724e-15
2.885400000000000205e+02,7.842579992222428187e-01,7.853518547293125707e-01,3.662335791252848612e-15,3.286812592253443837e-03,7.418287588266955224e-01,5.236180578126538830e-03,1.027322293363390684e-07,3.922570222942886743e-15
2.885476666666667143e+02,7.879196592723990422e-01,7.876876734406633718e-01,4.226639062698051574e-15,3.436409531553580744e-03,7.442479244104341918e-01,5.003244224283084733e-03,9.527438476932332563e-08,3.534340020637948811e-15
2.885553333333333512e+02,7.944729060944368815e-01,7.898712437573082168e-01,4.876341426885220198e-15,3.592117228959113093e-03,7.464994481467880361e-01,4.779590039594032273e-03,8.834195888915665446e-08,3.184014388826583841e-15
2.885630000000000450e+02,7.874048051175761564e-01,7.919008971879538672e-01,5.624125353085626463e-15,3.754150695023740752e-03,7.485817626867710128e-01,4.564901907012955742e-03,8.189913761071925675e-08,2.867944924709504454e-15
2.885706666666666820e+02,7.931903078058661904e-01,7.937750943671643133e-01,6.484519790711293734e-15,3.922730890631020463e-03,7.504934156306967141e-01,4.358871933367754886e-03,7.591245977386413277e-08,2.582829180376343404e-15
2.885783333333333758e+02,7.952435282121540494e-01,7.954924267389480441e-01,7.474163441393432978e-15,4.098084819838545244e-03,7.522330712164843058e-01,4.161200351946522588e-03,7.035066886972918762e-08,2.325678370073838026e-15
2.885860000000000127e+02,7.888387099430155258e-01,7.970516181009560386e-01,8.612104746613046598e-15,4.280445620879105850e-03,7.537995118749710732e-01,3.971595420521481859e-03,6.518457367289609957e-08,2.093788042212807700e-15
2.885936666666667065e+02,7.904706514521320226e-01,7.984515260073495879e-01,9.920143592307119616e-15,4.470052655168538745e-03,7.551916396501477946e-01,3.789773315104201599e-03,6.038691727272774780e-08,1.884711448606183308e-15
2.886013333333333435e+02,8.053904827364978258e-01,7.996911430277481303e-01,1.142322039574915457e-14,4.667151594082629036e-03,7.564084774815860168e-01,3.615458019812287007e-03,5.593225402670180284e-08,1.696235367239395830e-15
2.886090000000000373e+02,8.009577384563023594e-01,8.007695978606512721e-01,1.314985899072246529e-14,4.871994503344534606e-03,7.574491703473315019e-01,3.448381213126505522e-03,5.179683398144008262e-08,1.526358156380103036e-15
2.886166666666666742e+02,7.995274675566076406e-01,8.016861562992416701e-01,1.513267057329647117e-14,5.084839924770542113e-03,7.583129862650639375e-01,3.288282150896423839e-03,4.795849433370687752e-08,1.373269837683163797e-15
2.886243333333333680e+02,8.068221069685970193e-01,8.024402220483106696e-01,1.740892692684071070e-14,5.305952955208009109e-03,7.589993171501678848e-01,3.134907546358583954e-03,4.439655752446330414e-08,1.235334023874431926e-15
2.886320000000000050e+02,8.014542345317650085e-01,8.030313373907195240e-01,2.002121222211129685e-14,5.535605322398606809e-03,7.595076795290613969e-01,2.988011447502875954e-03,4.109173558299865583e-08,1.111071523131401753e-15
2.886396666666666988e+02,8.052169836919107482e-01,8.034591837025101269e-01,2.301816390464370090e-14,5.774075457593885567e-03,7.598377151068165247e-01,2.847355112035375533e-03,3.802604035706031207e-08,9.991454672116388996e-16
2.886473333333333358e+02,7.995554341994115521e-01,8.037235818155933353e-01,2.645531455071254760e-14,6.021648564641701555e-03,7.599891911879741446e-01,2.712706880250858373e-03,3.518269928643304339e-08,8.983478241439325740e-16
2.886550000000000296e+02,8.077779423927815561e-01,8.038244922275025184e-01,3.039604811796927649e-14,6.278616685364407472e-03,7.599620009499833406e-01,2.583842046047171107e-03,3.254607639456358730e-08,8.075871687252350836e-16
2.886626666666666665e+02,8.070721459530997288e-01,8.037620151576759797e-01,3.491268575414606724e-14,6.545278760933284992e-03,7.597561635687366532e-01,2.460542726372112222e-03,3.010159819216820246e-08,7.258775955153354290e-16
2.886703333333333603e+02,8.023831406399540844e-01,8.035363904501284793e-01,4.008771828621412560e-14,6.821940689054571509e-03,7.593718241960303317e-01,2.342597729318594748e-03,2.783568420229132718e-08,6.523286693576376000e-16
2.886779999999999973e+02,8.069396665256669543e-01,8.031479973225171820e-01,4.601520471360026917e-14,7.108915376657996832e-03,7.588092537889942202e-01,2.229802421136627220e-03,2.573568183364394761e-08,5.861363179697085569e-16
2.886856666666666911e+02,8.040570228766537042e-01,8.025973539618397323e-01,5.280235850946799167e-14,7.406522787898759709e-03,7.580688487917210949e-01,2.121958592361167240e-03,2.378980534309279697e-08,5.265745797373799798e-16
2.886933333333333280e+02,8.000923066499419090e-01,8.018851169673057999e-01,6.057134631885211105e-14,7.715089987150649913e-03,7.571511306697128463e-01,2.018874323302663649e-03,2.198707864374667971e-08,4.729881277489548009e-16
2.887010000000000218e+02,8.033137677513666475e-01,8.010120806410055971e-01,6.946132677821417586e-14,8.034951176798180508e-03,7.560567452977731140e-01,1.920363849082706289e-03,2.031728172775735374e-08,4.247854982391562273e-16
2.887086666666667156e+02,7.939801686860069596e-01,7.999791761274339663e-01,7.963076069872390322e-14,8.366447729495187294e-03,7.547864622025186598e-01,1.826247424439618678e-03,1.877090048690401650e-08,3.814329581705315501e-16
2.887163333333333526e+02,7.976924048192046701e-01,7.987874704029308548e-01,9.126002781320147561e-14,8.709928214678341538e-03,7.533411736606063780e-01,1.736351188474775193e-03,1.733907972553704864e-08,3.424489526014863780e-16
2.887240000000000464e+02,7.967125383810643724e-01,7.974381651164481610e-01,1.045543897255760146e-13,9.065748419044146814e-03,7.517218936541905094e-01,1.650507029529447740e-03,1.601357917263974246e-08,3.073990779197536706e-16
2.887316666666666833e+02,7.914736579006145245e-01,7.959325952833711249e-01,1.197473436851821657e-13,9.434271360688410712e-03,7.499297566854600250e-01,1.568552450370337779e-03,1.478673231074040195e-08,2.758915319469460400e-16
2.887393333333333771e+02,7.920760685666619061e-01,7.942722278339827691e-01,1.371044174038726735e-13,9.815867296697373956e-03,7.479660164519091881e-01,1.490330433830968108e-03,1.365140784954003738e-08,2.475729963978796194e-16
2.887470000000000141e+02,8.008640634474014641e-01,7.924586600189236218e-01,1.569274614003897883e-13,1.021091372383044031e-02,7.458320443848790449e-01,1.415689309083185618e-03,1.260097368257768010e-08,2.221249112767999238e-16
2.887546666666667079e+02,7.867278092682215007e-01,7.904936176735434250e-01,1.795595023948165230e-13,1.061979537210197555e-02,7.435293280533331606e-01,1.344482618665238539e-03,1.162926317403479954e-08,1.992601044927251035e-16
2.887623333333333449e+02,7.796205263992606049e-01,7.883789533439943265e-01,2.053902291483088281e-13,1.104290419089027850e-02,7.410594694359321499e-01,1.276568986422533126e-03,1.073054363221007097e-08,1.787197433708450942e-16
2.887700000000000387e+02,7.923624850699348965e-01,7.861166442772911100e-01,2.348621909801231402e-13,1.148063932738528810e-02,7.384241830637114923e-01,1.211811986472596456e-03,9.899486834061520343e-09,1.602705777985682072e-16
2.887776666666666756e+02,7.878277965826016027e-01,7.837087902786585847e-01,2.684777990692199385e-13,1.193340709699452530e-02,7.356252940369216731e-01,1.150080013332303733e-03,9.131141473624528530e-09,1.437024475526212883e-16
2.887853333333333694e+02,7.834481451848511746e-01,7.811576114387011049e-01,3.068072317251671976e-13,1.240162094552505964e-02,7.326647359186571062e-01,1.091246153304545850e-03,8.420907414164379449e-09,1.288260288853427603e-16
2.887930000000000064e+02,7.739535126111923846e-01,7.784654457341628753e-01,3.504973571816564517e-13,1.288570140275402398e-02,7.295445485093012827e-01,1.035188057245307923e-03,7.764511631416108108e-09,1.154707977687857760e-16
2.888006666666667002e+02,7.752838505389495483e-01,7.756347465051030010e-01,4.002818013305250801e-13,1.338607602721322322e-02,7.262668755047089197e-01,9.817878147946124470e-04,7.157985741575172803e-09,1.034831892873190471e-16
2.888083333333333371e+02,7.712223845645513887e-01,7.726680798126637217e-01,4.569923032814445433e-13,1.390317934179514589e-02,7.228339620425903167e-01,9.309318301761371119e-04,6.597645014374571720e-09,9.272493458571180314e-17
2.888160000000000309e+02,7.765748835246285564e-01,7.695681216805321245e-01,5.215715189583850285e-13,1.443745276001610206e-02,7.192481521402895872e-01,8.825106996359786873e-04,6.080068777224455445e-09,8.307155850703391261e-17
2.888236666666666679e+02,7.637962789069779879e-01,7.663376552246509155e-01,5.950874522560946139e-13,1.498934450254000780e-02,7.155118860288234295e-01,8.364190906101731486e-04,5.602082122323971053e-09,7.441102263611694931e-17
2.888313333333333617e+02,7.663081835870196867e-01,7.629795676745192434e-01,6.787497148974087708e-13,1.555930950381102622e-02,7.116276973866112465e-01,7.925556226791876345e-04,5.160738833691981352e-09,6.664249988945622142e-17
2.888389999999999986e+02,7.596359600652787814e-01,7.594968472909950918e-01,7.739278402070604126e-13,1.614780930839665452e-02,7.075982104781340931e-01,7.508227503847965650e-04,4.753305456333812315e-09,5.967526809642849775e-17
2.888466666666666924e+02,7.586500469456148865e-01,7.558925801841445136e-01,8.821719029479346332e-13,1.675531195690448463e-02,7.034261372011553215e-01,7.111266479560709270e-04,4.377246434253571547e-09,5.342771119168553978e-17
2.888543333333333294e+02,7.496015224669365651e-01,7.521699470363697460e-01,1.005235727330449324e-12,1.738229186107395283e-02,6.991142740480735807e-01,6.733770960066632998e-04,4.030210248699367220e-09,4.782641771300411392e-17
2.888620000000000232e+02,7.475735126863214397e-01,7.483322197345387838e-01,1.145102998801765019e-12,1.802922966792434162e-02,6.946654989852133477e-01,6.374873702394432198e-04,3.710016492029466802e-09,4.280536726685317786e-17
2.888696666666667170e+02,7.439471436288294104e-01,7.443827579165990249e-01,1.304016632459485483e-12,1.869661211256672118e-02,6.900827682558763332e-01,6.033741322081428169e-04,3.414643816733548305e-09,3.830519650854810401e-17
2.888773333333333539e+02,7.415816351111508276e-01,7.403250054367528366e-01,1.484511792521480006e-12,1.938493185954659470e-02,6.853691131113390789e-01,5.709573221639448019e-04,3.142218702719182484e-09,3.427253698094536881e-17
2.888850000000000477e+02,7.312990232753374675e-01,7.361624867542920780e-01,1.689453003520502246e-12,2.009468733243461105e-02,6.805276364751426943e-01,5.401600540201969853e-04,2.891004989586863137e-09,3.065941788254505079e-17
2.888926666666666847e+02,7.330162696394343369e-01,7.318988032513338293e-01,1.922075845384357075e-12,2.082638253137751583e-02,6.755615095461774411e-01,5.109085124625694719e-04,2.659394123912016296e-09,2.742272749330254871e-17
2.889003333333333785e+02,7.361776350975344219e-01,7.275376294836839453e-01,2.186033781928564860e-12,2.158052683851484702e-02,6.704739683448676102e-01,4.831318522194177358e-04,2.445896074604620893e-09,2.452372758187211355e-17
2.889080000000000155e+02,7.180097135659883056e-01,7.230827093708362963e-01,2.485450735956752899e-12,2.235763481088181778e-02,6.652683102088225997e-01,4.567620995155237396e-04,2.249130872454468646e-09,2.192761566011805123e-17
2.889156666666667093e+02,7.234198315076445507e-01,7.185378523291999775e-01,2.824980095155514155e-12,2.315822596076497555e-02,6.599478902420751192e-01,4.317340557141744546e-04,2.067820732615884804e-09,1.960313043904901792e-17
2.889233333333333462e+02,7.068825844609235576e-01,7.139069293547353201e-01,3.209870911641769474e-12,2.398282452313487204e-02,6.545161177244457340e-01,4.079852031620694475e-04,1.900782721487310699e-09,1.752219628576965722e-17
2.889310000000000400e+02,7.049520065993064577e-01,7.091938690591164107e-01,3.646042145694245123e-12,2.483195921015432170e-02,6.489764524851592276e-01,3.854556132348579012e-04,1.746921931783249113e-09,1.565960288195154417e-17
2.889386666666666770e+02,7.123681280550150374e-01,7.044026536656978754e-01,4.140165901265734339e-12,2.570616295239673901e-02,6.433324012473460307e-01,3.640878565897262054e-04,1.605225131980454089e-09,1.399271664984198416e-17
2.889463333333333708e+02,6.952484909615329611e-01,6.995373149694038561e-01,4.699760708973823729e-12,2.660597262680840583e-02,6.375875139475243314e-01,3.438269156164363324e-04,1.474754858393372512e-09,1.250122084073975296e-17
2.889540000000000077e+02,6.988665158148326118e-01,6.946019302668720030e-01,5.333296031836419593e-12,2.753192877106206207e-02,6.317453800367467398e-01,3.246200990859988652e-04,1.354643920236613439e-09,1.116688148059006438e-17
2.889616666666667015e+02,6.861730103834243755e-01,6.896006182609318858e-01,6.050309302090964252e-12,2.848457528437337363e-02,6.258096247674351797e-01,3.064169589826982120e-04,1.244090289864554594e-09,9.973336636991229599e-18
2.889693333333333385e+02,6.864576064176478587e-01,6.845375349457701875e-01,6.861536944488193180e-12,2.946445911444359536e-02,6.197839054726004271e-01,2.891692095122318186e-04,1.142352352231073011e-09,8.905906717487674706e-18
2.889770000000000323e+02,6.766659450556324895e-01,6.794168694767906969e-01,7.779061005001921124e-12,3.047212993064041253e-02,6.136719078413599426e-01,2.728306482666707604e-04,1.048744489230357434e-09,7.951423729916189415e-18
2.889846666666666692e+02,6.765876833881835362e-01,6.742428400314995907e-01,8.816473184455443935e-12,3.150813978309861124e-02,6.074773421974181131e-01,2.573570795333638317e-04,9.626329762104859043e-10,7.098077636642808448e-18
2.889923333333333630e+02,6.736772884378278148e-01,6.690196896653242131e-01,9.989058277248671979e-12,3.257304274789667858e-02,6.012039397842821042e-01,2.427062397241312286e-04,8.834321693786344014e-10,6.335278115345858415e-18
2.890000000000000000e+02,6.687980448467639727e-01,6.637516821686335611e-01,1.131399923671188713e-11,3.366739455801075198e-02,5.948554490638009451e-01,2.288377249069404283e-04,8.106009642506395368e-10,5.653530203510824737e-18
2.890076666666666938e+02,6.577477876506114818e-01,6.584430979287386743e-01,1.281060633446134110e-11,3.479175222024957076e-02,5.884356320316262989e-01,2.157129204126858029e-04,7.436395065553765494e-10,5.044322451702676701e-18
2.890153333333333308e+02,6.440442852453046596e-01,6.530982298030467703e-01,1.450057315202406863e-11,3.594667361789417176e-02,5.819482605560707400e-01,2.032949324950133032e-04,6.820861382635639902e-10,4.500026345178894543e-18
2.890230000000000246e+02,6.438795074183391032e-01,6.477213790069850097e-01,1.640826244369026467e-11,3.713271709929667069e-02,5.753971127437528255e-01,1.915485220126557201e-04,6.255145625179285717e-10,4.013805874292674682e-18
2.890306666666666615e+02,6.377116675571272708e-01,6.423168510227397210e-01,1.856102524054098998e-11,3.835044105218567145e-02,5.687859693383531257e-01,1.804400401086156207e-04,5.735312123466001385e-10,3.579536244014347363e-18
2.890383333333333553e+02,6.403109489477160077e-01,6.368889515322398998e-01,2.098955693277048491e-11,3.960040346398666089e-02,5.621186101556379100e-01,1.699373658530458524e-04,5.257728090151007994e-10,3.191730811630850360e-18
2.890460000000000491e+02,6.309138616840050950e-01,6.314419823802288612e-01,2.372829447119499848e-11,4.088316146794074984e-02,5.553988105608346215e-01,1.600098458210786419e-04,4.819040968407542818e-10,2.845475431381164517e-18
2.890536666666666861e+02,6.205927188074744638e-01,6.259802375709256905e-01,2.681585927627775735e-11,4.219927087531938348e-02,5.486303379916037670e-01,1.506282355708427891e-04,4.416157421509019970e-10,2.536369465382939693e-18
2.890613333333333799e+02,6.106270667720143930e-01,6.205079993030793162e-01,3.029555093533606545e-11,4.354928569374941910e-02,5.418169485314230371e-01,1.417646429889623193e-04,4.046223849057968668e-10,2.260472793307458981e-18
2.890690000000000168e+02,6.081970211289335904e-01,6.150295340481032325e-01,3.421589731193764371e-11,4.493375763166418402e-02,5.349623835380927783e-01,1.333924734695735514e-04,3.706608322767541650e-10,2.014258219126514175e-18
2.890766666666667106e+02,6.109361830008118721e-01,6.095490886744514558e-01,3.863126729162715313e-11,4.635323558927389315e-02,5.280703663301680173e-01,1.254863768898568184e-04,3.394883841832835068e-10,1.794568732673547199e-18
2.890843333333333476e+02,6.036547726892332877e-01,6.040708866235343644e-01,4.360255304702717304e-11,4.780826513590955701e-02,5.211445989367928799e-01,1.180221963480911090e-04,3.108812814843054854e-10,1.598579137571234705e-18
2.890920000000000414e+02,5.999154288174842753e-01,5.985991241397973228e-01,4.919792943452979096e-11,4.929938797426076935e-02,5.141887589130796909e-01,1.109769186256351711e-04,2.846332681341109767e-10,1.423761605412091397e-18
2.890996666666666783e+02,5.808479942528904649e-01,5.931379665600426954e-01,5.549369893372471568e-11,5.082714139138472254e-02,5.072064962262723409e-01,1.043286263376371045e-04,2.605542592204971455e-10,1.267854759912377923e-18
2.891073333333333721e+02,5.882509772270609893e-01,5.876915446643460328e-01,6.257523142450731837e-11,5.239205769707252353e-02,5.002014302144959235e-01,9.805645173322764493e-05,2.384691073408269886e-10,1.128835934102498566e-18
2.891150000000000091e+02,5.787176351970183541e-01,5.822639510933727003e-01,7.053800906411443695e-11,5.399466364948363878e-02,4.931771466230254197e-01,9.214053210910658231e-05,2.182164603014060510e-10,1.004896279281509198e-18
2.891226666666667029e+02,5.733009009016178936e-01,5.768592368341605159e-01,7.948878759572191198e-11,5.563547986870173712e-02,4.861371947195252674e-01,8.656196679695348894e-05,1.996477035961733422e-10,8.944184364654612952e-19
2.891303333333333399e+02,5.684531692947532022e-01,5.714814077788792357e-01,8.954688658942109303e-11,5.731502023815759905e-02,4.790850844928606356e-01,8.130277568803970819e-05,1.826259815826307846e-10,7.959565100560609101e-19
2.891380000000000337e+02,5.665011632908427686e-01,5.661344213583425766e-01,1.008456224081825602e-10,5.903379129464155634e-02,4.720242839365746401e-01,7.634585925545511970e-05,1.670252916838595188e-10,7.082181094678623801e-19
2.891456666666666706e+02,5.561142743702470748e-01,5.608221832544727503e-01,1.135338991022129923e-10,6.079229160688615075e-02,4.649582164212859303e-01,7.167496003710816573e-05,1.527296463479535906e-10,6.300482480098225327e-19
2.891533333333333644e+02,5.486547474751375386e-01,5.555485441931962143e-01,1.277779739929177351e-10,6.259101114351303674e-02,4.578902581567327879e-01,6.727462554015249338e-05,1.396322978547232339e-10,5.604149094447371297e-19
2.891610000000000014e+02,5.561739270553458514e-01,5.503172968216492045e-01,1.437634164071193861e-10,6.443043063035966411e-02,4.508237357473608986e-01,6.313017253007097292e-05,1.276350214097986910e-10,4.983961117747886651e-19
2.891686666666666952e+02,5.476515519602512816e-01,5.451321726708725501e-01,1.616972798976392699e-10,6.631102089805201993e-02,4.437619238418102352e-01,5.922765266554232572e-05,1.166474522787620976e-10,4.431683149488791885e-19
2.891763333333333321e+02,5.339024143275510337e-01,5.399968392075428225e-01,1.818105103299442394e-10,6.823324221987461802e-02,4.367080428798285063e-01,5.555381944263388045e-05,1.065864730185398867e-10,3.939960347024279838e-19
2.891840000000000259e+02,5.359572319958196829e-01,5.349148969756211125e-01,2.043606144685872041e-10,7.019754364087783804e-02,4.296652569365968510e-01,5.209609641012696293e-05,9.737564713533268557e-11,3.502225386471119233e-19
2.891916666666666629e+02,5.354654782597030316e-01,5.298898768311283147e-01,2.296346161503973991e-10,7.220436229830765051e-02,4.226366716676213109e-01,4.884254662004517783e-05,8.894469576303209163e-11,3.112615133049841202e-19
2.891993333333333567e+02,5.181684973101873259e-01,5.249252372706353365e-01,2.579523298357901333e-10,7.425412273437229094e-02,4.156253323538057209e-01,4.578184327604319277e-05,8.122901419266728281e-11,2.765896020520485886e-19
2.892069999999999936e+02,5.285966106426591704e-01,5.200243618563327175e-01,2.896699842693784850e-10,7.634723620146526002e-02,4.086342220494837973e-01,4.290324154443935623e-05,7.416922531316149319e-11,2.457397241241574647e-19
2.892146666666666874e+02,5.192761529924884156e-01,5.151905567379815309e-01,3.251842322202680855e-10,7.848409996093345942e-02,4.016662598326615208e-01,4.019655149154849973e-05,6.771076722924867497e-11,2.182950939653106025e-19
2.892223333333333812e+02,5.051306616418547168e-01,5.104270482742336856e-01,3.649365857896263753e-10,8.066509657555868962e-02,3.947242991598219342e-01,3.765211211295258658e-05,6.180351252158829367e-11,1.938838684449648671e-19
2.892300000000000182e+02,5.023402921178599101e-01,5.057369807535861961e-01,4.094183206434887491e-10,8.289059319680076865e-02,3.878111263245460072e-01,3.526076641960804669e-05,5.640141679287902584e-11,1.721743568581624271e-19
2.892376666666667120e+02,5.001317207775299867e-01,5.011234142163836225e-01,4.591758967378370095e-10,8.516094084734675274e-02,3.809294590208517350e-01,3.301383754705116048e-05,5.146219431517904143e-11,1.528707352878833622e-19
2.892453333333333489e+02,5.021663996212247794e-01,4.965893223790840416e-01,5.148169477049285017e-10,8.747647369951006002e-02,3.740819450119555745e-01,3.090310585444209959e-05,4.694701875098767597e-11,1.357092128921280542e-19
2.892530000000000427e+02,4.884963648163260230e-01,4.921375906606629824e-01,5.770168961097759724e-10,8.983750835064087392e-02,3.672711609032047742e-01,2.892078698022363780e-05,4.282024706611416268e-11,1.204546030538805242e-19
2.892606666666666797e+02,4.860234210518679099e-01,4.877710143128024534e-01,6.465262572502237832e-10,9.224434309579178370e-02,3.604996110206125648e-01,2.705951082272903569e-05,3.904916489092686547e-11,1.068972571761563403e-19
2.892683333333333735e+02,4.821795733533347228e-01,4.834922966532341215e-01,7.241787001820198268e-10,9.469725719898042238e-02,3.537697263930575375e-01,2.531230141369405693e-05,3.560375171132639935e-11,9.485032324155800205e-20
2.892760000000000105e+02,4.746408133562745046e-01,4.793040474035970000e-01,8.108999411449062727e-10,9.719651016330443927e-02,3.470838638392818032e-01,2.367255765425919215e-05,3.245646439089641665e-11,8.414729516811633234e-20
2.892836666666667043e+02,4.730135331768118290e-01,4.752087811309412269e-01,9.077175517054101484e-10,9.974234100131811054e-02,3.404443051574407297e-01,2.213403488279443249e-05,2.958203763356385791e-11,7.463982249389158447e-20
2.892913333333333412e+02,4.620561576046612329e-01,4.712089157939295392e-01,1.015771771639671453e-09,1.023349675059509328e-01,3.338532564180040629e-01,2.069082724541501883e-05,2.695730009981696883e-11,6.619575307921032967e-20
2.892990000000000350e+02,4.629979339620443612e-01,4.673067713926428723e-01,1.136327425049068509e-09,1.049745855234423819e-01,3.273128473574721253e-01,1.933735083993320394e-05,2.456100498275515075e-11,5.869738433892366774e-20
2.893066666666666720e+02,4.595974016164591225e-01,4.635045687227450362e-01,1.270787047332023650e-09,1.076613682285940676e-01,3.208251308733848783e-01,1.806832760543747172e-05,2.237367393973569893e-11,5.203990106181483458e-20
2.893143333333333658e+02,4.644209005763777487e-01,4.598044282327109489e-01,1.420705340664157863e-09,1.103954654038774297e-01,3.143920826178209782e-01,1.687876992967288355e-05,2.037745335585630312e-11,4.612998014990604104e-20
2.893220000000000027e+02,4.558989025686114860e-01,4.562083689845818357e-01,1.587805086435575308e-09,1.131770027227124303e-01,3.080156006895605203e-01,1.576396594776094433e-05,1.855598199266020893e-11,4.088454466049895070e-20
2.893296666666666965e+02,4.570426714974420435e-01,4.527183077167759029e-01,1.773994654948300537e-09,1.160060810385177554e-01,3.016975054218634100e-01,1.471946550586945134e-05,1.689426914485866858e-11,3.622965136653917944e-20
2.893373333333333335e+02,4.587187303051257214e-01,4.493360580091407819e-01,1.981387265419685424e-09,1.188827756798586377e-01,2.954395392657516162e-01,1.374106676472637793e-05,1.537858249430068874e-11,3.209949770124516430e-20
2.893450000000000273e+02,4.497608596505868195e-01,4.460633295486106098e-01,2.212322163324151202e-09,1.218071357533483112e-01,2.892433667655257556e-01,1.282480341801907341e-05,1.399634491022845190e-11,2.843553542793361412e-20
2.893526666666666642e+02,4.421205215827994639e-01,4.429017274954063499e-01,2.469387897118021726e-09,1.247791834546388978e-01,2.831105746261415312e-01,1.196693250192714171e-05,1.273603950202063021e-11,2.518567970358561116e-20
2.893603333333333580e+02,4.420813829322585153e-01,4.398527519479900061e-01,2.755447892864298099e-09,1.277989133892059870e-01,2.770426718689767420e-01,1.116392277224587924e-05,1.158712228210667953e-11,2.230360339087935601e-20
2.893679999999999950e+02,4.425009480468106715e-01,4.369177975064763020e-01,3.073668542927433863e-09,1.308662919032679561e-01,2.710410900753730812e-01,1.041244362669181003e-05,1.053994184587660348e-11,1.974810754062056670e-20
2.893756666666666888e+02,4.356917743118097763e-01,4.340981529325890209e-01,3.427550044271783185e-09,1.339812564265890349e-01,2.651071837143139653e-01,9.709354550236950942e-06,9.585665519687578454e-12,1.748255991974453203e-20
2.893833333333333826e+02,4.282765177292071068e-01,4.313950009056227719e-01,3.820960242620415372e-09,1.371437148275287121e-01,2.592422305533552129e-01,9.051695062381721503e-06,8.716211470261565047e-12,1.547439431729094923e-20
2.893910000000000196e+02,4.344862324418197197e-01,4.288094178725332384e-01,4.258171761426903899e-09,1.403535447819616588e-01,2.534474321493300764e-01,8.436675145605597207e-06,7.924186306864820238e-12,1.369466412635035478e-20
2.893986666666667134e+02,4.325847617092861697e-01,4.263423739910023880e-01,4.743902718975292219e-09,1.436105931569191807e-01,2.477239144168425222e-01,7.861666135100381155e-06,7.202827743689346038e-12,1.211764438767481013e-20
2.894063333333333503e+02,4.246287880870395215e-01,4.239947331641901185e-01,5.283361363331205325e-09,1.469146754097794549e-01,2.420727282724528806e-01,7.324192050508636369e-06,6.545951922902237142e-12,1.072047709577014992e-20
2.894140000000000441e+02,4.112638539705249507e-01,4.217672531651909251e-01,5.882294983573723219e-09,1.502655750046853478e-01,2.364948503509118338e-01,6.821921350879103743e-06,5.947905029289310536e-12,9.482855118916169454e-21
2.894216666666666811e+02,4.116034696163006767e-01,4.196605858501760711e-01,6.547043486422316261e-09,1.536630428465199094e-01,2.309911837921142241e-01,6.352659094916110415e-06,5.403518856092163526e-12,8.386740578576345887e-21
2.894293333333333749e+02,4.127260229644799661e-01,4.176752774580376748e-01,7.284598060980284602e-09,1.571067967343034444e-01,2.255625590947391845e-01,5.914339488953490114e-06,4.908070007572516711e-12,7.416113974619919456e-21
2.894370000000000118e+02,4.175951632479049658e-01,4.158117689953799712e-01,8.102665390067470681e-09,1.605965208342950978e-01,2.202097350351562843e-01,5.505018805933588859e-06,4.457242448432236163e-12,6.556750738718695336e-21
2.894446666666667056e+02,4.090479789000335820e-01,4.140703967046347467e-01,9.009737905791103157e-09,1.641318651746813129e-01,2.149333996475093489e-01,5.122868659030652037e-06,4.047093132422457700e-12,5.796022251464436795e-21
2.894523333333333426e+02,4.125610315306145193e-01,4.124513926140085385e-01,1.001517062860158001e-08,1.677124451621031798e-01,2.097341712634463728e-01,4.766169614352000944e-06,3.674020463511996505e-12,5.122718675758731518e-21
2.894600000000000364e+02,4.143465038318058236e-01,4.109548851670206115e-01,1.112926517466019222e-08,1.713378411219166342e-01,2.046125996073765163e-01,4.433305127513668774e-06,3.334735361982394695e-12,4.526891241721458183e-21
2.894676666666666733e+02,4.149212490046516599e-01,4.095808999302107400e-01,1.236336156464976557e-08,1.750075978623986395e-01,1.995691669456346462e-01,4.122755789628413926e-06,3.026234725794332921e-12,3.999711871984482741e-21
2.894753333333333671e+02,4.099765052695967249e-01,4.083293603767805813e-01,1.372993852008511799e-08,1.787212242647972238e-01,1.946042892854304429e-01,3.833093868607813032e-06,2.745777093809198523e-12,3.533348262342492165e-21
2.894830000000000041e+02,4.126846716195817222e-01,4.072000887446368678e-01,1.524272298915997074e-08,1.824781928993947921e-01,1.897183176218958101e-01,3.562978132370800425e-06,2.490860332797618313e-12,3.120852735501129850e-21
2.894906666666666979e+02,4.070584399459548086e-01,4.061928069666129737e-01,1.691680970550615663e-08,1.862779396694760892e-01,1.849115392291270366e-01,3.311148940910579496e-06,2.259201184035037132e-12,2.756063366372603458e-21
2.894983333333333348e+02,3.980696047371878876e-01,4.053071376712477081e-01,1.876879164797894111e-08,1.901198634833203283e-01,1.801841789934922333e-01,3.076423594815531504e-06,2.048716518376823190e-12,2.433516039361150856e-21
2.895060000000000286e+02,4.091964181904479414e-01,4.045426052519247584e-01,2.081690234053255214e-08,1.940033259560947076e-01,1.755364007851419605e-01,2.857691928192153362e-06,1.857506160537341568e-12,2.148366242409231108e-21
2.895136666666666656e+02,4.129115423951821295e-01,4.038986370026722561e-01,2.308117100596869535e-08,1.979276511417116524e-01,1.709683088659711969e-01,2.653912134535904072e-06,1.683837154455671572e-12,1.896319531895906014e-21
2.895213333333333594e+02,4.020052478991131273e-01,4.033745643184697416e-01,2.558359166923768891e-08,2.018921252965037716e-01,1.664799493300337385e-01,2.464106814439783097e-06,1.526129351716671906e-12,1.673569717664988552e-21
2.895289999999999964e+02,4.040742872847842282e-01,4.029696239582957196e-01,2.834830739203057688e-08,2.058959966747154480e-01,1.620713115746553468e-01,2.287359234584673852e-06,1.382942214496591883e-12,1.476743920627296340e-21
2.895366666666666902e+02,4.039381569450219978e-01,4.026829593688147080e-01,3.140181091474921248e-08,2.099384753576337137e-01,1.577423297983293338e-01,2.122809787788186031e-06,1.252962733092444957e-12,1.302853747241419756e-21
2.895443333333333840e+02,4.031362522941438487e-01,4.025136220668853460e-01,3.477316308087363256e-08,2.140187331163158346e-01,1.534928845236269712e-01,1.969652644401353983e-06,1.134994366175890160e-12,1.149251907418182564e-21
2.895520000000000209e+02,4.058921627980220381e-01,4.024605730788562985e-01,3.849423052700486237e-08,2.181359033094859290e-01,1.493228041415261553e-01,1.827132585671059083e-06,1.027946919227512340e-12,1.013593675608980072e-21
2.895596666666667147e+02,4.028303212550000678e-01,4.025226844347722377e-01,4.259994423606262928e-08,2.222890808171157084e-01,1.452318664747712651e-01,1.694542010129708025e-06,9.308272834534151084e-13,8.938026603201957499e-22
2.895673333333333517e+02,3.997676958413660664e-01,4.026987407155474541e-01,4.712858067383660317e-08,2.264773220101495010e-01,1.412198003578700456e-01,1.571218104448327248e-06,8.427309637509073498e-13,7.880404056609560064e-22
2.895750000000000455e+02,4.038660048730728369e-01,4.029874406512025109e-01,5.212206736167307612e-08,2.306996447578770759e-01,1.372862872303247661e-01,1.456540170524336873e-06,7.628343300459913303e-13,6.946794005819642979e-22
2.895826666666666824e+02,4.049679959743039404e-01,4.033873987682491391e-01,5.762631487698381736e-08,2.349550284726994176e-01,1.334309627414434485e-01,1.349927100987021057e-06,6.903875316915152636e-13,6.122791179673431620e-22
2.895903333333333762e+02,4.013151298272069067e-01,4.038971470843800704e-01,6.369157742559665386e-08,2.392424141939405724e-01,1.296534183632417903e-01,1.250834995588370630e-06,6.247080194770238413e-13,5.395647471166062565e-22
2.895980000000000132e+02,4.104958693249295965e-01,4.045151368485330190e-01,7.037284428820185599e-08,2.435607047103251210e-01,1.259532030098870770e-01,1.158754911335446485e-06,5.651746243592128539e-13,4.754083201408093187e-22
2.896056666666667070e+02,4.116778969535002108e-01,4.052397403245722174e-01,7.773026461702119012e-08,2.479087647227094238e-01,1.223298246603475026e-01,1.073210739488519734e-06,5.112221461448459406e-13,4.188119656853048678e-22
2.896133333333333439e+02,4.148870344130850540e-01,4.060692526166379546e-01,8.582960823889886888e-08,2.522854210465813041e-01,1.187827519827831385e-01,9.937572029068926474e-07,4.623364092199374355e-13,3.688930527811353668e-22
2.896210000000000377e+02,3.962862570256321937e-01,4.070018935345011135e-01,9.474276531902971653e-08,2.566894628558441527e-01,1.153114159575061443e-01,9.199779674763934520e-07,4.180497459128074224e-13,3.248710137515140111e-22
2.896286666666666747e+02,4.035782123397706478e-01,4.080358094969621652e-01,1.045482879439842852e-07,2.611196419672924263e-01,1.119152114971422030e-01,8.514838616814671511e-07,3.779368713479871615e-13,2.860556584354588079e-22
2.896363333333333685e+02,4.075871115142337686e-01,4.091690754717230982e-01,1.153319769077082688e-07,2.655746731672121164e-01,1.085934990609938450e-01,7.879111986211896879e-07,3.416111166058535272e-13,2.518368127275621466e-22
2.896440000000000055e+02,4.098140086859357600e-01,4.103996969497658576e-01,1.271875172157377121e-07,2.700532345794018907e-01,1.053456062623428918e-01,7.289201950703428149e-07,3.087209897682592800e-13,2.216751329482519810e-22
2.896516666666666993e+02,4.128631470538953741e-01,4.117256119527586966e-01,1.402171660780412590e-07,2.745539680759576662e-01,1.021708294658735250e-01,6.741934824076684959e-07,2.789470369323582040e-13,1.950939640072231793e-22
2.896593333333333362e+02,4.063376590694440238e-01,4.131446930715210186e-01,1.545324974225191187e-07,2.790754797300017964e-01,9.906843537406520572e-02,6.234347045099240337e-07,2.519989776117634119e-13,1.716721240031721241e-22
2.896670000000000300e+02,4.167415834576388423e-01,4.146547495341585954e-01,1.702552072498952018e-07,2.836163403116022108e-01,9.603766259992363441e-02,5.763671979163905613e-07,2.276130910586159565e-13,1.510375109402279481e-22
2.896746666666666670e+02,4.023530757653882572e-01,4.162535293019020699e-01,1.875179844456439324e-07,2.881750858259440329e-01,9.307772322501825513e-02,5.327327498213019914e-07,2.055498320132845161e-13,1.328614388727415121e-22
2.896823333333333608e+02,4.190672789884416494e-01,4.179387211913465627e-01,2.064654519904550915e-07,2.927502180948953758e-01,9.018780434038393967e-02,4.922904296431082208e-07,1.855916561737097205e-13,1.168536211164249567e-22
2.896899999999999977e+02,4.209779086386183367e-01,4.197079570211277311e-01,2.272551838423248283e-07,2.973402053809069967e-01,8.736706956937920210e-02,4.548154901504198602e-07,1.675410373409577697e-13,1.027577273725835104e-22
2.896976666666666915e+02,4.258299859704013368e-01,4.215588137818209180e-01,2.500588031303608085e-07,3.019434830542807036e-01,8.461466057025160414e-02,4.200983343018364334e-07,1.512186597036258412e-13,9.034744978530077112e-23
2.897053333333333285e+02,4.220872100280987360e-01,4.234888158270969649e-01,2.750631676722387284e-07,3.065584543026201314e-01,8.192969851762856026e-02,3.879435441674564117e-07,1.364617701266741260e-13,7.942302023713138805e-23
2.897130000000000223e+02,4.213406192373653214e-01,4.254954370850038137e-01,3.024716492395847324e-07,3.111834908833850943e-01,7.931128556087786718e-02,3.581689684636945276e-07,1.231226765796575754e-13,6.980812765300560471e-23
2.897206666666667161e+02,4.329409010495799959e-01,4.275761032874274559e-01,3.325055134117150613e-07,3.158169339182710922e-01,7.675850625866648125e-02,3.306048654246404083e-07,1.110673800207055085e-13,6.134718984204812203e-23
2.897283333333333530e+02,4.308378153620303075e-01,4.297281942165691593e-01,3.654054073184983669e-07,3.204570947299790751e-01,7.427042898798469350e-02,3.050930978857248817e-07,1.001743281221768530e-13,5.390293951643329559e-23
2.897360000000000468e+02,4.342802900972126956e-01,4.319490459668198223e-01,4.014329630438497478e-07,3.251022557206871832e-01,7.184610732670167199e-02,2.814863776241422635e-07,9.033328021556677646e-14,4.735428867525992854e-23
2.897436666666666838e+02,4.290141454705602153e-01,4.342359532203901029e-01,4.408725249628974198e-07,3.297506712914693994e-01,6.948458140875811428e-02,2.596475561516299627e-07,8.144427373785517725e-14,4.159443958005497330e-23
2.897513333333333776e+02,4.421541945342397084e-01,4.365861715356469386e-01,4.840330098263941790e-07,3.344005688030481926e-01,6.718487925055623144e-02,2.394489592948606649e-07,7.341668328921567056e-14,3.652921413557129100e-23
2.897590000000000146e+02,4.435682526114383961e-01,4.389969196462077949e-01,5.312499089511081828e-07,3.390501495762759387e-01,6.494601804819366553e-02,2.207717630475691060e-07,6.616836417706693772e-14,3.207557668008520811e-23
2.897666666666667084e+02,4.376938742094000356e-01,4.414653817699116800e-01,5.828874424830833630e-07,3.436975899328519879e-01,6.276700544414927363e-02,2.035054083005438524e-07,5.962487301446460635e-14,2.816032801768172373e-23
2.897743333333333453e+02,4.507170655445642549e-01,4.439887099257021630e-01,6.393408763027263006e-07,3.483410422745081836e-01,6.064684076321179979e-02,1.875470521921307713e-07,5.371875858385855525e-14,2.471895104158182328e-23
2.897820000000000391e+02,4.463855049574076417e-01,4.465640262575967245e-01,7.010390128167340482e-07,3.529786362010418066e-01,5.858451621643980672e-02,1.728010539331922853e-07,4.838891675890927870e-14,2.169459052720580042e-23
2.897896666666666761e+02,4.563862821901778499e-01,4.491884253637764557e-01,7.684468675466232821e-07,3.576084796653076769e-01,5.657901807306454922e-02,1.591784930839143226e-07,4.358000381645483212e-14,1.903715165686216842e-23
2.897973333333333699e+02,4.478952887940464422e-01,4.518589766300215027e-01,8.420685441729211225e-07,3.622286601654205462e-01,5.462932779929910443e-02,1.465967183613605956e-07,3.924190295859740213e-14,1.670250359444879669e-23
2.898050000000000068e+02,4.388789725768351691e-01,4.545727265655219451e-01,9.224503214257134169e-07,3.668372459721582768e-01,5.273442316408179231e-02,1.349789251681408838e-07,3.532923931693244562e-14,1.465177599027949022e-23
2.898126666666667006e+02,4.539290170033422611e-01,4.573267011403344684e-01,1.010183966040689501e-06,3.714322873916919288e-01,5.089327931088454687e-02,1.242537601249575281e-07,3.180093911979886784e-14,1.285073767893250127e-23
2.898203333333333376e+02,4.596944140505558885e-01,4.601179081225078571e-01,1.105910286802321373e-06,3.760118180615155126e-01,4.910486979572593197e-02,1.143549509902788294e-07,2.861982908196571637e-14,1.126924806197043283e-23
2.898280000000000314e+02,4.619984064179292749e-01,4.629433394141881930e-01,1.210322945609134840e-06,3.805738562795768498e-01,4.736816759067950106e-02,1.052209604343025781e-07,2.575227241848841493e-14,9.880772755169745766e-24
2.898356666666666683e+02,4.645284030201561887e-01,4.657999733847210111e-01,1.324172542373629715e-06,3.851164063643714441e-01,4.568214605312181237e-02,9.679466222487264179e-08,2.316783820117576732e-14,8.661956046302397898e-24
2.898433333333333621e+02,4.732880726025940343e-01,4.686847772000903856e-01,1.448270991573222009e-06,3.896374600458759052e-01,4.404577986016358637e-02,8.902303845903310246e-08,2.083900106247425218e-14,7.592243564625796323e-24
2.898509999999999991e+02,4.830952310651220327e-01,4.715947091467102004e-01,1.583496209224799868e-06,3.941349978849796321e-01,4.245804590860608602e-02,8.185689655528905469e-08,1.874086851631138643e-14,6.653549322633818204e-24
2.898586666666666929e+02,4.757374177715650854e-01,4.745267209489311133e-01,1.730797130155992531e-06,3.986069907211694519e-01,4.091792418000986253e-02,7.525060479040971734e-08,1.685093340479860109e-14,5.829961962355074075e-24
2.898663333333333298e+02,4.773062298524419211e-01,4.774777600782736942e-01,1.891199076484002068e-06,4.030514011460277768e-01,3.942439857130898562e-02,6.916184523767503731e-08,1.514884920079371020e-14,5.107485634787522393e-24
2.898740000000000236e+02,4.836827316662053455e-01,4.804447720537721178e-01,2.065809499415747517e-06,4.074661850021837339e-01,3.797645769069233485e-02,6.355138302554439356e-08,1.361622609621255642e-14,4.473811468357065674e-24
2.898816666666666606e+02,4.823086049883256177e-01,4.834247027314345635e-01,2.255824117604873207e-06,4.118492929051851270e-01,3.657309561926871261e-02,5.838285090123968684e-08,1.223644599048426534e-14,3.918116050194405240e-24
2.898893333333333544e+02,4.907718847478423352e-01,4.864145005822184675e-01,2.462533476612456091e-06,4.161986717878208286e-01,3.521331263836183917e-02,5.362254813967577070e-08,1.099449466032039827e-14,3.430883757647429588e-24
2.898970000000000482e+02,4.901871896023707320e-01,4.894111189565475417e-01,2.687329955227010348e-06,4.205122664643106689e-01,3.389611592301883941e-02,4.923925289678812843e-08,9.876809545799791890e-15,3.003750144335306469e-24
2.899046666666666852e+02,4.936348472724092495e-01,4.924115183346257085e-01,2.931715245810587190e-06,4.247880212135637934e-01,3.262052020176010175e-02,4.520404715687552191e-08,8.871141726860133725e-15,2.629363909300399999e-24
2.899123333333333790e+02,4.975755126284454044e-01,4.954126685610369396e-01,3.197308337181766425e-06,4.290238813795170802e-01,3.138554838302123895e-02,4.149015347510999367e-08,7.966430792218977586e-15,2.301265265206883150e-24
2.899200000000000159e+02,5.030057650784697243e-01,4.984115510621186518e-01,3.485854029976126645e-06,4.332177949865465005e-01,3.019023214875222322e-02,3.807278276350728924e-08,7.152691419036085747e-15,2.013778775687525029e-24
2.899276666666667097e+02,4.986320213036023463e-01,5.014051610453769126e-01,3.799232015985481082e-06,4.373677143690008484e-01,2.903361251536119500e-02,3.492899241250999390e-08,6.420910587563225560e-15,1.761918956762067971e-24
2.899353333333333467e+02,5.055093435584342432e-01,5.043905096789692566e-01,4.139466554411559269e-06,4.414715978121145357e-01,2.791474036274039366e-02,3.203755408424478737e-08,5.762954452236236353e-15,1.541307136349233526e-24
2.899430000000000405e+02,5.027714267166587536e-01,5.073646262506830151e-01,4.508736779696467158e-06,4.455274112034879330e-01,2.683267693157969161e-02,2.937883055187090981e-08,5.171483978554442610e-15,1.348098241726655406e-24
2.899506666666666774e+02,5.064284698888316116e-01,5.103245603044189727e-01,4.909387677096926020e-06,4.495331296923121833e-01,2.578649428976396638e-02,2.693466099881739356e-08,4.639878535964430024e-15,1.178916340543420664e-24
2.899583333333333712e+02,5.128902746869872242e-01,5.132673837536101402e-01,5.343941764025275542e-06,4.534867393554477544e-01,2.477527576814000237e-02,2.468825422596337045e-08,4.162166710006883744e-15,1.030797898471649365e-24
2.899660000000000082e+02,5.183493452492275999e-01,5.161901929696007807e-01,5.815111516762737370e-06,4.573862388675014601e-01,2.379811636648961407e-02,2.262408924985045645e-08,3.732963664150496941e-15,9.011418383192423717e-25
2.899736666666667020e+02,5.178149573104459114e-01,5.190901108444120338e-01,6.325812584137007129e-06,4.612296411739362778e-01,2.285412313006550747e-02,2.072782280559789035e-08,3.347414442394276944e-15,7.876655928471529008e-25
2.899813333333333389e+02,5.317437619362297418e-01,5.219642888259388158e-01,6.879177831408811004e-06,4.650149751643421481e-01,2.194241549755897996e-02,1.898620329931041826e-08,3.001142659455220158e-15,6.883664386157374402e-25
2.899890000000000327e+02,5.283053267979437306e-01,5.248099089250071181e-01,7.478572259730560113e-06,4.687402873448361929e-01,2.106212562091772447e-02,1.738699078202450419e-08,2.690204075685159092e-15,6.014874820591998403e-25
2.899966666666666697e+02,5.231986337473092386e-01,5.276241856923566953e-01,8.127608848254973674e-06,4.724036435067157647e-01,2.021239865790775900e-02,1.591888254484524196e-08,2.411044600074602366e-15,5.254877431971997381e-25
2.900043333333333635e+02,5.301461088665799792e-01,5.304043681649831532e-01,8.830165368219928203e-06,4.760031303902785282e-01,1.939239303789033406e-02,1.457144395917833022e-08,2.160462306420186667e-15,4.590158478345912337e-25
2.900120000000000005e+02,5.352152239665848299e-01,5.331477417799312946e-01,9.590402220100966872e-06,4.795368573409393709e-01,1.860128070172565456e-02,1.333504421041860202e-08,1.935573086018862621e-15,4.008868969799424960e-25
2.900196666666666943e+02,5.404227935982592879e-01,5.358516302549803934e-01,1.041278134730071433e-05,4.830029579565165987e-01,1.783824731631814681e-02,1.220079659499946080e-08,1.733779594805596093e-15,3.500621332373224786e-25
2.900273333333333312e+02,5.449411883457936367e-01,5.385133974343494501e-01,1.130208628164348104e-05,4.863995917228370325e-01,1.710249246472609827e-02,1.116050307234692719e-08,1.552743184542782216e-15,3.056310690362547112e-25
2.900350000000000250e+02,5.315956982660765551e-01,5.411304490988689819e-01,1.226344337844742545e-05,4.897249456365002085e-01,1.639322981238600443e-02,1.020660278239094516e-08,1.390358536265503526e-15,2.667957813191750508e-25
2.900426666666666620e+02,5.504607847645193175e-01,5.437002347387905887e-01,1.330234430075963934e-05,4.929772358119853815e-01,1.570968725037890507e-02,9.332124258402430703e-09,1.244730740395649912e-15,2.328571124390493887e-25
2.900503333333333558e+02,5.510115137490165793e-01,5.462202492886951699e-01,1.442466981496714404e-05,4.961547090719211073e-01,1.505110701631686386e-02,8.530641081850451498e-09,1.114154591583239628e-15,2.032025479715750744e-25
2.900580000000000496e+02,5.467198590754226428e-01,5.486880348227358706e-01,1.563671496180711831e-05,4.992556445177715463e-01,1.441674579377073308e-02,7.796230742835235230e-09,9.970958879898738676e-16,1.772955694898898180e-25
2.900656666666666865e+02,5.560832737988646857e-01,5.511011822095668311e-01,1.694521566946900296e-05,5.022783550795900664e-01,1.380587479086991740e-02,7.123436484659320617e-09,8.921745442699915006e-16,1.546663044322627289e-25
2.900733333333333803e+02,5.503056002607569219e-01,5.534573327256356867e-01,1.835737687751643564e-05,5.052211890426336893e-01,1.321777979889173296e-02,6.507231925813914155e-09,7.981493453634733637e-16,1.349033164539787079e-25
2.900810000000000173e+02,5.613732953493874023e-01,5.557541796255754951e-01,1.988090224259723613e-05,5.080825315487004223e-01,1.265176123164354557e-02,5.942988266195629185e-09,7.139041843886388728e-16,1.176463983881715285e-25
2.900886666666667111e+02,5.624361363313113982e-01,5.579894696690659295e-01,2.152402549957081417e-05,5.108608060708327292e-01,1.210713414628901939e-02,5.426443896959999715e-09,6.384356425994970265e-16,1.025802464512091637e-25
2.900963333333333480e+02,5.556677577565921622e-01,5.601610046025721212e-01,2.329554355339369064e-05,5.135544758588302949e-01,1.158322824651162632e-02,4.953676245632085435e-09,5.708417827566321284e-16,8.942890889257196953e-26
2.901040000000000418e+02,5.611087577993076891e-01,5.622666425954898628e-01,2.520485138007905453e-05,5.161620453543973586e-01,1.107938786863604808e-02,4.521075699032615312e-09,5.103120393352080129e-16,7.795091510708898422e-26
2.901116666666666788e+02,5.633909457579640012e-01,5.643042996291707247e-01,2.726197881655534049e-05,5.186820615734456519e-01,1.059497195158659935e-02,4.125321457350180952e-09,4.561181000289652480e-16,6.793500253587409952e-26
2.901193333333333726e+02,5.625972870165295570e-01,5.662719508383871059e-01,2.947762932230862652e-05,5.211131154544034194e-01,1.012935399130173754e-02,3.763359182306477526e-09,4.076056829532343821e-16,5.919636863005627696e-26
2.901270000000000095e+02,5.593614254393282081e-01,5.681676318038004769e-01,3.186322079702091502e-05,5.234538431701620809e-01,9.681921980460651486e-03,3.432380311809804619e-09,3.641871230345462826e-16,5.157338392447984316e-26
2.901346666666667033e+02,5.753380249902495525e-01,5.699894397950303615e-01,3.443092854153078156e-05,5.257029274025508681e-01,9.252078334134626603e-03,3.129802921939468325e-09,3.253346892585739880e-16,4.492470998347602345e-26
2.901423333333333403e+02,5.778288605481490814e-01,5.717355349629921202e-01,3.719373045053227581e-05,5.278590985770947874e-01,8.839239802192375497e-03,2.853254025380828047e-09,2.905745619200169622e-16,3.912677278215694884e-26
2.901500000000000341e+02,5.790553642519219446e-01,5.734041414811367199e-01,4.016545452857744739e-05,5.299211360569934248e-01,8.442837369061272773e-03,2.600553202840294067e-09,2.594814057481205993e-16,3.407154806568671079e-26
2.901576666666666711e+02,5.741543699956452862e-01,5.749935486343779045e-01,4.336082882173995041e-05,5.318878692942148323e-01,8.062316141643701903e-03,2.369697471210586577e-09,2.316734809219440969e-16,2.966462049800728896e-26
2.901653333333333649e+02,5.774021171734401436e-01,5.765021118553812496e-01,4.679553386045315404e-05,5.337581789366974139e-01,7.697135225975807425e-03,2.158847298747802628e-09,2.068082395190577341e-16,2.582348304192217058e-26
2.901730000000000018e+02,5.775032254267161713e-01,5.779282537071230852e-01,5.048625770946128523e-05,5.355309978897043743e-01,7.346767593395331711e-03,1.966313683847718156e-09,1.845783599833953980e-16,2.247604709146223829e-26
2.901806666666666956e+02,5.804548983671892204e-01,5.792704648114471722e-01,5.445075372396236202e-05,5.372053123303891509e-01,7.010699936787592387e-03,1.790546219687285093e-09,1.647081767373215125e-16,1.955933746093779888e-26
2.901883333333333326e+02,5.740103826659194164e-01,5.805273047226541250e-01,5.870790111099848747e-05,5.387801626737792615e-01,6.688432517641675415e-03,1.630122072516980189e-09,1.469504661996896478e-16,1.701834949064541793e-26
2.901960000000000264e+02,5.873512246855907559e-01,5.816974027459064223e-01,6.327776839824439013e-05,5.402546444893074895e-01,6.379479004464730200e-03,1.483735806350464905e-09,1.310835541949394692e-16,1.480504830047437676e-26
2.902036666666666633e+02,5.798260392112380979e-01,5.827794586996241089e-01,6.818167991178235548e-05,5.416279093662722532e-01,6.083366303250003874e-03,1.350189991607941322e-09,1.169087131293887246e-16,1.287749266210044755e-26
2.902113333333333571e+02,5.847969144312143985e-01,5.837722436217144262e-01,7.344228536748571054e-05,5.428991657274374605e-01,5.799634380522926229e-03,1.228386539597229658e-09,1.042478203622027517e-16,1.119906810211123257e-26
2.902190000000000509e+02,5.885772878581301271e-01,5.846746004189610213e-01,7.908363267946043188e-05,5.440676795893415463e-01,5.527836079621203241e-03,1.117318708902244335e-09,9.294125197605300452e-17,9.737815732897531742e-27
2.902266666666666879e+02,5.803976130256407462e-01,5.854854444594347340e-01,8.513124409159423579e-05,5.451327752685579675e-01,5.267536930721228132e-03,1.016063733525086402e-09,8.284598865164818748e-17,8.465844962132968215e-27
2.902343333333333817e+02,5.936628700423406402e-01,5.862037641075393823e-01,9.161219573755501945e-05,5.460938360328385643e-01,5.018314955187089428e-03,9.237760262440639903e-10,7.383391262121001318e-17,7.358819686157229192e-27
2.902420000000000186e+02,5.837135252975207411e-01,5.868286212014078851e-01,9.855520073457988545e-05,5.469503046961974313e-01,4.779760464794849395e-03,8.396809139796395049e-10,6.579027672511638323e-17,6.395508849537641670e-27
2.902496666666667124e+02,5.943069964298547392e-01,5.873591514726101970e-01,1.059906959180309180e-04,5.477016841573193462e-01,4.551475856303862158e-03,7.630688650453570454e-10,5.861232844735171869e-17,5.557393374411901591e-27
2.902573333333333494e+02,5.852807697876211135e-01,5.877945649078888390e-01,1.139509323206940408e-04,5.483475378803440714e-01,4.333075401933865131e-03,6.932901710958887084e-10,5.220807348487130430e-17,4.828322448525313014e-27
2.902650000000000432e+02,5.863962933967630242e-01,5.881341460530070675e-01,1.224700695033196964e-04,5.488874903175782194e-01,4.124185036175466966e-03,6.297500492401146012e-10,4.649516491657302796e-17,4.194213025009393478e-27
2.902726666666666802e+02,5.894698489183883838e-01,5.883772542585841148e-01,1.315842738385145734e-04,5.493212272733859480e-01,3.924442139455562757e-03,5.719041323368708987e-10,4.139990540980415931e-17,3.642787146322179186e-27
2.902803333333333740e+02,5.783975105144540940e-01,5.885233238680771528e-01,1.413318208524657444e-04,5.496484962089147608e-01,3.733495319055583472e-03,5.192543177932332440e-10,3.685635113557963313e-17,3.163342370444665772e-27
2.902880000000000109e+02,5.870581752795205333e-01,5.885718643479520562e-01,1.517532017233752767e-04,5.498691064871187306e-01,3.551004187764967169e-03,4.713449473917372708e-10,3.280550718342744270e-17,2.746551162193758382e-27
2.902956666666667047e+02,5.853082628193052583e-01,5.885224603602787763e-01,1.628912340376227196e-04,5.499829295578441135e-01,3.376639140637706198e-03,4.277592926667329672e-10,2.919460527283557686e-17,2.384285624954745912e-27
2.903033333333333417e+02,5.882714612755363115e-01,5.883747717779630459e-01,1.747911768976993026e-04,5.499898990826533884e-01,3.210081130295673602e-03,3.881163222572589958e-10,2.597645547121929713e-17,2.069464398125612730e-27
2.903110000000000355e+02,5.923332382821009379e-01,5.881285336429283861e-01,1.875008504778508545e-04,5.498900109992662655e-01,3.051021441116528402e-03,3.520677293882958790e-10,2.310886444835394980e-17,1.795918939769007617e-27
2.903186666666666724e+02,5.862910229659156203e-01,5.877835560676274440e-01,2.010707601148480691e-04,5.496833235255054184e-01,2.899161462711954181e-03,3.192951992786697549e-10,2.055411354096281607e-17,1.558276760001189010e-27
2.903263333333333662e+02,5.927574423564201389e-01,5.873397240802774588e-01,2.155542250229424621e-04,5.493699571027425010e-01,2.754212463004156956e-03,2.895078977633885324e-10,1.827849056896978486e-17,1.351859473680783861e-27
2.903340000000000032e+02,5.912551637632221802e-01,5.867969974143659728e-01,2.310075117118139869e-04,5.489500942789445892e-01,2.615895361269419354e-03,2.624401638378616316e-10,1.625186995032883517e-17,1.172593806863855213e-27
2.903416666666666970e+02,5.939036426025356974e-01,5.861554102428964130e-01,2.474899721876940516e-04,5.484239795314320709e-01,2.483940501427211404e-03,2.378493901163218937e-10,1.444733620476422410e-17,1.016933924278310806e-27
2.903493333333333339e+02,5.959369537646854731e-01,5.854150708580897478e-01,2.650641870056896017e-04,5.477919190296621776e-01,2.358087425907836373e-03,2.155140764194001270e-10,1.284084642912993796e-17,8.817936492565921601e-28
2.903570000000000277e+02,5.884390796559406667e-01,5.845761612970840071e-01,2.837961132424258581e-04,5.470542803382610897e-01,2.238084650348360228e-03,1.952320428127302941e-10,1.141092776893150291e-17,7.644873262615373941e-28
2.903646666666666647e+02,5.886987587258174504e-01,5.836389369145117412e-01,3.037552374438784778e-04,5.462114920608337476e-01,2.123689439415266979e-03,1.768187894701558201e-10,1.013840631067058535e-17,6.626782328247466842e-28
2.903723333333333585e+02,5.865876578241642214e-01,5.826037259025678150e-01,3.250147336040857247e-04,5.452640434248818835e-01,2.014667583975717977e-03,1.601059916875225102e-10,9.006164178607981772e-18,5.743335847937435059e-28
2.903799999999999955e+02,5.880948607422356034e-01,5.814709287596087073e-01,3.476516262138760918e-04,5.442124838085719007e-01,1.910793179882739603e-03,1.449401192765447963e-10,7.998921944425058823e-18,4.976852989326720464e-28
2.903876666666666893e+02,5.867126600905421263e-01,5.802410177079595499e-01,3.717469584193333729e-04,5.430574222097896975e-01,1.811848408569340704e-03,1.311811703867435614e-10,7.103043749608843331e-18,4.311957819993340448e-28
2.903953333333333831e+02,5.750181336051796155e-01,5.789145360621149594e-01,3.973859653108255136e-04,5.417995266584180181e-01,1.717623319684664744e-03,1.187015105785828988e-10,6.306362803955085986e-18,3.735281074878837483e-28
2.904030000000000200e+02,5.750501405719303794e-01,5.774920975481422358e-01,4.246582523622728558e-04,5.404395235724489543e-01,1.627915615946170765e-03,1.073848086741723407e-10,5.598025159924678844e-18,3.235200217216964047e-28
2.904106666666667138e+02,5.773668431268994539e-01,5.759743855754037023e-01,4.536579790241579099e-04,5.389781970588576332e-01,1.542530440396803950e-03,9.712506157374344948e-11,4.968349876081632392e-18,2.801612914689792303e-28
2.904183333333333508e+02,5.714547641567429004e-01,5.743621524618277574e-01,4.844840474613647859e-04,5.374163881603005732e-01,1.461280166240052237e-03,8.782570083384314654e-11,4.408703874676065249e-18,2.425739668934393086e-28
2.904260000000000446e+02,5.724866915129109834e-01,5.726562186135976118e-01,5.172402964222118371e-04,5.357549940483854467e-01,1.383984189391148159e-03,7.939877436364439938e-11,3.911389970967889636e-18,2.099951875622148747e-28
2.904336666666666815e+02,5.728968773745464205e-01,5.708574716608046939e-01,5.520357001999670003e-04,5.339949671649346641e-01,1.310468723905821968e-03,7.176419712083736690e-11,3.469546707520515685e-18,1.817622064064076513e-28
2.904413333333333753e+02,5.656264270369782965e-01,5.689668655499162675e-01,5.889845726482874832e-04,5.321373143120218252e-01,1.240566600397107703e-03,6.484906516552961735e-11,3.077058766174005600e-18,1.572993477416461860e-28
2.904490000000000123e+02,5.580087689806980666e-01,5.669854195947393594e-01,6.282067761821969343e-04,5.301830956923933025e-01,1.174117067576751182e-03,5.858702787997608491e-11,2.728476856353169858e-18,1.361066515184718789e-28
2.904566666666667061e+02,5.634403661713739409e-01,5.649142174867618493e-01,6.698279356966988429e-04,5.281334239011368226e-01,1.110965597010638625e-03,5.291771356946838388e-11,2.418946091157779253e-18,1.177499874635981719e-28
2.904643333333333430e+02,5.650453815555267489e-01,5.627544062666687275e-01,7.139796573016911601e-04,5.259894628703798425e-01,1.050963691200949585e-03,4.778620404323718619e-11,2.144141964481167890e-18,1.018524503196724401e-28
2.904720000000000368e+02,5.620968213800056068e-01,5.605071952579354644e-01,7.607997517726926458e-04,5.237524267679553036e-01,9.939686950648399071e-04,4.314255412204929099e-11,1.900213133543089018e-18,8.808687143806304555e-29
2.904796666666666738e+02,5.559446024920670082e-01,5.581738549644014169e-01,8.104324625795349341e-04,5.214235788519802073e-01,9.398436109002409776e-04,3.894135234610649035e-11,1.683730293438187413e-18,7.616930300606724394e-29
2.904873333333333676e+02,5.468551911315399083e-01,5.557557159327373153e-01,8.630286983566187948e-04,5.190042302823488773e-01,8.884569168904416425e-04,3.514131945337986487e-11,1.491640503882825077e-18,6.585334953936046666e-29
2.904950000000000045e+02,5.632695737773560918e-01,5.532541675817970184e-01,9.187462696368459613e-04,5.164957388912374547e-01,8.396823892177013781e-04,3.170494147685678263e-11,1.321226394688829562e-18,5.692523730955392586e-29
2.905026666666666983e+02,5.539744005943144645e-01,5.506706569997736889e-01,9.777501296735393709e-04,5.138995079136812194e-01,7.933989278208508113e-04,2.859813456166606507e-11,1.170069735850418585e-18,4.919952636876342569e-29
2.905103333333333353e+02,5.502252999947591094e-01,5.480066877112229617e-01,1.040212619128832831e-03,5.112169846804557327e-01,7.494903858485056072e-04,2.578993883975441897e-11,1.036018911624482558e-18,4.251538205885408567e-29
2.905180000000000291e+02,5.481351340973625863e-01,5.452638184148642653e-01,1.106313714410306999e-03,5.084496592743740218e-01,7.078454028276221941e-04,2.325223891451011196e-11,9.171598858295288850e-19,3.673333355498413951e-29
2.905256666666666661e+02,5.418619692285177036e-01,5.424436616942865941e-01,1.176241279387139687e-03,5.055990631523579193e-01,6.683572415820583515e-04,2.095950870879492867e-11,8.117902886848630035e-19,3.173245630563751013e-29
2.905333333333333599e+02,5.424579707435225329e-01,5.395478827024471347e-01,1.250191320221810762e-03,5.026667677344296425e-01,6.309236289070578639e-04,1.888857861223868230e-11,7.183962940450761133e-19,2.740792334999685093e-29
2.905409999999999968e+02,5.348607607230732031e-01,5.365781978221338955e-01,1.328368242997983624e-03,4.996543829620985200e-01,5.954466000190034676e-04,1.701842303423480897e-11,6.356319905763137416e-19,2.366887758215608030e-29
2.905486666666666906e+02,5.325800151565114327e-01,5.335363733032504330e-01,1.410985113831781474e-03,4.965635558273147621e-01,5.618323467739299486e-04,1.532996662381945779e-11,5.623009814293059050e-19,2.043658320935609833e-29
2.905563333333333276e+02,5.326825085649031788e-01,5.304242238791242459e-01,1.498263921093116171e-03,4.933959688745648275e-01,5.299910696603879739e-04,1.380590756217771409e-11,4.973399748671756011e-19,1.764282004342858861e-29
2.905640000000000214e+02,5.280994358820623180e-01,5.272436113626496335e-01,1.590435839372685142e-03,4.901533386772972678e-01,4.998368335490763637e-04,1.243055646464849852e-11,4.398041532385433359e-19,1.522848896214843817e-29
2.905716666666667152e+02,5.173465960759590088e-01,5.239964432244611503e-01,1.687741494764865777e-03,4.868374142913141633e-01,4.712874271923751996e-04,1.118968955145395481e-11,3.888541301107850328e-19,1.314240097572538248e-29
2.905793333333333521e+02,5.241007549538524435e-01,5.206846711540585870e-01,1.790431231042816053e-03,4.834499756864975017e-01,4.442642264478504212e-04,1.007041485743602178e-11,3.437443254117286138e-19,1.134022590325594688e-29
2.905870000000000459e+02,5.128429209172513659e-01,5.173102896055704614e-01,1.898765376251690569e-03,4.799928321590539726e-01,4.186920612037465204e-04,9.061050354283933908e-12,3.038126064252383842e-19,9.783579776762469050e-30
2.905946666666666829e+02,5.109483210877068249e-01,5.138753343298620990e-01,2.013014509213326923e-03,4.764678207265187204e-01,3.944990859790353387e-04,8.151012953111269134e-12,2.684710585874755103e-19,8.439232801740428539e-30
2.906023333333333767e+02,5.084144171348771168e-01,5.103818808937924389e-01,2.133459725433726854e-03,4.728768045068681425e-01,3.716166541598481038e-04,7.330717441788320606e-12,2.371977644460575220e-19,7.278422064936197511e-30
2.906100000000000136e+02,5.146153344194143164e-01,5.068320431887920474e-01,2.260392901829263133e-03,4.692216710845303895e-01,3.499791958408980143e-04,6.591484491599196384e-12,2.095294820785114804e-19,6.276255238205386146e-30
2.906176666666667074e+02,5.110086737347266928e-01,5.032279719293135667e-01,2.394116959708724769e-03,4.655043308644541411e-01,3.295240992252881267e-04,5.925456940576574621e-12,1.850551258138342763e-19,5.411193318398305463e-30
2.906253333333333444e+02,5.064272593181660120e-01,4.995718531433173126e-01,2.534946125361035515e-03,4.617267154170868193e-01,3.101915955439670317e-04,5.325523628519354000e-12,1.634099624690734915e-19,4.664602003938544203e-30
2.906330000000000382e+02,4.880320101151273682e-01,4.958659066552423278e-01,2.683206187625895769e-03,4.578907758153886731e-01,2.919246474424639997e-04,4.785250120040765565e-12,1.442704455630634331e-19,4.020362666401738522e-30
2.906406666666666752e+02,4.983465700664999054e-01,4.921123845635754224e-01,2.839234751730573131e-03,4.539984809667562682e-01,2.746688407897532975e-04,4.298815708961030536e-12,1.273496182714710272e-19,3.464535058008430286e-30
2.906483333333333690e+02,4.922635137492895607e-01,4.883135697133622610e-01,3.003381488709676739e-03,4.500518159409395147e-01,2.583722798521094076e-04,3.860956149006308433e-12,1.123930232916250098e-19,2.985064924325004213e-30
2.906560000000000059e+02,4.792340012342578559e-01,4.844717741657061927e-01,3.176008379624003369e-03,4.460527802968338174e-01,2.429854857814608797e-04,3.466911603689473859e-12,9.917506442782350648e-20,2.571530586937595883e-30
2.906636666666666997e+02,4.774947621936327935e-01,4.805893376644825299e-01,3.357489953835148411e-03,4.420033864091777454e-01,2.284612983572617279e-04,3.112379351681603397e-12,8.749577062975482458e-20,2.214923339290437250e-30
2.906713333333333367e+02,4.776483377044650758e-01,4.766686261022383686e-01,3.548213520484864991e-03,4.379056577980330323e-01,2.147547809270360065e-04,2.793470824238102318e-12,7.717791852659477783e-20,1.907457176460689459e-30
2.906790000000000305e+02,4.772764835085953061e-01,4.727120299853799779e-01,3.748579392376902818e-03,4.337616274620148538e-01,2.018231284816182571e-04,2.506672587726658131e-12,6.806447423190569936e-20,1.642403968455470930e-30
2.906866666666666674e+02,4.718217766988210271e-01,4.687219629005283661e-01,3.959001101343980270e-03,4.295733362181287651e-01,1.896255788068108448e-04,2.248810918085439857e-12,6.001631943581284431e-20,1.413950698964875981e-30
2.906943333333333612e+02,4.606794467338053423e-01,4.647008599820153796e-01,4.179905604240683782e-03,4.253428310491124131e-01,1.781233266452566079e-04,2.017019644650069259e-12,5.291023057992035759e-20,1.217075836584031440e-30
2.907019999999999982e+02,4.551516835319436849e-01,4.606511763823020189e-01,4.411733478580322221e-03,4.210721634611053199e-01,1.672794408076423635e-04,1.808710969104874446e-12,4.663708329554846989e-20,1.047442292654520554e-30
2.907096666666666920e+02,4.562281724080270995e-01,4.565753857451542164e-01,4.654939106902555683e-03,4.167633878524645841e-01,1.570587841655254955e-04,1.621548990966545233e-12,4.110025730093147765e-20,9.013047560710695489e-31
2.907173333333333289e+02,4.593382137101604812e-01,4.524759786832506236e-01,4.909990848827815689e-03,4.124185598965062760e-01,1.474279364630347181e-04,1.453425694717594053e-12,3.621421965258292365e-20,7.754294877235186071e-31
2.907250000000000227e+02,4.439076600798535499e-01,4.483554612599175426e-01,5.177371199835404357e-03,4.080397349389008332e-01,1.383551198788727512e-04,1.302439175181167478e-12,3.190326664964101332e-20,6.670249110151481318e-31
2.907326666666666597e+02,4.389861428717763414e-01,4.442163534765521948e-01,5.457576935662920847e-03,4.036289664124477206e-01,1.298101272746901688e-04,1.166873897557319581e-12,2.810040684111117343e-20,5.736815554749069879e-31
2.907403333333333535e+02,4.318888259160199028e-01,4.400611877652860215e-01,5.751119241318954252e-03,3.991883042698609052e-01,1.217642530609620188e-04,1.045182806496481445e-12,2.474636950053101596e-20,4.933201019035338889e-31
2.907480000000000473e+02,4.337445633035741932e-01,4.358925074882987749e-01,6.058523823555625291e-03,3.947197934371913797e-01,1.141902266158031790e-04,9.359711151496926871e-13,2.178872464525330448e-20,4.241464438147681390e-31
2.907556666666666843e+02,4.249974982046036964e-01,4.317128654434111423e-01,6.380331005737724034e-03,3.902254722886469573e-01,1.070621481884509029e-04,8.379816201378767465e-13,1.918110220154779423e-20,3.646128242276247443e-31
2.907633333333333781e+02,4.330765623052021396e-01,4.275248223765908406e-01,6.717095803956622813e-03,3.857073711446624142e-01,1.003554272216712991e-04,7.500814021825788230e-13,1.688249927866907012e-20,3.133842321775585360e-31
2.907710000000000150e+02,4.160890530838865509e-01,4.233309455019459433e-01,7.069387983211343832e-03,3.811675107950360242e-01,9.404672302734117819e-05,6.712497846993412028e-13,1.485666572817439287e-20,2.693093520311654509e-31
2.907786666666667088e+02,4.170960541852665182e-01,4.191338070286285689e-01,7.437792092550998477e-03,3.766079010477288991e-01,8.811388774812319686e-05,6.005674341046820488e-13,1.307155924595259647e-20,2.313954530143027417e-31
2.907863333333333458e+02,4.201517680833269930e-01,4.149359826957412789e-01,7.822907477919598465e-03,3.720305393057430354e-01,8.253591154142225414e-05,5.372064960942338803e-13,1.149886223954972338e-20,1.987866882244269979e-31
2.907940000000000396e+02,4.117689310572348882e-01,4.107400503143215920e-01,8.225348271595066263e-03,3.674374091723267566e-01,7.729286991933925928e-05,4.804216716633099637e-13,1.011355354156679592e-20,1.707453433608062853e-31
2.908016666666666765e+02,4.014673501895546504e-01,4.065485883174044801e-01,8.645743356933379559e-03,3.628304790868597252e-01,7.236587318189347862e-05,4.295421453902128530e-13,8.893528816325501831e-21,1.466356369861410972e-31
2.908093333333333703e+02,4.062975280386205146e-01,4.023641743171114671e-01,9.084736307302512803e-03,3.582117009915462558e-01,6.773701787876410787e-05,3.839642864161203763e-13,7.819264188088672797e-21,1.259097274926624360e-31
2.908170000000000073e+02,4.015198321435803908e-01,3.981893836696432931e-01,9.542985297899821487e-03,3.535830090311621321e-01,6.338934023816950589e-05,3.431450498277611218e-13,6.873518227121814750e-21,1.080956282337250869e-31
2.908246666666667011e+02,3.984584022936635828e-01,3.940267880470126327e-01,1.002116298934189326e-02,3.489463182858641432e-01,5.930677149993282500e-05,3.065960127247428586e-13,6.041067970003704941e-21,9.278677237756210755e-32
2.908323333333333380e+02,3.932486648068586610e-01,3.898789540162750367e-01,1.051995638171473839e-02,3.443035235391934124e-01,5.547409509297067273e-05,2.738779852915348877e-13,5.308475132530645059e-21,7.963300380901904296e-32
2.908400000000000318e+02,3.869767971515288840e-01,3.857484416249888914e-01,1.104006663799099973e-02,3.396564980811569989e-01,5.187690559626672053e-05,2.445961426520990695e-13,4.663879101540235965e-21,6.833280051283820006e-32
2.908476666666666688e+02,3.834110546484906235e-01,3.816378029935574290e-01,1.158220887550845228e-02,3.350070925484051609e-01,4.850156942541233510e-05,2.183956282928734972e-13,4.096813673688099624e-21,5.862656297084541359e-32
2.908553333333333626e+02,3.739449755120470842e-01,3.775495809130889890e-01,1.214711192444886158e-02,3.303571338012592506e-01,4.533518718596359363e-05,1.949575843650864577e-13,3.598044848058083134e-21,5.029082269743805700e-32
2.908629999999999995e+02,3.750401109694305735e-01,3.734863074493318669e-01,1.273551805203136655e-02,3.257084238394888365e-01,4.236555763772263780e-05,1.739955683258949048e-13,3.159427281567875703e-21,4.313324561469099138e-32
2.908706666666666933e+02,3.691734833557826501e-01,3.694505025512426766e-01,1.334818265140760678e-02,3.210627387564663482e-01,3.958114321351691829e-05,1.552523191256384939e-13,2.773777284194782688e-21,3.698832190909365115e-32
2.908783333333333303e+02,3.596150439114494946e-01,3.654446726646582988e-01,1.398587389400706912e-02,3.164218277334739371e-01,3.697103703875348881e-05,1.384968395814658497e-13,2.434760469915934821e-21,3.171364868651257563e-32
2.908860000000000241e+02,3.685446249467146940e-01,3.614713093495712792e-01,1.464937234438489812e-02,3.117874120736650601e-01,3.452493139774480863e-05,1.235217646779391084e-13,2.136792391154062878e-21,2.718672443615698088e-32
2.908936666666667179e+02,3.544419572768157112e-01,3.575328879013759398e-01,1.533947053637611802e-02,3.071611842772942746e-01,3.223308759534636254e-05,1.101409883729158903e-13,1.874950673251512022e-21,2.330218530651503805e-32
2.909013333333333549e+02,3.652395543371760867e-01,3.536318659747490489e-01,1.605697250965411327e-02,3.025448071578342168e-01,3.008630716250683802e-05,9.818752404968728146e-14,1.644897332873341811e-21,1.996942270197101103e-32
2.909090000000000487e+02,3.562001611613198615e-01,3.497706822098642920e-01,1.680269330567456601e-02,2.979399129997459816e-01,2.807590435628423727e-05,8.751157609680426875e-14,1.442810113189222057e-21,1.711052993620098676e-32
2.909166666666666856e+02,3.470893467104588792e-01,3.459517548605993698e-01,1.757745842201770270e-02,2.933481027585976841e-01,2.619367990602046282e-05,7.797880221755709707e-14,1.265321800879738343e-21,1.465853279299082217e-32
2.909243333333333794e+02,3.424115897106115858e-01,3.421774804233869149e-01,1.838210322438631542e-02,2.887709453029730367e-01,2.443189595809825728e-05,6.946874799499814635e-14,1.109466607384744255e-21,1.255586499753333060e-32
2.909320000000000164e+02,3.402658830045799387e-01,3.384502322669600272e-01,1.921747231526476848e-02,2.842099766994595211e-01,2.278325217378355554e-05,6.187343699191061520e-14,9.726328011561685291e-22,1.075305492279439626e-32
2.909396666666667102e+02,3.254352117874254047e-01,3.347723592614501031e-01,2.008441885866023638e-02,2.796666995397997790e-01,2.124086293499382016e-05,5.509610124781260845e-14,8.525208701436128247e-22,9.207594453757584211e-33
2.909473333333333471e+02,3.254623537401489797e-01,3.311461844071030836e-01,2.098380386003718262e-02,2.751425823114019287e-01,1.979823561493859323e-05,4.905003847980490135e-14,7.471065759695364111e-22,7.882964909063282772e-33
2.909550000000000409e+02,3.255227521772200983e-01,3.275740034611118734e-01,2.191649540101624910e-02,2.706390588101810213e-01,1.844924987100551129e-05,4.365758359677340099e-14,6.546083340766010974e-22,6.747798354362698420e-33
2.909626666666666779e+02,3.266443095245524231e-01,3.240580835628373846e-01,2.288336782807865247e-02,2.661575275968006138e-01,1.718813791925216238e-05,3.884918332479430700e-14,5.734584188653576391e-22,5.775155611211536505e-33
2.909703333333333717e+02,3.165858834129587907e-01,3.206006618559789079e-01,2.388530089501568823e-02,2.616993514951782562e-01,1.600946575037534512e-05,3.456256381274470958e-14,5.022775501534660563e-22,4.941904829315353870e-33
2.909780000000000086e+02,3.263057807953648193e-01,3.172039441079952393e-01,2.492317885851351791e-02,2.572658571342020806e-01,1.490811524890426175e-05,3.074198206351984990e-14,4.398524682110600341e-22,4.228186705806168509e-33
2.909856666666667024e+02,3.102311480791145604e-01,3.138701033254250872e-01,2.599788952680185533e-02,2.528583345314179831e-01,1.387926717793929186e-05,2.733755291605972076e-14,3.851161496953065762e-22,3.616954347846456262e-33
2.909933333333333394e+02,3.146246003431150129e-01,3.106012783654557019e-01,2.711032326092300757e-02,2.484780367195148776e-01,1.291838499352422863e-05,2.430464410476810063e-14,3.371303568334079092e-22,3.093577427200852462e-33
2.910010000000000332e+02,3.013516396054078950e-01,3.073995725425059389e-01,2.826137192875911516e-02,2.441261794142718655e-01,1.202119945336384620e-05,2.160333264474458839e-14,2.950702476147954712e-22,2.645501701157633919e-33
2.910086666666666702e+02,3.060049080858227022e-01,3.042670522302399760e-01,2.945192781155791042e-02,2.398039407246765897e-01,1.118369398625803351e-05,1.919791644828239818e-14,2.582108061890393489e-22,2.261956205457906094e-33
2.910163333333333640e+02,3.068958288059867590e-01,3.012057454579204485e-01,3.068288246332308983e-02,2.355124609037910210e-01,1.040209078928353438e-05,1.705647566967177136e-14,2.259148804674407169e-22,1.933701486953405674e-33
2.910240000000000009e+02,3.010859177254605612e-01,2.982176405016064846e-01,3.195512552301031650e-02,2.312528421409596469e-01,9.672837621310479024e-06,1.515047881344523111e-14,1.976226385957667370e-22,1.652813160593152180e-33
2.910316666666666947e+02,2.988414859309672100e-01,2.953046844692716055e-01,3.326954348014177221e-02,2.270261483938542935e-01,8.992595262123185757e-06,1.345442912551560950e-14,1.728422777747605831e-22,1.412495865937682317e-33
2.910393333333333317e+02,2.887753373790090117e-01,2.924687818804603268e-01,3.462701839399621312e-02,2.228334052608443583e-01,8.358225607872942951e-06,1.194554722687421037e-14,1.511418382492441343e-22,1.206923380687914537e-33
2.910470000000000255e+02,2.856580163643462900e-01,2.897117932397460516e-01,3.602842656725142867e-02,2.186755998921097177e-01,7.766780374283427463e-06,1.060348634557810224e-14,1.321419923815982065e-22,1.031101236831105986e-33
2.910546666666666624e+02,2.856863959114509521e-01,2.870355336047412109e-01,3.747463717446734843e-02,2.145536809398840561e-01,7.215490380394066867e-06,9.410076862507244338e-15,1.155096938815320216e-22,8.807486923709249239e-34
2.910623333333333562e+02,2.776741181334535513e-01,2.844417711481380673e-01,3.896651084656438391e-02,2.104685585461789632e-01,6.701755386321298751e-06,8.349097209914076119e-15,1.009525856531967245e-22,7.521973487972251770e-34
2.910700000000000500e+02,2.772587090570599599e-01,2.819322257146590349e-01,4.050489821194235007e-02,2.064211043682495084e-01,6.223134459789442683e-06,7.406068455458027180e-15,8.821407658599385621e-23,6.423040814771366418e-34
2.910776666666666870e+02,2.818730868658249067e-01,2.795085673727597531e-01,4.209063839560447939e-02,2.024121516403017684e-01,5.777336846898552645e-06,6.568070168484772757e-15,7.706900809436630667e-23,5.483762749231495150e-34
2.910853333333333808e+02,2.822862369717867859e-01,2.771724149617484922e-01,4.372455747743148047e-02,1.984424952709874512e-01,5.362213323687652086e-06,5.823575404601517856e-15,6.731984049108479967e-23,4.681076348492372182e-34
2.910930000000000177e+02,2.728517346618566375e-01,2.749253346350485350e-01,4.540746691086287867e-02,1.945128919761745234e-01,4.975748005943342320e-06,5.162302860216171323e-15,5.879329747765540974e-23,3.995230900620771208e-34
2.911006666666667115e+02,2.710854115712538759e-01,2.727688383998398969e-01,4.714016190381536270e-02,1.906240604454244314e-01,4.616050595486246231e-06,4.575084443175461137e-15,5.133741428229544099e-23,3.409315049307671560e-34
2.911083333333333485e+02,2.787146891160225404e-01,2.707043826544051623e-01,4.892341976313415580e-02,1.867766815422247373e-01,4.281349042205339221e-06,4.053746681561558698e-15,4.481894138710791433e-23,2.908851021010260051e-34
2.911160000000000423e+02,2.679037865816710218e-01,2.687333667235587420e-01,5.075799820479914154e-02,1.829713985361542394e-01,3.969982601762334724e-06,3.591004550777391010e-15,3.912106144357153020e-23,2.481446491203080578e-34
2.911236666666666792e+02,2.643011928046244963e-01,2.668571313937049272e-01,5.264463363144227664e-02,1.792088173669895701e-01,3.680395269881340791e-06,3.180366442181334013e-15,3.414138198141833814e-23,2.116495952829233600e-34
2.911313333333333730e+02,2.674215547376751489e-01,2.650769574481920965e-01,5.458403937971717523e-02,1.754895069388973383e-01,3.411129574764427081e-06,2.816049125025244175e-15,2.979017093102320135e-23,1.804924591267746257e-34
2.911390000000000100e+02,2.570079217263687155e-01,2.633940642047208902e-01,5.657690393935176087e-02,1.718139994446565566e-01,3.160820710094541408e-06,2.492901669731907234e-15,2.598880588448646805e-23,1.538968652742987507e-34
2.911466666666667038e+02,2.661943485980312052e-01,2.618096080557723582e-01,5.862388914674470514e-02,1.681827907180337700e-01,2.928190991687028224e-06,2.206337404892832011e-15,2.266841146341604131e-23,1.311987138229700202e-34
2.911543333333333408e+02,2.538294404117559799e-01,2.603246810140259493e-01,6.072562835520804725e-02,1.645963406141942864e-01,2.712044621703596823e-06,1.952273074734982482e-15,1.976866220523887096e-23,1.118300382317207902e-34
2.911620000000000346e+02,2.577965849956333488e-01,2.589403092640440995e-01,6.288272458503602058e-02,1.610550734162614073e-01,2.511262744914710830e-06,1.727074448449937887e-15,1.723673106242858726e-23,9.530517019169323880e-35
2.911696666666666715e+02,2.510107598219506464e-01,2.576574517224043959e-01,6.509574865576692182e-02,1.575593782678536559e-01,2.324798782284335184e-06,1.527507709280266250e-15,1.502636597968800888e-23,8.120888378140149852e-35
2.911773333333333653e+02,2.503450208215864947e-01,2.564769986078669906e-01,6.736523730413183919e-02,1.541096096297060736e-01,2.151674027694256996e-06,1.350696019849485107e-15,1.309707910264233644e-23,6.918623745750423012e-35
2.911850000000000023e+02,2.545800577571415424e-01,2.553997700239701851e-01,6.969169129031306531e-02,1.507060877601615889e-01,1.990973494352213944e-06,1.194080722172697999e-15,1.141343501648845269e-23,5.893387221320415656e-35
2.911926666666666961e+02,2.558672815529051126e-01,2.544265145559485575e-01,7.207557349630844268e-02,1.473490992176411107e-01,1.841841997941536915e-06,1.055386686308997115e-15,9.944426037775551569e-24,5.019255841615444916e-35
2.912003333333333330e+02,2.587094864132953309e-01,2.535579078845733303e-01,7.451730701926811973e-02,1.440388973848399923e-01,1.703480464239745205e-06,9.325913717315402047e-16,8.662924017096247552e-24,4.274081322585482194e-35
2.912080000000000268e+02,2.565279497992957181e-01,2.527945514191087817e-01,7.701727326388892181e-02,1.407757030127696207e-01,1.575142449416910779e-06,8.238972103884002483e-16,7.545199373388233943e-24,3.638943573223813820e-35
2.912156666666666638e+02,2.495788953937187749e-01,2.521369709521819047e-01,7.957581003695766986e-02,1.375597047843616361e-01,1.456130861840461827e-06,7.277069609254113482e-16,6.570499195223262221e-24,3.097682865250396171e-35
2.912233333333333576e+02,2.575768843624360871e-01,2.515856153390457761e-01,8.219320964840023946e-02,1.343910598957702152e-01,1.345794874666467474e-06,6.426017198075099669e-16,5.720677225375565909e-24,2.636499405140402626e-35
2.912309999999999945e+02,2.492593411547923965e-01,2.511408552042181941e-01,8.486971702213240432e-02,1.312698946550661661e-01,1.243527019062792992e-06,5.673213077672404150e-16,4.979869410360115361e-24,2.243610655537846739e-35
2.912386666666666883e+02,2.449823741050690118e-01,2.508029816782468835e-01,8.760552782131594829e-02,1.281963050964821105e-01,1.148760448333208794e-06,5.007467792711454657e-16,4.334209457911449786e-24,1.908958126879530127e-35
2.912463333333333821e+02,2.525602700942932155e-01,2.505722051677453655e-01,9.040078659151785934e-02,1.251703576098633086e-01,1.060966363729092019e-06,4.418848290570536175e-16,3.771579516707257481e-24,1.623956539986019965e-35
2.912540000000000191e+02,2.560861306228738865e-01,2.504486541617134132e-01,9.325558492645000253e-02,1.221920895836698939e-01,9.796515931350055862e-07,3.898538933849392366e-16,3.281391683024501585e-24,1.381279272825388425e-35
2.912616666666667129e+02,2.510045279245451399e-01,2.504323740773981566e-01,9.616995966037726606e-02,1.192615100607063022e-01,9.043563142704773161e-07,3.438717648683546775e-16,2.854396559286758393e-24,1.174674873867193788e-35
2.912693333333333499e+02,2.467800599261153471e-01,2.505233261489739349e-01,9.914389109132340505e-02,1.163786004057357770e-01,8.346519144561114470e-07,3.032445587705146145e-16,2.482515547142478716e-24,9.988101701806722995e-36
2.912770000000000437e+02,2.495971048939447101e-01,2.507213863623968253e-01,1.021773012400311736e-01,1.135433149833860456e-01,7.701389793659620555e-07,2.673568856996603977e-16,2.158693960409634703e-24,8.491361382086407703e-36
2.912846666666666806e+02,2.472216176990103542e-01,2.510263444398728172e-01,1.052700521484839502e-01,1.107555818459850516e-01,7.104454035961072314e-07,2.356631009568341931e-16,1.876772397792885444e-24,7.217732540817762016e-36
2.912923333333333744e+02,2.579981951798898110e-01,2.514379028774562652e-01,1.084219442232224884e-01,1.080153034296173487e-01,6.552246162060025710e-07,2.076795144845250714e-16,1.631374126830721720e-24,6.134135109644883279e-36
2.913000000000000114e+02,2.485921044075866670e-01,2.519556760392833161e-01,1.116327146273036613e-01,1.053223572580646999e-01,6.041539147663157668e-07,1.829774576753540235e-16,1.417806504862293043e-24,5.212366946449910822e-36
2.913076666666667052e+02,2.522198581504492831e-01,2.525791893121052123e-01,1.149020357262291181e-01,1.026765966529741420e-01,5.569329017474079361e-07,1.611771142976669201e-16,1.231974703730015970e-24,4.428388545804527693e-36
2.913153333333333421e+02,2.605487830808234095e-01,2.533078783236502041e-01,1.182295135917095369e-01,1.000778514499230665e-01,5.132820174256811842e-07,1.419420326752830432e-16,1.070306216994333684e-24,3.761712043149088884e-36
2.913230000000000359e+02,2.570048825023149019e-01,2.541410882285873862e-01,1.216146865686435763e-01,9.752592871877993619e-02,4.729411637613476587e-07,1.249742450812503434e-16,9.296848146045349154e-25,3.194879393857004948e-36
2.913306666666666729e+02,2.482599581942441236e-01,2.550780730656048712e-01,1.250570239091476910e-01,9.502061348804305418e-02,4.356684140127048591e-07,1.100099282268684806e-16,8.073927737629572451e-25,2.713016787432146695e-36
2.913383333333333667e+02,2.649934349829920488e-01,2.561179951894398954e-01,1.285559244790218936e-01,9.256166947161480196e-02,4.012388031054900231e-07,9.681554579756786072e-17,7.010603584611955419e-25,2.303454223342179992e-36
2.913460000000000036e+02,2.589320523815348829e-01,2.572599247813158740e-01,1.321107155404114830e-01,9.014883979771021183e-02,3.694431940583769256e-07,8.518442033141432425e-17,6.086216465798207046e-25,1.955400774260415740e-36
2.913536666666666974e+02,2.587560942665035890e-01,2.585028394416390984e-01,1.357206516160028853e-01,8.778184773842012678e-02,3.400872159976003913e-07,7.493368739610581674e-17,5.282759143390916190e-25,1.659667431703770752e-36
2.913613333333333344e+02,2.569721731832643741e-01,2.598456238683070629e-01,1.393849134383891852e-01,8.546039743964824187e-02,3.129902695494567421e-07,6.590159009606288902e-17,4.584538853744421316e-25,1.408430601974827867e-36
2.913690000000000282e+02,2.606882106035985358e-01,2.612870696244488089e-01,1.431026069898454767e-01,8.318417465000770006e-02,2.879845956111331143e-07,5.794507646758465908e-17,3.977882371989852636e-25,1.195030324172196164e-36
2.913766666666666652e+02,2.574517578116579108e-01,2.628258749987951726e-01,1.468727626359712379e-01,8.095284744842017044e-02,2.649144037315130505e-07,5.093766637670779660e-17,3.450878329349321014e-25,1.013798141674639260e-36
2.913843333333333590e+02,2.630118006131761388e-01,2.644606449624183897e-01,1.506943343582897721e-01,7.876606696907199889e-02,2.436350565264021665e-07,4.476755815035696656e-17,2.993152120458274306e-25,8.599102939856338174e-37
2.913919999999999959e+02,2.683696913126598638e-01,2.661898912248347182e-01,1.545661990890318804e-01,7.662346812349604686e-02,2.240123067612868021e-07,3.933594841019388572e-17,2.595669316408753571e-25,7.292625254264591259e-37
2.913996666666666897e+02,2.602115406555300936e-01,2.680120323930748061e-01,1.584871561529861417e-01,7.452467031850472379e-02,2.059215839099438895e-07,3.455554146420154888e-17,2.250564006052494739e-25,6.183633456507678845e-37
2.914073333333333267e+02,2.713973256422385627e-01,2.699253942364610581e-01,1.624559268193622452e-01,7.246927816977159764e-02,1.892473271852378690e-07,3.034922719419208577e-17,1.950988933094467795e-25,5.242430377553221894e-37
2.914150000000000205e+02,2.712396818159564793e-01,2.719282100605091013e-01,1.664711539682877106e-01,7.045688220985915629e-02,1.738823621973337267e-07,2.664890867786230480e-17,1.690984686291404383e-25,4.443761037431311512e-37
2.914226666666667143e+02,2.746862648963360742e-01,2.740186211924040549e-01,1.705314018745787141e-01,6.848705959050671588e-02,1.597273185636167557e-07,2.339446284206174618e-17,1.465365542152796715e-25,3.766151741213970181e-37
2.914303333333333512e+02,2.737841441637370310e-01,2.761946775811144894e-01,1.746351561128788588e-01,6.655937477814966030e-02,1.466900859391887448e-07,2.053281927611116894e-17,1.269619859089845559e-25,3.191346964769311146e-37
2.914380000000000450e+02,2.778453400824240638e-01,2.784543385145764605e-01,1.787808235870552431e-01,6.467338024221508386e-02,1.346853060858845777e-07,1.801714397138762008e-17,1.099823184682712871e-25,2.703829641876793585e-37
2.914456666666666820e+02,2.788778914694478583e-01,2.807954734561500243e-01,1.829667326865123123e-01,6.282861713573896500e-02,1.236338987339146695e-07,1.580611621221956342e-17,9.525624678335597560e-26,2.290412569228250436e-37
2.914533333333333758e+02,2.883989947168318357e-01,2.832158630029604218e-01,1.871911335729495862e-01,6.102461596739174043e-02,1.134626191170364044e-07,1.386328814340425574e-17,8.248699691163854114e-26,1.939890444572051934e-37
2.914610000000000127e+02,2.985995704297288444e-01,2.857131999675958101e-01,1.914521985991410602e-01,5.926089726480954223e-02,1.041036451902075213e-07,1.215651770025188157e-17,7.141656392631350195e-26,1.642743590408538839e-37
2.914686666666667065e+02,2.861154484440538992e-01,2.882850905855028900e-01,1.957480228630240349e-01,5.753697222828613872e-02,9.549419264984235661e-08,1.065746661921227240e-17,6.182068902553108951e-26,1.390885728380645457e-37
2.914763333333333435e+02,2.991329461418220648e-01,2.909290558490666978e-01,2.000766248981381279e-01,5.585234337477252425e-02,8.757615599224423506e-08,9.341156168654323808e-18,5.350448189128481426e-26,1.177449291093941335e-37
2.914840000000000373e+02,2.915937661128554237e-01,2.936425329702957443e-01,2.044359475032093421e-01,5.420650517131245238e-02,8.029577394559684123e-08,8.185574058336130834e-18,4.629860612938282854e-26,9.966027155834908155e-38
2.914916666666666742e+02,2.977375875708738739e-01,2.964228769725850698e-01,2.088238587113702971e-01,5.259894465789707874e-02,7.360331771405022956e-08,7.171326716879722815e-18,4.005595599570519315e-26,8.433949804288293350e-38
2.914993333333333680e+02,3.006014236226431935e-01,2.992673624130127719e-01,2.132381529012740140e-01,5.102914205893813865e-02,6.745280056199446664e-08,6.281331775731136793e-18,3.464876168208684078e-26,7.136233464093073023e-38
2.915070000000000050e+02,3.094976747767855252e-01,3.021731852350929559e-01,2.176765520500059947e-01,4.949657138337960199e-02,6.180170735863086039e-08,5.500546177004011340e-18,2.996606837559907009e-26,6.037208564518460372e-38
2.915146666666666988e+02,3.059024803111163870e-01,3.051374647529342399e-01,2.221367071294740592e-01,4.800070101271745882e-02,5.661074278316758978e-08,4.815725836639908999e-18,2.591154124349509877e-26,5.106606589532918217e-38
2.915223333333333358e+02,3.106646683575884915e-01,3.081572457661397868e-01,2.266161996455604288e-01,4.654099427698239061e-02,5.184359697292980454e-08,4.215213252467455029e-18,2.240155456916370911e-26,4.318746524196919165e-38
2.915300000000000296e+02,3.068750547007170759e-01,3.112295008058596490e-01,2.311125433211062008e-01,4.511691001802594497e-02,4.746672746838620416e-08,3.688749853350832173e-18,1.936352856923565481e-26,3.651843193684299836e-38
2.915376666666666665e+02,3.164661946992598507e-01,3.143511325107173349e-01,2.356231859213632762e-01,4.372790314019761593e-02,4.344915638200936866e-08,3.227310247818692287e-18,1.673448206323526716e-26,3.087419331264209487e-38
2.915453333333333603e+02,3.190858795829209504e-01,3.175189761324490600e-01,2.401455112223442323e-01,4.237342514782301006e-02,3.976228178187515868e-08,2.822955851867403999e-18,1.445977321974859101e-26,2.609805902899779628e-38
2.915529999999999973e+02,3.221848459433903078e-01,3.207298021693441026e-01,2.446768411200391236e-01,4.105292466960261399e-02,3.637970234567628634e-08,2.468705661680709706e-18,1.249200414729688395e-26,2.205717511565761935e-38
2.915606666666666911e+02,3.261247950759603720e-01,3.239803191267270899e-01,2.492144378802652604e-01,3.976584796940742933e-02,3.327705439783019103e-08,2.158422190643123313e-18,1.079006819162590443e-26,1.863891660649296622e-38
2.915683333333333280e+02,3.278669685728092253e-01,3.272671764019209339e-01,2.537555065264370802e-01,3.851163944362338831e-02,3.043186049980593780e-08,1.886710815699040474e-18,9.318321505491965981e-27,1.574782323726937523e-38
2.915760000000000218e+02,3.350891759073780229e-01,3.305869672923198443e-01,2.582971973643463648e-01,3.728974210458467498e-02,2.782338881449521718e-08,1.648830978119434911e-18,8.045862816599960643e-27,1.330299689000244347e-38
2.915836666666667156e+02,3.297202034282444294e-01,3.339362321233741993e-01,2.628366086405827806e-01,3.609959805026886209e-02,2.543252251631325418e-08,1.440617861599694531e-18,6.945907381262347214e-27,1.123589157796088116e-38
2.915913333333333526e+02,3.351635132979001730e-01,3.373114614943202305e-01,2.673707893327652019e-01,3.494064891991648103e-02,2.324163856386337206e-08,1.258413328183770379e-18,5.995242909762309073e-27,9.488437080157212105e-39
2.915990000000000464e+02,3.506272547328257438e-01,3.407090996383219661e-01,2.718967420682317782e-01,3.381233633559495300e-02,2.123449519650833079e-08,1.099005032504239523e-18,5.173756820042469547e-27,8.011446122027954524e-39
2.916066666666666833e+02,3.419905448428658956e-01,3.441255478933537004e-01,2.764114261674973094e-01,3.271410232972881554e-02,1.939612755715678377e-08,9.595727589107693074e-19,4.464025546356671518e-27,6.763262481925928718e-39
2.916143333333333771e+02,3.584725282736430096e-01,3.475571682807206964e-01,2.809117608096211582e-01,3.164538975834867846e-02,1.771275088171248541e-08,8.376411360670784432e-19,3.850957824638040719e-27,5.708613774400935572e-39
2.916220000000000141e+02,3.547061228717237613e-01,3.510002871863870944e-01,2.853946283144158658e-01,3.060564270030045886e-02,1.617167073279116340e-08,7.310379812233111904e-19,3.321484919279900704e-27,4.817638086262277055e-39
2.916296666666667079e+02,3.633995369669961173e-01,3.544511991415622010e-01,2.898568775382052154e-01,2.959430684215720586e-02,1.476119978853690274e-08,6.378576127672884734e-19,2.864291664889499562e-27,4.065058257915195202e-39
2.916373333333333449e+02,3.518875859200099598e-01,3.579061706970655399e-01,2.942953273773767364e-01,2.861082984910809715e-02,1.347058073025671072e-08,5.564285463369910696e-19,2.469582989642303617e-27,3.429481532361880904e-39
2.916450000000000387e+02,3.595045219283339311e-01,3.613614443873208737e-01,2.987067703757881887e-01,2.765466172161792219e-02,1.228991480191011605e-08,4.852850575919234438e-19,2.128881277653150751e-27,2.892805637216372799e-39
2.916526666666666756e+02,3.664724319684943832e-01,3.648132427779012810e-01,3.030879764296512957e-01,2.672525513815436626e-02,1.121009564343275736e-08,4.231421548956990769e-19,1.834850530321726420e-27,2.439715209875546380e-39
2.916603333333333694e+02,3.752583693057101044e-01,3.682577725919010669e-01,3.074356965853295987e-01,2.582206578382341758e-02,1.022274802571717332e-08,3.688735583388296189e-19,1.581143811245319826e-27,2.057254895084900480e-39
2.916680000000000064e+02,3.632592172830673150e-01,3.716912289084945975e-01,3.117466669230926080e-01,2.494455266523084788e-02,9.320171140507459791e-09,3.214923286745180778e-19,1.362270916720787849e-27,1.734467502025325904e-39
2.916756666666667002e+02,3.869494207228094673e-01,3.751097994284150472e-01,3.160176125216745402e-01,2.409217841145433470e-02,8.495286121213914865e-09,2.801338313952801612e-19,1.173483611991868400e-27,1.462087357398018331e-39
2.916833333333333371e+02,3.779607868717416719e-01,3.785096687991943432e-01,3.202452514961448005e-01,2.326440956146203290e-02,7.741587492971535641e-09,2.440407580875466404e-19,1.010676120392613252e-27,1.232280478615453304e-39
2.916910000000000309e+02,3.788029459724963632e-01,3.818870229943965855e-01,3.244262991033946553e-01,2.246071683790367562e-02,7.053098270260235902e-09,2.125499597979523947e-19,8.702988544376994629e-28,1.038424455365953681e-39
2.916986666666666679e+02,3.881851894031493888e-01,3.852380537392193771e-01,3.285574719072656413e-01,2.168057540762529170e-02,6.424328439963322773e-09,1.850808760121229636e-19,7.492836409250909715e-28,8.749220024781640057e-40
2.917063333333333617e+02,3.857239343587400837e-01,3.885589629762403741e-01,3.326354919971316049e-01,2.092346512887214086e-02,5.850236585285389554e-09,1.611253683288390483e-19,6.449789208656211677e-28,7.370430599253735031e-40
2.917139999999999986e+02,3.952826056295232759e-01,3.918459673632767037e-01,3.366570912515384206e-01,2.018887078554388453e-02,5.326194423067784209e-09,1.402387904665994244e-19,5.550936042583698816e-28,6.207910916048343184e-40
2.917216666666666924e+02,3.951644752211002087e-01,3.950953027967359921e-01,3.406190156402804092e-01,1.947628230850148578e-02,4.847954042413190456e-09,1.220321461397305400e-19,4.776484329179105438e-28,5.227898933365757502e-40
2.917293333333333294e+02,4.023885908993354299e-01,3.983032289520819225e-01,3.445180295561631190e-01,1.878519498430115606e-02,4.411617647489705145e-09,1.061652039450491518e-19,4.109338553170817223e-28,4.401877801884975179e-40
2.917370000000000232e+02,4.098802471621776911e-01,4.014660338344581136e-01,3.483509201694620638e-01,1.811510965138649065e-02,4.013609620836211482e-09,9.234045392510729960e-20,3.534735484276425817e-28,3.705764983415248236e-40
2.917446666666667170e+02,4.014213405768590759e-01,4.045800383308449932e-01,3.521145017960763401e-01,1.746553288411796870e-02,3.650650736543393777e-09,8.029780420019005312e-20,3.039928355450823248e-28,3.119226101744371143e-40
2.917523333333333539e+02,4.052459032941255757e-01,4.076416007563594679e-01,3.558056202718922756e-01,1.683597716473282657e-02,3.319734364457806660e-09,6.980992816135566216e-20,2.613913481268653030e-28,2.625094436446780769e-40
2.917600000000000477e+02,4.045538094367499560e-01,4.106471213863622793e-01,3.594211573247356739e-01,1.622596104352205804e-02,3.018104517860275686e-09,6.067818340623720817e-20,2.247193658076793522e-28,2.208879876933098138e-40
2.917676666666666847e+02,4.044827296180303899e-01,4.135930469659863107e-01,3.629580349352440893e-01,1.563500928750667651e-02,2.743235607484680053e-09,5.272903302468822966e-20,1.931573435847395777e-28,1.858353620091880369e-40
2.917753333333333785e+02,4.191730537912757848e-01,4.164758751894219735e-01,3.664132196788631446e-01,1.506265301774505246e-02,2.492813774404851161e-09,4.581090815346205753e-20,1.659982001769139497e-28,1.563196987063862937e-40
2.917830000000000155e+02,4.221776176605886999e-01,4.192921591400035064e-01,3.697837270396203135e-01,1.450842983566353120e-02,2.264719683527702629e-09,3.979145805447060643e-20,1.426319980574956597e-28,1.314704509683554577e-40
2.917906666666667093e+02,4.159911966170818931e-01,4.220385116835171369e-01,3.730666256879769382e-01,1.397188393852750316e-02,2.057012667766574106e-09,3.455514043046982454e-20,1.225326946982252730e-28,1.105532942199711536e-40
2.917983333333333462e+02,4.272505770178360307e-01,4.247116098057660549e-01,3.762590417133976906e-01,1.345256622445221636e-02,1.867916120990841586e-09,3.000111039192822616e-20,1.052466871715666052e-28,9.294891304622021317e-41
2.918060000000000400e+02,4.258963865545672967e-01,4.273081988868090431e-01,3.793581628039167097e-01,1.295003438708823736e-02,1.695804045091687598e-09,2.604137150502127226e-20,9.038290922582492020e-29,7.813507528162002195e-41
2.918136666666666770e+02,4.258415337002254830e-01,4.298250969030129598e-01,3.823612423634437096e-01,1.246385300038063519e-02,1.539188663463374581e-09,2.259915677482127596e-20,7.760427205657095806e-29,6.567148644078615741e-41
2.918213333333333708e+02,4.365002790817661404e-01,4.322591985494149691e-01,3.852656035591535133e-01,1.199359359355246096e-02,1.396709019487646196e-09,1.960751130929955560e-20,6.662026784479195475e-29,5.518699540020384941e-41
2.918290000000000077e+02,4.400495069757202615e-01,4.346074792737265602e-01,3.880686432898967086e-01,1.153883471670936675e-02,1.267120484638313678e-09,1.700805184021756489e-20,5.718057930949581317e-29,4.636878813327019649e-41
2.918366666666667015e+02,4.369932189543591639e-01,4.368669992146387848e-01,3.907678360681249297e-01,1.109916199722874898e-02,1.149285106274648597e-09,1.474988129298536783e-20,4.906955948268199801e-29,3.895326211417224559e-41
2.918443333333333385e+02,4.442363814562552138e-01,4.390349070360415329e-01,3.933607378065523408e-01,1.067416818732647675e-02,1.042162730408829271e-09,1.278863925483126923e-20,4.210146410547265219e-29,3.271832129725584295e-41
2.918520000000000323e+02,4.419696639306551766e-01,4.411084436500601891e-01,3.958449895022821408e-01,1.026345320297517363e-02,9.448028394522667652e-10,1.108567152572727033e-20,3.611633480852200430e-29,2.747687162261707047e-41
2.918596666666666692e+02,4.372526743332164068e-01,4.430849458208918623e-01,3.982183208099932537e-01,9.866624154561555449e-03,8.563370494533878352e-10,9.607303992763007222e-21,3.097644491585955259e-29,2.307133091651939207e-41
2.918673333333333630e+02,4.381148902866099371e-01,4.449618496426699377e-01,4.004785534972325478e-01,9.483295369465171223e-03,7.759722154195995690e-10,8.324207874768500576e-21,2.656323155863538801e-29,1.936899576569660137e-41
2.918750000000000000e+02,4.430791727072846409e-01,4.467366938837923351e-01,4.026236047738692703e-01,9.113088406938956582e-03,7.029840972062013587e-10,7.210844973548511009e-21,2.277464805897783590e-29,1.625813225431831766e-41
2.918826666666666938e+02,4.403316599825873312e-01,4.484071231913441258e-01,4.046514904891524989e-01,8.755632065480056445e-03,6.367115419778454044e-10,6.244982963624727710e-21,1.952287944080928481e-29,1.364467802291598727e-41
2.918903333333333308e+02,4.535993303526504317e-01,4.499708911485871266e-01,4.065603281889726417e-01,8.410562383063334424e-03,5.765511426005308908e-10,5.407271979950326275e-21,1.673237163637009189e-29,1.144946051996384441e-41
2.918980000000000246e+02,4.574720914856805765e-01,4.514258631796227439e-01,4.083483400272406860e-01,8.077522630429784939e-03,5.219523343597147481e-10,4.680874840266000445e-21,1.433813163284758165e-29,9.605851045113087080e-42
2.919056666666666615e+02,4.485399118535172702e-01,4.527700192948111990e-01,4.100138555246052863e-01,7.756163297793058388e-03,4.724128952856335282e-10,4.051144185819830424e-21,1.228426158788844911e-29,8.057786645172250168e-42
2.919133333333333553e+02,4.488394255490831819e-01,4.540014566716018551e-01,4.115553141689686223e-01,7.446142075158387538e-03,4.274748179823203076e-10,3.505340654826141756e-21,1.052269494801220917e-29,6.758102462019824469e-42
2.919210000000000491e+02,4.499159144304034630e-01,4.551183920650451187e-01,4.129712678517200031e-01,7.147123826604595553e-03,3.867205233371902585e-10,3.032386932941736127e-21,9.012106939188772608e-30,5.667126045195245409e-42
2.919286666666666861e+02,4.523241777783999495e-01,4.561191640431990768e-01,4.142603831346904908e-01,6.858780558739198223e-03,3.497693887392304335e-10,2.622653164949591587e-21,7.716975548815898775e-30,4.751492676822036115e-42
2.919363333333333799e+02,4.581013100065753907e-01,4.570022350426072855e-01,4.154214433427124153e-01,6.580791383620253517e-03,3.162745655553397522e-10,2.267769773729330767e-21,6.606772364693554374e-30,3.983147127404123493e-42
2.919440000000000168e+02,4.608326418060551544e-01,4.577661932394652133e-01,4.164533504771160688e-01,6.312842476429047188e-03,2.859200625636338158e-10,1.960464225231798185e-21,5.655265444443600109e-30,3.338502645309152258e-42
2.919516666666667106e+02,4.541041672633143178e-01,4.584097542326930341e-01,4.173551269461726609e-01,6.054627028102309468e-03,2.584180738417357248e-10,1.694418710132842830e-21,4.839918817401788790e-30,2.797732532804569344e-42
2.919593333333333476e+02,4.580669847362732194e-01,4.589317625351555519e-01,4.181259171084040216e-01,5.805845193244940465e-03,2.335065312953539860e-10,1.464146091759208316e-21,4.141375321947414416e-30,2.344173506470956568e-42
2.919670000000000414e+02,4.675274210072727366e-01,4.593311928700500868e-01,4.187649886255910281e-01,5.566204033512232863e-03,2.109468635460636798e-10,1.264881801704877346e-21,3.543011296887158089e-30,1.963823287388592135e-42
2.919746666666666783e+02,4.620680822242539398e-01,4.596071512695676375e-01,4.192717336222737678e-01,5.335417456771879285e-03,1.905219443436401035e-10,1.092489655595657635e-21,3.030553215931755041e-30,1.644917610095534640e-42
2.919823333333333721e+02,4.609836859969847489e-01,4.597588759736206399e-01,4.196456696493559013e-01,5.113206152230535817e-03,1.720342149807081152e-10,9.433798161778041758e-22,2.591747710882402390e-30,1.377574155803906144e-42
2.919900000000000091e+02,4.614882123181509033e-01,4.597857381266480248e-01,4.198864404495227243e-01,4.899297521821357332e-03,1.553039664237893895e-10,8.144373542026113761e-22,2.216077602035604216e-30,1.153492871704377035e-42
2.919976666666667029e+02,4.690179892158987118e-01,4.596872422710940320e-01,4.199938165228940812e-01,4.693425608032158677e-03,1.401677679967800152e-10,7.029600529146028830e-22,1.894517567117857777e-30,9.657037894118381564e-43
2.920053333333333399e+02,4.519594801834173059e-01,4.594630266364994053e-01,4.199676954915659288e-01,4.495331018456396113e-03,1.264770305082811772e-10,6.066042730998975856e-22,1.619323955374863379e-30,8.083548496335351699e-43
2.920130000000000337e+02,4.616983242480083849e-01,4.591128632236236573e-01,4.198081022622864866e-01,4.304760847240481254e-03,1.140966926720821044e-10,5.233378452988795337e-22,1.383854008997911967e-30,6.765334163517494020e-43
2.920206666666666706e+02,4.539129235647952898e-01,4.586366576834799424e-01,4.195151889868806161e-01,4.121468593695267087e-03,1.029040205699414867e-10,4.513990868354683139e-22,1.182410406799993403e-30,5.661161564744110002e-43
2.920283333333333644e+02,4.521963112490475778e-01,4.580344489915293416e-01,4.190892348205035867e-01,3.945214078238222163e-03,9.278751072254007505e-11,3.892611558462715910e-22,1.010107608268101899e-30,4.736427981805681123e-43
2.920360000000000014e+02,4.580038190497068284e-01,4.573064089178656699e-01,4.185306454783002117e-01,3.775763355919612048e-03,8.364588810075267423e-11,3.356010547362422898e-22,8.627569624903589947e-31,3.962099875611426138e-43
2.920436666666666952e+02,4.584954198716422180e-01,4.564528412944635072e-01,4.178399525913847889e-01,3.612888627691572194e-03,7.538719110488226052e-11,2.892726830539077530e-22,7.367679659662942369e-31,3.313820587524367537e-43
2.920513333333333321e+02,4.503491238963467369e-01,4.554741810812615865e-01,4.170178128636748971e-01,3.456368149658717304e-03,6.792793619122080508e-11,2.492834163827967787e-22,6.290634154410223709e-31,2.771160350685215651e-43
2.920590000000000259e+02,4.593204081103017256e-01,4.543709932329713652e-01,4.160650070313178794e-01,3.305986140461195967e-03,6.119235541680794185e-11,2.147737547290238729e-22,5.370065141352278467e-31,2.316986020297201870e-43
2.920666666666666629e+02,4.472518288158528477e-01,4.531439713693079518e-01,4.149824386271821486e-01,3.161532687014068348e-03,5.511170072685815415e-11,1.849996423649597218e-22,4.583382591622265535e-31,1.936931501363833774e-43
2.920743333333333567e+02,4.550204920425477417e-01,4.517939362513240242e-01,4.137711325529550566e-01,3.022803648745361806e-03,4.962360931177533449e-11,1.593171121236497796e-22,3.911236701299306202e-31,1.618952860068491199e-43
2.920819999999999936e+02,4.618119888118456529e-01,4.503218340674461917e-01,4.124322334622323449e-01,2.889600560542268833e-03,4.467152483033424526e-11,1.371689517381506521e-22,3.337056192137595839e-31,1.352954639837906971e-43
2.920896666666666874e+02,4.479131317910057808e-01,4.487287345326570476e-01,4.109670039579139122e-01,2.761730534538972114e-03,4.020416972187158008e-11,1.180731287228468673e-22,2.846651955451180491e-31,1.130476038287417396e-43
2.920973333333333812e+02,4.517304855179606338e-01,4.470158288052679119e-01,4.093768226081526129e-01,2.639006160940179316e-03,3.617506422826465041e-11,1.016127442733765975e-22,2.427876855402150017e-31,9.444274001111425099e-44
2.921050000000000182e+02,4.558989009985121577e-01,4.451844272255441881e-01,4.076631817849908912e-01,2.521245408011203899e-03,3.254208810788025732e-11,8.742731628804432867e-23,2.070333789299725422e-31,7.888689956994104755e-44
2.921126666666667120e+02,4.404595147980168712e-01,4.432359568811661266e-01,4.058276853305032295e-01,2.408271521395778138e-03,2.926708135965753045e-11,7.520521747324092185e-23,1.765125206770572969e-31,6.588253309282528170e-44
2.921203333333333489e+02,4.377698719761063395e-01,4.411719590049325568e-01,4.038720460557029823e-01,2.299912922914085743e-03,2.631548058290803931e-11,6.467711704023917364e-23,1.504638240561970561e-31,5.501293074652200462e-44
2.921280000000000427e+02,4.424687646658219120e-01,4.389940862099552810e-01,4.017980830773407175e-01,2.196003108958605350e-03,2.365598788045950881e-11,5.561029415569672261e-23,1.282360420546898528e-31,4.592914568909752310e-44
2.921356666666666797e+02,4.408703055956071926e-01,4.367040995687194727e-01,3.996077189988123113e-01,2.096380548646899298e-03,2.126026947412684376e-11,4.780370844864229666e-23,1.092721647661916822e-31,3.833902328041122026e-44
2.921433333333333735e+02,4.327583137709136163e-01,4.343038655417649219e-01,3.973029769408291112e-01,2.000888581833136504e-03,1.910268143890469603e-11,4.108372780388123563e-23,9.309587112611640583e-32,3.199799852257025383e-44
2.921510000000000105e+02,4.241878687147446203e-01,4.317953527630432609e-01,3.948859774287582503e-01,1.909375317125007509e-03,1.716002018302915294e-11,3.530042668630525887e-23,7.929991557947208685e-32,2.670137802939806356e-44
2.921586666666667043e+02,4.312743030428115576e-01,4.291806286882250410e-01,3.923589351428148908e-01,1.821693529998858916e-03,1.541129550131676471e-11,3.032437956827173488e-23,6.753617520463494803e-32,2.227786812847370287e-44
2.921663333333333412e+02,4.242575982445276894e-01,4.264618561136055419e-01,3.897241555386212752e-01,1.737700561146709186e-03,1.383752421522250121e-11,2.604388390348187357e-23,5.750712148928048151e-32,1.858414880927671296e-44
2.921740000000000350e+02,4.274981336900713913e-01,4.236412895723337124e-01,3.869840313447729940e-01,1.657258215139108129e-03,1.242154258179787879e-11,2.236255567850439342e-23,4.895851420381888548e-32,1.550032527199609102e-44
2.921816666666666720e+02,4.230558473746026671e-01,4.207212716161268240e-01,3.841410389454539276e-01,1.580232659525037872e-03,1.114783581031916325e-11,1.919724805281096428e-23,4.167314342326019798e-32,1.292611577511971937e-44
2.921893333333333658e+02,4.121497559461756999e-01,4.177042289895689375e-01,3.811977346551224111e-01,1.506494324444121891e-03,1.000238316735994767e-11,1.647625010220305259e-23,3.546547033303111953e-32,1.077765712509820672e-44
2.921970000000000027e+02,4.113402088361501896e-01,4.145926687055861981e-01,3.781567508937533351e-01,1.435917802860349262e-03,8.972517282727720669e-12,1.413772834248496492e-23,3.017703859703332913e-32,8.984828187320788126e-45
2.922046666666666965e+02,4.186725758398843200e-01,4.113891740294913779e-01,3.750207922699604346e-01,1.368381751484133496e-03,8.046796388046084544e-12,1.212837863124248148e-23,2.567254623020672233e-32,7.489007791334447869e-45
2.922123333333333335e+02,4.062508586489700924e-01,4.080964003805348517e-01,3.717926315808395277e-01,1.303768792480465653e-03,7.214888330305376919e-12,1.040226032731413081e-23,2.183648353273405733e-32,6.241196843208847889e-45
2.922200000000000273e+02,4.061172315483261297e-01,4.047170711585642566e-01,3.684751057360749482e-01,1.241965416021834426e-03,6.467465302912942598e-12,8.919788307135352297e-24,1.857025605284853477e-32,5.200445746157935958e-45
2.922276666666666642e+02,3.963253895020756867e-01,4.012539735049859280e-01,3.650711116154171099e-01,1.182861883772728289e-03,5.796108329484030051e-12,7.646861671871110011e-24,1.578972306862037580e-32,4.332537713103368946e-45
2.922353333333333580e+02,3.938593610121151611e-01,3.977099540057572602e-01,3.615836018672073937e-01,1.126352133356585275e-03,5.193220619641138590e-12,6.554110787972230044e-24,1.342309197146846281e-32,3.608886516561217519e-45
2.922429999999999950e+02,3.848701968249767513e-01,3.940879143457665101e-01,3.580155806572329347e-01,1.072333683881630762e-03,4.651948993751798763e-12,5.616246745117284750e-24,1.140911743159584962e-32,3.005613907098832882e-45
2.922506666666666888e+02,3.970135801747077253e-01,3.903908069223721578e-01,3.543700993756370154e-01,1.020707542569020783e-03,4.166112643907491087e-12,4.811499434306493285e-24,9.695561517499764799e-33,2.502777543252430119e-45
2.922583333333333826e+02,3.859510105216916731e-01,3.866216304275048588e-01,3.506502523112251524e-01,9.713781125495504721e-04,3.730138563424276668e-12,4.121132289581164372e-24,8.237877202951910477e-33,2.083724986580019318e-45
2.922660000000000196e+02,3.861967675157387814e-01,3.827834254062564279e-01,3.468591723010496786e-01,9.242531018677591168e-04,3.339003036036072419e-12,3.529023333640649700e-24,6.998083065890242237e-33,1.734553268105022580e-45
2.922736666666667134e+02,3.718572860430055527e-01,3.788792698007557025e-01,3.430000263640245461e-01,8.792434337430243916e-04,2.988178630169438894e-12,3.021303553984071194e-24,5.943801593374610574e-33,1.443656849229556491e-45
2.922813333333333503e+02,3.720235324562857215e-01,3.749122744881198122e-01,3.390760113273141862e-01,8.362631581320294563e-04,2.673586193061713175e-12,2.586044838650640921e-24,5.047437460363391447e-33,1.201349582460131326e-45
2.922890000000000441e+02,3.740928375718578502e-01,3.708855788201729231e-01,3.350903494531596305e-01,7.952293646217701130e-04,2.391551384530517563e-12,2.212990743520508583e-24,4.285475540770986244e-33,9.995486109015618525e-46
2.922966666666666811e+02,3.651312549476957714e-01,3.668023461741495295e-01,3.310462840753133906e-01,7.560620966973811670e-04,2.138765331569740561e-12,1.893324267790621004e-24,3.637881317407470996e-33,8.315101026521066480e-46
2.923043333333333749e+02,3.616726183559749730e-01,3.626657595216360441e-01,3.269470752523186974e-01,7.186842674050991815e-04,1.912249022427046524e-12,1.619467598101890949e-24,3.087588849771258135e-33,6.916083570341037280e-46
2.923120000000000118e+02,3.619705761936209409e-01,3.584790170247715846e-01,3.227959954466149695e-01,6.830215764472946476e-04,1.709321093312972832e-12,1.384909461564435309e-24,2.620063595820086865e-33,5.751511953368658054e-46
2.923196666666667056e+02,3.415093394394039805e-01,3.542453276666446271e-01,3.185963252363928633e-01,6.490024287242104071e-04,1.527568692109596212e-12,1.184056316613843597e-24,2.222929214675200009e-33,4.782257016924264933e-46
2.923273333333333426e+02,3.527264234717932823e-01,3.499679069246021124e-01,3.143513490688852330e-01,6.165578543521140105e-04,1.364821132156520967e-12,1.012104120888876037e-24,1.885649046510087985e-33,3.975693460687064800e-46
2.923350000000000364e+02,3.533401860714155962e-01,3.456499724930215400e-01,3.100643510616351017e-01,5.856214301672585127e-04,1.219126075166163371e-12,8.649278569950954522e-25,1.599254309733631234e-33,3.304623309551522649e-46
2.923426666666666733e+02,3.370141361732982843e-01,3.412947400638869366e-01,3.057386108600594343e-01,5.561292027387185416e-04,1.088728006186941824e-12,7.389863796577885269e-25,1.356112207009999581e-33,2.746376816586128125e-46
2.923503333333333671e+02,3.312531389419223204e-01,3.369054191712719248e-01,3.013773995574051678e-01,5.280196128946533377e-04,9.720487851189460562e-13,6.312404788152702890e-25,1.149728117313663406e-33,2.282061682293169024e-46
2.923580000000000041e+02,3.242742945954691924e-01,3.324852091076279104e-01,2.969839756849813051e-01,5.012334217789586729e-04,8.676700791040541054e-13,5.390823398590911724e-25,9.745768954062551360e-34,1.895936228778171210e-46
2.923656666666666979e+02,3.321761527939261494e-01,3.280372949174741315e-01,2.925615812782613734e-01,4.757136384384276712e-04,7.743174980303441696e-13,4.602748301135094639e-25,8.259590224959660782e-34,1.574886151188488463e-46
2.923733333333333348e+02,3.254472335002164263e-01,3.235648434758893188e-01,2.881134380262466710e-01,4.514054489518163618e-04,6.908462718267473583e-13,3.928992551835654992e-25,6.998779702939739761e-34,1.307987804415772331e-46
2.923810000000000286e+02,3.194948926350527629e-01,3.190709996568458218e-01,2.836427435091327109e-01,4.282561470969120307e-04,6.162283230795954300e-13,3.353104142334337543e-25,5.929356696929683163e-34,1.086143774714833304e-46
2.923886666666666656e+02,3.173683638615509284e-01,3.145588825982340575e-01,2.791526675311226113e-01,4.062150665619314489e-04,5.495406021185369196e-13,2.860979436609933197e-25,5.022434280260650909e-34,9.017788225755687126e-47
2.923963333333333594e+02,3.071266528151735953e-01,3.100315820680191736e-01,2.746463485528355397e-01,3.852335146937110617e-04,4.899545640218585998e-13,2.440530772116264954e-25,4.253460259727241645e-34,7.485862381375748066e-47
2.924039999999999964e+02,2.957536519320357327e-01,3.054921549377855872e-01,2.701268902295644314e-01,3.652647077844568217e-04,4.367266782576292518e-13,2.081400703867954868e-25,3.601570563425721835e-34,6.213162862207516906e-47
2.924116666666666902e+02,2.828883519554907244e-01,3.009436217674761327e-01,2.655973580592006500e-01,3.462637078862620065e-04,3.891898718533661345e-13,1.774716404620844294e-25,3.049038500215099237e-34,5.155997861369488224e-47
2.924193333333333840e+02,3.017414565944380733e-01,2.963889635069182349e-01,2.610607761454206144e-01,3.281873611509253754e-04,3.467458162983152944e-13,1.512878628343024823e-25,2.580805764166216918e-34,4.278010157891982118e-47
2.924270000000000209e+02,3.020589231454590684e-01,2.918311183175227308e-01,2.565201240795315640e-01,3.109942376823060040e-04,3.088579767924530820e-13,1.289380415833839805e-25,2.184083125492514344e-34,3.548950863201684065e-47
2.924346666666667147e+02,2.887082302588997451e-01,2.872729785183768536e-01,2.519783339452094650e-01,2.946445728923758928e-04,2.750453501349991333e-13,1.098651387787844756e-25,1.848010517200410978e-34,2.943657335559931772e-47
2.924423333333333517e+02,2.744751569965967475e-01,2.827173876606265956e-01,2.474382874500315466e-01,2.791002103501457297e-04,2.448768245021933748e-13,9.359240456776298585e-26,1.563367736772912731e-34,2.441201411584287066e-47
2.924500000000000455e+02,2.772854484429255750e-01,2.781671377325077854e-01,2.429028131861827033e-01,2.643245461071104595e-04,2.179661006752693268e-13,7.971189970292141541e-26,1.322328272065900680e-34,2.024179692403482570e-47
2.924576666666666824e+02,2.750954633741770627e-01,2.736249664989435226e-01,2.383746840242611797e-01,2.502824744884063024e-04,1.939671200303228479e-13,6.787464498400114345e-26,1.118249862399923013e-34,1.678122292166171242e-47
2.924653333333333762e+02,2.734924375556053167e-01,2.690935549771451551e-01,2.338566146416423130e-01,2.369403353302790792e-04,1.725699497924134739e-13,5.778216900189524312e-26,9.454963463590578456e-35,1.391000357974248916e-47
2.924730000000000132e+02,2.645824660163117459e-01,2.645755250514742474e-01,2.293512591886701923e-01,2.242658626505701939e-04,1.534970807925611277e-13,4.917925741540111685e-26,7.992861509990088358e-35,1.152815929695701814e-47
2.924806666666667070e+02,2.578936981773581327e-01,2.600734372283196594e-01,2.248612090934520580e-01,2.122281347310856782e-04,1.365000972372732301e-13,4.184773442798029747e-26,6.755634625069120031e-35,9.552604299562814143e-48
2.924883333333333439e+02,2.399246235388182158e-01,2.555897885335532971e-01,2.203889910078356829e-01,2.007975255962853890e-04,1.213566818945838775e-13,3.560113078808593525e-26,5.708887033960432708e-35,7.914303478034005775e-48
2.924960000000000377e+02,2.400482403316954449e-01,2.511270105526450802e-01,2.159370648946715432e-01,1.899456578657125738e-04,1.078679236110088571e-13,3.028011300998770648e-26,4.823454403287755383e-35,6.555905771915267600e-48
2.925036666666666747e+02,2.479090848854598461e-01,2.466874676153177071e-01,2.115078222582591483e-01,1.796453569626813972e-04,9.585589727226542861e-14,2.574856606939922972e-26,4.074612724760675813e-35,5.429774557555134504e-48
2.925113333333333685e+02,2.446173613733007013e-01,2.422734551241605416e-01,2.071035845174199197e-01,1.698706066554650106e-04,8.516148920257955961e-14,2.189023694178168645e-26,3.441406133829505812e-35,4.496348714748375884e-48
2.925190000000000055e+02,2.388591707887901261e-01,2.378871980284209542e-01,2.027266015224334361e-01,1.605965059118844799e-04,7.564244362130594216e-14,1.860585936926018110e-26,2.906075889958735730e-35,3.722779082818737442e-48
2.925266666666666993e+02,2.371696223133011594e-01,2.335308494417535075e-01,1.983790502146436929e-01,1.517992270426335151e-04,6.717160813893412592e-14,1.581069144280045279e-26,2.453575384554153638e-35,3.081794222012400708e-48
2.925343333333333362e+02,2.215114181493619550e-01,2.292064894045013623e-01,1.940630334293287906e-01,1.434559751129107607e-04,5.963535842466191381e-14,1.343240722918643940e-26,2.071158293140926440e-35,2.550757076192723005e-48
2.925420000000000300e+02,2.294435042393461188e-01,2.249161237886876108e-01,1.897805788400376836e-01,1.355449485970008103e-04,5.293218411355287908e-14,1.140929196509074098e-26,1.748028905832953732e-35,2.110880537668283356e-48
2.925496666666666670e+02,2.163615470819608144e-01,2.206616833456731819e-01,1.855336380443718680e-01,1.280453012543434905e-04,4.697141978117896917e-14,9.688697476340632952e-27,1.475045304417765105e-35,1.746575256792150880e-48
2.925573333333333608e+02,2.143113169872710166e-01,2.164450228940896503e-01,1.813240857888467616e-01,1.209371052012361207e-04,4.167210639749028644e-14,8.225720614220210521e-27,1.244467446237885160e-35,1.444907492267472938e-48
2.925649999999999977e+02,2.051528249773774681e-01,2.122679206474230862e-01,1.771537193322302028e-01,1.142013151559218264e-04,3.696197011050745346e-14,6.982072776045614842e-27,1.049743400903832826e-35,1.195148510994689137e-48
2.925726666666666915e+02,2.012199661087692992e-01,2.081320776783278370e-01,1.730242579444641327e-01,1.078197338309159066e-04,3.277650650481588975e-14,5.925113109634978839e-27,8.853279954386809504e-36,9.884001405779703974e-49
2.925803333333333285e+02,1.990433146768059991e-01,2.040391175185034545e-01,1.689373425400246542e-01,1.017749784497480814e-04,2.905815965489106984e-14,5.027021897492157959e-27,7.465289832648341247e-36,8.172836565597524209e-49
2.925880000000000223e+02,2.058090815933190376e-01,1.999905858907306822e-01,1.648945354423430598e-01,9.605044836187069212e-05,2.575558634991512483e-14,4.264093962354246395e-27,6.293765841563588139e-36,6.756813349922626939e-49
2.925956666666667161e+02,2.046241988123655431e-01,1.959879505713708059e-01,1.608973202776154965e-01,9.063029373249599963e-05,2.282299682525604855e-14,3.616134810511773248e-27,5.305128652144642718e-36,5.585217910570814822e-49
2.926033333333333530e+02,1.926753051141750772e-01,1.920326013796942455e-01,1.569471019943926016e-01,8.549938528143402421e-05,2.021956419751722199e-14,3.065944696841399012e-27,4.470979628549195742e-36,4.616017152918487724e-49
2.926110000000000468e+02,1.930852446491569674e-01,1.881258502912724062e-01,1.530452070062078007e-01,8.064328504668999409e-05,1.790889558050484848e-14,2.598877914401667038e-27,3.767305967482102574e-36,3.814378606657905958e-49
2.926186666666666838e+02,1.701036071160448582e-01,1.842689316724414328e-01,1.491928834542771420e-01,7.604821814843165217e-05,1.585855856246731605e-14,2.202466429674423849e-27,3.173807101883778997e-36,3.151441675653293491e-49
2.926263333333333776e+02,1.896752201974983287e-01,1.804630026316523250e-01,1.453913015861104940e-01,7.170104552777098949e-05,1.403965735874821296e-14,1.866098544589312559e-27,2.673323975350371211e-36,2.603297744042442151e-49
2.926340000000000146e+02,1.789627168485839470e-01,1.767091434849728526e-01,1.416415542473234701e-01,6.758923763694891628e-05,1.242645352704168637e-14,1.580744605008846321e-27,2.251355567521987376e-36,2.150143779963089811e-49
2.926416666666667084e+02,1.764786826445155776e-01,1.730083583310410289e-01,1.379446574819745974e-01,6.370084905543623192e-05,1.099602664718163934e-14,1.338722922932954208e-27,1.895649408171550480e-36,1.775580039879167036e-49
2.926493333333333453e+02,1.726826358529010286e-01,1.693615757324395121e-01,1.343015512384210242e-01,6.002449400876470182e-05,9.727970833187740407e-15,1.133500063974155929e-27,1.595854822022981680e-36,1.466027437588624301e-49
2.926570000000000391e+02,1.590617204312207988e-01,1.657696494985411162e-01,1.307131001757674271e-01,5.654932276508916830e-05,8.604123363336662385e-15,9.595204950825053690e-28,1.343229349119868671e-36,1.210244268834451777e-49
2.926646666666666761e+02,1.505458913026934131e-01,1.622333595665238770e-01,1.271800945676296868e-01,5.326499888659327577e-05,7.608322092079359409e-15,8.120613105640685091e-28,1.130390232690594571e-36,9.989254155417752185e-50
2.926723333333333699e+02,1.595032865965654023e-01,1.587534129754090140e-01,1.237032512980909688e-01,5.016167731130773713e-05,6.726188646774210489e-15,6.871083737227143936e-28,9.511040954276353879e-37,8.243700085264307497e-50
2.926800000000000068e+02,1.598938805806693064e-01,1.553304449296023237e-01,1.202832149463535089e-01,4.722998324286949298e-05,5.944934718704034935e-15,5.812507421026623984e-28,8.001089691424237660e-37,6.802059016243169189e-50
2.926876666666667006e+02,1.514272951702256564e-01,1.519650199466525964e-01,1.169205589548229091e-01,4.446099182442731374e-05,5.253189032679489767e-15,4.915906985765409309e-28,6.729637290763231513e-37,5.611612837299551376e-50
2.926953333333333376e+02,1.494074092108640950e-01,1.486576330855398642e-01,1.136157868769605006e-01,4.184620857472530676e-05,4.640842827742539008e-15,4.156670995789815856e-28,5.659207368088454961e-37,4.628753958916978411e-50
2.927030000000000314e+02,1.414936259154417619e-01,1.454087112501203927e-01,1.103693336995530405e-01,3.937755056327549752e-05,4.098911903950980491e-15,3.513900846821236924e-28,4.758181344187925081e-37,3.817416839930993307e-50
2.927106666666666683e+02,1.420164549698198220e-01,1.422186145639270927e-01,1.071815672356202370e-01,3.704732830322493727e-05,3.619413491009303688e-15,2.969854766753409024e-28,3.999887747395846336e-37,3.147778505817999039e-50
2.927183333333333621e+02,1.355186190956243486e-01,1.390876378109159039e-01,1.040527895825731214e-01,3.484822833958727836e-05,3.195256374390076848e-15,2.509474450268206449e-28,3.361832324800694041e-37,2.595182106354373698e-50
2.927259999999999991e+02,1.342315981492300248e-01,1.360160119382919919e-01,1.009832386417770789e-01,3.277329651208318303e-05,2.820142876828439539e-15,2.119982141269504424e-28,2.825047312520848738e-37,2.139245379902577346e-50
2.927336666666666929e+02,1.353730377192325085e-01,1.330039056160205735e-01,9.797308969414703084e-02,3.081592187105716143e-05,2.488481438354610782e-15,1.790537759649811153e-28,2.373541524826304916e-37,1.763122385058935889e-50
2.927413333333333298e+02,1.252188759676251539e-01,1.300514268491377301e-01,9.502245702790912407e-02,2.896982122640396075e-05,2.195308668975783245e-15,1.511947193270014592e-28,1.993835728941905995e-37,1.452892253096016045e-50
2.927490000000000236e+02,1.328702291905078658e-01,1.271586246375271401e-01,9.213139561321637139e-02,2.722902430880569030e-05,1.936219865328668798e-15,1.276414178483086227e-28,1.674570151759506852e-37,1.197053191407244298e-50
2.927566666666666606e+02,1.227117944272127087e-01,1.243254906793053588e-01,8.929990281977971678e-02,2.558785952393776296e-05,1.707307088197403981e-15,1.077329305808609604e-28,1.406172982150653803e-37,9.861036847633318482e-51
2.927643333333333544e+02,1.297724765020092375e-01,1.215519611125856769e-01,8.652792017230437338e-02,2.404094027980353926e-05,1.505103992247626646e-15,9.090906381164551508e-29,1.180580442018422154e-37,8.121959255069857135e-51
2.927720000000000482e+02,1.176005493687207193e-01,1.188379182918107291e-01,8.381533513994078588e-02,2.258315186860183167e-05,1.326536684350194033e-15,7.669512409351830945e-29,9.910004480949026144e-38,6.688490635250924962e-51
2.927796666666666852e+02,1.139117147432250621e-01,1.161831925937090865e-01,8.116198295482368597e-02,2.120963888422895406e-05,1.168879962912602239e-15,6.468896178540534661e-29,8.317131136981325515e-38,5.507119903722330334e-51
2.927873333333333790e+02,1.153757889427971250e-01,1.135875642487553794e-01,7.856764845559696675e-02,1.991579315738559695e-05,1.029718358999024846e-15,5.454996360173734034e-29,6.979023793544618247e-38,4.533671336362269988e-51
2.927950000000000159e+02,1.168725658597275230e-01,1.110507651940590840e-01,7.603206795186755185e-02,1.869724219062136923e-05,9.069114612360138038e-16,4.598970319079363458e-29,5.855139415954220144e-38,3.731681987343436616e-51
2.928026666666667097e+02,1.054037393428457065e-01,1.085724809430261839e-01,7.355493110494963627e-02,1.754983807574305482e-05,7.985630613493400157e-16,3.876400186614763000e-29,4.911353946777150515e-38,3.071060069557089089e-51
2.928103333333333467e+02,1.100138906607285028e-01,1.061523524683137126e-01,7.113588282143602781e-02,1.646964687697038301e-05,7.029937064142814015e-16,3.266618839135468403e-29,4.118951311165934455e-38,2.526975832101321007e-51
2.928180000000000405e+02,1.022033200204262582e-01,1.037899780935018917e-01,6.877452515503820751e-02,1.545293846305562230e-05,6.187162878959430950e-16,2.752137807341823833e-29,3.453770810115092626e-38,2.078944796987941467e-51
2.928256666666666774e+02,9.898623547761080388e-02,1.014849153902111362e-01,6.647041921343802007e-02,1.449617677256781047e-05,5.444143370667460668e-16,2.318161816239815759e-29,2.895488222074081996e-38,1.710070120136853733e-51
2.928333333333333712e+02,9.997619537169893933e-02,9.923668307634238295e-02,6.422308706584546611e-02,1.359601049642694939e-05,4.789227316649076067e-16,1.952176934308501095e-29,2.427009757294388010e-38,1.406416561583375097e-51
2.928410000000000082e+02,9.228356877529558799e-02,9.704476291237673635e-02,6.203201364821361863e-02,1.274926416268855591e-05,4.212105503205512569e-16,1.643601253068500078e-29,2.033961244724460875e-38,1.156493289548384776e-51
2.928486666666667020e+02,8.412107598844159595e-02,9.490860159168966470e-02,5.989664866208076893e-02,1.195292960852302949e-05,3.703658395324099469e-16,1.383488672880092141e-29,1.704257667039031431e-38,9.508266691035731071e-52
2.928563333333333389e+02,9.790196110409171704e-02,9.282761262204541897e-02,5.781640846421989832e-02,1.120415782518254918e-05,3.255820833240614338e-16,1.164277780591455177e-29,1.427740473235452438e-38,7.816074383807195095e-52
2.928640000000000327e+02,9.066339561405858949e-02,9.080117819451916095e-02,5.579067794335713232e-02,1.050025116174080511e-05,2.861461883171016045e-16,9.795790048902485261e-30,1.195872053998545479e-38,6.423993682912678104e-52
2.928716666666666697e+02,9.026031939334595855e-02,8.882865103726035605e-02,5.381881238138592344e-02,9.838655874181984339e-06,2.514278172256666425e-16,8.239942573410044877e-30,1.001478418539348568e-38,5.278987317584131422e-52
2.928793333333333635e+02,9.330407495269400775e-02,8.690935625065002168e-02,5.190013929564334799e-02,9.216955006444091391e-06,2.208699218464680271e-16,6.929641368663564252e-30,8.385325087028193526e-39,4.337357544333639217e-52
2.928870000000000005e+02,7.810281709344656098e-02,8.504259312152440131e-02,5.003396025993345209e-02,8.632861590760420198e-06,1.939803428066611336e-16,5.826385157772184246e-30,7.019717668540069410e-39,3.563107469608346841e-52
2.928946666666666943e+02,8.315949556326282521e-02,8.322763691333392999e-02,4.821955270117905118e-02,8.084212154703465387e-06,1.703243577581396236e-16,4.897669551496342364e-30,5.875445712940871606e-39,2.926588833505240972e-52
2.929023333333333312e+02,7.623253647194938587e-02,8.146374063017630673e-02,4.645617166965312905e-02,7.568960523022316697e-06,1.495180726230458227e-16,4.116059330732780225e-30,4.916809954265639195e-39,2.403386364013243557e-52
2.929100000000000250e+02,7.904234746094901398e-02,7.975013675189349116e-02,4.474305157999090149e-02,7.085171902452575083e-06,1.312225620001817216e-16,3.458403247344414732e-30,4.113840581821944014e-39,1.973397467167604757e-52
2.929176666666666620e+02,6.507903346648839793e-02,7.808603893844431876e-02,4.307940792120588253e-02,6.631017238316037920e-06,1.151386751362633957e-16,2.905169605820264525e-30,3.441382338765261513e-39,1.620073179002985285e-52
2.929253333333333558e+02,7.678520400946263480e-02,7.647064370106318454e-02,4.146443893323124158e-02,6.204767831836415561e-06,1.010024330311123217e-16,2.439884179109888976e-30,2.878324966181296672e-39,1.329792226477478676e-52
2.929330000000000496e+02,6.407379742359101127e-02,7.490313203868004255e-02,3.989732724847226686e-02,5.804790207688369744e-06,8.858095044146194854e-17,2.048654809013979751e-30,2.406956023228496050e-39,1.091344941186059470e-52
2.929406666666666865e+02,7.886905399112394133e-02,7.338267103751150433e-02,3.837724149628998077e-02,5.429541221445330736e-06,7.766882384198920838e-17,1.719769417106514604e-30,2.012416724227115389e-39,8.955078175527410767e-53
2.929483333333333803e+02,6.969377467885097543e-02,7.190841543233000843e-02,3.690333786893288531e-02,5.077563397060391319e-06,6.808493291754644449e-17,1.443356170204948700e-30,1.682244479967769595e-39,7.346928534084710443e-53
2.929560000000000173e+02,6.668341144733341830e-02,7.047950912803227497e-02,3.547476164754738426e-02,4.747480484833997752e-06,5.966960896326757220e-17,1.211096257764399930e-30,1.405988399905371868e-39,6.026585762468585909e-53
2.929636666666667111e+02,7.642968105076053398e-02,6.909508667989408548e-02,3.409064868666346337e-02,4.437993230559864970e-06,5.228212873916357905e-17,1.015981193031767599e-30,1.174886178748791920e-39,4.942719435252024112e-53
2.929713333333333480e+02,7.421402021727964426e-02,6.775427473165185344e-02,3.275012685630480230e-02,4.147875347008250271e-06,4.579849693803841646e-17,8.521077843745389219e-31,9.815926181972245012e-40,4.053121933558843510e-53
2.929790000000000418e+02,6.265012090492251551e-02,6.645619341001486602e-02,3.145231744033576138e-02,3.875969679059952620e-06,4.010948452595653411e-17,7.145049705198598640e-31,8.199515747125013278e-40,3.323092813488098358e-53
2.929866666666666788e+02,6.595531767300592818e-02,6.519995767501443606e-02,3.019633649046013502e-02,3.621184554261456446e-06,3.511889387326307245e-17,5.989876020796407486e-31,6.848044225796302189e-40,2.724108274005848236e-53
2.929943333333333726e+02,6.543081357601317205e-02,6.398467862508358528e-02,2.898129613477282152e-02,3.382490310727891849e-06,3.074202484461906006e-17,5.020330052101380202e-31,5.718292154292014797e-40,2.232725597349907127e-53
2.930020000000000095e+02,6.194770687060220660e-02,6.280946475651721927e-02,2.780630584052245016e-02,3.158915994744664932e-06,2.690431891524818108e-17,4.206768022580995210e-31,4.774056512389147088e-40,1.829681216322253099e-53
2.930096666666667033e+02,6.214644565673974053e-02,6.167342317648141781e-02,2.667047363026080892e-02,2.949546220576272345e-06,2.354016095457065247e-17,3.524250057931626943e-31,3.985017222281906600e-40,1.499148310993451458e-53
2.930173333333333403e+02,6.000379969111219874e-02,6.057566076945110345e-02,2.557290725126569117e-02,2.753518185384562047e-06,2.059182061250018256e-17,2.951798614776190404e-31,3.325785850756899078e-40,1.228125820064462653e-53
2.930250000000000341e+02,6.039234857690931740e-02,5.951528531650625287e-02,2.451271529767391419e-02,2.570018832316615071e-06,1.800851727976742493e-17,2.471773040785272749e-31,2.775107375080850443e-40,1.005935688635344535e-53
2.930326666666666711e+02,4.429885450607033009e-02,5.849140656757920165e-02,2.348900828542399566e-02,2.398282155186629457e-06,1.574559440725490913e-17,2.069342203849351573e-31,2.315190509577485350e-40,8.238092474020516316e-54
2.930403333333333649e+02,6.012425140002077700e-02,5.750313726632685918e-02,2.250089967968851162e-02,2.237586638333369716e-06,1.376379057819463383e-17,1.732039917367182625e-31,1.931145991873239613e-40,6.745469781361978188e-54
2.930480000000000018e+02,5.561994324865326966e-02,5.654959412791883688e-02,2.154750687509324886e-02,2.087252825571393375e-06,1.202859615931161200e-17,1.449390250929688624e-31,1.610515512227553163e-40,5.522386916723248827e-54
2.930556666666666956e+02,6.114538359226560915e-02,5.562989876963980729e-02,2.062795212862748168e-02,1.946641012308679808e-06,1.050968562690947779e-17,1.212591814747725794e-31,1.342876732452692529e-40,4.520334298162783190e-54
2.930633333333333326e+02,5.397247011974651981e-02,5.474317859477861870e-02,1.974136344572339011e-02,1.815149055214732975e-06,9.180416793726393572e-18,1.014251798244764553e-31,1.119512165813144684e-40,3.699502868952582483e-54
2.930710000000000264e+02,5.982071500520905888e-02,5.388856762990783950e-02,1.888687541961385497e-02,1.692210293973834879e-06,8.017389163679378897e-18,8.481619745023002581e-32,9.331316444104291362e-41,3.027228998896971398e-54
2.930786666666666633e+02,4.418128734749592057e-02,5.306520731618971642e-02,1.806363002460976280e-02,1.577291579945457720e-06,7.000054531938006044e-18,7.091100931222911801e-32,7.776397449779693382e-41,2.476716363969088662e-54
2.930863333333333571e+02,4.535782607495387336e-02,5.227224725499785701e-02,1.727077736359114782e-02,1.469891406700379417e-06,6.110373736409921442e-18,5.927211078203335709e-32,6.479409263665009482e-41,2.025985646699426979e-54
2.930940000000000509e+02,5.369631125772762748e-02,5.150884590863055723e-02,1.650747637049288299e-02,1.369538137664870186e-06,5.332514167545523664e-18,4.953235507535918221e-32,5.397762942349901567e-41,1.657011593051140892e-54
2.931016666666666879e+02,5.029745972479161137e-02,5.077417125660937947e-02,1.577289546828311920e-02,1.275788326252522048e-06,4.652583263903271596e-18,4.138370971491229448e-32,4.495868851135891746e-41,1.355014122526180261e-54
2.931093333333333817e+02,4.781457091390676345e-02,5.006740140834947672e-02,1.506621318322538122e-02,1.188225124086574166e-06,4.058393771837610692e-18,3.456779820897875511e-32,3.743991828002639307e-41,1.107876086935716151e-54
2.931170000000000186e+02,4.395524876031127459e-02,4.938772517303260251e-02,1.438661871625950169e-02,1.106456773095983566e-06,3.539257035674472901e-18,2.886794536127526803e-32,3.117292695828678533e-41,9.056651308073329104e-55
2.931246666666667124e+02,5.046204258862724279e-02,4.873434258739212099e-02,1.373331247221469022e-02,1.030115177425105074e-06,3.085801017102975194e-18,2.410248874117596636e-32,2.595025939648469149e-41,7.402411060251661685e-55
2.931323333333333494e+02,4.526938163219908218e-02,4.810646540246664438e-02,1.310550654791533230e-02,9.588545513056154477e-07,2.689810125934781680e-18,2.011915609793407610e-32,2.159868230333335469e-41,6.049337861371808310e-55
2.931400000000000432e+02,3.758217619056616193e-02,4.750331753010555297e-02,1.250242517996638311e-02,8.923501391660868502e-07,2.344084283492915990e-18,1.679033994778395141e-32,1.797356560120350637e-41,4.942783359369842374e-55
2.931476666666666802e+02,3.750637997001986246e-02,4.692413545037101008e-02,1.192330515336654899e-02,8.302970044529635225e-07,2.042314940623955277e-18,1.400912710794415823e-32,1.495418184533819055e-41,4.037982224995894898e-55
2.931553333333333740e+02,3.535923850979082184e-02,4.636816858071630965e-02,1.136739617183254655e-02,7.724088837559769490e-07,1.778976038129608510e-18,1.168596334622350247e-32,1.243977442988701258e-41,3.298270890873427279e-55
2.931630000000000109e+02,3.221603997278012221e-02,4.583467960814968656e-02,1.083396119104666940e-02,7.184171030130945701e-07,1.549228133002409893e-18,9.745852210696967603e-33,1.034626945719832222e-41,2.693626232990827253e-55
2.931706666666667047e+02,4.572350083289081213e-02,4.532294478534235060e-02,1.032227671578966020e-02,6.680695526830392049e-07,1.348834121972441978e-18,8.126003037630143880e-33,8.603526409002755766e-42,2.199466927573358489e-55
2.931783333333333417e+02,4.589366535124272950e-02,4.483225419193710704e-02,9.831633062218160524e-03,6.211297189402360985e-07,1.174085178232749806e-18,6.773856573590798580e-33,7.153039758149119296e-42,1.795670430839492849e-55
2.931860000000000355e+02,4.984301344504941250e-02,4.436191196207849713e-02,9.361334586310436634e-03,5.773757680534378795e-07,1.021735679995935920e-18,5.645427973542043600e-33,5.946017915346759829e-42,1.465766927663163173e-55
2.931936666666666724e+02,4.911380537997821205e-02,4.391123647945226194e-02,8.910699879770996729e-03,5.365996812621879133e-07,8.889460536526180434e-19,4.703916483800716611e-33,4.941777861447905553e-42,1.196278500438114411e-55
2.932013333333333662e+02,4.075694495523528998e-02,4.347956054090031108e-02,8.479061934462741104e-03,4.986064375651145827e-07,7.732325814909736334e-19,3.918539161555660958e-33,4.106403838095581962e-42,9.761774451188838231e-56
2.932090000000000032e+02,4.587930647715959126e-02,4.306623148991653438e-02,8.065768276674553997e-03,4.632132419739511804e-07,6.724233364761196636e-19,3.263552759013203807e-33,3.411626871872917560e-42,7.964423263827391988e-56
2.932166666666666970e+02,4.637146095938992491e-02,4.267061132111920480e-02,7.670181072322321617e-03,4.302487968807537041e-07,5.846195058587916231e-19,2.717433606177171726e-33,2.833888947749552072e-42,6.496941968615752349e-56
2.932243333333333339e+02,4.522656001465993891e-02,4.229207675700946689e-02,7.291677204395146522e-03,3.995526143135112002e-07,5.081614531695289320e-19,2.262190131409955912e-33,2.353561547992778075e-42,5.298985547618361997e-56
2.932320000000000277e+02,4.797600490504616566e-02,4.193001929812673750e-02,6.929648323759789869e-03,3.709743669427757825e-07,4.415989455529241589e-19,1.882786703086918188e-33,1.954293215026572834e-42,4.321212010177615852e-56
2.932396666666666647e+02,4.317312902281059128e-02,4.158384524790283143e-02,6.583500874627011383e-03,3.443732758186198898e-07,3.836650418021887560e-19,1.566660879721186958e-33,1.622464937013120438e-42,3.523282818579131004e-56
2.932473333333333585e+02,3.807216067611098737e-02,4.125297571332762342e-02,6.252656095794721647e-03,3.196175328984589050e-07,3.332531967352663801e-19,1.303319019539773655e-33,1.346735621649149238e-42,2.872225472913930428e-56
2.932549999999999955e+02,4.036694790440736869e-02,4.093684658270881072e-02,5.936549998952272630e-03,2.965837565328528553e-07,2.893971908007386674e-19,1.083997609690287181e-33,1.117662826711179835e-42,2.341092885126175462e-56
2.932626666666666893e+02,4.073160852878584398e-02,4.063490848162960162e-02,5.634633325151449171e-03,2.751564781517369189e-07,2.512535407011332257e-19,9.013797009800664195e-34,9.273863457216250677e-43,1.907865930520876286e-56
2.932703333333333831e+02,3.995956403133236329e-02,4.034662670835523907e-02,5.346371480696747967e-03,2.552276584905022389e-07,2.180860882246501524e-19,7.493575375005560319e-34,7.693642810868520410e-43,1.554555216329323329e-56
2.932780000000000200e+02,4.131540680331128451e-02,4.007148114978744541e-02,5.071244453555678183e-03,2.366962317663138655e-07,1.892525009278055628e-19,6.228339021265472378e-34,6.381529388618049910e-43,1.266466026344377190e-56
2.932856666666667138e+02,2.736168647492118883e-02,3.980896617913597113e-02,4.808746711459665514e-03,2.194676762992511083e-07,1.641924504652214486e-19,5.175559021397549188e-34,5.292233032683129723e-43,1.031596898699535174e-56
2.932933333333333508e+02,4.452081029400074136e-02,3.955859053644952827e-02,4.558387082839375666e-03,2.034536101463822533e-07,1.424172626753933015e-19,4.299759300861270332e-34,4.388080401501642018e-43,8.401476242524025581e-57
2.933010000000000446e+02,4.104162381578312785e-02,3.931987719306081347e-02,4.319688621650429397e-03,1.885714103836506627e-07,1.235008584643174747e-19,3.571353840523279015e-34,3.637739746522154466e-43,6.841168249850008432e-57
2.933086666666666815e+02,3.811735307748095880e-02,3.909236320108763763e-02,4.092188457232890514e-03,1.747438547456797569e-07,1.070718264991635839e-19,2.965674446328802878e-34,3.015158213912249714e-43,5.569728572245622816e-57
2.933163333333333753e+02,3.762685259112232006e-02,3.887559952898876625e-02,3.875437630204369831e-03,1.618987843908292571e-07,9.280648804408606698e-20,2.462158044551520809e-34,2.498676416814880155e-43,4.533847240351447507e-57
2.933240000000000123e+02,4.102231071051763017e-02,3.866915088426441105e-02,3.669000915477780775e-03,1.499687866283270309e-07,8.042283129250742810e-20,2.043667486432363018e-34,2.070290844594255386e-43,3.690020910815547274e-57
2.933316666666667061e+02,3.873914876685255471e-02,3.847259552425427026e-02,3.472456633357770810e-03,1.388908964967424349e-07,6.967520750977115531e-20,1.695924062246391640e-34,1.715039539264493011e-43,3.002754754251803060e-57
2.933393333333333430e+02,3.030623209835066334e-02,3.828552505606376555e-02,3.285396449747616642e-03,1.286063161460371243e-07,6.034969447327533820e-20,1.407033462612554892e-34,1.420490533698947988e-43,2.443092954737324808e-57
2.933470000000000368e+02,3.881774420133222298e-02,3.810754422652078838e-02,3.107425166369758279e-03,1.190601510235732583e-07,5.226004426839951843e-20,1.167089891738719867e-34,1.176315941074249015e-43,1.987417965729814858e-57
2.933546666666666738e+02,4.163357098978388154e-02,3.793827070313116750e-02,2.938160501969242638e-03,1.102011619214335919e-07,4.524414268236457528e-20,9.678455255569027144e-35,9.739374208442538305e-44,1.616469533173728016e-57
2.933623333333333676e+02,4.748442664708121819e-02,3.777733484688054755e-02,2.777232865348554670e-03,1.019815319865044781e-07,3.916091637903745410e-20,8.024345934363858423e-35,8.062311143261851740e-44,1.314543396070924178e-57
2.933700000000000045e+02,3.076008220312223540e-02,3.762437947778596303e-02,2.624285121138116104e-03,9.435664784631814982e-08,3.388763190219620060e-20,6.651431105839200028e-35,6.672821201245735768e-44,1.068836863561499590e-57
2.933776666666666983e+02,4.155888436993293578e-02,3.747905963398754509e-02,2.478972349093497458e-03,8.728489404390320297e-08,2.931753745597005087e-20,5.512167531183522755e-35,5.521802298142127813e-44,8.689144352832398684e-58
2.933853333333333353e+02,2.837221025122039358e-02,3.734104232521712891e-02,2.340961597757102407e-03,8.072746002149574396e-08,2.535780447818435600e-20,4.567005951898552999e-35,4.568500217210987675e-44,7.062715177346865253e-58
2.933930000000000291e+02,3.645859110224910354e-02,3.721000628137498961e-02,2.209931633216055159e-03,7.464815892966389502e-08,2.192773134355542640e-20,3.783054553604765067e-35,3.779095598513285674e-44,5.739782884317339504e-58
2.934006666666666661e+02,3.352500938106565270e-02,3.708564169698455593e-02,2.085572683726975591e-03,6.901325758044449744e-08,1.895717620912521895e-20,3.132964602544037743e-35,3.125529038991986908e-44,4.663890326954470268e-58
2.934083333333333599e+02,3.487092335584116021e-02,3.696764997219592619e-02,1.967586180879024767e-03,6.379131689652881468e-08,1.638519011296880502e-20,2.594001539953200914e-35,2.584524359808302182e-44,3.789049559339277907e-58
2.934159999999999968e+02,3.540943947353135390e-02,3.685574345104108973e-02,1.855684497998843141e-03,5.895304224640820935e-08,1.415882503647725948e-20,2.147270850630289963e-35,2.136776767548314013e-44,3.077806653813479711e-58
2.934236666666666906e+02,3.876666067215572831e-02,3.674964515755153871e-02,1.749590686408452949e-03,5.447114308579377134e-08,1.223209479416754733e-20,1.777073067871889173e-35,1.766278196784175161e-44,2.499663074234606722e-58
2.934313333333333276e+02,3.961795565936753610e-02,3.664908853037463637e-02,1.649038210173272906e-03,5.032020135973565816e-08,1.056506938286452607e-20,1.470366498650053308e-35,1.459756757840742985e-44,2.029788124521038968e-58
2.934390000000000214e+02,3.994116352768740247e-02,3.655381715643973156e-02,1.553770679891581293e-03,4.647654814742926883e-08,9.123085846091549636e-21,1.216319783222699445e-35,1.206211077481878984e-44,1.647968977218391211e-58
2.934466666666667152e+02,3.286188649649987581e-02,3.646358450424497244e-02,1.463541586096906962e-03,4.291814806237074342e-08,7.876060835819372608e-21,1.005939355647683575e-35,9.965235404958941240e-45,1.337754586282806616e-58
2.934543333333333521e+02,3.935105581681389714e-02,3.637815365726148470e-02,1.378114032770537747e-03,3.962449094568616193e-08,6.797891914990414217e-21,8.317593393058997891e-36,8.231391228717978948e-45,1.085757798183361376e-58
2.934620000000000459e+02,3.440209314002276586e-02,3.629729704794939366e-02,1.297260471458971639e-03,3.657649041730107171e-08,5.865936275739219973e-21,6.875834740881573997e-36,6.797987422182357246e-45,8.810865222335199427e-59
2.934696666666666829e+02,3.555342004527968502e-02,3.622079619284766100e-02,1.220762436458780811e-03,3.375638887379877075e-08,5.060556976338804468e-21,5.682703951559463714e-36,5.613179123703611309e-45,7.148801706639757992e-59
2.934773333333333767e+02,3.850137185053006256e-02,3.614844142915023956e-02,1.148410281481694606e-03,3.114766854414160393e-08,4.364728050019688062e-21,4.695550226972192088e-36,4.634030390162108946e-45,5.799319496714237625e-59
2.934850000000000136e+02,4.026033464643587884e-02,3.608003165318652422e-02,1.080002918218283788e-03,2.873496823762117880e-08,3.763690933521006865e-21,3.879000243946575272e-36,3.824989836065410141e-45,4.703811531660800483e-59
2.934926666666667074e+02,3.331915074713473479e-02,3.601537406115974671e-02,1.015347557154302289e-03,2.650400543780003181e-08,3.244655620347356062e-21,3.203723160694353077e-36,3.156625968355793418e-45,3.814625269550262026e-59
2.935003333333333444e+02,4.154901583392224540e-02,3.595428389250567014e-02,9.542594510022471034e-04,2.444150341719008561e-08,2.796540781668465951e-21,2.645404039463776416e-36,2.604578169157642759e-45,3.093021524832715134e-59
2.935080000000000382e+02,2.935096970312358472e-02,3.589658417617417469e-02,8.965616410511056825e-04,2.253512306486418081e-08,2.409747829997180565e-21,2.183890712384178598e-36,2.148686715987254662e-45,2.507512434588771793e-59
2.935156666666666752e+02,4.002710086352178481e-02,3.584210548014264697e-02,8.420847067435071383e-04,2.077339913797480640e-08,2.075964541489428967e-21,1.802484952443284716e-36,1.772271416853801202e-45,2.032508359018787346e-59
2.935233333333333690e+02,4.255694855934412379e-02,3.579068566441571259e-02,7.906665187350463272e-04,1.914568066385118878e-08,1.787994412267682344e-21,1.487353678182889149e-36,1.461533583904141182e-45,1.647216475510612945e-59
2.935310000000000059e+02,4.725708417809414835e-02,3.574216963777022971e-02,7.421519956949920900e-04,1.764207523612679651e-08,1.539608413544673477e-21,1.227039979761233843e-36,1.205060349355692918e-45,1.334744397417465700e-59
2.935386666666666997e+02,3.324840017026653438e-02,3.569640911845499420e-02,6.963928650580257507e-04,1.625339696245879255e-08,1.325416237501391179e-21,1.012057137881059079e-36,9.934138856972681854e-46,1.081370773872530312e-59
2.935463333333333367e+02,3.885231289894050533e-02,3.565326239905756284e-02,6.532474279397205812e-04,1.497111783637363956e-08,1.140754499269571460e-21,8.345516280542681824e-37,8.187910503846152517e-46,8.759518636691704590e-60
2.935540000000000305e+02,3.369805031645820709e-02,3.561259411570580347e-02,6.125803283834847313e-04,1.378732231843359403e-08,9.815896861450331361e-22,6.880234532696183935e-37,6.747414336587609162e-46,7.094388153301629946e-60
2.935616666666666674e+02,2.935748075832922757e-02,3.557427502177368944e-02,5.742623271087583456e-04,1.269466492527490355e-08,8.444339297644807202e-22,5.670941067817905084e-37,5.559338312070327827e-46,5.744850660386982206e-60
2.935693333333333612e+02,3.852703982352599643e-02,3.553818176622020736e-02,5.381700798895649399e-04,1.168633063640239306e-08,7.262719251643390101e-22,4.673140980259682068e-37,4.579628606257920841e-46,4.651270882516380634e-60
2.935769999999999982e+02,3.007512879631648109e-02,3.550419667669178769e-02,5.041859206938455835e-04,1.075599794052864865e-08,6.244975373448691888e-22,3.850033332920524227e-37,3.771888506259650827e-46,3.765248240444851917e-60
2.935846666666666920e+02,3.373786709353364388e-02,3.547220754748178079e-02,4.721976496774224204e-04,9.897804353382725362e-09,5.368588248407586856e-22,3.171187738062562316e-37,3.106053027831771821e-46,3.047506830325535983e-60
2.935923333333333289e+02,3.992948162128592826e-02,3.544210743244146505e-02,4.420983261272149497e-04,9.106314249503323403e-09,4.614103746309310150e-22,2.611447353904631365e-37,2.557291979598328323e-46,2.466180463986939307e-60
2.936000000000000227e+02,3.787961354716667950e-02,3.541379444290446848e-02,4.137860664156050292e-04,8.376488859590903952e-09,3.964719863136999645e-22,2.150019772837485343e-37,2.105102266499294704e-46,1.995419034361529228e-60
