family,temperature_K,raman_shift_cm-1,raw_signal,display_offset,display_signal
blue,300,200.0,5.299986014289493e-12,0.15,0.15000000000529998
blue,300,200.66666666666666,6.984908238685018e-12,0.15,0.1500000000069849
blue,300,201.33333333333334,9.19133929440286e-12,0.15,0.15000000000919134
blue,300,202.0,1.207616401325687e-11,0.15,0.15000000001207617
blue,300,202.66666666666666,1.5842047784067134e-11,0.15,0.15000000001584204
blue,300,203.33333333333334,2.0750365294982778e-11,0.15,0.15000000002075037
blue,300,204.0,2.713765304552335e-11,0.15,0.15000000002713765
blue,300,204.66666666666666,3.5436509429568964e-11,0.15,0.1500000000354365
blue,300,205.33333333333334,4.620209817566884e-11,0.15,0.1500000000462021
blue,300,206.0,6.014569842222322e-11,0.15,0.1500000000601457
blue,300,206.66666666666666,7.817710026711053e-11,0.15,0.1500000000781771
blue,300,207.33333333333334,1.0145808349357559e-10,0.15,0.1500000001014581
blue,300,208.0,1.3146975775263346e-10,0.15,0.15000000013146975
blue,300,208.66666666666666,1.700972069930266e-10,0.15,0.1500000001700972
blue,300,209.33333333333334,2.1973569610947397e-10,0.15,0.1500000002197357
blue,300,210.0,2.834236957273164e-10,0.15,0.1500000002834237
blue,300,210.66666666666666,3.6500920019859993e-10,0.15,0.15000000036500918
blue,300,211.33333333333334,4.693573001751877e-10,0.15,0.1500000004693573
blue,300,212.0,6.026087792746076e-10,0.15,0.15000000060260876
blue,300,212.66666666666666,7.725016994108006e-10,0.15,0.1500000007725017
blue,300,213.33333333333334,9.887705984419462e-10,0.15,0.1500000009887706
blue,300,214.0,1.263641138077343e-09,0.15,0.15000000126364113
blue,300,214.66666666666666,1.6124419170221816e-09,0.15,0.15000000161244192
blue,300,215.33333333333334,2.0543598305988885e-09,0.15,0.15000000205435982
blue,300,216.0,2.613370961912736e-09,0.15,0.15000000261337096
blue,300,216.66666666666666,3.319385704534017e-09,0.15,0.1500000033193857
blue,300,217.33333333333334,4.209654845012138e-09,0.15,0.15000000420965484
blue,300,218.0,5.33049291064942e-09,0.15,0.1500000053304929
blue,300,218.66666666666666,6.739386486705686e-09,0.15,0.1500000067393865
blue,300,219.33333333333334,8.507568742995845e-09,0.15,0.15000000850756873
blue,300,220.0,1.0723157446171208e-08,0.15,0.15000001072315744
blue,300,220.66666666666666,1.3494972688389839e-08,0.15,0.1500000134949727
blue,300,221.33333333333334,1.695717291367061e-08,0.15,0.1500000169571729
blue,300,222.0,2.127487411558034e-08,0.15,0.1500000212748741
blue,300,222.66666666666666,2.6650947934459646e-08,0.15,0.15000002665094792
blue,300,223.33333333333334,3.3334230502234885e-08,0.15,0.1500000333342305
blue,300,224.0,4.162941606175708e-08,0.15,0.15000004162941605
blue,300,224.66666666666666,5.1908958518323096e-08,0.15,0.15000005190895851
blue,300,225.33333333333334,6.462736116358263e-08,0.15,0.15000006462736115
blue,300,226.0,8.03383009621531e-08,0.15,0.15000008033830095
blue,300,226.66666666666666,9.971511024804932e-08,0.15,0.15000009971511025
blue,300,227.33333333333334,1.235752268116688e-07,0.15,0.1500001235752268
blue,300,228.0,1.5290932467611487e-07,0.15,0.15000015290932467
blue,300,228.66666666666666,1.8891595401457157e-07,0.15,0.150000188915954
blue,300,229.33333333333334,2.33042651445006e-07,0.15,0.15000023304265145
blue,300,230.0,2.870346332998811e-07,0.15,0.1500002870346333
blue,300,230.66666666666666,3.529923564985711e-07,0.15,0.1500003529923565
blue,300,231.33333333333334,4.3343942658352055e-07,0.15,0.15000043343942657
blue,300,232.0,5.314025526867279e-07,0.15,0.15000053140255268
blue,300,232.66666666666666,6.505054971613716e-07,0.15,0.15000065050549716
blue,300,233.33333333333331,7.950792459367578e-07,0.15,0.15000079507924594
blue,300,234.0,9.702909370050783e-07,0.15,0.150000970290937
blue,300,234.66666666666666,1.1822944315410714e-06,0.15,0.15000118229443155
blue,300,235.33333333333331,1.4384057977136037e-06,0.15,0.15000143840579772
blue,300,236.0,1.747307403946664e-06,0.15,0.15000174730740395
blue,300,236.66666666666666,2.119284788800849e-06,0.15,0.1500021192847888
blue,300,237.33333333333331,2.566500991170066e-06,0.15,0.15000256650099117
blue,300,238.0,3.103313589260648e-06,0.15,0.15000310331358926
blue,300,238.66666666666666,3.746640311624058e-06,0.15,0.15000374664031163
blue,300,239.33333333333331,4.516379749668908e-06,0.15,0.15000451637974965
blue,300,240.0,5.435894419310253e-06,0.15,0.1500054358944193
blue,300,240.66666666666666,6.5325641897321875e-06,0.15,0.15000653256418972
blue,300,241.33333333333331,7.83841891876352e-06,0.15,0.15000783841891877
blue,300,242.0,9.390860005177673e-06,0.15,0.15000939086000517
blue,300,242.66666666666666,1.1233481485179982e-05,0.15,0.15001123348148518
blue,300,243.33333333333331,1.3417002258877893e-05,0.15,0.15001341700225887
blue,300,244.0,1.6000322026452266e-05,0.15,0.15001600032202644
blue,300,244.66666666666666,1.9051714535062277e-05,0.15,0.15001905171453506
blue,300,245.33333333333331,2.2650172776152656e-05,0.15,0.15002265017277613
blue,300,246.0,2.688692181648029e-05,0.15,0.15002688692181648
blue,300,246.66666666666666,3.186711598003998e-05,0.15,0.15003186711598004
blue,300,247.33333333333331,3.7711738104683986e-05,0.15,0.15003771173810468
blue,300,248.0,4.455971955622519e-05,0.15,0.15004455971955621
blue,300,248.66666666666666,5.2570300570847955e-05,0.15,0.15005257030057084
blue,300,249.33333333333331,6.192565128711373e-05,0.15,0.15006192565128712
blue,300,250.0,7.283377449192556e-05,0.15,0.15007283377449193
blue,300,250.66666666666666,8.553171160729514e-05,0.15,0.1500855317116073
blue,300,251.33333333333331,0.00010028907375015236,0.15,0.15010028907375014
blue,300,252.0,0.00011741191976587915,0.15,0.15011741191976588
blue,300,252.66666666666666,0.00013724700292492407,0.15,0.1501372470029249
blue,300,253.33333333333331,0.00016018640743485743,0.15,0.15016018640743486
blue,300,254.0,0.00018667259500923067,0.15,0.15018667259500923
blue,300,254.66666666666666,0.000217203880399135,0.15,0.15021720388039914
blue,300,255.33333333333331,0.00025234035298137084,0.15,0.15025234035298138
blue,300,256.0,0.0002927102591556578,0.15,0.15029271025915567
blue,300,256.6666666666667,0.00033901685737951556,0.15,0.15033901685737952
blue,300,257.3333333333333,0.0003920457541111376,0.15,0.15039204575411114
blue,300,258.0,0.00045267272468780384,0.15,0.1504526727246878
blue,300,258.6666666666667,0.0005218720181931635,0.15,0.15052187201819317
blue,300,259.3333333333333,0.0006007251396192463,0.15,0.15060072513961925
blue,300,260.0,0.000690430096071689,0.15,0.1506904300960717
blue,300,260.6666666666667,0.0007923110863713932,0.15,0.1507923110863714
blue,300,261.3333333333333,0.000907828605153923,0.15,0.15090782860515392
blue,300,262.0,0.0010385899234510714,0.15,0.15103858992345107
blue,300,262.6666666666667,0.0011863598977630793,0.15,0.15118635989776308
blue,300,263.3333333333333,0.0013530720488154778,0.15,0.15135307204881548
blue,300,264.0,0.001540839839577833,0.15,0.15154083983957783
blue,300,264.66666666666663,0.0017519680697589072,0.15,0.1517519680697589
blue,300,265.3333333333333,0.0019889642909607114,0.15,0.1519889642909607
blue,300,266.0,0.0022545501330679552,0.15,0.15225455013306796
blue,300,266.66666666666663,0.002551672418393734,0.15,0.15255167241839374
blue,300,267.3333333333333,0.002883513925738609,0.15,0.1528835139257386
blue,300,268.0,0.0032535036520201267,0.15,0.15325350365202012
blue,300,268.66666666666663,0.0036653264046889933,0.15,0.153665326404689
blue,300,269.3333333333333,0.0041229315439841,0.15,0.1541229315439841
blue,300,270.0,0.004630540680437819,0.15,0.1546305406804378
blue,300,270.66666666666663,0.005192654120194064,0.15,0.15519265412019406
blue,300,271.3333333333333,0.005814055838929926,0.15,0.15581405583892993
blue,300,272.0,0.006499816754789047,0.15,0.15649981675478905
blue,300,272.66666666666663,0.007255296062064513,0.15,0.1572552960620645
blue,300,273.3333333333333,0.00808614038074419,0.15,0.15808614038074417
blue,300,274.0,0.008998280472798142,0.15,0.15899828047279813
blue,300,274.66666666666663,0.009997925274592574,0.15,0.15999792527459256
blue,300,275.3333333333333,0.011091552996394487,0.15,0.1610915529963945
blue,300,276.0,0.012285899044922591,0.15,0.16228589904492258
blue,300,276.66666666666663,0.013587940533616791,0.15,0.16358794053361678
blue,300,277.3333333333333,0.015004877158026418,0.15,0.16500487715802642
blue,300,278.0,0.01654410823071545,0.15,0.16654410823071544
blue,300,278.66666666666663,0.018213205691571054,0.15,0.16821320569157105
blue,300,279.3333333333333,0.02001988293553734,0.15,0.17001988293553733
blue,300,280.0,0.0219719593306937,0.15,0.1719719593306937
blue,300,280.66666666666663,0.024077320335305068,0.15,0.17407732033530507
blue,300,281.3333333333333,0.026343873162947798,0.15,0.1763438731629478
blue,300,282.0,0.028779497989959144,0.15,0.17877949798995912
blue,300,282.66666666666663,0.031391994749080804,0.15,0.1813919947490808
blue,300,283.3333333333333,0.03418902560696491,0.15,0.1841890256069649
blue,300,284.0,0.03717805328081648,0.15,0.18717805328081646
blue,300,284.66666666666663,0.04036627541038814,0.15,0.19036627541038814
blue,300,285.3333333333333,0.043760555265223565,0.15,0.19376055526522357
blue,300,286.0,0.04736734913281444,0.15,0.19736734913281445
blue,300,286.66666666666663,0.051192630800429705,0.15,0.2011926308004297
blue,300,287.3333333333333,0.0552418136109212,0.15,0.2052418136109212
blue,300,288.0,0.0595196706398946,0.15,0.2095196706398946
blue,300,288.66666666666663,0.0640302536072592,0.15,0.2140302536072592
blue,300,289.3333333333333,0.06877681119924807,0.15,0.21877681119924808
blue,300,290.0,0.07376170753644251,0.15,0.2237617075364425
blue,300,290.66666666666663,0.0789863415780164,0.15,0.2289863415780164
blue,300,291.3333333333333,0.0844510683011504,0.15,0.2344510683011504
blue,300,292.0,0.0901551225362424,0.15,0.24015512253624238
blue,300,292.66666666666663,0.09609654637205245,0.15,0.24609654637205244
blue,300,293.3333333333333,0.10227212106916224,0.15,0.25227212106916225
blue,300,294.0,0.10867730443414411,0.15,0.2586773044341441
blue,300,294.66666666666663,0.11530617460973089,0.15,0.2653061746097309
blue,300,295.3333333333333,0.12215138122722406,0.15,0.27215138122722404
blue,300,296.0,0.1292041048457726,0.15,0.2792041048457726
blue,300,296.66666666666663,0.13645402556851255,0.15,0.2864540255685125
blue,300,297.3333333333333,0.14388930167751537,0.15,0.29388930167751537
blue,300,298.0,0.15149655906798118,0.15,0.3014965590679812
blue,300,298.66666666666663,0.1592608921872117,0.15,0.3092608921872117
blue,300,299.3333333333333,0.1671658770958673,0.15,0.3171658770958673
blue,300,300.0,0.1751935971684175,0.15,0.3251935971684175
blue,300,300.66666666666663,0.18332468183729617,0.15,0.33332468183729613
blue,300,301.3333333333333,0.1915383586619895,0.15,0.3415383586619895
blue,300,302.0,0.19981251887137358,0.15,0.34981251887137355
blue,300,302.66666666666663,0.2081237963864785,0.15,0.3581237963864785
blue,300,303.3333333333333,0.21644766018305497,0.15,0.36644766018305497
blue,300,304.0,0.22475851970067653,0.15,0.37475851970067653
blue,300,304.66666666666663,0.23302984284958334,0.15,0.3830298428495833
blue,300,305.3333333333333,0.24123428601006802,0.15,0.39123428601006804
blue,300,306.0,0.24934383526414308,0.15,0.3993438352641431
blue,300,306.66666666666663,0.2573299579477542,0.15,0.4073299579477542
blue,300,307.3333333333333,0.2651637634661172,0.15,0.41516376346611716
blue,300,308.0,0.27281617217717224,0.15,0.42281617217717227
blue,300,308.66666666666663,0.2802580910208824,0.15,0.4302580910208824
blue,300,309.3333333333333,0.2874605944572108,0.15,0.43746059445721075
blue,300,310.0,0.29439510917516293,0.15,0.4443951091751629
blue,300,310.66666666666663,0.3010336009510918,0.15,0.4510336009510918
blue,300,311.3333333333333,0.3073487619681298,0.15,0.4573487619681298
blue,300,312.0,0.3133141968615825,0.15,0.4633141968615825
blue,300,312.66666666666663,0.31890460572852597,0.15,0.468904605728526
blue,300,313.3333333333333,0.3240959623344962,0.15,0.47409596233449625
blue,300,314.0,0.32886568576663566,0.15,0.4788656857666357
blue,300,314.66666666666663,0.3331928038211595,0.15,0.4831928038211595
blue,300,315.3333333333333,0.33705810647337725,0.15,0.4870581064733772
blue,300,316.0,0.340444287860307,0.15,0.490444287860307
blue,300,316.66666666666663,0.3433360753083562,0.15,0.4933360753083562
blue,300,317.3333333333333,0.3457203440604302,0.15,0.4957203440604302
blue,300,318.0,0.3475862164967648,0.15,0.4975862164967648
blue,300,318.66666666666663,0.3489251447999934,0.15,0.4989251447999934
blue,300,319.3333333333333,0.34973097618542537,0.15,0.4997309761854254
blue,300,320.0,0.35,0.15,0.5
blue,300,320.66666666666663,0.3497309761854254,0.15,0.4997309761854254
blue,300,321.3333333333333,0.34892514479999354,0.15,0.4989251447999935
blue,300,322.0,0.3475862164967648,0.15,0.4975862164967648
blue,300,322.66666666666663,0.34572034406043034,0.15,0.4957203440604303
blue,300,323.3333333333333,0.3433360753083564,0.15,0.49333607530835644
blue,300,324.0,0.340444287860307,0.15,0.490444287860307
blue,300,324.66666666666663,0.3370581064733776,0.15,0.48705810647337755
blue,300,325.3333333333333,0.3331928038211599,0.15,0.4831928038211599
blue,300,326.0,0.32886568576663566,0.15,0.4788656857666357
blue,300,326.66666666666663,0.32409596233449667,0.15,0.4740959623344967
blue,300,327.3333333333333,0.3189046057285264,0.15,0.46890460572852644
blue,300,328.0,0.3133141968615825,0.15,0.4633141968615825
blue,300,328.66666666666663,0.3073487619681303,0.15,0.45734876196813035
blue,300,329.3333333333333,0.30103360095109233,0.15,0.45103360095109235
blue,300,330.0,0.29439510917516293,0.15,0.4443951091751629
blue,300,330.66666666666663,0.28746059445721134,0.15,0.4374605944572113
blue,300,331.3333333333333,0.280258091020883,0.15,0.43025809102088297
blue,300,332.0,0.27281617217717224,0.15,0.42281617217717227
blue,300,332.66666666666663,0.26516376346611786,0.15,0.41516376346611783
blue,300,333.3333333333333,0.25732995794775493,0.15,0.40732995794775495
blue,300,334.0,0.24934383526414308,0.15,0.3993438352641431
blue,300,334.66666666666663,0.24123428601006874,0.15,0.3912342860100687
blue,300,335.3333333333333,0.23302984284958406,0.15,0.3830298428495841
blue,300,336.0,0.22475851970067653,0.15,0.37475851970067653
blue,300,336.66666666666663,0.2164476601830557,0.15,0.3664476601830557
blue,300,337.3333333333333,0.20812379638647918,0.15,0.3581237963864792
blue,300,338.0,0.19981251887137358,0.15,0.34981251887137355
blue,300,338.66666666666663,0.1915383586619902,0.15,0.3415383586619902
blue,300,339.3333333333333,0.18332468183729686,0.15,0.33332468183729685
blue,300,340.0,0.1751935971684175,0.15,0.3251935971684175
blue,300,340.66666666666663,0.167165877095868,0.15,0.31716587709586797
blue,300,341.3333333333333,0.15926089218721237,0.15,0.30926089218721237
blue,300,342.0,0.15149655906798118,0.15,0.3014965590679812
blue,300,342.66666666666663,0.143889301677516,0.15,0.29388930167751603
blue,300,343.3333333333333,0.1364540255685132,0.15,0.2864540255685132
blue,300,344.0,0.1292041048457726,0.15,0.2792041048457726
blue,300,344.66666666666663,0.12215138122722467,0.15,0.27215138122722465
blue,300,345.3333333333333,0.11530617460973144,0.15,0.26530617460973144
blue,300,346.0,0.10867730443414411,0.15,0.2586773044341441
blue,300,346.66666666666663,0.10227212106916278,0.15,0.25227212106916275
blue,300,347.3333333333333,0.09609654637205299,0.15,0.24609654637205297
blue,300,348.0,0.0901551225362424,0.15,0.24015512253624238
blue,300,348.66666666666663,0.08445106830115087,0.15,0.23445106830115087
blue,300,349.3333333333333,0.07898634157801686,0.15,0.22898634157801684
blue,300,350.0,0.07376170753644251,0.15,0.2237617075364425
blue,300,350.66666666666663,0.06877681119924847,0.15,0.21877681119924847
blue,300,351.3333333333333,0.06403025360725963,0.15,0.21403025360725964
blue,300,352.0,0.0595196706398946,0.15,0.2095196706398946
blue,300,352.66666666666663,0.055241813610921564,0.15,0.20524181361092156
blue,300,353.3333333333333,0.05119263080043003,0.15,0.20119263080043004
blue,300,354.0,0.04736734913281444,0.15,0.19736734913281445
blue,300,354.66666666666663,0.04376055526522389,0.15,0.1937605552652239
blue,300,355.3333333333333,0.040366275410388446,0.15,0.19036627541038845
blue,300,356.0,0.03717805328081648,0.15,0.18717805328081646
blue,300,356.66666666666663,0.034189025606965164,0.15,0.18418902560696515
blue,300,357.3333333333333,0.03139199474908105,0.15,0.18139199474908105
blue,300,358.0,0.028779497989959144,0.15,0.17877949798995912
blue,300,358.66666666666663,0.02634387316294801,0.15,0.176343873162948
blue,300,359.3333333333333,0.024077320335305262,0.15,0.17407732033530526
blue,300,360.0,0.0219719593306937,0.15,0.1719719593306937
blue,300,360.66666666666663,0.020019882935537508,0.15,0.1700198829355375
blue,300,361.3333333333333,0.018213205691571192,0.15,0.1682132056915712
blue,300,362.0,0.01654410823071545,0.15,0.16654410823071544
blue,300,362.66666666666663,0.015004877158026552,0.15,0.16500487715802656
blue,300,363.3333333333333,0.013587940533616895,0.15,0.1635879405336169
blue,300,364.0,0.012285899044922591,0.15,0.16228589904492258
blue,300,364.66666666666663,0.011091552996394593,0.15,0.16109155299639458
blue,300,365.3333333333333,0.009997925274592657,0.15,0.15999792527459264
blue,300,366.0,0.008998280472798142,0.15,0.15899828047279813
blue,300,366.66666666666663,0.008086140380744258,0.15,0.15808614038074426
blue,300,367.3333333333333,0.007255296062064577,0.15,0.15725529606206456
blue,300,368.0,0.006499816754789047,0.15,0.15649981675478905
blue,300,368.66666666666663,0.005814055838929977,0.15,0.15581405583892996
blue,300,369.3333333333333,0.00519265412019411,0.15,0.15519265412019412
blue,300,370.0,0.004630540680437819,0.15,0.1546305406804378
blue,300,370.66666666666663,0.004122931543984136,0.15,0.15412293154398413
blue,300,371.3333333333333,0.0036653264046890293,0.15,0.15366532640468902
blue,300,372.0,0.0032535036520201267,0.15,0.15325350365202012
blue,300,372.66666666666663,0.0028835139257386367,0.15,0.15288351392573862
blue,300,373.3333333333333,0.0025516724183937594,0.15,0.15255167241839376
blue,300,374.0,0.0022545501330679552,0.15,0.15225455013306796
blue,300,374.66666666666663,0.0019889642909607323,0.15,0.15198896429096073
blue,300,375.3333333333333,0.0017519680697589241,0.15,0.1517519680697589
blue,300,376.0,0.001540839839577833,0.15,0.15154083983957783
blue,300,376.66666666666663,0.001353072048815492,0.15,0.15135307204881548
blue,300,377.3333333333333,0.0011863598977630793,0.15,0.15118635989776308
blue,300,378.0,0.0010385899234510714,0.15,0.15103858992345107
blue,300,378.66666666666663,0.0009078286051539327,0.15,0.15090782860515392
blue,300,379.3333333333333,0.0007923110863713932,0.15,0.1507923110863714
blue,300,380.0,0.000690430096071689,0.15,0.1506904300960717
blue,300,380.66666666666663,0.0006007251396192527,0.15,0.15060072513961925
blue,300,381.3333333333333,0.0005218720181931635,0.15,0.15052187201819317
blue,300,382.0,0.00045267272468780384,0.15,0.1504526727246878
blue,300,382.66666666666663,0.0003920457541111428,0.15,0.15039204575411114
blue,300,383.3333333333333,0.00033901685737951556,0.15,0.15033901685737952
blue,300,384.0,0.0002927102591556579,0.15,0.15029271025915567
blue,300,384.66666666666663,0.00025234035298137426,0.15,0.15025234035298138
blue,300,385.3333333333333,0.00021720388039913642,0.15,0.15021720388039914
blue,300,386.0,0.00018667259500923075,0.15,0.15018667259500923
blue,300,386.66666666666663,0.00016018640743485982,0.15,0.15016018640743486
blue,300,387.3333333333333,0.00013724700292492518,0.15,0.1501372470029249
blue,300,388.0,0.00011741191976587932,0.15,0.15011741191976588
blue,300,388.66666666666663,0.00010028907375015368,0.15,0.15010028907375014
blue,300,389.3333333333333,8.553171160729604e-05,0.15,0.1500855317116073
blue,300,390.0,7.283377449192594e-05,0.15,0.15007283377449193
blue,300,390.66666666666663,6.192565128711521e-05,0.15,0.15006192565128712
blue,300,391.3333333333333,5.257030057084879e-05,0.15,0.15005257030057084
blue,300,392.0,4.455971955622603e-05,0.15,0.15004455971955621
blue,300,392.66666666666663,3.7711738104685463e-05,0.15,0.15003771173810468
blue,300,393.3333333333333,3.186711598004167e-05,0.15,0.15003186711598004
blue,300,394.0,2.6886921816482108e-05,0.15,0.15002688692181648
blue,300,394.66666666666663,2.2650172776155367e-05,0.15,0.15002265017277616
blue,300,395.3333333333333,1.905171453506545e-05,0.15,0.15001905171453506
blue,300,396.0,1.6000322026456183e-05,0.15,0.15001600032202644
blue,300,396.66666666666663,1.341700225888311e-05,0.15,0.15001341700225887
blue,300,397.3333333333333,1.123348148518659e-05,0.15,0.15001123348148518
blue,300,398.0,9.390860005186048e-06,0.15,0.15000939086000517
blue,300,398.66666666666663,7.838418918774416e-06,0.15,0.15000783841891877
blue,300,399.3333333333333,6.532564189746087e-06,0.15,0.15000653256418975
blue,300,400.0,5.435894419328025e-06,0.15,0.1500054358944193
blue,300,400.66666666666663,4.516379749691779e-06,0.15,0.15000451637974968
blue,300,401.3333333333333,3.746640311653314e-06,0.15,0.15000374664031166
blue,300,402.0,3.1033135892980748e-06,0.15,0.1500031033135893
blue,300,402.66666666666663,2.566500991218e-06,0.15,0.15000256650099122
blue,300,403.3333333333333,2.119284788862103e-06,0.15,0.15000211928478885
blue,300,404.0,1.7473074040248917e-06,0.15,0.150001747307404
blue,300,404.66666666666663,1.4384057978134814e-06,0.15,0.1500014384057978
blue,300,405.3333333333333,1.182294431668429e-06,0.15,0.15000118229443166
blue,300,406.0,9.702909371673552e-07,0.15,0.15000097029093717
blue,300,406.66666666666663,7.950792461433853e-07,0.15,0.15000079507924613
blue,300,407.3333333333333,6.5050549742422e-07,0.15,0.1500006505054974
blue,300,408.0,5.314025530208214e-07,0.15,0.150000531402553
blue,300,408.66666666666663,4.334394270078268e-07,0.15,0.150000433439427
blue,300,409.3333333333333,3.52992357036991e-07,0.15,0.15000035299235703
blue,300,410.0,2.8703463398252727e-07,0.15,0.15000028703463397
blue,300,410.66666666666663,2.3304265230979413e-07,0.15,0.1500002330426523
blue,300,411.3333333333333,1.8891595510917595e-07,0.15,0.1500001889159551
blue,300,412.0,1.529093260604442e-07,0.15,0.15000015290932606
blue,300,412.66666666666663,1.2357522856094304e-07,0.15,0.15000012357522854
blue,300,413.3333333333333,9.971511245661879e-08,0.15,0.15000009971511244
blue,300,414.0,8.033830374826953e-08,0.15,0.15000008033830375
blue,300,414.66666666666663,6.462736467532683e-08,0.15,0.15000006462736468
blue,300,415.3333333333333,5.190896294096204e-08,0.15,0.15000005190896293
blue,300,416.0,4.162942162688582e-08,0.15,0.15000004162942163
blue,300,416.66666666666663,3.33342374991101e-08,0.15,0.1500000333342375
blue,300,417.3333333333333,2.665095672404017e-08,0.15,0.1500000266509567
blue,300,418.0,2.1274885147911262e-08,0.15,0.15000002127488515
blue,300,418.66666666666663,1.6957186749383916e-08,0.15,0.15000001695718673
blue,300,419.3333333333333,1.3494990025269871e-08,0.15,0.15000001349499
blue,300,420.0,1.0723179151954128e-08,0.15,0.15000001072317914
blue,300,420.66666666666663,8.507595895825493e-09,0.15,0.1500000085075959
blue,300,421.3333333333333,6.739420424987795e-09,0.15,0.15000000673942043
blue,300,422.0,5.330535294434619e-09,0.15,0.15000000533053529
blue,300,422.66666666666663,4.209707731502628e-09,0.15,0.15000000420970772
blue,300,423.3333333333333,3.319451640880581e-09,0.15,0.15000000331945162
blue,300,424.0,2.6134530991582094e-09,0.15,0.1500000026134531
blue,300,424.66666666666663,2.054462063459383e-09,0.15,0.15000000205446207
blue,300,425.3333333333333,1.6125690552091511e-09,0.15,0.15000000161256904
blue,300,426.0,1.2637991160872673e-09,0.15,0.15000000126379912
blue,300,426.66666666666663,9.889667322166648e-10,0.15,0.15000000098896674
blue,300,427.3333333333333,7.72745000054544e-10,0.15,0.150000000772745
blue,300,428.0,6.029103361624765e-10,0.15,0.15000000060291033
blue,300,428.66666666666663,4.697307483752802e-10,0.15,0.15000000046973075
blue,300,429.3333333333333,3.6547129024300497e-10,0.15,0.1500000003654713
blue,300,430.0,2.8399498750883647e-10,0.15,0.150000000283995
blue,300,430.66666666666663,2.204414031729118e-10,0.15,0.1500000002204414
blue,300,431.3333333333333,1.7096822287814316e-10,0.15,0.1500000001709682
blue,300,432.0,1.3254390250233219e-10,0.15,0.1500000001325439
blue,300,432.66666666666663,1.0278161616949153e-10,0.15,0.1500000001027816
blue,300,433.3333333333333,7.980655255704256e-11,0.15,0.15000000007980654
blue,300,434.0,6.215009546508875e-11,0.15,0.15000000006215009
blue,300,434.66666666666663,4.866564590650569e-11,0.15,0.15000000004866565
blue,300,435.3333333333333,3.846184345689276e-11,0.15,0.15000000003846184
blue,300,436.0,3.084976278390171e-11,0.15,0.15000000003084976
blue,300,436.66666666666663,2.5301329337438053e-11,0.15,0.1500000000253013
blue,300,437.3333333333333,2.1416742958989334e-11,0.15,0.15000000002141672
blue,300,438.0,1.8899141988432276e-11,0.15,0.15000000001889913
blue,300,438.66666666666663,1.753510185730521e-11,0.15,0.1500000000175351
blue,300,439.3333333333333,1.7179856540713523e-11,0.15,0.15000000001717986
blue,300,440.0,1.7746371337903757e-11,0.15,0.15000000001774635
blue,300,440.66666666666663,1.919759181221464e-11,0.15,0.15000000001919758
blue,300,441.3333333333333,2.1541355076513943e-11,0.15,0.15000000002154135
blue,300,442.0,2.4827583195556005e-11,0.15,0.15000000002482758
blue,300,442.66666666666663,2.9147490300347176e-11,0.15,0.15000000002914748
blue,300,443.3333333333333,3.4634630080767755e-11,0.15,0.15000000003463462
blue,300,444.0,4.1467692843415323e-11,0.15,0.15000000004146768
blue,300,444.66666666666663,4.987503484892526e-11,0.15,0.15000000004987504
blue,300,445.3333333333333,6.014099022584223e-11,0.15,0.150000000060141
blue,300,446.0,7.261408005381835e-11,0.15,0.15000000007261408
blue,300,446.66666666666663,8.771729658228324e-11,0.15,0.1500000000877173
blue,300,447.3333333333333,1.0596070515924771e-10,0.15,0.1500000001059607
blue,300,448.0,1.2795667431270392e-10,0.15,0.15000000012795667
blue,300,448.66666666666663,1.5443811751008046e-10,0.15,0.15000000015443812
blue,300,449.3333333333333,1.8628021036482042e-10,0.15,0.1500000001862802
blue,300,450.0,2.245261364516035e-10,0.15,0.15000000022452614
blue,300,450.66666666666663,2.704175155129993e-10,0.15,0.15000000027041752
blue,300,451.3333333333333,3.254302819084526e-10,0.15,0.1500000003254303
blue,300,452.0,3.913169110735068e-10,0.15,0.15000000039131692
blue,300,452.66666666666663,4.701560401538671e-10,0.15,0.15000000047015605
blue,300,453.3333333333333,5.644106987595326e-10,0.15,0.1500000005644107
blue,300,454.0,6.769965601746881e-10,0.15,0.15000000067699656
blue,300,454.66666666666663,8.113618459543711e-10,0.15,0.15000000081136183
blue,300,455.3333333333333,9.715807716543296e-10,0.15,0.15000000097158075
blue,300,456.0,1.162462712966866e-09,0.15,0.1500000011624627
blue,300,456.66666666666663,1.3896796047964994e-09,0.15,0.1500000013896796
blue,300,457.3333333333333,1.6599144664221572e-09,0.15,0.15000000165991445
blue,300,458.0,1.981034380137197e-09,0.15,0.1500000019810344
blue,300,458.66666666666663,2.3622917456467534e-09,0.15,0.15000000236229175
blue,300,459.3333333333333,2.814558195851968e-09,0.15,0.1500000028145582
blue,300,460.0,3.350596200174153e-09,0.15,0.15000000335059618
blue,300,460.66666666666663,3.985374108957328e-09,0.15,0.1500000039853741
blue,300,461.3333333333333,4.736431217490631e-09,0.15,0.15000000473643121
blue,300,462.0,5.624300362742639e-09,0.15,0.15000000562430035
blue,300,462.66666666666663,6.672996623202531e-09,0.15,0.15000000667299662
blue,300,463.3333333333333,7.910581886861104e-09,0.15,0.15000000791058188
blue,300,464.0,9.369816400431212e-09,0.15,0.1500000093698164
blue,300,464.66666666666663,1.1088909932117817e-08,0.15,0.15000001108890992
blue,300,465.3333333333333,1.3112386890062025e-08,0.15,0.1500000131123869
blue,300,466.0,1.549208166034618e-08,0.15,0.15000001549208167
blue,300,466.66666666666663,1.8288282585533705e-08,0.15,0.15000001828828258
blue,300,467.3333333333333,2.1571045422627628e-08,0.15,0.15000002157104542
blue,300,468.0,2.542169982588912e-08,0.15,0.15000002542169982
blue,300,468.66666666666663,2.99345754254173e-08,0.15,0.15000002993457542
blue,300,469.3333333333333,3.521897744955777e-08,0.15,0.15000003521897745
blue,300,470.0,4.1401445603617914e-08,0.15,0.1500000414014456
blue,300,470.66666666666663,4.862833410741911e-08,0.15,0.1500000486283341
blue,300,471.3333333333333,5.7068755451202094e-08,0.15,0.15000005706875544
blue,300,472.0,6.691793559776617e-08,0.15,0.1500000669179356
blue,300,472.66666666666663,7.84010340860748e-08,0.15,0.15000007840103408
blue,300,473.3333333333333,9.177748882869054e-08,0.15,0.15000009177748883
blue,300,474.0,1.0734595239652513e-07,0.15,0.1500001073459524
blue,300,474.66666666666663,1.2544989430705128e-07,0.15,0.1500001254498943
blue,300,475.3333333333333,1.4648395233712013e-07,0.15,0.15000014648395232
blue,300,476.0,1.7090112523313516e-07,0.15,0.15000017090112522
blue,300,476.66666666666663,1.9922090945705757e-07,0.15,0.15000019922090946
blue,300,477.3333333333333,2.3203849385702475e-07,0.15,0.15000023203849386
blue,300,478.0,2.700351384599139e-07,0.15,0.15000027003513847
blue,300,478.66666666666663,3.1398987702629105e-07,0.15,0.150000313989877
blue,300,479.3333333333333,3.6479269766444035e-07,0.15,0.15000036479269765
blue,300,480.0,4.2345937175026754e-07,0.15,0.15000042345937176
blue,300,480.66666666666663,4.911481187264217e-07,0.15,0.15000049114811873
blue,300,481.3333333333333,5.691783131397919e-07,0.15,0.15000056917831314
blue,300,482.0,6.59051460605511e-07,0.15,0.1500006590514606
blue,300,482.66666666666663,7.624746913410932e-07,0.15,0.15000076247469132
blue,300,483.3333333333333,8.813870435777203e-07,0.15,0.15000088138704357
blue,300,484.0,1.0179888346065651e-06,0.15,0.1500010179888346
blue,300,484.66666666666663,1.1747744445329497e-06,0.15,0.15000117477444452
blue,300,485.3333333333333,1.3545688670599193e-06,0.15,0.15000135456886707
blue,300,486.0,1.560568412871091e-06,0.15,0.15000156056841288
blue,300,486.66666666666663,1.7963859844873864e-06,0.15,0.1500017963859845
blue,300,487.3333333333333,2.0661013768792498e-06,0.15,0.15000206610137687
blue,300,488.0,2.3743170956615282e-06,0.15,0.15000237431709565
blue,300,488.66666666666663,2.726220224403994e-06,0.15,0.1500027262202244
blue,300,489.3333333333333,3.12765091446013e-06,0.15,0.15000312765091445
blue,300,490.0,3.5851781147378458e-06,0.15,0.15000358517811474
blue,300,490.66666666666663,4.106183204974489e-06,0.15,0.15000410618320498
blue,300,491.3333333333333,4.698952244272089e-06,0.15,0.15000469895224428
blue,300,492.0,5.372777596814169e-06,0.15,0.15000537277759682
blue,300,492.66666666666663,6.138069748705178e-06,0.15,0.1500061380697487
blue,300,493.3333333333333,7.006480183594519e-06,0.15,0.15000700648018359
blue,300,494.0,7.991036239983352e-06,0.15,0.15000799103624
blue,300,494.66666666666663,9.106288929637445e-06,0.15,0.15000910628892963
blue,300,495.3333333333333,1.036847475406465e-05,0.15,0.15001036847475405
blue,300,496.0,1.1795692614244112e-05,0.15,0.15001179569261425
blue,300,496.66666666666663,1.3408096967346461e-05,0.15,0.15001340809696734
blue,300,497.3333333333333,1.5228108442625582e-05,0.15,0.15001522810844262
blue,300,498.0,1.7280643186508435e-05,0.15,0.1500172806431865
blue,300,498.66666666666663,1.9593362263622603e-05,0.15,0.15001959336226361
blue,300,499.3333333333333,2.2196942495447808e-05,0.15,0.15002219694249544
blue,300,500.0,2.512537017079244e-05,0.15,0.1500251253701708
blue,300,500.66666666666663,2.841625911162828e-05,0.15,0.15002841625911162
blue,300,501.3333333333333,3.211119462312109e-05,0.15,0.15003211119462312
blue,300,502.0,3.6256104897095865e-05,0.15,0.1500362561048971
blue,300,502.66666666666663,4.090166147269019e-05,0.15,0.1500409016614727
blue,300,503.3333333333333,4.6103710385515395e-05,0.15,0.15004610371038551
blue,300,504.0,5.1923735656146695e-05,0.15,0.15005192373565615
blue,300,504.66666666666663,5.842935677901645e-05,0.15,0.15005842935677902
blue,300,505.3333333333333,6.569486187246848e-05,0.15,0.15006569486187246
blue,300,506.0,7.380177813855261e-05,0.15,0.15007380177813856
blue,300,506.66666666666663,8.28394812556762e-05,0.15,0.15008283948125567
blue,300,507.3333333333333,9.290584528699355e-05,0.15,0.15009290584528698
blue,300,508.0,0.00010410793463090748,0.15,0.15010410793463091
blue,300,508.66666666666663,0.00011656273946575042,0.15,0.15011656273946575
blue,300,509.3333333333333,0.00013039795604692176,0.15,0.1501303979560469
blue,300,510.0,0.0001457528130999461,0.15,0.15014575281309994
blue,300,510.66666666666663,0.00016277894541545424,0.15,0.15016277894541544
blue,300,511.3333333333333,0.00018164131559027133,0.15,0.15018164131559025
blue,300,512.0,0.0002025191846711076,0.15,0.1502025191846711
blue,300,512.6666666666666,0.00022560713224223223,0.15,0.15022560713224223
blue,300,513.3333333333333,0.00025111612625436966,0.15,0.15025111612625436
blue,300,514.0,0.00027927464261757757,0.15,0.15027927464261756
blue,300,514.6666666666666,0.00031032983427467335,0.15,0.15031032983427467
blue,300,515.3333333333333,0.0003445487491328096,0.15,0.1503445487491328
blue,300,516.0,0.00038221959585766984,0.15,0.15038221959585765
blue,300,516.6666666666666,0.00042365305612719416,0.15,0.15042365305612718
blue,300,517.3333333333333,0.000469183641498678,0.15,0.15046918364149867
blue,300,518.0,0.0005191710925640816,0.15,0.15051917109256407
blue,300,518.6666666666666,0.000574001817553812,0.15,0.15057400181755382
blue,300,519.3333333333333,0.0006340903669988863,0.15,0.15063409036699887
blue,300,520.0,0.0006998809404755932,0.15,0.1506998809404756
blue,300,520.6666666666666,0.0007718489208371333,0.15,0.15077184892083711
blue,300,521.3333333333333,0.0008505024306840086,0.15,0.150850502430684
blue,300,522.0,0.0009363839051405639,0.15,0.15093638390514055
blue,300,522.6666666666666,0.0010300716742922278,0.15,0.15103007167429222
blue,300,523.3333333333333,0.0011321815478985645,0.15,0.15113218154789856
blue,300,524.0,0.0012433683942340173,0.15,0.15124336839423402
blue,300,524.6666666666666,0.0013643277041262632,0.15,0.15136432770412625
blue,300,525.3333333333333,0.0014957971304644683,0.15,0.15149579713046446
blue,300,526.0,0.0016385579926410181,0.15,0.151638557992641
blue,300,526.6666666666666,0.001793436734577332,0.15,0.15179343673457732
blue,300,527.3333333333333,0.0019613063241718676,0.15,0.15196130632417187
blue,300,528.0,0.002143087581202356,0.15,0.15214308758120235
blue,300,528.6666666666666,0.002339750419923793,0.15,0.1523397504199238
blue,300,529.3333333333333,0.0025523149918348326,0.15,0.15255231499183483
blue,300,530.0,0.002781852713345174,0.15,0.15278185271334516
blue,300,530.6666666666666,0.0030294871623770363,0.15,0.15302948716237702
blue,300,531.3333333333333,0.0032963948272814697,0.15,0.15329639482728147
blue,300,532.0,0.00358380569085379,0.15,0.15358380569085378
blue,300,532.6666666666666,0.00389300363170555,0.15,0.15389300363170555
blue,300,533.3333333333333,0.0042253266247998245,0.15,0.15422532662479982
blue,300,534.0,0.0045821667225923925,0.15,0.1545821667225924
blue,300,534.6666666666666,0.00496496979795797,0.15,0.15496496979795796
blue,300,535.3333333333333,0.005375235029925194,0.15,0.1553752350299252
blue,300,536.0,0.005814514113206097,0.15,0.1558145141132061
blue,300,536.6666666666666,0.006284410172601056,0.15,0.15628441017260106
blue,300,537.3333333333333,0.006786576363594109,0.15,0.1567865763635941
blue,300,538.0,0.007322714140835184,0.15,0.15732271414083518
blue,300,538.6666666666666,0.007894571176750185,0.15,0.15789457117675018
blue,300,539.3333333333333,0.00850393891323096,0.15,0.15850393891323095
blue,300,540.0,0.009152649730240785,0.15,0.1591526497302408
blue,300,540.6666666666666,0.009842573716242193,0.15,0.1598425737162422
blue,300,541.3333333333333,0.010575615026612176,0.15,0.16057561502661216
blue,300,542.0,0.01135370781765757,0.15,0.16135370781765757
blue,300,542.6666666666666,0.012178811745494364,0.15,0.16217881174549437
blue,300,543.3333333333333,0.01305290702090184,0.15,0.16305290702090183
blue,300,544.0,0.013977989013305228,0.15,0.16397798901330524
blue,300,544.6666666666666,0.014956062399287895,0.15,0.1649560623992879
blue,300,545.3333333333333,0.01598913485347426,0.15,0.16598913485347425
blue,300,546.0,0.017079210282249322,0.15,0.1670792102822493
blue,300,546.6666666666666,0.018228281603596852,0.15,0.16822828160359685
blue,300,547.3333333333333,0.019438323079325505,0.15,0.1694383230793255
blue,300,548.0,0.020711282209095124,0.15,0.17071128220909512
blue,300,548.6666666666666,0.022049071198958575,0.15,0.17204907119895857
blue,300,549.3333333333333,0.0234535580205667,0.15,0.1734535580205667
blue,300,550.0,0.024926557080725033,0.15,0.17492655708072502
blue,300,550.6666666666666,0.02646981952463955,0.15,0.17646981952463955
blue,300,551.3333333333333,0.028085023199905818,0.15,0.17808502319990582
blue,300,552.0,0.029773762312054794,0.15,0.17977376231205477
blue,300,552.6666666666666,0.031537536806263616,0.15,0.1815375368062636
blue,300,553.3333333333333,0.03337774151362438,0.15,0.18337774151362438
blue,300,554.0,0.035295655104104935,0.15,0.18529565510410492
blue,300,554.6666666666666,0.03729242889202606,0.15,0.18729242889202605
blue,300,555.3333333333333,0.039369075543464825,0.15,0.18936907554346483
blue,300,556.0,0.04152645773843696,0.15,0.19152645773843696
blue,300,556.6666666666666,0.04376527684400495,0.15,0.19376527684400494
blue,300,557.3333333333333,0.04608606165754356,0.15,0.19608606165754355
blue,300,558.0,0.048489157282230654,0.15,0.19848915728223065
blue,300,558.6666666666666,0.05097471419941591,0.15,0.2009747141994159
blue,300,559.3333333333333,0.05354267760478848,0.15,0.20354267760478847
blue,300,560.0,0.05619277707718049,0.15,0.20619277707718048
blue,300,560.6666666666666,0.05892451665040712,0.15,0.20892451665040712
blue,300,561.3333333333333,0.06173716535969334,0.15,0.21173716535969334
blue,300,562.0,0.0646297483349386,0.15,0.21462974833493859
blue,300,562.6666666666666,0.06760103851333459,0.15,0.21760103851333457
blue,300,563.3333333333333,0.07064954904361828,0.15,0.22064954904361828
blue,300,564.0,0.07377352645348643,0.15,0.22377352645348642
blue,300,564.6666666666666,0.07697094465044257,0.15,0.22697094465044257
blue,300,565.3333333333333,0.08023949982453975,0.15,0.23023949982453973
blue,300,566.0,0.08357660631910668,0.15,0.23357660631910668
blue,300,566.6666666666666,0.08697939353264168,0.15,0.2369793935326417
blue,300,567.3333333333333,0.09044470391158084,0.15,0.24044470391158085
blue,300,568.0,0.09396909208959786,0.15,0.24396909208959786
blue,300,568.6666666666666,0.09754882522452288,0.15,0.24754882522452287
blue,300,569.3333333333333,0.10117988457884948,0.15,0.2511798845788495
blue,300,570.0,0.1048579683841431,0.15,0.2548579683841431
blue,300,570.6666666666666,0.1085784960235462,0.15,0.2585784960235462
blue,300,571.3333333333333,0.11233661355997426,0.15,0.2623366135599743
blue,300,572.0,0.11612720063054402,0.15,0.266127200630544
blue,300,572.6666666666666,0.11994487872035961,0.15,0.2699448787203596
blue,300,573.3333333333333,0.12378402082099839,0.15,0.2737840208209984
blue,300,574.0,0.1276387624709283,0.15,0.27763876247092834
blue,300,574.6666666666666,0.13150301416676324,0.15,0.28150301416676327
blue,300,575.3333333333333,0.1353704751257169,0.15,0.2853704751257169
blue,300,576.0,0.13923464837091798,0.15,0.28923464837091795
blue,300,576.6666666666666,0.14308885710250532,0.15,0.2930888571025053
blue,300,577.3333333333333,0.14692626230864997,0.15,0.29692626230864994
blue,300,578.0,0.1507398815619168,0.15,0.3007398815619168
blue,300,578.6666666666666,0.15452260893779954,0.15,0.30452260893779953
blue,300,579.3333333333333,0.15826723598386164,0.15,0.30826723598386163
blue,300,580.0,0.1619664736597565,0.15,0.3119664736597565
blue,300,580.6666666666666,0.1656129751606082,0.15,0.31561297516060816
blue,300,581.3333333333333,0.16919935952882195,0.15,0.31919935952882195
blue,300,582.0,0.1727182359524324,0.15,0.32271823595243243
blue,300,582.6666666666666,0.1761622286416976,0.15,0.3261622286416976
blue,300,583.3333333333333,0.179524002169822,0.15,0.32952400216982203
blue,300,584.0,0.1827962871584989,0.15,0.3327962871584989
blue,300,584.6666666666666,0.18597190618450343,0.15,0.33597190618450345
blue,300,585.3333333333333,0.189043799779842,0.15,0.339043799779842
blue,300,586.0,0.19200505239501703,0.15,0.342005052395017
blue,300,586.6666666666666,0.19484891819287875,0.15,0.3448489181928788
blue,300,587.3333333333333,0.1975688465392945,0.15,0.3475688465392945
blue,300,588.0,0.20015850705649568,0.15,0.35015850705649565
blue,300,588.6666666666666,0.20261181410552384,0.15,0.35261181410552384
blue,300,589.3333333333333,0.2049229505656516,0.15,0.3549229505656516
blue,300,590.0,0.20708639078101504,0.15,0.357086390781015
blue,300,590.6666666666666,0.20909692254798476,0.15,0.35909692254798475
blue,300,591.3333333333333,0.21094966802097367,0.15,0.36094966802097367
blue,300,592.0,0.212640103419418,0.15,0.362640103419418
blue,300,592.6666666666666,0.2141640774245683,0.15,0.3641640774245683
blue,300,593.3333333333333,0.21551782816142565,0.15,0.36551782816142564
blue,300,594.0,0.21669799866861486,0.15,0.36669799866861486
blue,300,594.6666666666666,0.21770165076717563,0.15,0.36770165076717565
blue,300,595.3333333333333,0.2185262772480867,0.15,0.36852627724808673
blue,300,596.0,0.2191698123077689,0.15,0.3691698123077689
blue,300,596.6666666666666,0.2196306401707789,0.15,0.3696306401707789
blue,300,597.3333333333333,0.2199076018493215,0.15,0.3699076018493215
blue,300,598.0,0.22,0.15,0.37
blue,300,598.6666666666666,0.21990760184932154,0.15,0.36990760184932153
blue,300,599.3333333333333,0.219630640170779,0.15,0.36963064017077896
blue,300,600.0,0.2191698123077689,0.15,0.3691698123077689
blue,300,600.6666666666666,0.21852627724808682,0.15,0.36852627724808684
blue,300,601.3333333333333,0.21770165076717576,0.15,0.36770165076717576
blue,300,602.0,0.21669799866861486,0.15,0.36669799866861486
blue,300,602.6666666666666,0.21551782816142584,0.15,0.36551782816142586
blue,300,603.3333333333333,0.21416407742456856,0.15,0.3641640774245686
blue,300,604.0,0.212640103419418,0.15,0.362640103419418
blue,300,604.6666666666666,0.21094966802097398,0.15,0.36094966802097395
blue,300,605.3333333333333,0.2090969225479851,0.15,0.3590969225479851
blue,300,606.0,0.20708639078101504,0.15,0.357086390781015
blue,300,606.6666666666666,0.204922950565652,0.15,0.354922950565652
blue,300,607.3333333333333,0.20261181410552426,0.15,0.3526118141055242
blue,300,608.0,0.20015850705649568,0.15,0.35015850705649565
blue,300,608.6666666666666,0.19756884653929496,0.15,0.347568846539295
blue,300,609.3333333333333,0.19484891819287922,0.15,0.3448489181928792
blue,300,610.0,0.19200505239501703,0.15,0.342005052395017
blue,300,610.6666666666666,0.1890437997798425,0.15,0.3390437997798425
blue,300,611.3333333333333,0.18597190618450396,0.15,0.33597190618450395
blue,300,612.0,0.1827962871584989,0.15,0.3327962871584989
blue,300,612.6666666666666,0.17952400216982256,0.15,0.3295240021698226
blue,300,613.3333333333333,0.17616222864169817,0.15,0.3261622286416982
blue,300,614.0,0.1727182359524324,0.15,0.32271823595243243
blue,300,614.6666666666666,0.16919935952882256,0.15,0.31919935952882256
blue,300,615.3333333333333,0.16561297516060883,0.15,0.3156129751606088
blue,300,616.0,0.1619664736597565,0.15,0.3119664736597565
blue,300,616.6666666666666,0.15826723598386225,0.15,0.30826723598386224
blue,300,617.3333333333333,0.15452260893780018,0.15,0.30452260893780014
blue,300,618.0,0.1507398815619168,0.15,0.3007398815619168
blue,300,618.6666666666666,0.14692626230865063,0.15,0.2969262623086506
blue,300,619.3333333333333,0.143088857102506,0.15,0.293088857102506
blue,300,620.0,0.13923464837091798,0.15,0.28923464837091795
blue,300,620.6666666666666,0.13537047512571754,0.15,0.28537047512571756
blue,300,621.3333333333333,0.13150301416676388,0.15,0.2815030141667639
blue,300,622.0,0.1276387624709283,0.15,0.27763876247092834
blue,300,622.6666666666666,0.12378402082099901,0.15,0.273784020820999
blue,300,623.3333333333333,0.11994487872036028,0.15,0.26994487872036027
blue,300,624.0,0.11612720063054402,0.15,0.266127200630544
blue,300,624.6666666666666,0.11233661355997492,0.15,0.2623366135599749
blue,300,625.3333333333333,0.10857849602354687,0.15,0.2585784960235469
blue,300,626.0,0.1048579683841431,0.15,0.2548579683841431
blue,300,626.6666666666666,0.10117988457885009,0.15,0.2511798845788501
blue,300,627.3333333333333,0.09754882522452349,0.15,0.24754882522452348
blue,300,628.0,0.09396909208959786,0.15,0.24396909208959786
blue,300,628.6666666666666,0.09044470391158144,0.15,0.24044470391158143
blue,300,629.3333333333333,0.08697939353264224,0.15,0.23697939353264225
blue,300,630.0,0.08357660631910668,0.15,0.23357660631910668
blue,300,630.6666666666666,0.0802394998245403,0.15,0.23023949982454028
blue,300,631.3333333333333,0.07697094465044312,0.15,0.2269709446504431
blue,300,632.0,0.07377352645348643,0.15,0.22377352645348642
blue,300,632.6666666666666,0.07064954904361882,0.15,0.22064954904361883
blue,300,633.3333333333333,0.06760103851333511,0.15,0.21760103851333512
blue,300,634.0,0.0646297483349386,0.15,0.21462974833493859
blue,300,634.6666666666666,0.061737165359693834,0.15,0.21173716535969384
blue,300,635.3333333333333,0.05892451665040757,0.15,0.20892451665040757
blue,300,636.0,0.05619277707718049,0.15,0.20619277707718048
blue,300,636.6666666666666,0.053542677604788924,0.15,0.20354267760478892
blue,300,637.3333333333333,0.05097471419941634,0.15,0.20097471419941634
blue,300,638.0,0.048489157282230654,0.15,0.19848915728223065
blue,300,638.6666666666666,0.046086061657543954,0.15,0.19608606165754394
blue,300,639.3333333333333,0.04376527684400533,0.15,0.19376527684400532
blue,300,640.0,0.04152645773843696,0.15,0.19152645773843696
blue,300,640.6666666666666,0.03936907554346519,0.15,0.1893690755434652
blue,300,641.3333333333333,0.03729242889202642,0.15,0.1872924288920264
blue,300,642.0,0.035295655104104935,0.15,0.18529565510410492
blue,300,642.6666666666666,0.0333777415136247,0.15,0.18337774151362468
blue,300,643.3333333333333,0.03153753680626392,0.15,0.18153753680626392
blue,300,644.0,0.029773762312054794,0.15,0.17977376231205477
blue,300,644.6666666666666,0.028085023199906096,0.15,0.1780850231999061
blue,300,645.3333333333333,0.026469819524639823,0.15,0.1764698195246398
blue,300,646.0,0.024926557080725033,0.15,0.17492655708072502
blue,300,646.6666666666666,0.02345355802056694,0.15,0.17345355802056694
blue,300,647.3333333333333,0.02204907119895881,0.15,0.1720490711989588
blue,300,648.0,0.020711282209095124,0.15,0.17071128220909512
blue,300,648.6666666666666,0.019438323079325713,0.15,0.16943832307932571
blue,300,649.3333333333333,0.018228281603597046,0.15,0.16822828160359704
blue,300,650.0,0.017079210282249322,0.15,0.1670792102822493
blue,300,650.6666666666666,0.01598913485347446,0.15,0.16598913485347444
blue,300,651.3333333333333,0.014956062399288081,0.15,0.16495606239928806
blue,300,652.0,0.013977989013305228,0.15,0.16397798901330524
blue,300,652.6666666666666,0.013052907020901991,0.15,0.16305290702090197
blue,300,653.3333333333333,0.012178811745494504,0.15,0.1621788117454945
blue,300,654.0,0.01135370781765757,0.15,0.16135370781765757
blue,300,654.6666666666666,0.010575615026612303,0.15,0.1605756150266123
blue,300,655.3333333333333,0.009842573716242314,0.15,0.1598425737162423
blue,300,656.0,0.009152649730240785,0.15,0.1591526497302408
blue,300,656.6666666666666,0.008503938913231068,0.15,0.15850393891323106
blue,300,657.3333333333333,0.007894571176750284,0.15,0.15789457117675026
blue,300,658.0,0.007322714140835184,0.15,0.15732271414083518
blue,300,658.6666666666666,0.006786576363594197,0.15,0.1567865763635942
blue,300,659.3333333333333,0.006284410172601136,0.15,0.15628441017260114
blue,300,660.0,0.005814514113206097,0.15,0.1558145141132061
blue,300,660.6666666666666,0.005375235029925263,0.15,0.15537523502992526
blue,300,661.3333333333333,0.004964969797958038,0.15,0.15496496979795804
blue,300,662.0,0.0045821667225923925,0.15,0.1545821667225924
blue,300,662.6666666666666,0.0042253266247998834,0.15,0.15422532662479987
blue,300,663.3333333333333,0.0038930036317056053,0.15,0.1538930036317056
blue,300,664.0,0.00358380569085379,0.15,0.15358380569085378
blue,300,664.6666666666666,0.0032963948272815165,0.15,0.15329639482728152
blue,300,665.3333333333333,0.0030294871623770796,0.15,0.15302948716237708
blue,300,666.0,0.002781852713345174,0.15,0.15278185271334516
blue,300,666.6666666666666,0.002552314991834873,0.15,0.15255231499183486
blue,300,667.3333333333333,0.0023397504199238303,0.15,0.15233975041992381
blue,300,668.0,0.002143087581202356,0.15,0.15214308758120235
blue,300,668.6666666666666,0.0019613063241718976,0.15,0.1519613063241719
blue,300,669.3333333333333,0.001793436734577359,0.15,0.15179343673457735
blue,300,670.0,0.0016385579926410181,0.15,0.151638557992641
blue,300,670.6666666666666,0.001495797130464491,0.15,0.1514957971304645
blue,300,671.3333333333333,0.0013643277041262849,0.15,0.15136432770412628
blue,300,672.0,0.0012433683942340173,0.15,0.15124336839423402
blue,300,672.6666666666666,0.0011321815478985825,0.15,0.15113218154789856
blue,300,673.3333333333333,0.0010300716742922442,0.15,0.15103007167429225
blue,300,674.0,0.0009363839051405639,0.15,0.15093638390514055
blue,300,674.6666666666666,0.0008505024306840221,0.15,0.150850502430684
blue,300,675.3333333333333,0.0007718489208371456,0.15,0.15077184892083714
blue,300,676.0,0.0006998809404755932,0.15,0.1506998809404756
blue,300,676.6666666666666,0.0006340903669988969,0.15,0.1506340903669989
blue,300,677.3333333333333,0.0005740018175538216,0.15,0.15057400181755382
blue,300,678.0,0.0005191710925640816,0.15,0.15051917109256407
blue,300,678.6666666666666,0.0004691836414986864,0.15,0.1504691836414987
blue,300,679.3333333333333,0.0004236530561272017,0.15,0.1504236530561272
blue,300,680.0,0.00038221959585766984,0.15,0.15038221959585765
blue,300,680.6666666666666,0.0003445487491328154,0.15,0.1503445487491328
blue,300,681.3333333333333,0.0003103298342746789,0.15,0.15031032983427467
blue,300,682.0,0.00027927464261757757,0.15,0.15027927464261756
blue,300,682.6666666666666,0.0002511161262543746,0.15,0.15025111612625436
blue,300,683.3333333333333,0.00022560713224223662,0.15,0.15022560713224223
blue,300,684.0,0.0002025191846711076,0.15,0.1502025191846711
blue,300,684.6666666666666,0.00018164131559027295,0.15,0.15018164131559028
blue,300,685.3333333333333,0.00016277894541545727,0.15,0.15016277894541546
blue,300,686.0,0.0001457528130999461,0.15,0.15014575281309994
blue,300,686.6666666666666,0.00013039795604692292,0.15,0.1501303979560469
blue,300,687.3333333333333,0.0001165627394657526,0.15,0.15011656273946575
blue,300,688.0,0.00010410793463090748,0.15,0.15010410793463091
blue,300,688.6666666666666,9.29058452869943e-05,0.15,0.15009290584528698
blue,300,689.3333333333333,8.283948125567782e-05,0.15,0.15008283948125567
blue,300,690.0,7.380177813855261e-05,0.15,0.15007380177813856
blue,300,690.6666666666666,6.569486187246917e-05,0.15,0.15006569486187246
blue,300,691.3333333333333,5.842935677901769e-05,0.15,0.15005842935677902
blue,300,692.0,5.1923735656146695e-05,0.15,0.15005192373565615
blue,300,692.6666666666666,4.610371038551573e-05,0.15,0.15004610371038551
blue,300,693.3333333333333,4.090166147269099e-05,0.15,0.1500409016614727
blue,300,694.0,3.6256104897095865e-05,0.15,0.1500362561048971
blue,300,694.6666666666666,3.211119462312143e-05,0.15,0.15003211119462312
blue,300,695.3333333333333,2.8416259111628936e-05,0.15,0.15002841625911162
blue,300,696.0,2.512537017079244e-05,0.15,0.1500251253701708
blue,300,696.6666666666666,2.2196942495447967e-05,0.15,0.15002219694249544
blue,300,697.3333333333333,1.959336226362299e-05,0.15,0.15001959336226361
blue,300,698.0,1.7280643186508435e-05,0.15,0.1500172806431865
blue,300,698.6666666666666,1.5228108442625743e-05,0.15,0.15001522810844262
blue,300,699.3333333333333,1.340809696734677e-05,0.15,0.15001340809696734
blue,300,700.0,1.1795692614244112e-05,0.15,0.15001179569261425
blue,300,700.6666666666666,1.036847475406478e-05,0.15,0.15001036847475405
blue,300,701.3333333333333,9.106288929637625e-06,0.15,0.15000910628892963
blue,300,702.0,7.991036239983352e-06,0.15,0.15000799103624
blue,300,702.6666666666666,7.006480183594606e-06,0.15,0.15000700648018359
blue,300,703.3333333333333,6.138069748705332e-06,0.15,0.1500061380697487
blue,300,704.0,5.372777596814169e-06,0.15,0.15000537277759682
blue,300,704.6666666666666,4.698952244272148e-06,0.15,0.15000469895224428
blue,300,705.3333333333333,4.106183204974591e-06,0.15,0.15000410618320498
blue,300,706.0,3.5851781147378458e-06,0.15,0.15000358517811474
blue,300,706.6666666666666,3.1276509144601576e-06,0.15,0.15000312765091445
blue,300,707.3333333333333,2.726220224404052e-06,0.15,0.1500027262202244
blue,300,708.0,2.374317095661528e-06,0.15,0.15000237431709565
blue,300,708.6666666666666,2.066101376879275e-06,0.15,0.15000206610137687
blue,300,709.3333333333333,1.796385984487434e-06,0.15,0.1500017963859845
blue,300,710.0,1.5605684128710903e-06,0.15,0.15000156056841288
blue,300,710.6666666666666,1.3545688670599303e-06,0.15,0.15000135456886707
blue,300,711.3333333333333,1.1747744445329733e-06,0.15,0.15000117477444452
blue,300,712.0,1.017988834606563e-06,0.15,0.1500010179888346
blue,300,712.6666666666666,8.813870435777281e-07,0.15,0.15000088138704357
blue,300,713.3333333333333,7.62474691341109e-07,0.15,0.15000076247469132
blue,300,714.0,6.590514606055043e-07,0.15,0.1500006590514606
blue,300,714.6666666666666,5.691783131397903e-07,0.15,0.15000056917831314
blue,300,715.3333333333333,4.911481187264191e-07,0.15,0.15000049114811873
blue,300,716.0,4.2345937175024715e-07,0.15,0.15000042345937176
blue,300,716.6666666666666,3.647926976644161e-07,0.15,0.15000036479269765
blue,300,717.3333333333333,3.139898770262575e-07,0.15,0.150000313989877
blue,300,718.0,2.700351384598527e-07,0.15,0.15000027003513847
blue,300,718.6666666666666,2.3203849385694e-07,0.15,0.15000023203849386
blue,300,719.3333333333333,1.9922090945693568e-07,0.15,0.15000019922090946
blue,300,720.0,1.7090112523295376e-07,0.15,0.15000017090112522
blue,300,720.6666666666666,1.464839523368625e-07,0.15,0.15000014648395232
blue,300,721.3333333333333,1.2544989430668343e-07,0.15,0.1500001254498943
blue,300,722.0,1.0734595239599489e-07,0.15,0.1500001073459524
blue,300,722.6666666666666,9.177748882793602e-08,0.15,0.15000009177748883
blue,300,723.3333333333333,7.840103408500131e-08,0.15,0.15000007840103408
blue,300,724.0,6.691793559623751e-08,0.15,0.1500000669179356
blue,300,724.6666666666666,5.706875544903373e-08,0.15,0.15000005706875544
blue,300,725.3333333333333,4.862833410434753e-08,0.15,0.1500000486283341
blue,300,726.0,4.1401445599271404e-08,0.15,0.1500000414014456
blue,300,726.6666666666666,3.521897744341949e-08,0.15,0.15000003521897745
blue,300,727.3333333333333,2.993457541676145e-08,0.15,0.15000002993457542
blue,300,728.0,2.5421699813700342e-08,0.15,0.1500000254216998
blue,300,728.6666666666666,2.1571045405492486e-08,0.15,0.1500000215710454
blue,300,729.3333333333333,1.8288282561481358e-08,0.15,0.15000001828828255
blue,300,730.0,1.549208162663543e-08,0.15,0.1500000154920816
blue,300,730.6666666666666,1.3112386842888328e-08,0.15,0.15000001311238684
blue,300,731.3333333333333,1.1088909866205669e-08,0.15,0.15000001108890987
blue,300,732.0,9.369816308478264e-09,0.15,0.1500000093698163
blue,300,732.6666666666666,7.910581758777022e-09,0.15,0.15000000791058174
blue,300,733.3333333333333,6.672996445064231e-09,0.15,0.15000000667299643
blue,300,734.0,5.624300115369866e-09,0.15,0.1500000056243001
blue,300,734.6666666666666,4.736430874503272e-09,0.15,0.15000000473643088
blue,300,735.3333333333333,3.985373634129138e-09,0.15,0.15000000398537364
blue,300,736.0,3.3505955438367784e-09,0.15,0.15000000335059555
blue,300,736.6666666666666,2.8145572900156114e-09,0.15,0.15000000281455728
blue,300,737.3333333333333,2.3622904973883673e-09,0.15,0.1500000023622905
blue,300,738.0,1.9810326626584257e-09,0.15,0.15000000198103267
blue,300,738.6666666666666,1.6599121069745135e-09,0.15,0.1500000016599121
blue,300,739.3333333333333,1.3896763684022161e-09,0.15,0.15000000138967637
blue,300,740.0,1.1624582805089238e-09,0.15,0.15000000116245826
blue,300,740.6666666666666,9.715747104360064e-10,0.15,0.1500000009715747
blue,300,741.3333333333333,8.113535702047356e-10,0.15,0.15000000081135356
blue,300,742.0,6.769852781544881e-10,0.15,0.15000000067698527
blue,300,742.6666666666666,5.64395342037887e-10,0.15,0.15000000056439533
blue,300,743.3333333333333,4.701351692016699e-10,0.15,0.15000000047013518
blue,300,744.0,3.9128858945123796e-10,0.15,0.15000000039128858
blue,300,744.6666666666666,3.253919088778262e-10,0.15,0.1500000003253919
blue,300,745.3333333333333,2.703656037012902e-10,0.15,0.15000000027036559
blue,300,746.0,2.2445601702061803e-10,0.15,0.150000000224456
blue,300,746.6666666666666,1.8618564269416259e-10,0.15,0.15000000018618564
blue,300,747.3333333333333,1.5431077332690329e-10,0.15,0.15000000015431078
blue,300,748.0,1.2778545701284737e-10,0.15,0.15000000012778544
blue,300,748.6666666666666,1.0573085315920448e-10,0.15,0.15000000010573084
blue,300,749.3333333333333,8.740920414214885e-11,0.15,0.15000000008740919
blue,300,750.0,7.220174912891452e-11,0.15,0.15000000007220174
blue,300,750.6666666666666,5.959000127989506e-11,0.15,0.15000000005959
blue,300,751.3333333333333,4.9139891596470705e-11,0.15,0.15000000004913988
blue,300,752.0,4.0488353557892507e-11,0.15,0.15000000004048836
blue,300,752.6666666666666,3.333198384545839e-11,0.15,0.15000000003333197
blue,300,753.3333333333333,2.741746715825036e-11,0.15,0.15000000002741745
blue,300,754.0,2.253349849763235e-11,0.15,0.1500000000225335
blue,300,754.6666666666666,1.8503975313627947e-11,0.15,0.15000000001850397
blue,300,755.3333333333333,1.518226541831001e-11,0.15,0.15000000001518227
blue,300,756.0,1.2446385323614264e-11,0.15,0.15000000001244637
blue,300,756.6666666666666,1.0194948302028548e-11,0.15,0.15000000001019495
blue,300,757.3333333333333,8.343762562902489e-12,0.15,0.15000000000834376
blue,300,758.0,6.8229779751754064e-12,0.15,0.15000000000682298
blue,300,758.6666666666666,5.574695174922096e-12,0.15,0.1500000000055747
blue,300,759.3333333333333,4.550964042455233e-12,0.15,0.15000000000455097
blue,300,760.0,3.712109738378357e-12,0.15,0.1500000000037121
blue,300,760.6666666666666,3.0253340273234646e-12,0.15,0.15000000000302532
blue,300,761.3333333333333,2.4635477308362587e-12,0.15,0.15000000000246355
blue,300,762.0,2.0043970428655266e-12,0.15,0.1500000000020044
blue,300,762.6666666666666,1.6294522899309317e-12,0.15,0.15000000000162944
blue,300,763.3333333333333,1.3235326759149078e-12,0.15,0.15000000000132352
blue,300,764.0,1.0741447496987227e-12,0.15,0.15000000000107414
blue,300,764.6666666666666,8.710158851147776e-13,0.15,0.15000000000087102
blue,300,765.3333333333333,7.057070634370796e-13,0.15,0.1500000000007057
blue,300,766.0,5.712917815200582e-13,0.15,0.1500000000005713
blue,300,766.6666666666666,4.620900444011021e-13,0.15,0.1500000000004621
blue,300,767.3333333333333,3.734482000875137e-13,0.15,0.15000000000037345
blue,300,768.0,3.015568878689109e-13,0.15,0.15000000000030156
blue,300,768.6666666666666,2.4330064373513044e-13,0.15,0.1500000000002433
blue,300,769.3333333333333,1.9613377471159998e-13,0.15,0.15000000000019612
blue,300,770.0,1.5797800992417327e-13,0.15,0.15000000000015798
blue,300,770.6666666666666,1.27138186958036e-13,0.15,0.15000000000012714
blue,300,771.3333333333333,1.0223286047283784e-13,0.15,0.15000000000010222
blue,300,772.0,8.213724547353438e-14,0.15,0.15000000000008212
blue,300,772.6666666666666,6.593634652797713e-14,0.15,0.15000000000006594
blue,300,773.3333333333333,5.288649044517638e-14,0.15,0.15000000000005287
blue,300,774.0,4.238378519926407e-14,0.15,0.15000000000004238
blue,300,774.6666666666666,3.393828208624306e-14,0.15,0.15000000000003394
blue,300,775.3333333333333,2.7152829560107135e-14,0.15,0.15000000000002714
blue,300,776.0,2.1705782918681992e-14,0.15,0.1500000000000217
blue,300,776.6666666666666,1.7336879887508393e-14,0.15,0.15000000000001734
blue,300,777.3333333333333,1.3835713128180662e-14,0.15,0.15000000000001382
blue,300,778.0,1.1032330923814529e-14,0.15,0.150000000000011
blue,300,778.6666666666666,8.789580244098309e-15,0.15,0.1500000000000088
blue,300,779.3333333333333,6.996874974233102e-15,0.15,0.150000000000007
blue,300,780.0,5.565128737357301e-15,0.15,0.15000000000000557
blue,300,780.6666666666666,4.422638479092157e-15,0.15,0.1500000000000044
blue,300,781.3333333333333,3.5117435092662413e-15,0.15,0.15000000000000352
blue,300,782.0,2.7861164208007185e-15,0.15,0.15000000000000277
blue,300,782.6666666666666,2.2085684036937116e-15,0.15,0.15000000000000221
blue,300,783.3333333333333,1.7492729195834915e-15,0.15,0.15000000000000174
blue,300,784.0,1.384329310536933e-15,0.15,0.15000000000000138
blue,300,784.6666666666666,1.094602357362154e-15,0.15,0.15000000000000108
blue,300,785.3333333333333,8.647856355352116e-16,0.15,0.15000000000000085
blue,300,786.0,6.826462024014814e-16,0.15,0.1500000000000007
blue,300,786.6666666666666,5.384160694297674e-16,0.15,0.15000000000000052
blue,300,787.3333333333333,4.243023833490628e-16,0.15,0.1500000000000004
blue,300,788.0,3.340935202377245e-16,0.15,0.15000000000000033
blue,300,788.6666666666666,2.6284260160497446e-16,0.15,0.15000000000000024
blue,300,789.3333333333333,2.0661344787906319e-16,0.15,0.1500000000000002
blue,300,790.0,1.6227683782469756e-16,0.15,0.15000000000000016
blue,300,790.6666666666666,1.273472616798943e-16,0.15,0.15000000000000013
blue,300,791.3333333333333,9.985223926467663e-17,0.15,0.1500000000000001
blue,300,792.0,7.822780236153585e-17,0.15,0.15000000000000008
blue,300,792.6666666666666,6.123497915385637e-17,0.15,0.15000000000000005
blue,300,793.3333333333333,4.78931213237802e-17,0.15,0.15000000000000005
blue,300,794.0,3.7426725607941323e-17,0.15,0.15000000000000002
blue,300,794.6666666666666,2.9223057162649915e-17,0.15,0.15000000000000002
blue,300,795.3333333333333,2.279841134716414e-17,0.15,0.15000000000000002
blue,300,796.0,1.777127741068626e-17,0.15,0.15000000000000002
blue,300,796.6666666666666,1.3841011535736228e-17,0.15,0.15
blue,300,797.3333333333333,1.0770903582089757e-17,0.15,0.15
blue,300,798.0,8.374744555613724e-18,0.15,0.15
blue,300,798.6666666666666,6.506180735667317e-18,0.15,0.15
blue,300,799.3333333333333,5.050283998159107e-18,0.15,0.15
blue,300,800.0,3.9168830248768744e-18,0.15,0.15
blue,350,200.0,1.2697223876795796e-11,0.75,0.7500000000126972
blue,350,200.66666666666666,1.6656781670104873e-11,0.75,0.7500000000166568
blue,350,201.33333333333334,2.1817526938724754e-11,0.75,0.7500000000218175
blue,350,202.0,2.8533303773578838e-11,0.75,0.7500000000285333
blue,350,202.66666666666666,3.72589584859468e-11,0.75,0.750000000037259
blue,350,203.33333333333334,4.8578206081846097e-11,0.75,0.7500000000485783
blue,350,204.0,6.323890576965184e-11,0.75,0.7500000000632389
blue,350,204.66666666666666,8.219763685227622e-11,0.75,0.7500000000821976
blue,350,205.33333333333334,1.066759277875309e-10,0.75,0.7500000001066759
blue,350,206.0,1.3823105957991177e-10,0.75,0.7500000001382311
blue,350,206.66666666666666,1.7884506335266797e-10,0.75,0.750000000178845
blue,350,207.33333333333334,2.3103638905224694e-10,0.75,0.7500000002310364
blue,350,208.0,2.979997715075784e-10,0.75,0.7500000002979997
blue,350,208.66666666666666,3.8378110192309937e-10,0.75,0.7500000003837811
blue,350,209.33333333333334,4.934956756127689e-10,0.75,0.7500000004934957
blue,350,210.0,6.33600087923016e-10,0.75,0.7500000006336001
blue,350,210.66666666666666,8.122303582376418e-10,0.75,0.7500000008122304
blue,350,211.33333333333334,1.0396216577903892e-09,0.75,0.7500000010396216
blue,350,212.0,1.328628396607035e-09,0.75,0.7500000013286284
blue,350,212.66666666666666,1.6953675013261795e-09,0.75,0.7500000016953675
blue,350,213.33333333333334,2.1600126218868316e-09,0.75,0.7500000021600126
blue,350,214.0,2.7477728970968194e-09,0.75,0.7500000027477729
blue,350,214.66666666666666,3.490096969338624e-09,0.75,0.750000003490097
blue,350,215.33333333333334,4.426151379898478e-09,0.75,0.7500000044261513
blue,350,216.0,5.6046325460542475e-09,0.75,0.7500000056046325
blue,350,216.66666666666666,7.085983506021979e-09,0.75,0.7500000070859835
blue,350,217.33333333333334,8.945100849778488e-09,0.75,0.7500000089451009
blue,350,218.0,1.1274634114831442e-08,0.75,0.7500000112746341
blue,350,218.66666666666666,1.4188999855221318e-08,0.75,0.7500000141889999
blue,350,219.33333333333334,1.7829256092087956e-08,0.75,0.7500000178292561
blue,350,220.0,2.2369010498667328e-08,0.75,0.7500000223690105
blue,350,220.66666666666666,2.8021568113946143e-08,0.75,0.7500000280215681
blue,350,221.33333333333334,3.504856235663554e-08,0.75,0.7500000350485624
blue,350,222.0,4.377035745921888e-08,0.75,0.7500000437703574
blue,350,222.66666666666666,5.4578562099265433e-08,0.75,0.7500000545785621
blue,350,223.33333333333334,6.795105402342403e-08,0.75,0.750000067951054
blue,350,224.0,8.446998501163528e-08,0.75,0.750000084469985
blue,350,224.66666666666666,1.0484331591794899e-07,0.75,0.7500001048433159
blue,350,225.33333333333334,1.2993052419055464e-07,0.75,0.7500001299305242
blue,350,226.0,1.6077323280231506e-07,0.75,0.7500001607732328
blue,350,226.66666666666666,1.986316316496067e-07,0.75,0.7500001986316317
blue,350,227.33333333333334,2.450277020907492e-07,0.75,0.7500002450277021
blue,350,228.0,3.017964144410178e-07,0.75,0.7500003017964144
blue,350,228.66666666666666,3.7114624911849767e-07,0.75,0.7500003711462491
blue,350,229.33333333333334,4.557305970935302e-07,0.75,0.7500004557305971
blue,350,230.0,5.587318268249025e-07,0.75,0.7500005587318268
blue,350,230.66666666666666,6.839600655868136e-07,0.75,0.7500006839600656
blue,350,231.33333333333334,8.359690357277984e-07,0.75,0.7500008359690358
blue,350,232.0,1.0201916137653393e-06,0.75,0.7500010201916137
blue,350,232.66666666666666,1.2430981451631836e-06,0.75,0.7500012430981452
blue,350,233.33333333333331,1.512380953024589e-06,0.75,0.750001512380953
blue,350,234.0,1.8371689275782067e-06,0.75,0.7500018371689275
blue,350,234.66666666666666,2.2282765779391782e-06,0.75,0.7500022282765779
blue,350,235.33333333333331,2.698492470715955e-06,0.75,0.7500026984924707
blue,350,236.0,3.262912573851196e-06,0.75,0.7500032629125738
blue,350,236.66666666666666,3.939324670507581e-06,0.75,0.7500039393246705
blue,350,237.33333333333331,4.7486507082233095e-06,0.75,0.7500047486507082
blue,350,238.0,5.715454703731923e-06,0.75,0.7500057154547037
blue,350,238.66666666666666,6.868524633775557e-06,0.75,0.7500068685246338
blue,350,239.33333333333331,8.241537606014215e-06,0.75,0.750008241537606
blue,350,240.0,9.873818519729667e-06,0.75,0.7500098738185197
blue,350,240.66666666666666,1.1811203390132096e-05,0.75,0.7500118112033901
blue,350,241.33333333333331,1.41070195179059e-05,0.75,0.7500141070195179
blue,350,242.0,1.6823195730669812e-05,0.75,0.7500168231957307
blue,350,242.66666666666666,2.0031516996865483e-05,0.75,0.7500200315169968
blue,350,243.33333333333331,2.381503880464051e-05,0.75,0.7500238150388047
blue,350,244.0,2.826967779561356e-05,0.75,0.7500282696777956
blue,350,244.66666666666666,3.3505996230442045e-05,0.75,0.7500335059962304
blue,350,245.33333333333331,3.9651198921496303e-05,0.75,0.7500396511989215
blue,350,246.0,4.685136227625963e-05,0.75,0.7500468513622762
blue,350,246.66666666666666,5.5273916028777284e-05,0.75,0.7500552739160288
blue,350,247.33333333333331,6.511039906759386e-05,0.75,0.7500651103990676
blue,350,248.0,7.657951146579603e-05,0.75,0.7500765795114658
blue,350,248.66666666666666,8.993048534709888e-05,0.75,0.7500899304853471
blue,350,249.33333333333331,0.00010544679754301735,0.75,0.750105446797543
blue,350,250.0,0.00012345024706812436,0.75,0.7501234502470682
blue,350,250.66666666666666,0.0001443054202182059,0.75,0.7501443054202183
blue,350,251.33333333333331,0.00016842456553150726,0.75,0.7501684245655315
blue,350,252.0,0.0001962728998954197,0.75,0.7501962728998954
blue,350,252.66666666666666,0.00022837436567680483,0.75,0.7502283743656768
blue,350,253.33333333333331,0.00026531785684898423,0.75,0.750265317856849
blue,350,254.0,0.0003077639296265202,0.75,0.7503077639296265
blue,350,254.66666666666666,0.0003564520100447453,0.75,0.7503564520100447
blue,350,255.33333333333331,0.00041220810717971043,0.75,0.7504122081071797
blue,350,256.0,0.00047595303624317663,0.75,0.7504759530362431
blue,350,256.6666666666667,0.0005487111505573834,0.75,0.7505487111505574
blue,350,257.3333333333333,0.0006316195753710933,0.75,0.7506316195753711
blue,350,258.0,0.0007259379295839473,0.75,0.750725937929584
blue,350,258.6666666666667,0.0008330585136704935,0.75,0.7508330585136705
blue,350,259.3333333333333,0.000954516933418982,0.75,0.750954516933419
blue,350,260.0,0.0010920031195142694,0.75,0.7510920031195143
blue,350,260.6666666666667,0.0012473726925051807,0.75,0.7512473726925052
blue,350,261.3333333333333,0.0014226586113259881,0.75,0.751422658611326
blue,350,262.0,0.0016200830313275504,0.75,0.7516200830313275
blue,350,262.6666666666667,0.0018420692847750976,0.75,0.7518420692847751
blue,350,263.3333333333333,0.0020912538830672625,0.75,0.7520912538830673
blue,350,264.0,0.002370498425625736,0.75,0.7523704984256258
blue,350,264.66666666666663,0.0026829012856254123,0.75,0.7526829012856254
blue,350,265.3333333333333,0.0030318089276337376,0.75,0.7530318089276338
blue,350,266.0,0.0034208266969811617,0.75,0.7534208266969812
blue,350,266.66666666666663,0.0038538289055015705,0.75,0.7538538289055016
blue,350,267.3333333333333,0.004334968023388997,0.75,0.754334968023389
blue,350,268.0,0.004868682772574621,0.75,0.7548686827725746
blue,350,268.66666666666663,0.005459704903518331,0.75,0.7554597049035183
blue,350,269.3333333333333,0.006113064424932036,0.75,0.7561130644249321
blue,350,270.0,0.00683409304503534,0.75,0.7568340930450353
blue,350,270.66666666666663,0.007628425573827831,0.75,0.7576284255738278
blue,350,271.3333333333333,0.008501999028896748,0.75,0.7585019990288967
blue,350,272.0,0.00946104918282776,0.75,0.7594610491828278
blue,350,272.66666666666663,0.010512104288714479,0.75,0.7605121042887145
blue,350,273.3333333333333,0.011661975721923347,0.75,0.7616619757219234
blue,350,274.0,0.01291774528151861,0.75,0.7629177452815186
blue,350,274.66666666666663,0.014286748903917084,0.75,0.7642867489039171
blue,350,275.3333333333333,0.015776556554724923,0.75,0.7657765565547249
blue,350,276.0,0.017394948082580818,0.75,0.7673949480825808
blue,350,276.66666666666663,0.01914988484142328,0.75,0.7691498848414233
blue,350,277.3333333333333,0.021049476915079263,0.75,0.7710494769150793
blue,350,278.0,0.02310194581055795,0.75,0.7731019458105579
blue,350,278.66666666666663,0.0253155825239779,0.75,0.7753155825239779
blue,350,279.3333333333333,0.027698700925613686,0.75,0.7776987009256137
blue,350,280.0,0.030259586458014187,0.75,0.7802595864580142
blue,350,280.66666666666663,0.03300644019331924,0.75,0.7830064401933192
blue,350,281.3333333333333,0.03594731835246596,0.75,0.785947318352466
blue,350,282.0,0.039090067449544186,0.75,0.7890900674495442
blue,350,282.66666666666663,0.042442255288636675,0.75,0.7924422552886367
blue,350,283.3333333333333,0.04601109810743506,0.75,0.7960110981074351
blue,350,284.0,0.04980338423107347,0.75,0.7998033842310734
blue,350,284.66666666666663,0.05382539467016609,0.75,0.8038253946701661
blue,350,285.3333333333333,0.0580828211680543,0.75,0.8080828211680543
blue,350,286.0,0.06258068227280347,0.75,0.8125806822728034
blue,350,286.66666666666663,0.06732323807848967,0.75,0.8173232380784896
blue,350,287.3333333333333,0.07231390434663797,0.75,0.822313904346638
blue,350,288.0,0.07755516678117384,0.75,0.8275551667811738
blue,350,288.66666666666663,0.08304849628774297,0.75,0.8330484962877429
blue,350,289.3333333333333,0.08879426609949527,0.75,0.8387942660994953
blue,350,290.0,0.09479167169524916,0.75,0.8447916716952492
blue,350,290.66666666666663,0.10103865447118657,0.75,0.8510386544711865
blue,350,291.3333333333333,0.10753183015271917,0.75,0.8575318301527192
blue,350,292.0,0.1142664229479001,0.75,0.8642664229479001
blue,350,292.66666666666663,0.12123620644680276,0.75,0.8712362064468028
blue,350,293.3333333333333,0.12843345226176703,0.75,0.8784334522617671
blue,350,294.0,0.13584888738069806,0.75,0.885848887380698
blue,350,294.66666666666663,0.14347166116917892,0.75,0.8934716611691789
blue,350,295.3333333333333,0.15128932290664476,0.75,0.9012893229066448
blue,350,296.0,0.15928781067719164,0.75,0.9092878106771917
blue,350,296.66666666666663,0.16745145235683973,0.75,0.9174514523568398
blue,350,297.3333333333333,0.17576297934651192,0.75,0.9257629793465119
blue,350,298.0,0.18420355359422186,0.75,0.9342035535942219
blue,350,298.66666666666663,0.19275280833178568,0.75,0.9427528083317857
blue,350,299.3333333333333,0.20138890282174898,0.75,0.951388902821749
blue,350,300.0,0.2100885912704728,0.75,0.9600885912704729
blue,350,300.66666666666663,0.21882730591492597,0.75,0.9688273059149259
blue,350,301.3333333333333,0.2275792541353264,0.75,0.9775792541353264
blue,350,302.0,0.23631752928528277,0.75,0.9863175292852828
blue,350,302.66666666666663,0.24501423476756193,0.75,0.9950142347675619
blue,350,303.3333333333333,0.2536406207191573,0.75,1.0036406207191573
blue,350,304.0,0.26216723250629903,0.75,1.012167232506299
blue,350,304.66666666666663,0.2705640700707816,0.75,1.0205640700707816
blue,350,305.3333333333333,0.2788007570158032,0.75,1.0288007570158033
blue,350,306.0,0.2868467181748554,0.75,1.0368467181748553
blue,350,306.66666666666663,0.2946713642733849,0.75,1.044671364273385
blue,350,307.3333333333333,0.30224428217215304,0.75,1.0522442821721532
blue,350,308.0,0.3095354290755999,0.75,1.0595354290755998
blue,350,308.66666666666663,0.3165153290000051,0.75,1.0665153290000051
blue,350,309.3333333333333,0.3231552697264908,0.75,1.0731552697264908
blue,350,310.0,0.3294274984144639,0.75,1.0794274984144638
blue,350,310.66666666666663,0.3353054140231359,0.75,1.085305414023136
blue,350,311.3333333333333,0.3407637546831275,0.75,1.0907637546831275
blue,350,312.0,0.3457787781774912,0.75,1.0957787781774913
blue,350,312.66666666666663,0.35032843373196204,0.75,1.100328433731962
blue,350,313.3333333333333,0.3543925233777224,0.75,1.1043925233777223
blue,350,314.0,0.35795285123598,0.75,1.10795285123598
blue,350,314.66666666666663,0.3609933591813574,0.75,1.1109933591813574
blue,350,315.3333333333333,0.3635002474692523,0.75,1.1135002474692524
blue,350,316.0,0.36546207905945555,0.75,1.1154620790594556
blue,350,316.66666666666663,0.36686986653256454,0.75,1.1168698665325645
blue,350,317.3333333333333,0.3677171406749616,0.75,1.1177171406749615
blue,350,318.0,0.368,0.75,1.1179999999999999
blue,350,318.66666666666663,0.3677171406749616,0.75,1.1177171406749615
blue,350,319.3333333333333,0.36686986653256465,0.75,1.1168698665325647
blue,350,320.0,0.36546207905945555,0.75,1.1154620790594556
blue,350,320.66666666666663,0.3635002474692525,0.75,1.1135002474692526
blue,350,321.3333333333333,0.3609933591813576,0.75,1.1109933591813577
blue,350,322.0,0.35795285123598,0.75,1.10795285123598
blue,350,322.66666666666663,0.3543925233777227,0.75,1.1043925233777228
blue,350,323.3333333333333,0.35032843373196243,0.75,1.1003284337319625
blue,350,324.0,0.3457787781774912,0.75,1.0957787781774913
blue,350,324.66666666666663,0.3407637546831279,0.75,1.090763754683128
blue,350,325.3333333333333,0.33530541402313635,0.75,1.0853054140231364
blue,350,326.0,0.3294274984144639,0.75,1.0794274984144638
blue,350,326.66666666666663,0.32315526972649133,0.75,1.0731552697264912
blue,350,327.3333333333333,0.3165153290000057,0.75,1.0665153290000058
blue,350,328.0,0.3095354290755999,0.75,1.0595354290755998
blue,350,328.66666666666663,0.30224428217215366,0.75,1.0522442821721536
blue,350,329.3333333333333,0.2946713642733856,0.75,1.0446713642733856
blue,350,330.0,0.2868467181748554,0.75,1.0368467181748553
blue,350,330.66666666666663,0.2788007570158039,0.75,1.028800757015804
blue,350,331.3333333333333,0.2705640700707823,0.75,1.0205640700707823
blue,350,332.0,0.26216723250629903,0.75,1.012167232506299
blue,350,332.66666666666663,0.253640620719158,0.75,1.003640620719158
blue,350,333.3333333333333,0.24501423476756268,0.75,0.9950142347675627
blue,350,334.0,0.23631752928528277,0.75,0.9863175292852828
blue,350,334.66666666666663,0.22757925413532712,0.75,0.9775792541353271
blue,350,335.3333333333333,0.2188273059149267,0.75,0.9688273059149267
blue,350,336.0,0.2100885912704728,0.75,0.9600885912704729
blue,350,336.66666666666663,0.20138890282174973,0.75,0.9513889028217497
blue,350,337.3333333333333,0.1927528083317864,0.75,0.9427528083317864
blue,350,338.0,0.18420355359422186,0.75,0.9342035535942219
blue,350,338.66666666666663,0.17576297934651264,0.75,0.9257629793465126
blue,350,339.3333333333333,0.16745145235684045,0.75,0.9174514523568404
blue,350,340.0,0.15928781067719164,0.75,0.9092878106771917
blue,350,340.66666666666663,0.15128932290664543,0.75,0.9012893229066454
blue,350,341.3333333333333,0.1434716611691796,0.75,0.8934716611691795
blue,350,342.0,0.13584888738069806,0.75,0.885848887380698
blue,350,342.66666666666663,0.12843345226176767,0.75,0.8784334522617676
blue,350,343.3333333333333,0.12123620644680336,0.75,0.8712362064468033
blue,350,344.0,0.1142664229479001,0.75,0.8642664229479001
blue,350,344.66666666666663,0.10753183015271973,0.75,0.8575318301527197
blue,350,345.3333333333333,0.10103865447118715,0.75,0.8510386544711872
blue,350,346.0,0.09479167169524916,0.75,0.8447916716952492
blue,350,346.66666666666663,0.08879426609949578,0.75,0.8387942660994958
blue,350,347.3333333333333,0.08304849628774344,0.75,0.8330484962877435
blue,350,348.0,0.07755516678117384,0.75,0.8275551667811738
blue,350,348.66666666666663,0.0723139043466384,0.75,0.8223139043466384
blue,350,349.3333333333333,0.06732323807849012,0.75,0.8173232380784902
blue,350,350.0,0.06258068227280347,0.75,0.8125806822728034
blue,350,350.66666666666663,0.058082821168054674,0.75,0.8080828211680546
blue,350,351.3333333333333,0.053825394670166435,0.75,0.8038253946701664
blue,350,352.0,0.04980338423107347,0.75,0.7998033842310734
blue,350,352.66666666666663,0.04601109810743541,0.75,0.7960110981074354
blue,350,353.3333333333333,0.042442255288637,0.75,0.792442255288637
blue,350,354.0,0.039090067449544186,0.75,0.7890900674495442
blue,350,354.66666666666663,0.03594731835246623,0.75,0.7859473183524662
blue,350,355.3333333333333,0.033006440193319504,0.75,0.7830064401933196
blue,350,356.0,0.030259586458014187,0.75,0.7802595864580142
blue,350,356.66666666666663,0.027698700925613908,0.75,0.7776987009256139
blue,350,357.3333333333333,0.025315582523978104,0.75,0.7753155825239781
blue,350,358.0,0.02310194581055795,0.75,0.7731019458105579
blue,350,358.66666666666663,0.021049476915079437,0.75,0.7710494769150794
blue,350,359.3333333333333,0.019149884841423426,0.75,0.7691498848414234
blue,350,360.0,0.017394948082580818,0.75,0.7673949480825808
blue,350,360.66666666666663,0.01577655655472506,0.75,0.7657765565547251
blue,350,361.3333333333333,0.014286748903917193,0.75,0.7642867489039172
blue,350,362.0,0.01291774528151861,0.75,0.7629177452815186
blue,350,362.66666666666663,0.011661975721923458,0.75,0.7616619757219235
blue,350,363.3333333333333,0.010512104288714566,0.75,0.7605121042887145
blue,350,364.0,0.00946104918282776,0.75,0.7594610491828278
blue,350,364.66666666666663,0.008501999028896819,0.75,0.7585019990288968
blue,350,365.3333333333333,0.007628425573827899,0.75,0.7576284255738279
blue,350,366.0,0.00683409304503534,0.75,0.7568340930450353
blue,350,366.66666666666663,0.00611306442493209,0.75,0.7561130644249321
blue,350,367.3333333333333,0.005459704903518379,0.75,0.7554597049035183
blue,350,368.0,0.004868682772574621,0.75,0.7548686827725746
blue,350,368.66666666666663,0.004334968023389035,0.75,0.7543349680233891
blue,350,369.3333333333333,0.0038538289055016083,0.75,0.7538538289055016
blue,350,370.0,0.0034208266969811617,0.75,0.7534208266969812
blue,350,370.66666666666663,0.0030318089276337667,0.75,0.7530318089276338
blue,350,371.3333333333333,0.002682901285625439,0.75,0.7526829012856254
blue,350,372.0,0.002370498425625736,0.75,0.7523704984256258
blue,350,372.66666666666663,0.002091253883067284,0.75,0.7520912538830673
blue,350,373.3333333333333,0.0018420692847750976,0.75,0.7518420692847751
blue,350,374.0,0.0016200830313275504,0.75,0.7516200830313275
blue,350,374.66666666666663,0.0014226586113260033,0.75,0.751422658611326
blue,350,375.3333333333333,0.0012473726925051807,0.75,0.7512473726925052
blue,350,376.0,0.0010920031195142694,0.75,0.7510920031195143
blue,350,376.66666666666663,0.0009545169334189921,0.75,0.750954516933419
blue,350,377.3333333333333,0.0008330585136704935,0.75,0.7508330585136705
blue,350,378.0,0.0007259379295839473,0.75,0.750725937929584
blue,350,378.66666666666663,0.0006316195753711,0.75,0.7506316195753711
blue,350,379.3333333333333,0.0005487111505573834,0.75,0.7505487111505574
blue,350,380.0,0.00047595303624317663,0.75,0.7504759530362431
blue,350,380.66666666666663,0.0004122081071797159,0.75,0.7504122081071797
blue,350,381.3333333333333,0.0003564520100447478,0.75,0.7503564520100447
blue,350,382.0,0.0003077639296265202,0.75,0.7503077639296265
blue,350,382.66666666666663,0.00026531785684898775,0.75,0.750265317856849
blue,350,383.3333333333333,0.0002283743656768063,0.75,0.7502283743656768
blue,350,384.0,0.00019627289989541973,0.75,0.7501962728998954
blue,350,384.66666666666663,0.00016842456553150967,0.75,0.7501684245655315
blue,350,385.3333333333333,0.00014430542021820692,0.75,0.7501443054202183
blue,350,386.0,0.00012345024706812441,0.75,0.7501234502470682
blue,350,386.66666666666663,0.00010544679754301854,0.75,0.750105446797543
blue,350,387.3333333333333,8.993048534709962e-05,0.75,0.7500899304853471
blue,350,388.0,7.657951146579612e-05,0.75,0.7500765795114658
blue,350,388.66666666666663,6.511039906759504e-05,0.75,0.7500651103990676
blue,350,389.3333333333333,5.527391602877765e-05,0.75,0.7500552739160288
blue,350,390.0,4.6851362276259856e-05,0.75,0.7500468513622762
blue,350,390.66666666666663,3.9651198921497015e-05,0.75,0.7500396511989215
blue,350,391.3333333333333,3.350599623044272e-05,0.75,0.7500335059962304
blue,350,392.0,2.826967779561405e-05,0.75,0.7500282696777956
blue,350,392.66666666666663,2.3815038804641522e-05,0.75,0.7500238150388047
blue,350,393.3333333333333,2.0031516996866452e-05,0.75,0.7500200315169969
blue,350,394.0,1.6823195730670886e-05,0.75,0.7500168231957307
blue,350,394.66666666666663,1.4107019517907466e-05,0.75,0.7500141070195179
blue,350,395.3333333333333,1.1811203390133998e-05,0.75,0.7500118112033901
blue,350,396.0,9.87381851973199e-06,0.75,0.7500098738185197
blue,350,396.66666666666663,8.24153760601735e-06,0.75,0.750008241537606
blue,350,397.3333333333333,6.868524633779495e-06,0.75,0.7500068685246338
blue,350,398.0,5.7154547037369215e-06,0.75,0.7500057154547037
blue,350,398.66666666666663,4.748650708229826e-06,0.75,0.7500047486507082
blue,350,399.3333333333333,3.939324670515907e-06,0.75,0.7500039393246705
blue,350,400.0,3.2629125738618627e-06,0.75,0.7500032629125739
blue,350,400.66666666666663,2.6984924707297084e-06,0.75,0.7500026984924707
blue,350,401.3333333333333,2.228276577956805e-06,0.75,0.7500022282765779
blue,350,402.0,1.8371689276007988e-06,0.75,0.7500018371689277
blue,350,402.66666666666663,1.5123809530535805e-06,0.75,0.750001512380953
blue,350,403.3333333333333,1.2430981452002983e-06,0.75,0.7500012430981452
blue,350,404.0,1.020191613812829e-06,0.75,0.7500010201916139
blue,350,404.66666666666663,8.359690357885378e-07,0.75,0.7500008359690358
blue,350,405.3333333333333,6.839600656644212e-07,0.75,0.7500006839600657
blue,350,406.0,5.587318269239761e-07,0.75,0.7500005587318269
blue,350,406.66666666666663,4.5573059721991507e-07,0.75,0.7500004557305973
blue,350,407.3333333333333,3.711462492795808e-07,0.75,0.7500003711462493
blue,350,408.0,3.0179641464614943e-07,0.75,0.7500003017964146
blue,350,408.66666666666663,2.450277023517641e-07,0.75,0.7500002450277024
blue,350,409.3333333333333,1.9863163198144555e-07,0.75,0.750000198631632
blue,350,410.0,1.6077323322383987e-07,0.75,0.7500001607732332
blue,350,410.66666666666663,1.2993052472555984e-07,0.75,0.7500001299305247
blue,350,411.3333333333333,1.0484331659641251e-07,0.75,0.7500001048433166
blue,350,412.0,8.446998587130134e-08,0.75,0.7500000844699859
blue,350,412.66666666666663,6.795105511177558e-08,0.75,0.7500000679510551
blue,350,413.3333333333333,5.457856347597813e-08,0.75,0.7500000545785634
blue,350,414.0,4.377035919923208e-08,0.75,0.7500000437703592
blue,350,414.66666666666663,3.504856455397469e-08,0.75,0.7500000350485646
blue,350,415.3333333333333,2.8021570886479093e-08,0.75,0.7500000280215708
blue,350,416.0,2.2369013994023347e-08,0.75,0.750000022369014
blue,350,416.66666666666663,1.7829260495013155e-08,0.75,0.7500000178292605
blue,350,417.3333333333333,1.4189005396708009e-08,0.75,0.7500000141890054
blue,350,418.0,1.1274641083445302e-08,0.75,0.7500000112746411
blue,350,418.66666666666663,8.945109605695686e-09,0.75,0.7500000089451097
blue,350,419.3333333333333,7.0859944984088904e-09,0.75,0.7500000070859945
blue,350,420.0,5.604646334569152e-09,0.75,0.7500000056046463
blue,350,420.66666666666663,4.426168661265937e-09,0.75,0.7500000044261687
blue,350,421.3333333333333,3.4901186101648932e-09,0.75,0.7500000034901186
blue,350,422.0,2.747799974355578e-09,0.75,0.7500000027478
blue,350,422.66666666666663,2.1600464728224064e-09,0.75,0.7500000021600465
blue,350,423.3333333333333,1.6954097849090776e-09,0.75,0.7500000016954098
blue,350,424.0,1.3286811691482015e-09,0.75,0.7500000013286812
blue,350,424.66666666666663,1.0396874658912906e-09,0.75,0.7500000010396874
blue,350,425.3333333333333,8.123123529472317e-10,0.75,0.7500000008123123
blue,350,426.0,6.337021648128789e-10,0.75,0.7500000006337022
blue,350,426.66666666666663,4.936226464986958e-10,0.75,0.7500000004936227
blue,350,427.3333333333333,3.839389051913968e-10,0.75,0.7500000003839389
blue,350,428.0,2.981957294907218e-10,0.75,0.7500000002981957
blue,350,428.66666666666663,2.3127952269190815e-10,0.75,0.7500000002312796
blue,350,429.3333333333333,1.7914647655092848e-10,0.75,0.7500000001791465
blue,350,430.0,1.3860440824459847e-10,0.75,0.7500000001386045
blue,350,430.66666666666663,1.0713799171243418e-10,0.75,0.750000000107138
blue,350,431.3333333333333,8.276901634159588e-11,0.75,0.750000000082769
blue,350,432.0,6.394486944202025e-11,0.75,0.7500000000639448
blue,350,432.66666666666663,4.94497217192642e-11,0.75,0.7500000000494497
blue,350,433.3333333333333,3.833394530117327e-11,0.75,0.7500000000383339
blue,350,434.0,2.9858152262138364e-11,0.75,0.7500000000298581
blue,350,434.66666666666663,2.344894180276001e-11,0.75,0.7500000000234489
blue,350,435.3333333333333,1.8664014439460054e-11,0.75,0.750000000018664
blue,350,436.0,1.5164775148694416e-11,0.75,0.7500000000151648
blue,350,436.66666666666663,1.2694923818275099e-11,0.75,0.750000000012695
blue,350,437.3333333333333,1.106383666819868e-11,0.75,0.7500000000110638
blue,350,438.0,1.0133789810077453e-11,0.75,0.7500000000101338
blue,350,438.66666666666663,9.810276789813338e-12,0.75,0.7500000000098103
blue,350,439.3333333333333,1.0034834846833164e-11,0.75,0.7500000000100349
blue,350,440.0,1.0779927174858486e-11,0.75,0.7500000000107799
blue,350,440.66666666666663,1.2045536820150656e-11,0.75,0.7500000000120456
blue,350,441.3333333333333,1.3857217062294355e-11,0.75,0.7500000000138572
blue,350,442.0,1.6265417369499654e-11,0.75,0.7500000000162654
blue,350,442.66666666666663,1.934596677186481e-11,0.75,0.750000000019346
blue,350,443.3333333333333,2.3201650645410614e-11,0.75,0.7500000000232017
blue,350,444.0,2.7964864884102054e-11,0.75,0.7500000000279649
blue,350,444.66666666666663,3.380137533597287e-11,0.75,0.7500000000338014
blue,350,445.3333333333333,4.0915251997820675e-11,0.75,0.7500000000409153
blue,350,446.0,4.955508840197795e-11,0.75,0.7500000000495551
blue,350,446.66666666666663,6.002165834634477e-11,0.75,0.7500000000600217
blue,350,447.3333333333333,7.26772059822903e-11,0.75,0.7500000000726772
blue,350,448.0,8.79566126064792e-11,0.75,0.7500000000879566
blue,350,448.66666666666663,1.0638073562085397e-10,0.75,0.7500000001063807
blue,350,449.3333333333333,1.285722733822364e-10,0.75,0.7500000001285723
blue,350,450.0,1.552745754808352e-10,0.75,0.7500000001552746
blue,350,450.66666666666663,1.873738928891181e-10,0.75,0.7500000001873739
blue,350,451.3333333333333,2.2592564806802233e-10,0.75,0.7500000002259256
blue,350,452.0,2.7218540333348813e-10,0.75,0.7500000002721854
blue,350,452.66666666666663,3.276453186017269e-10,0.75,0.7500000003276454
blue,350,453.3333333333333,3.940770193115264e-10,0.75,0.750000000394077
blue,350,454.0,4.735819444048924e-10,0.75,0.750000000473582
blue,350,454.66666666666663,5.686504155843034e-10,0.75,0.7500000005686505
blue,350,455.3333333333333,6.822308658602495e-10,0.75,0.7500000006822308
blue,350,456.0,8.178108912605028e-10,0.75,0.7500000008178109
blue,350,456.66666666666663,9.795120485446867e-10,0.75,0.750000000979512
blue,350,457.3333333333333,1.1722006184055507e-09,0.75,0.7500000011722007
blue,350,458.0,1.4016168930518839e-09,0.75,0.7500000014016169
blue,350,458.66666666666663,1.6745259349864371e-09,0.75,0.750000001674526
blue,350,459.3333333333333,1.9988931966301655e-09,0.75,0.7500000019988932
blue,350,460.0,2.384088895374953e-09,0.75,0.7500000023840889
blue,350,460.66666666666663,2.841125613682785e-09,0.75,0.7500000028411257
blue,350,461.3333333333333,3.382934247917053e-09,0.75,0.7500000033829343
blue,350,462.0,4.0246841726338245e-09,0.75,0.7500000040246841
blue,350,462.66666666666663,4.784154330124378e-09,0.75,0.7500000047841543
blue,350,463.3333333333333,5.682162910336275e-09,0.75,0.750000005682163
blue,350,464.0,6.743064367483485e-09,0.75,0.7500000067430643
blue,350,464.66666666666663,7.995323741692032e-09,0.75,0.7500000079953237
blue,350,465.3333333333333,9.472179633467358e-09,0.75,0.7500000094721796
blue,350,466.0,1.1212408733855916e-08,0.75,0.7500000112124088
blue,350,466.66666666666663,1.3261206563957722e-08,0.75,0.7500000132612066
blue,350,467.3333333333333,1.5671201045921226e-08,0.75,0.750000015671201
blue,350,468.0,1.8503617737812894e-08,0.75,0.7500000185036177
blue,350,468.66666666666663,2.1829618043133804e-08,0.75,0.750000021829618
blue,350,469.3333333333333,2.5731834480955838e-08,0.75,0.7500000257318344
blue,350,470.0,3.030613020590938e-08,0.75,0.7500000303061302
blue,350,470.66666666666663,3.566361343251866e-08,0.75,0.7500000356636134
blue,350,471.3333333333333,4.193294128235265e-08,0.75,0.7500000419329412
blue,350,472.0,4.9262951874868756e-08,0.75,0.7500000492629518
blue,350,472.66666666666663,5.7825668266482565e-08,0.75,0.7500000578256683
blue,350,473.3333333333333,6.781972315327953e-08,0.75,0.7500000678197232
blue,350,474.0,7.947425914025352e-08,0.75,0.7500000794742592
blue,350,474.66666666666663,9.305336589680065e-08,0.75,0.7500000930533659
blue,350,475.3333333333333,1.0886112272059348e-07,0.75,0.7500001088611227
blue,350,476.0,1.2724732297971365e-07,0.75,0.750000127247323
blue,350,476.66666666666663,1.486139656594246e-07,0.75,0.7500001486139657
blue,350,477.3333333333333,1.7342260887189068e-07,0.75,0.7500001734226088
blue,350,478.0,2.022026907649505e-07,0.75,0.7500002022026908
blue,350,478.66666666666663,2.3556093486334378e-07,0.75,0.7500002355609349
blue,350,479.3333333333333,2.7419196956926384e-07,0.75,0.7500002741919696
blue,350,480.0,3.1889030541863895e-07,0.75,0.7500003188903054
blue,350,480.66666666666663,3.7056382881756226e-07,0.75,0.7500003705638288
blue,350,481.3333333333333,4.3024898745421036e-07,0.75,0.7500004302489874
blue,350,482.0,4.991278604820322e-07,0.75,0.7500004991278605
blue,350,482.66666666666663,5.785473259876325e-07,0.75,0.7500005785473259
blue,350,483.3333333333333,6.7004055927951e-07,0.75,0.7500006700405593
blue,350,484.0,7.753511182497209e-07,0.75,0.7500007753511182
blue,350,484.66666666666663,8.964598965566381e-07,0.75,0.7500008964598965
blue,350,485.3333333333333,1.035615251737178e-06,0.75,0.7500010356152518
blue,350,486.0,1.195366643662661e-06,0.75,0.7500011953666437
blue,350,486.66666666666663,1.3786021490804917e-06,0.75,0.7500013786021491
blue,350,487.3333333333333,1.588590250403527e-06,0.75,0.7500015885902505
blue,350,488.0,1.8290263314824703e-06,0.75,0.7500018290263315
blue,350,488.66666666666663,2.104084349877515e-06,0.75,0.7500021040843499
blue,350,489.3333333333333,2.418474194172153e-06,0.75,0.7500024184741941
blue,350,490.0,2.7775052761722896e-06,0.75,0.7500027775052762
blue,350,490.66666666666663,3.1871569514183326e-06,0.75,0.7500031871569515
blue,350,491.3333333333333,3.6541564072950013e-06,0.75,0.7500036541564072
blue,350,492.0,4.186064706124752e-06,0.75,0.7500041860647061
blue,350,492.66666666666663,4.791371720920054e-06,0.75,0.7500047913717209
blue,350,493.3333333333333,5.479600753861098e-06,0.75,0.7500054796007538
blue,350,494.0,6.261423681946468e-06,0.75,0.750006261423682
blue,350,494.66666666666663,7.148787530485546e-06,0.75,0.7500071487875305
blue,350,495.3333333333333,8.155053432971388e-06,0.75,0.750008155053433
blue,350,496.0,9.295148995164649e-06,0.75,0.7500092951489952
blue,350,496.66666666666663,1.058573514165876e-05,0.75,0.7500105857351417
blue,350,497.3333333333333,1.204538858445227e-05,0.75,0.7500120453885845
blue,350,498.0,1.36948011147523e-05,0.75,0.7500136948011148
blue,350,498.66666666666663,1.5556996980940453e-05,0.75,0.750015556996981
blue,350,499.3333333333333,1.7657569676841874e-05,0.75,0.7500176575696769
blue,350,500.0,2.0024939524596566e-05,0.75,0.7500200249395246
blue,350,500.66666666666663,2.2690633494912223e-05,0.75,0.7500226906334949
blue,350,501.3333333333333,2.568958876356881e-05,0.75,0.7500256895887636
blue,350,502.0,2.9060481555977592e-05,0.75,0.7500290604815559
blue,350,502.66666666666663,3.284608288053265e-05,0.75,0.7500328460828806
blue,350,503.3333333333333,3.709364279547842e-05,0.75,0.7500370936427955
blue,350,504.0,4.185530489205954e-05,0.75,0.7500418553048921
blue,350,504.66666666666663,4.7188552707740906e-05,0.75,0.7500471885527077
blue,350,505.3333333333333,5.3156689806092676e-05,0.75,0.7500531566898061
blue,350,506.0,5.9829355273290434e-05,0.75,0.7500598293552733
blue,350,506.66666666666663,6.728307638378807e-05,0.75,0.7500672830763838
blue,350,507.3333333333333,7.560186017813179e-05,0.75,0.7500756018601782
blue,350,508.0,8.487782567266218e-05,0.75,0.7500848778256727
blue,350,508.66666666666663,9.521187838248958e-05,0.75,0.7500952118783825
blue,350,509.3333333333333,0.00010671442878397277,0.75,0.750106714428784
blue,350,510.0,0.00011950615626939797,0.75,0.7501195061562694
blue,350,510.66666666666663,0.00013371882005297852,0.75,0.750133718820053
blue,350,511.3333333333333,0.00014949611837191656,0.75,0.7501494961183719
blue,350,512.0,0.00016699459718740273,0.75,0.7501669945971874
blue,350,512.6666666666666,0.00018638460942641967,0.75,0.7501863846094264
blue,350,513.3333333333333,0.00020785132561424694,0.75,0.7502078513256143
blue,350,514.0,0.00023159579652806697,0.75,0.7502315957965281
blue,350,514.6666666666666,0.0002578360682524334,0.75,0.7502578360682525
blue,350,515.3333333333333,0.0002868083497361024,0.75,0.7502868083497362
blue,350,516.0,0.00031876823263520383,0.75,0.7503187682326352
blue,350,516.6666666666666,0.0003539919628790541,0.75,0.7503539919628791
blue,350,517.3333333333333,0.00039277776301067035,0.75,0.7503927777630107
blue,350,518.0,0.0004354472039331867,0.75,0.7504354472039332
blue,350,518.6666666666666,0.0004823466242356206,0.75,0.7504823466242356
blue,350,519.3333333333333,0.0005338485947759831,0.75,0.750533848594776
blue,350,520.0,0.0005903534256661682,0.75,0.7505903534256662
blue,350,520.6666666666666,0.0006522907122321751,0.75,0.7506522907122322
blue,350,521.3333333333333,0.000720120915914989,0.75,0.750720120915915
blue,350,522.0,0.0007943369754324283,0.75,0.7507943369754324
blue,350,522.6666666666666,0.0008754659428426689,0.75,0.7508754659428427
blue,350,523.3333333333333,0.0009640706384369048,0.75,0.750964070638437
blue,350,524.0,0.0010607513176436564,0.75,0.7510607513176436
blue,350,524.6666666666666,0.0011661473423543352,0.75,0.7511661473423543
blue,350,525.3333333333333,0.001280938848281165,0.75,0.7512809388482812
blue,350,526.0,0.0014058483991378305,0.75,0.7514058483991378
blue,350,526.6666666666666,0.0015416426175959975,0.75,0.751541642617596
blue,350,527.3333333333333,0.001689133782120955,0.75,0.751689133782121
blue,350,528.0,0.0018491813779320566,0.75,0.7518491813779321
blue,350,528.6666666666666,0.002022693589476351,0.75,0.7520226935894764
blue,350,529.3333333333333,0.002210628720952047,0.75,0.752210628720952
blue,350,530.0,0.002413996530578983,0.75,0.7524139965305789
blue,350,530.6666666666666,0.002633859463496224,0.75,0.7526338594634963
blue,350,531.3333333333333,0.002871333767379068,0.75,0.752871333767379
blue,350,532.0,0.0031275904741169818,0.75,0.753127590474117
blue,350,532.6666666666666,0.0034038562301933065,0.75,0.7534038562301933
blue,350,533.3333333333333,0.0037014139577639335,0.75,0.7537014139577639
blue,350,534.0,0.004021603327855403,0.75,0.7540216033278554
blue,350,534.6666666666666,0.0043658210266072795,0.75,0.7543658210266073
blue,350,535.3333333333333,0.004735520795076987,0.75,0.754735520795077
blue,350,536.0,0.005132213222817794,0.75,0.7551322132228178
blue,350,536.6666666666666,0.00555746527524794,0.75,0.7555574652752479
blue,350,537.3333333333333,0.0060128995347585815,0.75,0.7560128995347586
blue,350,538.0,0.006500193135569628,0.75,0.7565001931355696
blue,350,538.6666666666666,0.00702107637255303,0.75,0.757021076372553
blue,350,539.3333333333333,0.007577330964607249,0.75,0.7575773309646072
blue,350,540.0,0.008170787953693984,0.75,0.758170787953694
blue,350,540.6666666666666,0.008803325221354425,0.75,0.7588033252213544
blue,350,541.3333333333333,0.009476864605410295,0.75,0.7594768646054103
blue,350,542.0,0.010193368600630522,0.75,0.7601933686006305
blue,350,542.6666666666666,0.010954836628422992,0.75,0.760954836628423
blue,350,543.3333333333333,0.01176330086208994,0.75,0.76176330086209
blue,350,544.0,0.012620821595867951,0.75,0.762620821595868
blue,350,544.6666666666666,0.013529482147871608,0.75,0.7635294821478716
blue,350,545.3333333333333,0.014491383289165705,0.75,0.7644913832891657
blue,350,546.0,0.015508637193501642,0.75,0.7655086371935016
blue,350,546.6666666666666,0.016583360904778535,0.75,0.7665833609047785
blue,350,547.3333333333333,0.01771766932201361,0.75,0.7677176693220136
blue,350,548.0,0.018913667704519594,0.75,0.7689136677045196
blue,350,548.6666666666666,0.020173443703095685,0.75,0.7701734437030957
blue,350,549.3333333333333,0.021499058926317993,0.75,0.771499058926318
blue,350,550.0,0.022892540054449878,0.75,0.7728925400544499
blue,350,550.6666666666666,0.02435586951708269,0.75,0.7743558695170827
blue,350,551.3333333333333,0.025890975754330928,0.75,0.775890975754331
blue,350,552.0,0.027499723085216688,0.75,0.7774997230852166
blue,350,552.6666666666666,0.029183901210787715,0.75,0.7791839012107877
blue,350,553.3333333333333,0.03094521438347375,0.75,0.7809452143834738
blue,350,554.0,0.03278527027817102,0.75,0.782785270278171
blue,350,554.6666666666666,0.03470556860454579,0.75,0.7847055686045458
blue,350,555.3333333333333,0.03670748950401446,0.75,0.7867074895040145
blue,350,556.0,0.03879228177875367,0.75,0.7887922817787537
blue,350,556.6666666666666,0.040961051003910974,0.75,0.790961051003911
blue,350,557.3333333333333,0.04321474757786635,0.75,0.7932147475778664
blue,350,558.0,0.04555415476889718,0.75,0.7955541547688971
blue,350,558.6666666666666,0.04797987681991702,0.75,0.797979876819917
blue,350,559.3333333333333,0.05049232717602756,0.75,0.8004923271760276
blue,350,560.0,0.05309171690240259,0.75,0.8030917169024026
blue,350,560.6666666666666,0.05577804336250888,0.75,0.8057780433625089
blue,350,561.3333333333333,0.05855107922879499,0.75,0.808551079228795
blue,350,562.0,0.06141036189970692,0.75,0.8114103618997069
blue,350,562.6666666666666,0.06435518339822123,0.75,0.8143551833982212
blue,350,563.3333333333333,0.0673845808279577,0.75,0.8173845808279577
blue,350,564.0,0.07049732746331006,0.75,0.82049732746331
blue,350,564.6666666666666,0.07369192454992962,0.75,0.8236919245499297
blue,350,565.3333333333333,0.07696659389125089,0.75,0.8269665938912509
blue,350,566.0,0.08031927129553683,0.75,0.8303192712955368
blue,350,566.6666666666666,0.08374760095617097,0.75,0.833747600956171
blue,350,567.3333333333333,0.08724893083558224,0.75,0.8372489308355823
blue,350,568.0,0.09082030912024243,0.75,0.8408203091202424
blue,350,568.6666666666666,0.09445848181067126,0.75,0.8444584818106713
blue,350,569.3333333333333,0.09815989150627648,0.75,0.8481598915062765
blue,350,570.0,0.10192067744014999,0.75,0.85192067744015
blue,350,570.6666666666666,0.1057366768136967,0.75,0.8557366768136967
blue,350,571.3333333333333,0.10960342747516331,0.75,0.8596034274751633
blue,350,572.0,0.1135161719797743,0.75,0.8635161719797743
blue,350,572.6666666666666,0.11746986306235913,0.75,0.8674698630623592
blue,350,573.3333333333333,0.12145917054604624,0.75,0.8714591705460463
blue,350,574.0,0.12547848970284378,0.75,0.8754784897028438
blue,350,574.6666666666666,0.12952195107382397,0.75,0.8795219510738239
blue,350,575.3333333333333,0.13358343174817228,0.75,0.8835834317481723
blue,350,576.0,0.13765656809160431,0.75,0.8876565680916043
blue,350,576.6666666666666,0.14173476990571063,0.75,0.8917347699057107
blue,350,577.3333333333333,0.14581123599066217,0.75,0.8958112359906621
blue,350,578.0,0.14987897107446893,0.75,0.8998789710744689
blue,350,578.6666666666666,0.15393080406274684,0.75,0.9039308040627468
blue,350,579.3333333333333,0.15795940755373566,0.75,0.9079594075537356
blue,350,580.0,0.16195731855418796,0.75,0.9119573185541879
blue,350,580.6666666666666,0.16591696032284972,0.75,0.9159169603228497
blue,350,581.3333333333333,0.16983066525959245,0.75,0.9198306652595925
blue,350,582.0,0.17369069874990764,0.75,0.9236906987499076
blue,350,582.6666666666666,0.17748928386656657,0.75,0.9274892838665666
blue,350,583.3333333333333,0.18121862682279344,0.75,0.9312186268227934
blue,350,584.0,0.1848709430643718,0.75,0.9348709430643718
blue,350,584.6666666666666,0.1884384838818165,0.75,0.9384384838818165
blue,350,585.3333333333333,0.19191356341810858,0.75,0.9419135634181086
blue,350,586.0,0.1952885859425636,0.75,0.9452885859425636
blue,350,586.6666666666666,0.1985560732572912,0.75,0.9485560732572912
blue,350,587.3333333333333,0.20170869209939712,0.75,0.9517086920993971
blue,350,588.0,0.20473928139962616,0.75,0.9547392813996262
blue,350,588.6666666666666,0.20764087925661945,0.75,0.9576408792566194
blue,350,589.3333333333333,0.21040674948535137,0.75,0.9604067494853514
blue,350,590.0,0.21303040759863057,0.75,0.9630304075986306
blue,350,590.6666666666666,0.21550564608186226,0.75,0.9655056460818623
blue,350,591.3333333333333,0.21782655882352733,0.75,0.9678265588235273
blue,350,592.0,0.21998756456703927,0.75,0.9699875645670393
blue,350,592.6666666666666,0.22198342925382178,0.75,0.9719834292538218
blue,350,593.3333333333333,0.22380928713254056,0.75,0.9738092871325406
blue,350,594.0,0.22546066051540709,0.75,0.975460660515407
blue,350,594.6666666666666,0.22693347806933786,0.75,0.9769334780693378
blue,350,595.3333333333333,0.2282240915374264,0.75,0.9782240915374264
blue,350,596.0,0.2293292907946196,0.75,0.9793292907946196
blue,350,596.6666666666666,0.2302463171506512,0.75,0.9802463171506512
blue,350,597.3333333333333,0.23097287482308113,0.75,0.9809728748230812
blue,350,598.0,0.23150714051365662,0.75,0.9815071405136566
blue,350,598.6666666666666,0.23184777103209053,0.75,0.9818477710320905
blue,350,599.3333333333333,0.23199390892264107,0.75,0.981993908922641
blue,350,600.0,0.2319451860605031,0.75,0.9819451860605031
blue,350,600.6666666666666,0.23170172519690113,0.75,0.9817017251969011
blue,350,601.3333333333333,0.2312641394438057,0.75,0.9812641394438057
blue,350,602.0,0.23063352970130183,0.75,0.9806335297013018
blue,350,602.6666666666666,0.2298114800427178,0.75,0.9798114800427178
blue,350,603.3333333333333,0.2288000510845887,0.75,0.9788000510845887
blue,350,604.0,0.22760177138029491,0.75,0.9776017713802949
blue,350,604.6666666666666,0.22621962688768396,0.75,0.9762196268876839
blue,350,605.3333333333333,0.22465704857207505,0.75,0.974657048572075
blue,350,606.0,0.22291789821668287,0.75,0.9729178982166828
blue,350,606.6666666666666,0.22100645252258821,0.75,0.9710064525225882
blue,350,607.3333333333333,0.21892738558986327,0.75,0.9689273855898632
blue,350,608.0,0.2166857498802732,0.75,0.9666857498802732
blue,350,608.6666666666666,0.21428695577003465,0.75,0.9642869557700346
blue,350,609.3333333333333,0.2117367498083795,0.75,0.9617367498083795
blue,350,610.0,0.20904119180411404,0.75,0.9590411918041141
blue,350,610.6666666666666,0.20620663086790025,0.75,0.9562066308679003
blue,350,611.3333333333333,0.20323968054261837,0.75,0.9532396805426184
blue,350,612.0,0.2001471931578774,0.75,0.9501471931578774
blue,350,612.6666666666666,0.19693623354746925,0.75,0.9469362335474693
blue,350,613.3333333333333,0.19361405227033765,0.75,0.9436140522703377
blue,350,614.0,0.19018805847646375,0.75,0.9401880584764637
blue,350,614.6666666666666,0.18666579255891766,0.75,0.9366657925589177
blue,350,615.3333333333333,0.1830548987322446,0.75,0.9330548987322446
blue,350,616.0,0.17936309767538136,0.75,0.9293630976753814
blue,350,616.6666666666666,0.17559815937440312,0.75,0.9255981593744032
blue,350,617.3333333333333,0.17176787629667925,0.75,0.9217678762966792
blue,350,618.0,0.16788003702350607,0.75,0.9178800370235061
blue,350,618.6666666666666,0.1639424004629904,0.75,0.9139424004629904
blue,350,619.3333333333333,0.15996267075897708,0.75,0.9099626707589771
blue,350,620.0,0.15594847300521872,0.75,0.9059484730052187
blue,350,620.6666666666666,0.15190732986677535,0.75,0.9019073298667754
blue,350,621.3333333333333,0.14784663920293217,0.75,0.8978466392029322
blue,350,622.0,0.14377365277780604,0.75,0.8937736527778061
blue,350,622.6666666666666,0.13969545613628664,0.75,0.8896954561362866
blue,350,623.3333333333333,0.13561894971416052,0.75,0.8856189497141606
blue,350,624.0,0.13155083124226433,0.75,0.8815508312422643
blue,350,624.6666666666666,0.1274975794953281,0.75,0.8774975794953281
blue,350,625.3333333333333,0.12346543942692528,0.75,0.8734654394269252
blue,350,626.0,0.11946040872271886,0.75,0.8694604087227189
blue,350,626.6666666666666,0.11548822579499027,0.75,0.8654882257949903
blue,350,627.3333333333333,0.11155435923238619,0.75,0.8615543592323862
blue,350,628.0,0.10766399870997852,0.75,0.8576639987099786
blue,350,628.6666666666666,0.10382204735610999,0.75,0.85382204735611
blue,350,629.3333333333333,0.10003311556420277,0.75,0.8500331155642028
blue,350,630.0,0.09630151622979023,0.75,0.8463015162297902
blue,350,630.6666666666666,0.09263126138548626,0.75,0.8426312613854863
blue,350,631.3333333333333,0.08902606019952691,0.75,0.839026060199527
blue,350,632.0,0.08548931829694141,0.75,0.8354893182969414
blue,350,632.6666666666666,0.08202413835631278,0.75,0.8320241383563127
blue,350,633.3333333333333,0.07863332192955036,0.75,0.8286333219295503
blue,350,634.0,0.07531937242713714,0.75,0.8253193724271372
blue,350,634.6666666666666,0.0720844992068961,0.75,0.8220844992068961
blue,350,635.3333333333333,0.0689306227005074,0.75,0.8189306227005074
blue,350,636.0,0.06585938050879754,0.75,0.8158593805087976
blue,350,636.6666666666666,0.06287213439417022,0.75,0.8128721343941703
blue,350,637.3333333333333,0.059969978096498185,0.75,0.8099699780964982
blue,350,638.0,0.057153745897329696,0.75,0.8071537458973297
blue,350,638.6666666666666,0.05442402185632997,0.75,0.80442402185633
blue,350,639.3333333333333,0.05178114964349898,0.75,0.801781149643499
blue,350,640.0,0.049225242890860985,0.75,0.7992252428908609
blue,350,640.6666666666666,0.04675619598794034,0.75,0.7967561959879403
blue,350,641.3333333333333,0.0443736952464386,0.75,0.7943736952464386
blue,350,642.0,0.042077230361073956,0.75,0.7920772303610739
blue,350,642.6666666666666,0.03986610609546823,0.75,0.7898661060954683
blue,350,643.3333333333333,0.037739454124273056,0.75,0.787739454124273
blue,350,644.0,0.03569624496537434,0.75,0.7856962449653744
blue,350,644.6666666666666,0.03373529993893742,0.75,0.7837352999389374
blue,350,645.3333333333333,0.031855303093249084,0.75,0.7818553030932491
blue,350,646.0,0.030054813040736695,0.75,0.7800548130407366
blue,350,646.6666666666666,0.028332274651135064,0.75,0.7783322746511351
blue,350,647.3333333333333,0.026686030552520824,0.75,0.7766860305525208
blue,350,648.0,0.025114332394803575,0.75,0.7751143323948035
blue,350,648.6666666666666,0.023615351834193336,0.75,0.7736153518341934
blue,350,649.3333333333333,0.022187191201149117,0.75,0.7721871912011491
blue,350,650.0,0.02082789381831688,0.75,0.7708278938183168
blue,350,650.6666666666666,0.01953545393893795,0.75,0.769535453938938
blue,350,651.3333333333333,0.01830782628014414,0.75,0.7683078262801442
blue,350,652.0,0.01714293512942513,0.75,0.7671429351294251
blue,350,652.6666666666666,0.016038683006315328,0.75,0.7660386830063153
blue,350,653.3333333333333,0.01499295886499918,0.75,0.7649929588649992
blue,350,654.0,0.014003645827053674,0.75,0.7640036458270537
blue,350,654.6666666666666,0.013068628436902565,0.75,0.7630686284369026
blue,350,655.3333333333333,0.012185799435750627,0.75,0.7621857994357506
blue,350,656.0,0.011353066052782931,0.75,0.761353066052783
blue,350,656.6666666666666,0.010568355815231228,0.75,0.7605683558152312
blue,350,657.3333333333333,0.009829621881533078,0.75,0.759829621881533
blue,350,658.0,0.009134847904231514,0.75,0.7591348479042315
blue,350,658.6666666666666,0.0084820524314693,0.75,0.7584820524314693
blue,350,659.3333333333333,0.007869292857932381,0.75,0.7578692928579324
blue,350,660.0,0.007294668937890753,0.75,0.7572946689378908
blue,350,660.6666666666666,0.0067563258745628515,0.75,0.7567563258745629
blue,350,661.3333333333333,0.006252457001407371,0.75,0.7562524570014074
blue,350,662.0,0.005781306072124967,0.75,0.755781306072125
blue,350,662.6666666666666,0.005341169177131888,0.75,0.7553411691771319
blue,350,663.3333333333333,0.004930396305062708,0.75,0.7549303963050628
blue,350,664.0,0.004547392568477144,0.75,0.7545473925684771
blue,350,664.6666666666666,0.0041906191133892785,0.75,0.7541906191133892
blue,350,665.3333333333333,0.0038585937325227673,0.75,0.7538585937325227
blue,350,666.0,0.0035498912023320967,0.75,0.7535498912023321
blue,350,666.6666666666666,0.003263143363822957,0.75,0.7532631433638229
blue,350,667.3333333333333,0.0029970389670714863,0.75,0.7529970389670715
blue,350,668.0,0.0027503232990919737,0.75,0.752750323299092
blue,350,668.6666666666666,0.002521797614343265,0.75,0.7525217976143432
blue,350,669.3333333333333,0.0023103183867113114,0.75,0.7523103183867114
blue,350,670.0,0.0021147964012687035,0.75,0.7521147964012687
blue,350,670.6666666666666,0.0019341957035000398,0.75,0.7519341957035001
blue,350,671.3333333333333,0.0017675324230080852,0.75,0.7517675324230081
blue,350,672.0,0.0016138734879897023,0.75,0.7516138734879897
blue,350,672.6666666666666,0.0014723352459995122,0.75,0.7514723352459995
blue,350,673.3333333333333,0.0013420820057154425,0.75,0.7513420820057154
blue,350,674.0,0.0012223245135917827,0.75,0.7512223245135918
blue,350,674.6666666666666,0.00111231837843832,0.75,0.7511123183784383
blue,350,675.3333333333333,0.0010113624561085637,0.75,0.7510113624561086
blue,350,676.0,0.0009187972056224182,0.75,0.7509187972056224
blue,350,676.6666666666666,0.0008340030271937899,0.75,0.7508340030271938
blue,350,677.3333333333333,0.0007563985917893382,0.75,0.7507563985917893
blue,350,678.0,0.0006854391710153757,0.75,0.7506854391710154
blue,350,678.6666666666666,0.0006206149753195899,0.75,0.7506206149753196
blue,350,679.3333333333333,0.000561449507707979,0.75,0.750561449507708
blue,350,680.0,0.0005074979394184293,0.75,0.7505074979394184
blue,350,680.6666666666666,0.00045834551326277064,0.75,0.7504583455132627
blue,350,681.3333333333333,0.0004136059796523798,0.75,0.7504136059796523
blue,350,682.0,0.0003729200696601624,0.75,0.7503729200696602
blue,350,682.6666666666666,0.00033595400884484664,0.75,0.7503359540088449
blue,350,683.3333333333333,0.0003023980749738024,0.75,0.7503023980749738
blue,350,684.0,0.0002719652022285489,0.75,0.7502719652022285
blue,350,684.6666666666666,0.000244389633962484,0.75,0.7502443896339624
blue,350,685.3333333333333,0.0002194256256037673,0.75,0.7502194256256037
blue,350,686.0,0.00019684619885719157,0.75,0.7501968461988572
blue,350,686.6666666666666,0.0001764419479563514,0.75,0.7501764419479563
blue,350,687.3333333333333,0.00015801989835104695,0.75,0.7501580198983511
blue,350,688.0,0.00014140241788352506,0.75,0.7501414024178835
blue,350,688.6666666666666,0.0001264261802093566,0.75,0.7501264261802093
blue,350,689.3333333333333,0.00011294117995347592,0.75,0.7501129411799535
blue,350,690.0,0.00010080979885760809,0.75,0.7501008097988576
blue,350,690.6666666666666,8.990592197021186e-05,0.75,0.7500899059219702
blue,350,691.3333333333333,8.011410275279934e-05,0.75,0.7500801141027528
blue,350,692.0,7.132877582531074e-05,0.75,0.7500713287758253
blue,350,692.6666666666666,6.345351594626609e-05,0.75,0.7500634535159463
blue,350,693.3333333333333,5.640034171916673e-05,0.75,0.7500564003417192
blue,350,694.0,5.008906243329671e-05,0.75,0.7500500890624333
blue,350,694.6666666666666,4.4446666382911736e-05,0.75,0.7500444466663829
blue,350,695.3333333333333,3.940674896224784e-05,0.75,0.7500394067489623
blue,350,696.0,3.490897880321004e-05,0.75,0.7500349089788032
blue,350,696.6666666666666,3.089860020635658e-05,0.75,0.7500308986002063
blue,350,697.3333333333333,2.732597011248838e-05,0.75,0.7500273259701125
blue,350,698.0,2.4146127870321498e-05,0.75,0.7500241461278703
blue,350,698.6666666666666,2.1318396073941827e-05,0.75,0.7500213183960739
blue,350,699.3333333333333,1.880601077081358e-05,0.75,0.7500188060107709
blue,350,700.0,1.657577937579366e-05,0.75,0.7500165757793757
blue,350,700.6666666666666,1.4597764667738557e-05,0.75,0.7500145977646677
blue,350,701.3333333333333,1.2844993291874834e-05,0.75,0.7500128449932919
blue,350,702.0,1.1293187242155564e-05,0.75,0.7500112931872421
blue,350,702.6666666666666,9.920516852430202e-06,0.75,0.7500099205168524
blue,350,703.3333333333333,8.707373882635382e-06,0.75,0.7500087073738826
blue,350,704.0,7.636163345620578e-06,0.75,0.7500076361633456
blue,350,704.6666666666666,6.691112780975554e-06,0.75,0.750006691112781
blue,350,705.3333333333333,5.858097743752243e-06,0.75,0.7500058580977438
blue,350,706.0,5.124482337737844e-06,0.75,0.7500051244823377
blue,350,706.6666666666666,4.478973684459587e-06,0.75,0.7500044789736845
blue,350,707.3333333333333,3.911489279994401e-06,0.75,0.75000391148928
blue,350,708.0,3.4130362515619023e-06,0.75,0.7500034130362515
blue,350,708.6666666666666,2.975601584489062e-06,0.75,0.7500029756015845
blue,350,709.3333333333333,2.592052447206859e-06,0.75,0.7500025920524472
blue,350,710.0,2.256045797263497e-06,0.75,0.7500022560457973
blue,350,710.6666666666666,1.961946504738678e-06,0.75,0.7500019619465047
blue,350,711.3333333333333,1.7047532807973146e-06,0.75,0.7500017047532808
blue,350,712.0,1.4800317483255438e-06,0.75,0.7500014800317484
blue,350,712.6666666666666,1.2838540385752438e-06,0.75,0.7500012838540385
blue,350,713.3333333333333,1.1127443424667813e-06,0.75,0.7500011127443424
blue,350,714.0,9.636298876427412e-07,0.75,0.7500009636298877
blue,350,714.6666666666666,8.337968525255679e-07,0.75,0.7500008337968526
blue,350,715.3333333333333,7.208507665318509e-07,0.75,0.7500007208507665
blue,350,716.0,6.226809812678171e-07,0.75,0.7500006226809812
blue,350,716.6666666666666,5.374288310193327e-07,0.75,0.750000537428831
blue,350,717.3333333333333,4.634591322155018e-07,0.75,0.7500004634591322
blue,350,718.0,3.993347008528445e-07,0.75,0.7500003993347009
blue,350,718.6666666666666,3.4379359418991325e-07,0.75,0.7500003437935941
blue,350,719.3333333333333,2.957288084399877e-07,0.75,0.7500002957288084
blue,350,720.0,2.541701877850145e-07,0.75,0.7500002541701878
blue,350,720.6666666666666,2.1826832189204373e-07,0.75,0.7500002182683219
blue,350,721.3333333333333,1.872802293226978e-07,0.75,0.7500001872802293
blue,350,722.0,1.605566428743363e-07,0.75,0.7500001605566429
blue,350,722.6666666666666,1.3753073006621957e-07,0.75,0.75000013753073
blue,350,723.3333333333333,1.1770809777278698e-07,0.75,0.7500001177080978
blue,350,724.0,1.0065794449457524e-07,0.75,0.7500001006579445
blue,350,724.6666666666666,8.600523702853496e-08,0.75,0.750000086005237
blue,350,725.3333333333333,7.342380043516332e-08,0.75,0.7500000734238005
blue,350,726.0,6.263022127802194e-08,0.75,0.7500000626302212
blue,350,726.6666666666666,5.337847420703151e-08,0.75,0.7500000533784742
blue,350,727.3333333333333,4.545519114258496e-08,0.75,0.7500000454551912
blue,350,728.0,3.8675500661548224e-08,0.75,0.7500000386755007
blue,350,728.6666666666666,3.2879372753555045e-08,0.75,0.7500000328793728
blue,350,729.3333333333333,2.792841096838591e-08,0.75,0.7500000279284109
blue,350,730.0,2.3703040170586788e-08,0.75,0.7500000237030402
blue,350,730.6666666666666,2.010004371025081e-08,0.75,0.7500000201000437
blue,350,731.3333333333333,1.703040886020912e-08,0.75,0.7500000170304089
blue,350,732.0,1.4417443907371265e-08,0.75,0.7500000144174439
blue,350,732.6666666666666,1.2195134363975792e-08,0.75,0.7500000121951343
blue,350,733.3333333333333,1.0306709424361347e-08,0.75,0.7500000103067094
blue,350,734.0,8.703393072722662e-09,0.75,0.7500000087033931
blue,350,734.6666666666666,7.343317182465214e-09,0.75,0.7500000073433172
blue,350,735.3333333333333,6.19057657082168e-09,0.75,0.7500000061905766
blue,350,736.0,5.214408313278851e-09,0.75,0.7500000052144083
blue,350,736.6666666666666,4.3884797085760465e-09,0.75,0.7500000043884797
blue,350,737.3333333333333,3.6902711417860414e-09,0.75,0.7500000036902711
blue,350,738.0,3.1005417432986656e-09,0.75,0.7500000031005417
blue,350,738.6666666666666,2.6028672063895774e-09,0.75,0.7500000026028673
blue,350,739.3333333333333,2.183240424617262e-09,0.75,0.7500000021832405
blue,350,740.0,1.8297267599203997e-09,0.75,0.7500000018297268
blue,350,740.6666666666666,1.5321667687482451e-09,0.75,0.7500000015321667
blue,350,741.3333333333333,1.2819201111251045e-09,0.75,0.7500000012819201
blue,350,742.0,1.071645159124477e-09,0.75,0.7500000010716451
blue,350,742.6666666666666,8.951095184374691e-10,0.75,0.7500000008951095
blue,350,743.3333333333333,7.470272900493229e-10,0.75,0.7500000007470273
blue,350,744.0,6.229194379042989e-10,0.75,0.7500000006229194
blue,350,744.6666666666666,5.189941012951908e-10,0.75,0.7500000005189941
blue,350,745.3333333333333,4.320441051390276e-10,0.75,0.7500000004320441
blue,350,746.0,3.593592840700914e-10,0.75,0.7500000003593593
blue,350,746.6666666666666,2.986515534480583e-10,0.75,0.7500000002986515
blue,350,747.3333333333333,2.4799093734202885e-10,0.75,0.750000000247991
blue,350,748.0,2.0575100511663494e-10,0.75,0.750000000205751
blue,350,748.6666666666666,1.705623786859484e-10,0.75,0.7500000001705623
blue,350,749.3333333333333,1.4127315560931963e-10,0.75,0.7500000001412731
blue,350,750.0,1.1691525234154907e-10,0.75,0.7500000001169153
blue,350,750.6666666666666,9.66758100935836e-11,0.75,0.7500000000966758
blue,350,751.3333333333333,7.987292553933429e-11,0.75,0.7500000000798729
blue,350,752.0,6.593507233992923e-11,0.75,0.750000000065935
blue,350,752.6666666666666,5.4383669193590277e-11,0.75,0.7500000000543837
blue,350,753.3333333333333,4.481832765760238e-11,0.75,0.7500000000448184
blue,350,754.0,3.6904379909936463e-11,0.75,0.7500000000369044
blue,350,754.6666666666666,3.0362344309893176e-11,0.75,0.7500000000303624
blue,350,755.3333333333333,2.4959036296259486e-11,0.75,0.750000000024959
blue,350,756.0,2.0500074892401734e-11,0.75,0.7500000000205
blue,350,756.6666666666666,1.6823571800834987e-11,0.75,0.7500000000168235
blue,350,757.3333333333333,1.3794821577394548e-11,0.75,0.7500000000137949
blue,350,758.0,1.1301838385061232e-11,0.75,0.7500000000113018
blue,350,758.6666666666666,9.251607956047236e-12,0.75,0.7500000000092516
blue,350,759.3333333333333,7.566943173818093e-12,0.75,0.750000000007567
blue,350,760.0,6.183848589551303e-12,0.75,0.7500000000061838
blue,350,760.6666666666666,5.049313613562468e-12,0.75,0.7500000000050493
blue,350,761.3333333333333,4.1194664209481365e-12,0.75,0.7500000000041195
blue,350,762.0,3.3580310843528987e-12,0.75,0.750000000003358
blue,350,762.6666666666666,2.7350393564847338e-12,0.75,0.750000000002735
blue,350,763.3333333333333,2.2257560961149748e-12,0.75,0.7500000000022258
blue,350,764.0,1.809783757964855e-12,0.75,0.7500000000018098
blue,350,764.6666666666666,1.470316816214845e-12,0.75,0.7500000000014703
blue,350,765.3333333333333,1.1935216070543512e-12,0.75,0.7500000000011935
blue,350,766.0,9.680209810662879e-13,0.75,0.750000000000968
blue,350,766.6666666666666,7.844664570926667e-13,0.75,0.7500000000007845
blue,350,767.3333333333333,6.351833561700641e-13,0.75,0.7500000000006352
blue,350,768.0,5.138767446691391e-13,0.75,0.7500000000005139
blue,350,768.6666666666666,4.1538799615728613e-13,0.75,0.7500000000004153
blue,350,769.3333333333333,3.354934482628955e-13,0.75,0.7500000000003355
blue,350,770.0,2.7073803214543265e-13,0.75,0.7500000000002708
blue,350,770.6666666666666,2.182979291011903e-13,0.75,0.7500000000002183
blue,350,771.3333333333333,1.7586729626210609e-13,0.75,0.7500000000001759
blue,350,772.0,1.4156493092044352e-13,0.75,0.7500000000001416
blue,350,772.6666666666666,1.138574358913045e-13,0.75,0.7500000000001139
blue,350,773.3333333333333,9.149602782939596e-14,0.75,0.7500000000000915
blue,350,774.0,7.346461459531808e-14,0.75,0.7500000000000735
blue,350,774.6666666666666,5.893717188213303e-14,0.75,0.750000000000059
blue,350,775.3333333333333,4.7242786257091024e-14,0.75,0.7500000000000473
blue,350,776.0,3.7837012422083664e-14,0.75,0.7500000000000379
blue,350,776.6666666666666,3.02784260152843e-14,0.75,0.7500000000000303
blue,350,777.3333333333333,2.4209447381384577e-14,0.75,0.7500000000000242
blue,350,778.0,1.9340672916273618e-14,0.75,0.7500000000000193
blue,350,778.6666666666666,1.543808429282872e-14,0.75,0.7500000000000154
blue,350,779.3333333333333,1.2312616669316535e-14,0.75,0.7500000000000123
blue,350,780.0,9.811658701805068e-15,0.75,0.7500000000000098
blue,350,780.6666666666666,7.8121330339918e-15,0.75,0.7500000000000078
blue,350,781.3333333333333,6.2148686037988845e-15,0.75,0.7500000000000062
blue,350,782.0,4.940027825940111e-15,0.75,0.7500000000000049
blue,350,782.6666666666666,3.9233943524043195e-15,0.75,0.7500000000000039
blue,350,783.3333333333333,3.1133622361801436e-15,0.75,0.7500000000000031
blue,350,784.0,2.4684962244414822e-15,0.75,0.7500000000000024
blue,350,784.6666666666666,1.9555566643632303e-15,0.75,0.750000000000002
blue,350,785.3333333333333,1.5479020137800655e-15,0.75,0.7500000000000016
blue,350,786.0,1.2241979535897818e-15,0.75,0.7500000000000012
blue,350,786.6666666666666,9.673752155257727e-16,0.75,0.750000000000001
blue,350,787.3333333333333,7.637889781120455e-16,0.75,0.7500000000000008
blue,350,788.0,6.025414674829064e-16,0.75,0.7500000000000006
blue,350,788.6666666666666,4.749365771846575e-16,0.75,0.7500000000000004
blue,350,789.3333333333333,3.740411800662094e-16,0.75,0.7500000000000003
blue,350,790.0,2.9433258337137893e-16,0.75,0.7500000000000003
blue,350,790.6666666666666,2.3141547076160615e-16,0.75,0.7500000000000002
blue,350,791.3333333333333,1.817948431694311e-16,0.75,0.7500000000000002
blue,350,792.0,1.4269404639637217e-16,0.75,0.7500000000000001
blue,350,792.6666666666666,1.119090658453591e-16,0.75,0.7500000000000001
blue,350,793.3333333333333,8.769196681461983e-17,0.75,0.7500000000000001
blue,350,794.0,6.865773538025649e-17,0.75,0.7500000000000001
blue,350,794.6666666666666,5.3709889814206096e-17,0.75,0.75
blue,350,795.3333333333333,4.198113458501583e-17,0.75,0.75
blue,350,796.0,3.278605818199908e-17,0.75,0.75
blue,350,796.6666666666666,2.5583464856245797e-17,0.75,0.75
blue,350,797.3333333333333,1.9946405432138663e-17,0.75,0.75
blue,350,798.0,1.5538355227877365e-17,0.75,0.75
blue,350,798.6666666666666,1.209429541829332e-17,0.75,0.75
blue,350,799.3333333333333,9.40570216843907e-18,0.75,0.75
blue,350,800.0,7.308647163027537e-18,0.75,0.75
blue,400,200.0,2.992895450163432e-11,1.3499999999999999,1.3500000000299288
blue,400,200.66666666666666,3.908140754232463e-11,1.3499999999999999,1.3500000000390813
blue,400,201.33333333333334,5.095431398802335e-11,1.3499999999999999,1.3500000000509542
blue,400,202.0,6.633211311708047e-11,1.3499999999999999,1.350000000066332
blue,400,202.66666666666666,8.62181734374419e-11,1.3499999999999999,1.350000000086218
blue,400,203.33333333333334,1.118937720814862e-10,1.3499999999999999,1.3500000001118937
blue,400,204.0,1.4499236140719004e-10,1.3499999999999999,1.3500000001449923
blue,400,204.66666666666666,1.8759291971230932e-10,1.3499999999999999,1.3500000001875927
blue,400,205.33333333333334,2.423370819950199e-10,1.3499999999999999,1.350000000242337
blue,400,206.0,3.1257584728784035e-10,1.3499999999999999,1.3500000003125756
blue,400,206.66666666666666,4.0255300364759875e-10,1.3499999999999999,1.350000000402553
blue,400,207.33333333333334,5.176340510503499e-10,1.3499999999999999,1.350000000517634
blue,400,208.0,6.645913965714244e-10,1.3499999999999999,1.3500000006645914
blue,400,208.66666666666666,8.519590170644829e-10,1.3499999999999999,1.3500000008519588
blue,400,209.33333333333334,1.090472717138832e-09,1.3499999999999999,1.3500000010904727
blue,400,210.0,1.393615655136727e-09,1.3499999999999999,1.3500000013936155
blue,400,210.66666666666666,1.7782930856301773e-09,1.3499999999999999,1.350000001778293
blue,400,211.33333333333334,2.265665413174774e-09,1.3499999999999999,1.3500000022656653
blue,400,212.0,2.8821748322809026e-09,1.3499999999999999,1.3500000028821748
blue,400,212.66666666666666,3.6608082341432303e-09,1.3499999999999999,1.3500000036608082
blue,400,213.33333333333334,4.642647914784815e-09,1.3499999999999999,1.3500000046426477
blue,400,214.0,5.878772181459074e-09,1.3499999999999999,1.350000005878772
blue,400,214.66666666666666,7.432580525338271e-09,1.3499999999999999,1.3500000074325804
blue,400,215.33333333333334,9.38263295656113e-09,1.3499999999999999,1.3500000093826328
blue,400,216.0,1.1826110783491674e-08,1.3499999999999999,1.3500000118261106
blue,400,216.66666666666666,1.4883027022052794e-08,1.3499999999999999,1.350000014883027
blue,400,217.33333333333334,1.87013392705053e-08,1.3499999999999999,1.3500000187013392
blue,400,218.0,2.3463146881754317e-08,1.3499999999999999,1.3500000234631468
blue,400,218.66666666666666,2.9392188293432634e-08,1.3499999999999999,1.350000029392188
blue,400,219.33333333333334,3.676289421103619e-08,1.3499999999999999,1.3500000367628942
blue,400,220.0,4.591129885668067e-08,1.3499999999999999,1.3500000459112986
blue,400,220.66666666666666,5.724816568020776e-08,1.3499999999999999,1.3500000572481656
blue,400,221.33333333333334,7.127474688326542e-08,1.3499999999999999,1.3500000712747469
blue,400,222.0,8.860166906111743e-08,1.3499999999999999,1.350000088601669
blue,400,222.66666666666666,1.0997152158784866e-07,1.3499999999999999,1.3500001099715215
blue,400,223.33333333333334,1.3628582156944044e-07,1.3499999999999999,1.3500001362858214
blue,400,224.0,1.6863714092851525e-07,1.3499999999999999,1.3500001686371408
blue,400,224.66666666666666,2.0834730928464178e-07,1.3499999999999999,1.350000208347309
blue,400,225.33333333333334,2.570127527364923e-07,1.3499999999999999,1.3500002570127525
blue,400,226.0,3.165581955821545e-07,1.3499999999999999,1.3500003165581955
blue,400,226.66666666666666,3.893001417384241e-07,1.3499999999999999,1.3500003893001415
blue,400,227.33333333333334,4.780217676035398e-07,1.3499999999999999,1.3500004780217674
blue,400,228.0,5.860611009630771e-07,1.3499999999999999,1.3500005860611008
blue,400,228.66666666666666,7.174146340122556e-07,1.3499999999999999,1.3500007174146338
blue,400,229.33333333333334,8.76858825518832e-07,1.3499999999999999,1.3500008768588254
blue,400,230.0,1.0700922905256004e-06,1.3499999999999999,1.3500010700922904
blue,400,230.66666666666666,1.3039018587852958e-06,1.3499999999999999,1.3500013039018586
blue,400,231.33333333333334,1.5863561083355883e-06,1.3499999999999999,1.3500015863561081
blue,400,232.0,1.9270304512097495e-06,1.3499999999999999,1.350001927030451
blue,400,232.66666666666666,2.3372683670775075e-06,1.3499999999999999,1.350002337268367
blue,400,233.33333333333331,2.830483950261844e-06,1.3499999999999999,1.3500028304839502
blue,400,234.0,3.4225115584417434e-06,1.3499999999999999,1.3500034225115582
blue,400,234.66666666666666,4.132009029391103e-06,1.3499999999999999,1.3500041320090292
blue,400,235.33333333333331,4.98092166677771e-06,1.3499999999999999,1.3500049809216665
blue,400,236.0,5.995014988153592e-06,1.3499999999999999,1.350005995014988
blue,400,236.66666666666666,7.204485077818927e-06,1.3499999999999999,1.3500072044850777
blue,400,237.33333333333331,8.644656293264909e-06,1.3499999999999999,1.350008644656293
blue,400,238.0,1.035677703428166e-05,1.3499999999999999,1.350010356777034
blue,400,238.66666666666666,1.2388925295084208e-05,1.3499999999999999,1.3500123889252948
blue,400,239.33333333333331,1.4797036776933904e-05,1.3499999999999999,1.3500147970367768
blue,400,240.0,1.7646069434887358e-05,1.3499999999999999,1.3500176460694349
blue,400,240.66666666666666,2.101131945866868e-05,1.3499999999999999,1.3500210113194586
blue,400,241.33333333333331,2.4979904833128355e-05,1.3499999999999999,1.350024979904833
blue,400,242.0,2.965243377474683e-05,1.3499999999999999,1.3500296524337747
blue,400,242.66666666666666,3.5144876480844094e-05,1.3499999999999999,1.3500351448764807
blue,400,243.33333333333331,4.159065973830862e-05,1.3499999999999999,1.3500415906597383
blue,400,244.0,4.914300499629406e-05,1.3499999999999999,1.3500491430049961
blue,400,244.66666666666666,5.79775314867066e-05,1.3499999999999999,1.3500579775314865
blue,400,245.33333333333331,6.8295146848074e-05,1.3499999999999999,1.350068295146848
blue,400,246.0,8.032524843966648e-05,1.3499999999999999,1.3500803252484395
blue,400,246.66666666666666,9.432925908690263e-05,1.3499999999999999,1.3500943292590868
blue,400,247.33333333333331,0.00011060452133588231,1.3499999999999999,1.3501106045213358
blue,400,248.0,0.00012948857437036955,1.3499999999999999,1.3501294885743702
blue,400,248.66666666666666,0.00015136383751148769,1.3499999999999999,1.3501513638375113
blue,400,249.33333333333331,0.00017666272362815705,1.3499999999999999,1.350176662723628
blue,400,250.0,0.0002058732047816087,1.3499999999999999,1.3502058732047815
blue,400,250.66666666666666,0.0002395448509544746,1.3499999999999999,1.3502395448509543
blue,400,251.33333333333331,0.00027829536071659756,1.3499999999999999,1.3502782953607164
blue,400,252.0,0.0003228176000973826,1.3499999999999999,1.3503228176000972
blue,400,252.66666666666666,0.0003738871627099774,1.3499999999999999,1.3503738871627098
blue,400,253.33333333333331,0.0004323704602482832,1.3499999999999999,1.350432370460248
blue,400,254.0,0.0004992333477985494,1.3499999999999999,1.3504992333477983
blue,400,254.66666666666666,0.000575550282921599,1.3499999999999999,1.3505755502829215
blue,400,255.33333333333331,0.0006625140111229401,1.3499999999999999,1.3506625140111228
blue,400,256.0,0.0007614457630962055,1.3499999999999999,1.350761445763096
blue,400,256.6666666666667,0.0008738059409695937,1.3499999999999999,1.3508738059409695
blue,400,257.3333333333333,0.0010012052616840408,1.3499999999999999,1.351001205261684
blue,400,258.0,0.0011454163155774674,1.3499999999999999,1.3511454163155774
blue,400,258.6666666666667,0.0013083854872472818,1.3499999999999999,1.3513083854872472
blue,400,259.3333333333333,0.0014922451738364983,1.3499999999999999,1.3514922451738363
blue,400,260.0,0.0016993262230772673,1.3499999999999999,1.3516993262230772
blue,400,260.6666666666667,0.0019321704997912706,1.3499999999999999,1.351932170499791
blue,400,261.3333333333333,0.002193543475173813,1.3499999999999999,1.3521935434751737
blue,400,262.0,0.0024864467181835164,1.3499999999999999,1.3524864467181834
blue,400,262.6666666666667,0.0028141301528571173,1.3499999999999999,1.352814130152857
blue,400,263.3333333333333,0.0031801039295288654,1.3499999999999999,1.3531801039295288
blue,400,264.0,0.0035881497419421966,1.3499999999999999,1.353588149741942
blue,400,264.66666666666663,0.004042331406314147,1.3499999999999999,1.354042331406314
blue,400,265.3333333333333,0.004547004502793893,1.3499999999999999,1.3545470045027939
blue,400,266.0,0.0051068248647114225,1.3499999999999999,1.3551068248647113
blue,400,266.66666666666663,0.005726755686842596,1.3499999999999999,1.3557267556868424
blue,400,267.3333333333333,0.006412073010934146,1.3499999999999999,1.356412073010934
blue,400,268.0,0.007168369335281634,1.3499999999999999,1.3571683693352814
blue,400,268.66666666666663,0.008001555085591147,1.3499999999999999,1.358001555085591
blue,400,269.3333333333333,0.008917857677049305,1.3499999999999999,1.358917857677049
blue,400,270.0,0.009923817892857378,1.3499999999999999,1.3599238178928572
blue,400,270.66666666666663,0.01102628330283638,1.3499999999999999,1.3610262833028361
blue,400,271.3333333333333,0.012232398447452206,1.3499999999999999,1.362232398447452
blue,400,272.0,0.013549591518114627,1.3499999999999999,1.3635495915181144
blue,400,272.66666666666663,0.014985557274217375,1.3499999999999999,1.3649855572742173
blue,400,273.3333333333333,0.01654823595142342,1.3499999999999999,1.3665482359514234
blue,400,274.0,0.01824578793444618,1.3499999999999999,1.368245787934446
blue,400,274.66666666666663,0.020086563991275504,1.3499999999999999,1.3700865639912754
blue,400,275.3333333333333,0.022079070894621182,1.3499999999999999,1.3720790708946211
blue,400,276.0,0.024231932290422194,1.3499999999999999,1.374231932290422
blue,400,276.66666666666663,0.02655384471265073,1.3499999999999999,1.3765538447126506
blue,400,277.3333333333333,0.02905352868827957,1.3499999999999999,1.3790535286882795
blue,400,278.0,0.031739674926069224,1.3499999999999999,1.381739674926069
blue,400,278.66666666666663,0.034620885637557684,1.3499999999999999,1.3846208856375575
blue,400,279.3333333333333,0.03770561109796701,1.3499999999999999,1.3877056110979669
blue,400,280.0,0.04100208161827189,1.3499999999999999,1.3910020816182718
blue,400,280.66666666666663,0.0445182351668852,1.3499999999999999,1.394518235166885
blue,400,281.3333333333333,0.04826164094964656,1.3499999999999999,1.3982616409496464
blue,400,282.0,0.052239419329332494,1.3499999999999999,1.4022394193293324
blue,400,282.66666666666663,0.05645815853990247,1.3499999999999999,1.4064581585399023
blue,400,283.3333333333333,0.06092382872518738,1.3499999999999999,1.4109238287251873
blue,400,284.0,0.06564169390571233,1.3499999999999999,1.4156416939057122
blue,400,284.66666666666663,0.07061622254972014,1.3499999999999999,1.42061622254972
blue,400,285.3333333333333,0.07585099749402786,1.3499999999999999,1.4258509974940277
blue,400,286.0,0.08134862602590517,1.3499999999999999,1.431348626025905
blue,400,286.66666666666663,0.08711065099746951,1.3499999999999999,1.4371106509974694
blue,400,287.3333333333333,0.09313746389784014,1.3499999999999999,1.44313746389784
blue,400,288.0,0.0994282208542559,1.3499999999999999,1.4494282208542557
blue,400,288.66666666666663,0.10598076257032069,1.3499999999999999,1.4559807625703205
blue,400,289.3333333333333,0.11279153923627606,1.3499999999999999,1.462791539236276
blue,400,290.0,0.11985554146165606,1.3499999999999999,1.4698555414616559
blue,400,290.66666666666663,0.12716623828387463,1.3499999999999999,1.4771662382838744
blue,400,291.3333333333333,0.13471552329630995,1.3499999999999999,1.4847155232963098
blue,400,292.0,0.14249366991562348,1.3499999999999999,1.4924936699156233
blue,400,292.66666666666663,0.15048929676984527,1.3499999999999999,1.500489296769845
blue,400,293.3333333333333,0.1586893441357741,1.3499999999999999,1.508689344135774
blue,400,294.0,0.1670790622864021,1.3499999999999999,1.5170790622864019
blue,400,294.66666666666663,0.17564201252646774,1.3499999999999999,1.5256420125264676
blue,400,295.3333333333333,0.1843600815971565,1.3499999999999999,1.5343600815971563
blue,400,296.0,0.19321351002002615,1.3499999999999999,1.543213510020026
blue,400,296.66666666666663,0.20218093482627517,1.3499999999999999,1.552180934826275
blue,400,297.3333333333333,0.21123944698150843,1.3499999999999999,1.5612394469815083
blue,400,298.0,0.220364663669572,1.3499999999999999,1.5703646636695718
blue,400,298.66666666666663,0.22953081544337342,1.3499999999999999,1.5795308154433734
blue,400,299.3333333333333,0.23871084808759777,1.3499999999999999,1.5887108480875975
blue,400,300.0,0.24787653886988897,1.3499999999999999,1.5978765388698888
blue,400,300.66666666666663,0.25699862668554047,1.3499999999999999,1.6069986266855403
blue,400,301.3333333333333,0.26604695542824647,1.3499999999999999,1.6160469554282464
blue,400,302.0,0.27499062974845495,1.3499999999999999,1.6249906297484549
blue,400,302.66666666666663,0.2837981821938089,1.3499999999999999,1.6337981821938088
blue,400,303.3333333333333,0.2924377505654892,1.3499999999999999,1.642437750565489
blue,400,304.0,0.3008772641725385,1.3499999999999999,1.6508772641725384
blue,400,304.66666666666663,0.3090846375258874,1.3499999999999999,1.6590846375258872
blue,400,305.3333333333333,0.3170279698870953,1.3499999999999999,1.6670279698870951
blue,400,306.0,0.3246757489760368,1.3499999999999999,1.6746757489760367
blue,400,306.66666666666663,0.33199705704891835,1.3499999999999999,1.6819970570489182
blue,400,307.3333333333333,0.3389617774848517,1.3499999999999999,1.6889617774848515
blue,400,308.0,0.34554079996734527,1.3499999999999999,1.695540799967345
blue,400,308.66666666666663,0.3517062223177458,1.3499999999999999,1.7017062223177457
blue,400,309.3333333333333,0.35743154703175867,1.3499999999999999,1.7074315470317585
blue,400,310.0,0.36269187058834673,1.3499999999999999,1.7126918705883467
blue,400,310.66666666666663,0.3674640636427645,1.3499999999999999,1.7174640636427645
blue,400,311.3333333333333,0.3717269402820675,1.3499999999999999,1.7217269402820674
blue,400,312.0,0.37546141461165283,1.3499999999999999,1.7254614146116527
blue,400,312.66666666666663,0.3786506430543585,1.3499999999999999,1.7286506430543584
blue,400,313.3333333333333,0.3812801508780744,1.3499999999999999,1.7312801508780742
blue,400,314.0,0.3833379416221463,1.3499999999999999,1.7333379416221462
blue,400,314.66666666666663,0.3848145882651356,1.3499999999999999,1.7348145882651353
blue,400,315.3333333333333,0.3857033051644977,1.3499999999999999,1.7357033051644977
blue,400,316.0,0.38599999999999995,1.3499999999999999,1.7359999999999998
blue,400,316.66666666666663,0.38570330516449775,1.3499999999999999,1.7357033051644977
blue,400,317.3333333333333,0.3848145882651357,1.3499999999999999,1.7348145882651356
blue,400,318.0,0.3833379416221463,1.3499999999999999,1.7333379416221462
blue,400,318.66666666666663,0.3812801508780746,1.3499999999999999,1.7312801508780744
blue,400,319.3333333333333,0.37865064305435875,1.3499999999999999,1.7286506430543587
blue,400,320.0,0.37546141461165283,1.3499999999999999,1.7254614146116527
blue,400,320.66666666666663,0.3717269402820678,1.3499999999999999,1.7217269402820676
blue,400,321.3333333333333,0.3674640636427649,1.3499999999999999,1.7174640636427647
blue,400,322.0,0.36269187058834673,1.3499999999999999,1.7126918705883467
blue,400,322.66666666666663,0.3574315470317591,1.3499999999999999,1.707431547031759
blue,400,323.3333333333333,0.35170622231774623,1.3499999999999999,1.7017062223177462
blue,400,324.0,0.34554079996734527,1.3499999999999999,1.695540799967345
blue,400,324.66666666666663,0.33896177748485223,1.3499999999999999,1.688961777484852
blue,400,325.3333333333333,0.33199705704891896,1.3499999999999999,1.6819970570489189
blue,400,326.0,0.3246757489760368,1.3499999999999999,1.6746757489760367
blue,400,326.66666666666663,0.3170279698870959,1.3499999999999999,1.6670279698870958
blue,400,327.3333333333333,0.3090846375258881,1.3499999999999999,1.659084637525888
blue,400,328.0,0.3008772641725385,1.3499999999999999,1.6508772641725384
blue,400,328.66666666666663,0.29243775056548993,1.3499999999999999,1.64243775056549
blue,400,329.3333333333333,0.2837981821938097,1.3499999999999999,1.6337981821938095
blue,400,330.0,0.27499062974845495,1.3499999999999999,1.6249906297484549
blue,400,330.66666666666663,0.26604695542824724,1.3499999999999999,1.616046955428247
blue,400,331.3333333333333,0.25699862668554124,1.3499999999999999,1.6069986266855412
blue,400,332.0,0.24787653886988897,1.3499999999999999,1.5978765388698888
blue,400,332.66666666666663,0.23871084808759854,1.3499999999999999,1.5887108480875984
blue,400,333.3333333333333,0.22953081544337417,1.3499999999999999,1.579530815443374
blue,400,334.0,0.220364663669572,1.3499999999999999,1.5703646636695718
blue,400,334.66666666666663,0.2112394469815092,1.3499999999999999,1.5612394469815092
blue,400,335.3333333333333,0.20218093482627594,1.3499999999999999,1.5521809348262758
blue,400,336.0,0.19321351002002615,1.3499999999999999,1.543213510020026
blue,400,336.66666666666663,0.18436008159715725,1.3499999999999999,1.5343600815971572
blue,400,337.3333333333333,0.1756420125264685,1.3499999999999999,1.5256420125264682
blue,400,338.0,0.1670790622864021,1.3499999999999999,1.5170790622864019
blue,400,338.66666666666663,0.15868934413577482,1.3499999999999999,1.5086893441357747
blue,400,339.3333333333333,0.15048929676984596,1.3499999999999999,1.5004892967698458
blue,400,340.0,0.14249366991562348,1.3499999999999999,1.4924936699156233
blue,400,340.66666666666663,0.13471552329631062,1.3499999999999999,1.4847155232963105
blue,400,341.3333333333333,0.12716623828387524,1.3499999999999999,1.477166238283875
blue,400,342.0,0.11985554146165606,1.3499999999999999,1.4698555414616559
blue,400,342.66666666666663,0.11279153923627666,1.3499999999999999,1.4627915392362765
blue,400,343.3333333333333,0.10598076257032128,1.3499999999999999,1.4559807625703212
blue,400,344.0,0.0994282208542559,1.3499999999999999,1.4494282208542557
blue,400,344.66666666666663,0.09313746389784067,1.3499999999999999,1.4431374638978405
blue,400,345.3333333333333,0.08711065099747002,1.3499999999999999,1.4371106509974698
blue,400,346.0,0.08134862602590517,1.3499999999999999,1.431348626025905
blue,400,346.66666666666663,0.07585099749402832,1.3499999999999999,1.425850997494028
blue,400,347.3333333333333,0.07061622254972061,1.3499999999999999,1.4206162225497205
blue,400,348.0,0.06564169390571233,1.3499999999999999,1.4156416939057122
blue,400,348.66666666666663,0.06092382872518778,1.3499999999999999,1.4109238287251877
blue,400,349.3333333333333,0.05645815853990283,1.3499999999999999,1.4064581585399027
blue,400,350.0,0.052239419329332494,1.3499999999999999,1.4022394193293324
blue,400,350.66666666666663,0.04826164094964692,1.3499999999999999,1.398261640949647
blue,400,351.3333333333333,0.04451823516688554,1.3499999999999999,1.3945182351668854
blue,400,352.0,0.04100208161827189,1.3499999999999999,1.3910020816182718
blue,400,352.66666666666663,0.037705611097967294,1.3499999999999999,1.387705611097967
blue,400,353.3333333333333,0.034620885637557955,1.3499999999999999,1.384620885637558
blue,400,354.0,0.031739674926069224,1.3499999999999999,1.381739674926069
blue,400,354.66666666666663,0.0290535286882798,1.3499999999999999,1.3790535286882797
blue,400,355.3333333333333,0.026553844712650942,1.3499999999999999,1.3765538447126509
blue,400,356.0,0.024231932290422194,1.3499999999999999,1.374231932290422
blue,400,356.66666666666663,0.022079070894621366,1.3499999999999999,1.3720790708946213
blue,400,357.3333333333333,0.020086563991275657,1.3499999999999999,1.3700865639912756
blue,400,358.0,0.01824578793444618,1.3499999999999999,1.368245787934446
blue,400,358.66666666666663,0.01654823595142357,1.3499999999999999,1.3665482359514234
blue,400,359.3333333333333,0.014985557274217489,1.3499999999999999,1.3649855572742173
blue,400,360.0,0.013549591518114627,1.3499999999999999,1.3635495915181144
blue,400,360.66666666666663,0.01223239844745232,1.3499999999999999,1.3622323984474523
blue,400,361.3333333333333,0.011026283302836474,1.3499999999999999,1.3610262833028364
blue,400,362.0,0.009923817892857378,1.3499999999999999,1.3599238178928572
blue,400,362.66666666666663,0.00891785767704938,1.3499999999999999,1.3589178576770493
blue,400,363.3333333333333,0.008001555085591219,1.3499999999999999,1.358001555085591
blue,400,364.0,0.007168369335281634,1.3499999999999999,1.3571683693352814
blue,400,364.66666666666663,0.006412073010934202,1.3499999999999999,1.3564120730109341
blue,400,365.3333333333333,0.005726755686842647,1.3499999999999999,1.3557267556868424
blue,400,366.0,0.0051068248647114225,1.3499999999999999,1.3551068248647113
blue,400,366.66666666666663,0.0045470045027939335,1.3499999999999999,1.3545470045027939
blue,400,367.3333333333333,0.004042331406314186,1.3499999999999999,1.3540423314063141
blue,400,368.0,0.0035881497419421966,1.3499999999999999,1.353588149741942
blue,400,368.66666666666663,0.0031801039295288962,1.3499999999999999,1.3531801039295288
blue,400,369.3333333333333,0.0028141301528571173,1.3499999999999999,1.352814130152857
blue,400,370.0,0.0024864467181835164,1.3499999999999999,1.3524864467181834
blue,400,370.66666666666663,0.002193543475173836,1.3499999999999999,1.3521935434751737
blue,400,371.3333333333333,0.0019321704997912706,1.3499999999999999,1.351932170499791
blue,400,372.0,0.0016993262230772673,1.3499999999999999,1.3516993262230772
blue,400,372.66666666666663,0.001492245173836514,1.3499999999999999,1.3514922451738365
blue,400,373.3333333333333,0.0013083854872472818,1.3499999999999999,1.3513083854872472
blue,400,374.0,0.0011454163155774674,1.3499999999999999,1.3511454163155774
blue,400,374.66666666666663,0.0010012052616840514,1.3499999999999999,1.351001205261684
blue,400,375.3333333333333,0.0008738059409695937,1.3499999999999999,1.3508738059409695
blue,400,376.0,0.0007614457630962055,1.3499999999999999,1.350761445763096
blue,400,376.66666666666663,0.0006625140111229472,1.3499999999999999,1.3506625140111228
blue,400,377.3333333333333,0.0005755502829216031,1.3499999999999999,1.3505755502829215
blue,400,378.0,0.0004992333477985494,1.3499999999999999,1.3504992333477983
blue,400,378.66666666666663,0.00043237046024828887,1.3499999999999999,1.350432370460248
blue,400,379.3333333333333,0.00037388716270998003,1.3499999999999999,1.3503738871627098
blue,400,380.0,0.0003228176000973826,1.3499999999999999,1.3503228176000972
blue,400,380.66666666666663,0.00027829536071660125,1.3499999999999999,1.3502782953607164
blue,400,381.3333333333333,0.0002395448509544761,1.3499999999999999,1.3502395448509543
blue,400,382.0,0.0002058732047816087,1.3499999999999999,1.3502058732047815
blue,400,382.66666666666663,0.00017666272362815955,1.3499999999999999,1.350176662723628
blue,400,383.3333333333333,0.00015136383751148874,1.3499999999999999,1.3501513638375113
blue,400,384.0,0.00012948857437036955,1.3499999999999999,1.3501294885743702
blue,400,384.66666666666663,0.00011060452133588352,1.3499999999999999,1.3501106045213358
blue,400,385.3333333333333,9.432925908690331e-05,1.3499999999999999,1.3500943292590868
blue,400,386.0,8.03252484396665e-05,1.3499999999999999,1.3500803252484395
blue,400,386.66666666666663,6.829514684807512e-05,1.3499999999999999,1.350068295146848
blue,400,387.3333333333333,5.7977531486706856e-05,1.3499999999999999,1.3500579775314865
blue,400,388.0,4.914300499629412e-05,1.3499999999999999,1.3500491430049961
blue,400,388.66666666666663,4.1590659738309136e-05,1.3499999999999999,1.3500415906597383
blue,400,389.3333333333333,3.514487648084451e-05,1.3499999999999999,1.3500351448764807
blue,400,390.0,2.965243377474696e-05,1.3499999999999999,1.3500296524337747
blue,400,390.66666666666663,2.4979904833128924e-05,1.3499999999999999,1.350024979904833
blue,400,391.3333333333333,2.101131945866905e-05,1.3499999999999999,1.3500210113194586
blue,400,392.0,1.7646069434887646e-05,1.3499999999999999,1.3500176460694349
blue,400,392.66666666666663,1.4797036776934463e-05,1.3499999999999999,1.3500147970367768
blue,400,393.3333333333333,1.2388925295084802e-05,1.3499999999999999,1.3500123889252948
blue,400,394.0,1.0356777034282289e-05,1.3499999999999999,1.350010356777034
blue,400,394.66666666666663,8.644656293265864e-06,1.3499999999999999,1.350008644656293
blue,400,395.3333333333333,7.204485077820048e-06,1.3499999999999999,1.3500072044850777
blue,400,396.0,5.995014988154962e-06,1.3499999999999999,1.350005995014988
blue,400,396.66666666666663,4.980921666779562e-06,1.3499999999999999,1.3500049809216665
blue,400,397.3333333333333,4.132009029393433e-06,1.3499999999999999,1.3500041320090292
blue,400,398.0,3.422511558444706e-06,1.3499999999999999,1.3500034225115582
blue,400,398.66666666666663,2.830483950265714e-06,1.3499999999999999,1.3500028304839502
blue,400,399.3333333333333,2.337268367082462e-06,1.3499999999999999,1.350002337268367
blue,400,400.0,1.9270304512161077e-06,1.3499999999999999,1.350001927030451
blue,400,400.66666666666663,1.58635610834379e-06,1.3499999999999999,1.3500015863561081
blue,400,401.3333333333333,1.3039018587958422e-06,1.3499999999999999,1.3500013039018586
blue,400,402.0,1.0700922905391436e-06,1.3499999999999999,1.3500010700922904
blue,400,402.66666666666663,8.768588255362361e-07,1.3499999999999999,1.3500008768588254
blue,400,403.3333333333333,7.174146340345886e-07,1.3499999999999999,1.350000717414634
blue,400,404.0,5.860611009917076e-07,1.3499999999999999,1.3500005860611008
blue,400,404.66666666666663,4.780217676402271e-07,1.3499999999999999,1.3500004780217676
blue,400,405.3333333333333,3.893001417853896e-07,1.3499999999999999,1.3500003893001415
blue,400,406.0,3.1655819564222333e-07,1.3499999999999999,1.3500003165581955
blue,400,406.66666666666663,2.5701275281326537e-07,1.3499999999999999,1.3500002570127527
blue,400,407.3333333333333,2.0834730938267698e-07,1.3499999999999999,1.3500002083473093
blue,400,408.0,1.6863714105359483e-07,1.3499999999999999,1.350000168637141
blue,400,408.66666666666663,1.3628582172889604e-07,1.3499999999999999,1.3500001362858216
blue,400,409.3333333333333,1.099715217909547e-07,1.3499999999999999,1.3500001099715218
blue,400,410.0,8.860166931960515e-08,1.3499999999999999,1.3500000886016692
blue,400,410.66666666666663,7.127474721196235e-08,1.3499999999999999,1.350000071274747
blue,400,411.3333333333333,5.724816609783137e-08,1.3499999999999999,1.350000057248166
blue,400,412.0,4.591129938684377e-08,1.3499999999999999,1.3500000459112993
blue,400,412.66666666666663,3.676289488350132e-08,1.3499999999999999,1.3500000367628948
blue,400,413.3333333333333,2.9392189145678666e-08,1.3499999999999999,1.350000029392189
blue,400,414.0,2.346314796093752e-08,1.3499999999999999,1.3500000234631477
blue,400,414.66666666666663,1.8701340635907867e-08,1.3499999999999999,1.3500000187013406
blue,400,415.3333333333333,1.4883028748134256e-08,1.3499999999999999,1.3500000148830287
blue,400,416.0,1.1826112963694855e-08,1.3499999999999999,1.3500000118261128
blue,400,416.66666666666663,9.38263570805043e-09,1.3499999999999999,1.3500000093826356
blue,400,417.3333333333333,7.4325839948933194e-09,1.3499999999999999,1.350000007432584
blue,400,418.0,5.878776552801917e-09,1.3499999999999999,1.3500000058787764
blue,400,418.66666666666663,4.642653417678048e-09,1.3499999999999999,1.3500000046426532
blue,400,419.3333333333333,3.6608151556782734e-09,1.3499999999999999,1.350000003660815
blue,400,420.0,2.8821835308712705e-09,1.3499999999999999,1.3500000028821835
blue,400,420.66666666666663,2.265676335886301e-09,1.3499999999999999,1.3500000022656762
blue,400,421.3333333333333,1.7783067896245005e-09,1.3499999999999999,1.3500000017783067
blue,400,422.0,1.3936328341810275e-09,1.3499999999999999,1.3500000013936326
blue,400,422.66666666666663,1.090494234348566e-09,1.3499999999999999,1.350000001090494
blue,400,423.3333333333333,8.519859453082233e-10,1.3499999999999999,1.350000000851986
blue,400,424.0,6.646250682858475e-10,1.3499999999999999,1.3500000006646249
blue,400,424.66666666666663,5.176761196012678e-10,1.3499999999999999,1.350000000517676
blue,400,425.3333333333333,4.0260551884462216e-10,1.3499999999999999,1.3500000004026054
blue,400,426.0,3.126413482333315e-10,1.3499999999999999,1.3500000003126411
blue,400,426.66666666666663,2.4241871114274264e-10,1.3499999999999999,1.3500000002424186
blue,400,427.3333333333333,1.8769456285361796e-10,1.3499999999999999,1.3500000001876944
blue,400,428.0,1.4511881932256907e-10,1.3499999999999999,1.3500000001451187
blue,400,428.66666666666663,1.1205097082897391e-10,1.3499999999999999,1.350000000112051
blue,400,429.3333333333333,8.641342174038155e-11,1.3499999999999999,1.3500000000864132
blue,400,430.0,6.657441711363812e-11,1.3499999999999999,1.3500000000665744
blue,400,430.66666666666663,5.1254761775676024e-11,1.3499999999999999,1.3500000000512546
blue,400,431.3333333333333,3.9453638566052615e-11,1.3499999999999999,1.3500000000394534
blue,400,432.0,3.03897319827783e-11,1.3499999999999999,1.3500000000303896
blue,400,432.66666666666663,2.3454596970758466e-11,1.3499999999999999,1.3500000000234544
blue,400,433.3333333333333,1.81758095349019e-11,1.3499999999999999,1.3500000000181758
blue,400,434.0,1.4187920772051894e-11,1.3499999999999999,1.3500000000141879
blue,400,434.66666666666663,1.1209629135200206e-11,1.3499999999999999,1.3500000000112096
blue,400,435.3333333333333,9.025904098286309e-12,1.3499999999999999,1.3500000000090258
blue,400,436.0,7.474051775633454e-12,1.3499999999999999,1.3500000000074739
blue,400,436.66666666666663,6.432920917664525e-12,1.3499999999999999,1.3500000000064327
blue,400,437.3333333333333,5.8146154735686996e-12,1.3499999999999999,1.3500000000058145
blue,400,438.0,5.5582153184981595e-12,1.3499999999999999,1.350000000005558
blue,400,438.66666666666663,5.625116134054702e-12,1.3499999999999999,1.350000000005625
blue,400,439.3333333333333,5.995688008368609e-12,1.3499999999999999,1.3500000000059955
blue,400,440.0,6.667024349694597e-12,1.3499999999999999,1.350000000006667
blue,400,440.66666666666663,7.65161168262478e-12,1.3499999999999999,1.3500000000076515
blue,400,441.3333333333333,8.976799693693695e-12,1.3499999999999999,1.3500000000089767
blue,400,442.0,1.0684991885641592e-11,1.3499999999999999,1.3500000000106849
blue,400,442.66666666666663,1.2834512356662436e-11,1.3499999999999999,1.3500000000128345
blue,400,443.3333333333333,1.550113519329274e-11,1.3499999999999999,1.350000000015501
blue,400,444.0,1.8780291154823462e-11,1.3499999999999999,1.3500000000187802
blue,400,444.66666666666663,2.2789992944548706e-11,1.3499999999999999,1.3500000000227899
blue,400,445.3333333333333,2.767454647949714e-11,1.3499999999999999,1.3500000000276744
blue,400,446.0,3.360914215802628e-11,1.3499999999999999,1.350000000033609
blue,400,446.66666666666663,4.080544809476756e-11,1.3499999999999999,1.3500000000408052
blue,400,447.3333333333333,4.951835752633636e-11,1.3499999999999999,1.3500000000495183
blue,400,448.0,6.005407596977406e-11,1.3499999999999999,1.350000000060054
blue,400,448.66666666666663,7.277977114517286e-11,1.3499999999999999,1.3500000000727796
blue,400,449.3333333333333,8.813505111080128e-11,1.3499999999999999,1.350000000088135
blue,400,450.0,1.0664558453355791e-10,1.3499999999999999,1.3500000001066454
blue,400,450.66666666666663,1.289392326573106e-10,1.3499999999999999,1.3500000001289392
blue,400,451.3333333333333,1.557651265847205e-10,1.3499999999999999,1.350000000155765
blue,400,452.0,1.880161973478966e-10,1.3499999999999999,1.3500000001880161
blue,400,452.66666666666663,2.2675575147367018e-10,1.3499999999999999,1.3500000002267556
blue,400,453.3333333333333,2.732487831117622e-10,1.3499999999999999,1.3500000002732486
blue,400,454.0,3.2899882727711386e-10,1.3499999999999999,1.3500000003289987
blue,400,454.66666666666663,3.9579128960785517e-10,1.3499999999999999,1.3500000003957913
blue,400,455.3333333333333,4.757443387963536e-10,1.3499999999999999,1.3500000004757442
blue,400,456.0,5.713686213815933e-10,1.3499999999999999,1.3500000005713686
blue,400,456.66666666666663,6.856372581358789e-10,1.3499999999999999,1.3500000006856372
blue,400,457.3333333333333,8.22067810491293e-10,1.3499999999999999,1.3500000008220676
blue,400,458.0,9.84818168449287e-10,1.3499999999999999,1.350000000984818
blue,400,458.66666666666663,1.1787986128348988e-09,1.3499999999999999,1.3500000011787985
blue,400,459.3333333333333,1.409802649803487e-09,1.3499999999999999,1.3500000014098026
blue,400,460.0,1.6846596100289474e-09,1.3499999999999999,1.3500000016846594
blue,400,460.66666666666663,2.011412455551321e-09,1.3499999999999999,1.3500000020114122
blue,400,461.3333333333333,2.3995247511686233e-09,1.3499999999999999,1.3500000023995247
blue,400,462.0,2.8601213427158474e-09,1.3499999999999999,1.3500000028601211
blue,400,462.66666666666663,3.4062679507218133e-09,1.3499999999999999,1.3500000034062678
blue,400,463.3333333333333,4.053295644947576e-09,1.3499999999999999,1.3500000040532956
blue,400,464.0,4.819177024503052e-09,1.3499999999999999,1.350000004819177
blue,400,464.66666666666663,5.724961902173492e-09,1.3499999999999999,1.3500000057249617
blue,400,465.3333333333333,6.795281394174905e-09,1.3499999999999999,1.3500000067952813
blue,400,466.0,8.058930563189529e-09,1.3499999999999999,1.3500000080589305
blue,400,466.66666666666663,9.549541170207891e-09,1.3499999999999999,1.350000009549541
blue,400,467.3333333333333,1.1306357678134768e-08,1.3499999999999999,1.3500000113063575
blue,400,468.0,1.337513143791285e-08,1.3499999999999999,1.3500000133751313
blue,400,468.66666666666663,1.5809149998685482e-08,1.3499999999999999,1.3500000158091499
blue,400,469.3333333333333,1.867042074202794e-08,1.3499999999999999,1.3500000186704206
blue,400,470.0,2.2031030573616337e-08,1.3499999999999999,1.3500000220310304
blue,400,470.66666666666663,2.5974706243434835e-08,1.3499999999999999,1.350000025974706
blue,400,471.3333333333333,3.0598603039905903e-08,1.3499999999999999,1.3500000305986029
blue,400,472.0,3.601535314913424e-08,1.3499999999999999,1.350000036015353
blue,400,472.66666666666663,4.235540892567487e-08,1.3499999999999999,1.3500000423554088
blue,400,473.3333333333333,4.9769720726812587e-08,1.3499999999999999,1.3500000497697207
blue,400,474.0,5.843279386247426e-08,1.3499999999999999,1.3500000584327938
blue,400,474.66666666666663,6.85461746551471e-08,1.3499999999999999,1.3500000685461746
blue,400,475.3333333333333,8.034242163950466e-08,1.3499999999999999,1.3500000803424215
blue,400,476.0,9.408962461445622e-08,1.3499999999999999,1.3500000940896244
blue,400,476.66666666666663,1.1009654164929799e-07,1.3499999999999999,1.3500001100965415
blue,400,477.3333333333333,1.287184323024167e-07,1.3499999999999999,1.3500001287184322
blue,400,478.0,1.5036367430127492e-07,1.3499999999999999,1.3500001503636743
blue,400,478.66666666666663,1.7550126082564467e-07,1.3499999999999999,1.3500001755012607
blue,400,479.3333333333333,2.0466928640512664e-07,1.3499999999999999,1.3500002046692863
blue,400,480.0,2.384845413635916e-07,1.3499999999999999,1.3500002384845413
blue,400,480.66666666666663,2.776533477973388e-07,1.3499999999999999,1.3500002776533477
blue,400,481.3333333333333,3.2298378434339495e-07,1.3499999999999999,1.3500003229837843
blue,400,482.0,3.7539946256566834e-07,1.3499999999999999,1.3500003753994625
blue,400,482.66666666666663,4.359550347480955e-07,1.3499999999999999,1.3500004359550346
blue,400,483.3333333333333,5.05853631325751e-07,1.3499999999999999,1.3500005058536313
blue,400,484.0,5.864664461991521e-07,1.3499999999999999,1.3500005864664462
blue,400,484.66666666666663,6.793547098566058e-07,1.3499999999999999,1.3500006793547097
blue,400,485.3333333333333,7.862943136664049e-07,1.3499999999999999,1.3500007862943135
blue,400,486.0,9.093033739871958e-07,1.3499999999999999,1.3500009093033738
blue,400,486.66666666666663,1.0506730519703996e-06,1.3499999999999999,1.3500010506730518
blue,400,487.3333333333333,1.2130019741791583e-06,1.3499999999999999,1.350001213001974
blue,400,488.0,1.3992346305057739e-06,1.3499999999999999,1.3500013992346305
blue,400,488.66666666666663,1.6127041594100798e-06,1.3499999999999999,1.3500016127041592
blue,400,489.3333333333333,1.857179966291081e-06,1.3499999999999999,1.3500018571799661
blue,400,490.0,2.1369206589020588e-06,1.3499999999999999,1.3500021369206587
blue,400,490.66666666666663,2.456732824171582e-06,1.3499999999999999,1.350002456732824
blue,400,491.3333333333333,2.822036213629853e-06,1.3499999999999999,1.3500028220362135
blue,400,492.0,3.238935949877136e-06,1.3499999999999999,1.3500032389359498
blue,400,492.66666666666663,3.714302414166028e-06,1.3499999999999999,1.350003714302414
blue,400,493.3333333333333,4.2558595251722355e-06,1.3499999999999999,1.350004255859525
blue,400,494.0,4.8722821713498455e-06,1.3499999999999999,1.3500048722821711
blue,400,494.66666666666663,5.573303613827212e-06,1.3499999999999999,1.3500055733036136
blue,400,495.3333333333333,6.369833733483045e-06,1.3499999999999999,1.3500063698337335
blue,400,496.0,7.274089054502891e-06,1.3499999999999999,1.3500072740890543
blue,400,496.66666666666663,8.299735537169317e-06,1.3499999999999999,1.350008299735537
blue,400,497.3333333333333,9.462045194648463e-06,1.3499999999999999,1.3500094620451946
blue,400,498.0,1.0778067651827031e-05,1.3499999999999999,1.3500107780676518
blue,400,498.66666666666663,1.2266817828502623e-05,1.3499999999999999,1.3500122668178283
blue,400,499.3333333333333,1.3949480994041632e-05,1.3499999999999999,1.350013949480994
blue,400,500.0,1.5849636505560498e-05,1.3499999999999999,1.3500158496365053
blue,400,500.66666666666663,1.7993501606248195e-05,1.3499999999999999,1.3500179935016061
blue,400,501.3333333333333,2.041019672405348e-05,1.3499999999999999,1.350020410196724
blue,400,502.0,2.3132033772967077e-05,1.3499999999999999,1.3500231320337728
blue,400,502.66666666666663,2.61948290188304e-05,1.3499999999999999,1.3500261948290186
blue,400,503.3333333333333,2.9638242128181704e-05,1.3499999999999999,1.350029638242128
blue,400,504.0,3.3506143071249435e-05,1.3499999999999999,1.350033506143071
blue,400,504.66666666666663,3.784700859787049e-05,1.3499999999999999,1.3500378470085976
blue,400,505.3333333333333,4.271435004678699e-05,1.3499999999999999,1.3500427143500466
blue,400,506.0,4.8167174283347724e-05,1.3499999999999999,1.3500481671742832
blue,400,506.66666666666663,5.427047958692172e-05,1.3499999999999999,1.3500542704795868
blue,400,507.3333333333333,6.109578832598607e-05,1.3499999999999999,1.350061095788326
blue,400,508.0,6.872171826454086e-05,1.3499999999999999,1.3500687217182643
blue,400,508.66666666666663,7.723459433678412e-05,1.3499999999999999,1.3500772345943366
blue,400,509.3333333333333,8.672910270629005e-05,1.3499999999999999,1.350086729102706
blue,400,510.0,9.730898888969857e-05,1.3499999999999999,1.3500973089888895
blue,400,510.66666666666663,0.00010908780167152315,1.3499999999999999,1.3501090878016715
blue,400,511.3333333333333,0.00012218968446433295,1.3499999999999999,1.3501221896844642
blue,400,512.0,0.0001367502156755615,1.3499999999999999,1.3501367502156754
blue,400,512.6666666666666,0.00015291729952678494,1.3499999999999999,1.3501529172995266
blue,400,513.3333333333333,0.00017085210863160017,1.3499999999999999,1.3501708521086315
blue,400,514.0,0.00019073007947249343,1.3499999999999999,1.3501907300794724
blue,400,514.6666666666666,0.00021274196172350833,1.3499999999999999,1.3502127419617234
blue,400,515.3333333333333,0.00023709492214239484,1.3499999999999999,1.3502370949221423
blue,400,516.0,0.00026401370350134193,1.3499999999999999,1.3502640137035011
blue,400,516.6666666666666,0.0002937418387380797,1.3499999999999999,1.350293741838738
blue,400,517.3333333333333,0.00032654292018734026,1.3499999999999999,1.3503265429201872
blue,400,518.0,0.00036270192339486854,1.3499999999999999,1.3503627019233948
blue,400,518.6666666666666,0.00040252658462158357,1.3499999999999999,1.3504025265846213
blue,400,519.3333333333333,0.00044634883071269997,1.3499999999999999,1.3504463488307126
blue,400,520.0,0.0004945262595347378,1.3499999999999999,1.3504945262595347
blue,400,520.6666666666666,0.0005474436686722679,1.3499999999999999,1.3505474436686722
blue,400,521.3333333333333,0.0006055146295253159,1.3499999999999999,1.3506055146295253
blue,400,522.0,0.000669183103357406,1.3499999999999999,1.3506691831033573
blue,400,522.6666666666666,0.0007389250952143823,1.3499999999999999,1.3507389250952142
blue,400,523.3333333333333,0.0008152503409656154,1.3499999999999999,1.3508152503409654
blue,400,524.0,0.0008987040220129669,1.3499999999999999,1.3508987040220128
blue,400,524.6666666666666,0.0009898685014715358,1.3499999999999999,1.3509898685014714
blue,400,525.3333333333333,0.0010893650748511727,1.3499999999999999,1.351089365074851
blue,400,526.0,0.0011978557274613711,1.3499999999999999,1.3511978557274613
blue,400,526.6666666666666,0.001316044889928922,1.3499999999999999,1.3513160448899288
blue,400,527.3333333333333,0.0014446811823604032,1.3499999999999999,1.3514446811823602
blue,400,528.0,0.0015845591368042222,1.3499999999999999,1.351584559136804
blue,400,528.6666666666666,0.0017365208867761465,1.3499999999999999,1.351736520886776
blue,400,529.3333333333333,0.0019014578117123055,1.3499999999999999,1.3519014578117121
blue,400,530.0,0.002080312123310446,1.3499999999999999,1.3520803121233103
blue,400,530.6666666666666,0.00227407837982253,1.3499999999999999,1.3522740783798224
blue,400,531.3333333333333,0.0024838049134756593,1.3499999999999999,1.3524838049134755
blue,400,532.0,0.0027105951553311226,1.3499999999999999,1.352710595155331
blue,400,532.6666666666666,0.0029556088410545973,1.3499999999999999,1.3529556088410544
blue,400,533.3333333333333,0.003220063080271283,1.3499999999999999,1.353220063080271
blue,400,534.0,0.0035052332714270995,1.3499999999999999,1.353505233271427
blue,400,534.6666666666666,0.0038124538433848146,1.3499999999999999,1.3538124538433847
blue,400,535.3333333333333,0.004143118804359779,1.3499999999999999,1.3541431188043596
blue,400,536.0,0.004498682078254532,1.3499999999999999,1.3544986820782543
blue,400,536.6666666666666,0.004880657608000043,1.3499999999999999,1.354880657608
blue,400,537.3333333333333,0.005290619205162143,1.3499999999999999,1.355290619205162
blue,400,538.0,0.0057302001248355095,1.3499999999999999,1.3557302001248355
blue,400,538.6666666666666,0.006201092344741077,1.3499999999999999,1.356201092344741
blue,400,539.3333333333333,0.006705045527473576,1.3499999999999999,1.3567050455274734
blue,400,540.0,0.007243865645023883,1.3499999999999999,1.3572438656450236
blue,400,540.6666666666666,0.007819413245043724,1.3499999999999999,1.3578194132450436
blue,400,541.3333333333333,0.008433601338833245,1.3499999999999999,1.3584336013388332
blue,400,542.0,0.009088392891722927,1.3499999999999999,1.3590883928917228
blue,400,542.6666666666666,0.009785797897408388,1.3499999999999999,1.3597857978974082
blue,400,543.3333333333333,0.010527870018880187,1.3499999999999999,1.36052787001888
blue,400,544.0,0.011316702779877204,1.3499999999999999,1.3613167027798772
blue,400,544.6666666666666,0.012154425292296366,1.3499999999999999,1.3621544252922961
blue,400,545.3333333333333,0.01304319750671027,1.3499999999999999,1.36304319750671
blue,400,546.0,0.013985204975078299,1.3499999999999999,1.3639852049750782
blue,400,546.6666666666666,0.014982653116899204,1.3499999999999999,1.3649826531168991
blue,400,547.3333333333333,0.016037760982433313,1.3499999999999999,1.3660377609824332
blue,400,548.0,0.01715275450921582,1.3499999999999999,1.3671527545092157
blue,400,548.6666666666666,0.018329859270898318,1.3499999999999999,1.3683298592708981
blue,400,549.3333333333333,0.019571292720475076,1.3499999999999999,1.3695712927204748
blue,400,550.0,0.020879255933162085,1.3499999999999999,1.370879255933162
blue,400,550.6666666666666,0.0222559248576057,1.3499999999999999,1.3722559248576056
blue,400,551.3333333333333,0.023703441087675196,1.3499999999999999,1.3737034410876752
blue,400,552.0,0.025223902170821766,1.3499999999999999,1.3752239021708217
blue,400,552.6666666666666,0.026819351472864763,1.3499999999999999,1.3768193514728646
blue,400,553.3333333333333,0.02849176762305687,1.3499999999999999,1.3784917676230568
blue,400,554.0,0.030243053567357413,1.3499999999999999,1.3802430535673573
blue,400,554.6666666666666,0.03207502526200186,1.3499999999999999,1.3820750252620018
blue,400,555.3333333333333,0.033989400043649906,1.3499999999999999,1.3839894000436497
blue,400,556.0,0.03598778471658941,1.3499999999999999,1.3859877847165893
blue,400,556.6666666666666,0.03807166340166271,1.3499999999999999,1.3880716634016625
blue,400,557.3333333333333,0.040242385195708476,1.3499999999999999,1.3902423851957084
blue,400,558.0,0.042501151694337574,1.3499999999999999,1.3925011516943375
blue,400,558.6666666666666,0.04484900443477734,1.3499999999999999,1.3948490044347772
blue,400,559.3333333333333,0.04728681231926023,1.3499999999999999,1.39728681231926
blue,400,560.0,0.04981525908295976,1.3499999999999999,1.3998152590829596
blue,400,560.6666666666666,0.05243483087377965,1.3499999999999999,1.4024348308737795
blue,400,561.3333333333333,0.05514580401431519,1.3499999999999999,1.405145804014315
blue,400,562.0,0.057948233018983206,1.3499999999999999,1.407948233018983
blue,400,562.6666666666666,0.060841938941660116,1.3499999999999999,1.41084193894166
blue,400,563.3333333333333,0.06382649813110179,1.3499999999999999,1.4138264981311017
blue,400,564.0,0.06690123147290974,1.3499999999999999,1.4169012314729097
blue,400,564.6666666666666,0.07006519419785523,1.3499999999999999,1.420065194197855
blue,400,565.3333333333333,0.07331716633691487,1.3499999999999999,1.4233171663369149
blue,400,566.0,0.07665564390336906,1.3499999999999999,1.4266556439033689
blue,400,566.6666666666666,0.08007883088178971,1.3499999999999999,1.4300788308817896
blue,400,567.3333333333333,0.08358463210263278,1.3499999999999999,1.4335846321026326
blue,400,568.0,0.08717064707943033,1.3499999999999999,1.43717064707943
blue,400,568.6666666666666,0.09083416488328093,1.3499999999999999,1.4408341648832808
blue,400,569.3333333333333,0.09457216012641219,1.3499999999999999,1.444572160126412
blue,400,570.0,0.09838129012302449,1.3499999999999999,1.4483812901230244
blue,400,570.6666666666666,0.10225789329147558,1.3499999999999999,1.4522578932914754
blue,400,571.3333333333333,0.106197988857085,1.3499999999999999,1.4561979888570848
blue,400,572.0,0.11019727790943647,1.3499999999999999,1.4601972779094363
blue,400,572.6666666666666,0.1142511458621048,1.3499999999999999,1.4642511458621046
blue,400,573.3333333333333,0.11835466635620166,1.3499999999999999,1.4683546663562015
blue,400,574.0,0.12250260664204997,1.3499999999999999,1.47250260664205
blue,400,574.6666666666666,0.12668943446574654,1.3499999999999999,1.4766894344657464
blue,400,575.3333333333333,0.13090932647934495,1.3499999999999999,1.480909326479345
blue,400,576.0,0.13515617818492598,1.3499999999999999,1.4851561781849258
blue,400,576.6666666666666,0.13942361541403184,1.3499999999999999,1.4894236154140317
blue,400,577.3333333333333,0.14370500733481772,1.3499999999999999,1.4937050073348175
blue,400,578.0,0.14799348096988255,1.3499999999999999,1.4979934809698825
blue,400,578.6666666666666,0.1522819371981981,1.3499999999999999,1.502281937198198
blue,400,579.3333333333333,0.156563068204875,1.3499999999999999,1.506563068204875
blue,400,580.0,0.1608293763327523,1.3499999999999999,1.5108293763327523
blue,400,580.6666666666666,0.16507319428010964,1.3499999999999999,1.5150731942801094
blue,400,581.3333333333333,0.1692867065791898,1.3499999999999999,1.5192867065791897
blue,400,582.0,0.17346197228076501,1.3499999999999999,1.523461972280765
blue,400,582.6666666666666,0.17759094876081638,1.3499999999999999,1.5275909487608161
blue,400,583.3333333333333,0.1816655165565397,1.3499999999999999,1.5316655165565396
blue,400,584.0,0.1856775051304225,1.3499999999999999,1.5356775051304223
blue,400,584.6666666666666,0.18961871945318554,1.3499999999999999,1.5396187194531854
blue,400,585.3333333333333,0.19348096728896347,1.3499999999999999,1.5434809672889633
blue,400,586.0,0.19725608705928463,1.3499999999999999,1.5472560870592844
blue,400,586.6666666666666,0.20093597615631983,1.3499999999999999,1.5509359761563197
blue,400,587.3333333333333,0.20451261957051026,1.3499999999999999,1.5545126195705101
blue,400,588.0,0.2079781186931131,1.3499999999999999,1.557978118693113
blue,400,588.6666666666666,0.21132472015052425,1.3499999999999999,1.561324720150524
blue,400,589.3333333333333,0.2145448445244401,1.3499999999999999,1.5645448445244399
blue,400,590.0,0.21763111481004652,1.3499999999999999,1.5676311148100464
blue,400,590.6666666666666,0.22057638446355243,1.3499999999999999,1.5705763844635523
blue,400,591.3333333333333,0.2233737648904857,1.3499999999999999,1.5733737648904855
blue,400,592.0,0.22601665222726638,1.3499999999999999,1.5760166522272663
blue,400,592.6666666666666,0.22849875327071076,1.3499999999999999,1.5784987532707107
blue,400,593.3333333333333,0.2308141104132505,1.3499999999999999,1.5808141104132503
blue,400,594.0,0.2329571254457765,1.3499999999999999,1.5829571254457764
blue,400,594.6666666666666,0.2349225820951439,1.3499999999999999,1.5849225820951438
blue,400,595.3333333333333,0.23670566716944472,1.3499999999999999,1.5867056671694446
blue,400,596.0,0.23830199019113069,1.3499999999999999,1.5883019901911306
blue,400,596.6666666666666,0.23970760140594252,1.3499999999999999,1.5897076014059424
blue,400,597.3333333333333,0.24091900806428068,1.3499999999999999,1.5909190080642805
blue,400,598.0,0.2419331888810926,1.3499999999999999,1.5919331888810926
blue,400,598.6666666666666,0.2427476065905,1.3499999999999999,1.5927476065904997
blue,400,599.3333333333333,0.24336021852215312,1.3499999999999999,1.593360218522153
blue,400,600.0,0.24376948513760652,1.3499999999999999,1.5937694851376063
blue,400,600.6666666666666,0.2439743764767891,1.3499999999999999,1.593974376476789
blue,400,601.3333333333333,0.24397437647678913,1.3499999999999999,1.593974376476789
blue,400,602.0,0.24376948513760652,1.3499999999999999,1.5937694851376063
blue,400,602.6666666666666,0.2433602185221532,1.3499999999999999,1.5933602185221531
blue,400,603.3333333333333,0.24274760659050013,1.3499999999999999,1.5927476065905
blue,400,604.0,0.2419331888810926,1.3499999999999999,1.5919331888810926
blue,400,604.6666666666666,0.24091900806428088,1.3499999999999999,1.5909190080642808
blue,400,605.3333333333333,0.23970760140594274,1.3499999999999999,1.5897076014059426
blue,400,606.0,0.23830199019113069,1.3499999999999999,1.5883019901911306
blue,400,606.6666666666666,0.23670566716944502,1.3499999999999999,1.5867056671694448
blue,400,607.3333333333333,0.23492258209514424,1.3499999999999999,1.584922582095144
blue,400,608.0,0.2329571254457765,1.3499999999999999,1.5829571254457764
blue,400,608.6666666666666,0.2308141104132509,1.3499999999999999,1.5808141104132507
blue,400,609.3333333333333,0.22849875327071115,1.3499999999999999,1.578498753270711
blue,400,610.0,0.22601665222726638,1.3499999999999999,1.5760166522272663
blue,400,610.6666666666666,0.22337376489048613,1.3499999999999999,1.573373764890486
blue,400,611.3333333333333,0.22057638446355293,1.3499999999999999,1.5705763844635527
blue,400,612.0,0.21763111481004652,1.3499999999999999,1.5676311148100464
blue,400,612.6666666666666,0.21454484452444064,1.3499999999999999,1.5645448445244405
blue,400,613.3333333333333,0.21132472015052484,1.3499999999999999,1.5613247201505247
blue,400,614.0,0.2079781186931131,1.3499999999999999,1.557978118693113
blue,400,614.6666666666666,0.20451261957051087,1.3499999999999999,1.5545126195705108
blue,400,615.3333333333333,0.20093597615632047,1.3499999999999999,1.5509359761563204
blue,400,616.0,0.19725608705928463,1.3499999999999999,1.5472560870592844
blue,400,616.6666666666666,0.19348096728896413,1.3499999999999999,1.543480967288964
blue,400,617.3333333333333,0.18961871945318617,1.3499999999999999,1.539618719453186
blue,400,618.0,0.1856775051304225,1.3499999999999999,1.5356775051304223
blue,400,618.6666666666666,0.1816655165565404,1.3499999999999999,1.5316655165565403
blue,400,619.3333333333333,0.17759094876081707,1.3499999999999999,1.527590948760817
blue,400,620.0,0.17346197228076501,1.3499999999999999,1.523461972280765
blue,400,620.6666666666666,0.16928670657919048,1.3499999999999999,1.5192867065791904
blue,400,621.3333333333333,0.16507319428011033,1.3499999999999999,1.5150731942801101
blue,400,622.0,0.1608293763327523,1.3499999999999999,1.5108293763327523
blue,400,622.6666666666666,0.15656306820487573,1.3499999999999999,1.5065630682048756
blue,400,623.3333333333333,0.15228193719819888,1.3499999999999999,1.5022819371981988
blue,400,624.0,0.14799348096988255,1.3499999999999999,1.4979934809698825
blue,400,624.6666666666666,0.14370500733481845,1.3499999999999999,1.4937050073348184
blue,400,625.3333333333333,0.13942361541403256,1.3499999999999999,1.4894236154140323
blue,400,626.0,0.13515617818492598,1.3499999999999999,1.4851561781849258
blue,400,626.6666666666666,0.13090932647934567,1.3499999999999999,1.4809093264793456
blue,400,627.3333333333333,0.1266894344657473,1.3499999999999999,1.476689434465747
blue,400,628.0,0.12250260664204997,1.3499999999999999,1.47250260664205
blue,400,628.6666666666666,0.11835466635620237,1.3499999999999999,1.4683546663562022
blue,400,629.3333333333333,0.1142511458621055,1.3499999999999999,1.4642511458621055
blue,400,630.0,0.11019727790943647,1.3499999999999999,1.4601972779094363
blue,400,630.6666666666666,0.10619798885708566,1.3499999999999999,1.4561979888570855
blue,400,631.3333333333333,0.10225789329147625,1.3499999999999999,1.452257893291476
blue,400,632.0,0.09838129012302449,1.3499999999999999,1.4483812901230244
blue,400,632.6666666666666,0.09457216012641284,1.3499999999999999,1.4445721601264128
blue,400,633.3333333333333,0.09083416488328155,1.3499999999999999,1.4408341648832814
blue,400,634.0,0.08717064707943033,1.3499999999999999,1.43717064707943
blue,400,634.6666666666666,0.0835846321026334,1.3499999999999999,1.4335846321026333
blue,400,635.3333333333333,0.08007883088179031,1.3499999999999999,1.4300788308817902
blue,400,636.0,0.07665564390336906,1.3499999999999999,1.4266556439033689
blue,400,636.6666666666666,0.07331716633691543,1.3499999999999999,1.4233171663369153
blue,400,637.3333333333333,0.07006519419785577,1.3499999999999999,1.4200651941978557
blue,400,638.0,0.06690123147290974,1.3499999999999999,1.4169012314729097
blue,400,638.6666666666666,0.0638264981311023,1.3499999999999999,1.4138264981311022
blue,400,639.3333333333333,0.0608419389416606,1.3499999999999999,1.4108419389416604
blue,400,640.0,0.057948233018983206,1.3499999999999999,1.407948233018983
blue,400,640.6666666666666,0.055145804014315646,1.3499999999999999,1.4051458040143154
blue,400,641.3333333333333,0.0524348308737801,1.3499999999999999,1.40243483087378
blue,400,642.0,0.04981525908295976,1.3499999999999999,1.3998152590829596
blue,400,642.6666666666666,0.04728681231926067,1.3499999999999999,1.3972868123192606
blue,400,643.3333333333333,0.04484900443477776,1.3499999999999999,1.3948490044347777
blue,400,644.0,0.042501151694337574,1.3499999999999999,1.3925011516943375
blue,400,644.6666666666666,0.04024238519570885,1.3499999999999999,1.3902423851957086
blue,400,645.3333333333333,0.038071663401663076,1.3499999999999999,1.388071663401663
blue,400,646.0,0.03598778471658941,1.3499999999999999,1.3859877847165893
blue,400,646.6666666666666,0.03398940004365023,1.3499999999999999,1.3839894000436501
blue,400,647.3333333333333,0.032075025262002205,1.3499999999999999,1.382075025262002
blue,400,648.0,0.030243053567357413,1.3499999999999999,1.3802430535673573
blue,400,648.6666666666666,0.028491767623057163,1.3499999999999999,1.378491767623057
blue,400,649.3333333333333,0.026819351472865037,1.3499999999999999,1.3768193514728648
blue,400,650.0,0.025223902170821766,1.3499999999999999,1.3752239021708217
blue,400,650.6666666666666,0.02370344108767545,1.3499999999999999,1.3737034410876754
blue,400,651.3333333333333,0.02225592485760594,1.3499999999999999,1.3722559248576058
blue,400,652.0,0.020879255933162085,1.3499999999999999,1.370879255933162
blue,400,652.6666666666666,0.019571292720475288,1.3499999999999999,1.369571292720475
blue,400,653.3333333333333,0.01832985927089853,1.3499999999999999,1.3683298592708983
blue,400,654.0,0.01715275450921582,1.3499999999999999,1.3671527545092157
blue,400,654.6666666666666,0.0160377609824335,1.3499999999999999,1.3660377609824335
blue,400,655.3333333333333,0.014982653116899378,1.3499999999999999,1.3649826531168991
blue,400,656.0,0.013985204975078299,1.3499999999999999,1.3639852049750782
blue,400,656.6666666666666,0.013043197506710427,1.3499999999999999,1.3630431975067103
blue,400,657.3333333333333,0.012154425292296512,1.3499999999999999,1.3621544252922964
blue,400,658.0,0.011316702779877204,1.3499999999999999,1.3613167027798772
blue,400,658.6666666666666,0.010527870018880312,1.3499999999999999,1.36052787001888
blue,400,659.3333333333333,0.00978579789740851,1.3499999999999999,1.3597857978974084
blue,400,660.0,0.009088392891722927,1.3499999999999999,1.3590883928917228
blue,400,660.6666666666666,0.008433601338833353,1.3499999999999999,1.3584336013388332
blue,400,661.3333333333333,0.007819413245043825,1.3499999999999999,1.3578194132450436
blue,400,662.0,0.007243865645023883,1.3499999999999999,1.3572438656450236
blue,400,662.6666666666666,0.006705045527473672,1.3499999999999999,1.3567050455274736
blue,400,663.3333333333333,0.0062010923447411645,1.3499999999999999,1.356201092344741
blue,400,664.0,0.0057302001248355095,1.3499999999999999,1.3557302001248355
blue,400,664.6666666666666,0.005290619205162216,1.3499999999999999,1.3552906192051621
blue,400,665.3333333333333,0.0048806576080001095,1.3499999999999999,1.354880657608
blue,400,666.0,0.004498682078254532,1.3499999999999999,1.3544986820782543
blue,400,666.6666666666666,0.004143118804359837,1.3499999999999999,1.3541431188043598
blue,400,667.3333333333333,0.003812453843384869,1.3499999999999999,1.3538124538433847
blue,400,668.0,0.0035052332714270995,1.3499999999999999,1.353505233271427
blue,400,668.6666666666666,0.0032200630802713287,1.3499999999999999,1.353220063080271
blue,400,669.3333333333333,0.0029556088410546424,1.3499999999999999,1.3529556088410546
blue,400,670.0,0.0027105951553311226,1.3499999999999999,1.352710595155331
blue,400,670.6666666666666,0.0024838049134756944,1.3499999999999999,1.3524838049134755
blue,400,671.3333333333333,0.002274078379822564,1.3499999999999999,1.3522740783798224
blue,400,672.0,0.002080312123310446,1.3499999999999999,1.3520803121233103
blue,400,672.6666666666666,0.0019014578117123343,1.3499999999999999,1.3519014578117121
blue,400,673.3333333333333,0.0017365208867761728,1.3499999999999999,1.351736520886776
blue,400,674.0,0.0015845591368042222,1.3499999999999999,1.351584559136804
blue,400,674.6666666666666,0.0014446811823604262,1.3499999999999999,1.3514446811823604
blue,400,675.3333333333333,0.001316044889928943,1.3499999999999999,1.3513160448899288
blue,400,676.0,0.0011978557274613711,1.3499999999999999,1.3511978557274613
blue,400,676.6666666666666,0.001089365074851191,1.3499999999999999,1.351089365074851
blue,400,677.3333333333333,0.0009898685014715534,1.3499999999999999,1.3509898685014714
blue,400,678.0,0.0008987040220129669,1.3499999999999999,1.3508987040220128
blue,400,678.6666666666666,0.0008152503409656292,1.3499999999999999,1.3508152503409654
blue,400,679.3333333333333,0.0007389250952143947,1.3499999999999999,1.3507389250952142
blue,400,680.0,0.000669183103357406,1.3499999999999999,1.3506691831033573
blue,400,680.6666666666666,0.0006055146295253261,1.3499999999999999,1.3506055146295253
blue,400,681.3333333333333,0.0005474436686722772,1.3499999999999999,1.3505474436686722
blue,400,682.0,0.0004945262595347378,1.3499999999999999,1.3504945262595347
blue,400,682.6666666666666,0.0004463488307127075,1.3499999999999999,1.3504463488307126
blue,400,683.3333333333333,0.0004025265846215907,1.3499999999999999,1.3504025265846216
blue,400,684.0,0.00036270192339486854,1.3499999999999999,1.3503627019233948
blue,400,684.6666666666666,0.0003265429201873461,1.3499999999999999,1.3503265429201872
blue,400,685.3333333333333,0.00029374183873808515,1.3499999999999999,1.350293741838738
blue,400,686.0,0.00026401370350134193,1.3499999999999999,1.3502640137035011
blue,400,686.6666666666666,0.00023709492214239925,1.3499999999999999,1.3502370949221423
blue,400,687.3333333333333,0.00021274196172351212,1.3499999999999999,1.3502127419617234
blue,400,688.0,0.00019073007947249343,1.3499999999999999,1.3501907300794724
blue,400,688.6666666666666,0.00017085210863160337,1.3499999999999999,1.3501708521086315
blue,400,689.3333333333333,0.0001529172995267878,1.3499999999999999,1.3501529172995266
blue,400,690.0,0.0001367502156755615,1.3499999999999999,1.3501367502156754
blue,400,690.6666666666666,0.00012218968446433415,1.3499999999999999,1.3501221896844642
blue,400,691.3333333333333,0.00010908780167152527,1.3499999999999999,1.3501090878016715
blue,400,692.0,9.730898888969857e-05,1.3499999999999999,1.3500973089888895
blue,400,692.6666666666666,8.672910270629097e-05,1.3499999999999999,1.350086729102706
blue,400,693.3333333333333,7.723459433678577e-05,1.3499999999999999,1.3500772345943366
blue,400,694.0,6.872171826454086e-05,1.3499999999999999,1.3500687217182643
blue,400,694.6666666666666,6.109578832598672e-05,1.3499999999999999,1.350061095788326
blue,400,695.3333333333333,5.4270479586922686e-05,1.3499999999999999,1.3500542704795868
blue,400,696.0,4.8167174283347724e-05,1.3499999999999999,1.3500481671742832
blue,400,696.6666666666666,4.271435004678744e-05,1.3499999999999999,1.3500427143500466
blue,400,697.3333333333333,3.784700859787136e-05,1.3499999999999999,1.3500378470085976
blue,400,698.0,3.3506143071249435e-05,1.3499999999999999,1.350033506143071
blue,400,698.6666666666666,2.9638242128182023e-05,1.3499999999999999,1.350029638242128
blue,400,699.3333333333333,2.6194829018830913e-05,1.3499999999999999,1.3500261948290186
blue,400,700.0,2.3132033772967077e-05,1.3499999999999999,1.3500231320337728
blue,400,700.6666666666666,2.0410196724053696e-05,1.3499999999999999,1.350020410196724
blue,400,701.3333333333333,1.7993501606248608e-05,1.3499999999999999,1.3500179935016061
blue,400,702.0,1.5849636505560498e-05,1.3499999999999999,1.3500158496365053
blue,400,702.6666666666666,1.3949480994041806e-05,1.3499999999999999,1.350013949480994
blue,400,703.3333333333333,1.2266817828502906e-05,1.3499999999999999,1.3500122668178283
blue,400,704.0,1.0778067651827031e-05,1.3499999999999999,1.3500107780676518
blue,400,704.6666666666666,9.46204519464853e-06,1.3499999999999999,1.3500094620451946
blue,400,705.3333333333333,8.299735537169481e-06,1.3499999999999999,1.350008299735537
blue,400,706.0,7.274089054502891e-06,1.3499999999999999,1.3500072740890543
blue,400,706.6666666666666,6.369833733483124e-06,1.3499999999999999,1.3500063698337335
blue,400,707.3333333333333,5.573303613827351e-06,1.3499999999999999,1.3500055733036136
blue,400,708.0,4.8722821713498455e-06,1.3499999999999999,1.3500048722821711
blue,400,708.6666666666666,4.255859525172288e-06,1.3499999999999999,1.350004255859525
blue,400,709.3333333333333,3.7143024141661072e-06,1.3499999999999999,1.350003714302414
blue,400,710.0,3.238935949877136e-06,1.3499999999999999,1.3500032389359498
blue,400,710.6666666666666,2.8220362136298882e-06,1.3499999999999999,1.3500028220362135
blue,400,711.3333333333333,2.4567328241716434e-06,1.3499999999999999,1.350002456732824
blue,400,712.0,2.1369206589020588e-06,1.3499999999999999,1.3500021369206587
blue,400,712.6666666666666,1.857179966291104e-06,1.3499999999999999,1.3500018571799661
blue,400,713.3333333333333,1.612704159410114e-06,1.3499999999999999,1.3500016127041592
blue,400,714.0,1.3992346305057739e-06,1.3499999999999999,1.3500013992346305
blue,400,714.6666666666666,1.2130019741791755e-06,1.3499999999999999,1.350001213001974
blue,400,715.3333333333333,1.0506730519704276e-06,1.3499999999999999,1.3500010506730518
blue,400,716.0,9.093033739871957e-07,1.3499999999999999,1.3500009093033738
blue,400,716.6666666666666,7.862943136664159e-07,1.3499999999999999,1.3500007862943135
blue,400,717.3333333333333,6.793547098566237e-07,1.3499999999999999,1.3500006793547097
blue,400,718.0,5.864664461991519e-07,1.3499999999999999,1.3500005864664462
blue,400,718.6666666666666,5.058536313257552e-07,1.3499999999999999,1.3500005058536313
blue,400,719.3333333333333,4.3595503474810504e-07,1.3499999999999999,1.3500004359550346
blue,400,720.0,3.753994625656676e-07,1.3499999999999999,1.3500003753994625
blue,400,720.6666666666666,3.2298378434339845e-07,1.3499999999999999,1.3500003229837843
blue,400,721.3333333333333,2.7765334779734506e-07,1.3499999999999999,1.3500002776533477
blue,400,722.0,2.384845413635892e-07,1.3499999999999999,1.3500002384845413
blue,400,722.6666666666666,2.0466928640512498e-07,1.3499999999999999,1.3500002046692863
blue,400,723.3333333333333,1.7550126082564367e-07,1.3499999999999999,1.3500001755012607
blue,400,724.0,1.5036367430126756e-07,1.3499999999999999,1.3500001503636743
blue,400,724.6666666666666,1.2871843230240784e-07,1.3499999999999999,1.3500001287184322
blue,400,725.3333333333333,1.100965416492856e-07,1.3499999999999999,1.3500001100965415
blue,400,726.0,9.408962461443376e-08,1.3499999999999999,1.3500000940896244
blue,400,726.6666666666666,8.034242163947333e-08,1.3499999999999999,1.3500000803424215
blue,400,727.3333333333333,6.854617465510197e-08,1.3499999999999999,1.3500000685461746
blue,400,728.0,5.843279386240676e-08,1.3499999999999999,1.3500000584327938
blue,400,728.6666666666666,4.9769720726716276e-08,1.3499999999999999,1.3500000497697207
blue,400,729.3333333333333,4.235540892553659e-08,1.3499999999999999,1.3500000423554088
blue,400,730.0,3.6015353148934186e-08,1.3499999999999999,1.350000036015353
blue,400,730.6666666666666,3.0598603039619864e-08,1.3499999999999999,1.3500000305986029
blue,400,731.3333333333333,2.5974706243026053e-08,1.3499999999999999,1.350000025974706
blue,400,732.0,2.2031030573031563e-08,1.3499999999999999,1.3500000220310304
blue,400,732.6666666666666,1.8670420741194575e-08,1.3499999999999999,1.3500000186704206
blue,400,733.3333333333333,1.5809149997499513e-08,1.3499999999999999,1.3500000158091499
blue,400,734.0,1.3375131436226957e-08,1.3499999999999999,1.3500000133751313
blue,400,734.6666666666666,1.1306357675742856e-08,1.3499999999999999,1.3500000113063575
blue,400,735.3333333333333,9.549541166819353e-09,1.3499999999999999,1.350000009549541
blue,400,736.0,8.058930558395946e-09,1.3499999999999999,1.3500000080589305
blue,400,736.6666666666666,6.795281387404782e-09,1.3499999999999999,1.3500000067952813
blue,400,737.3333333333333,5.7249618926264726e-09,1.3499999999999999,1.3500000057249617
blue,400,738.0,4.81917701106057e-09,1.3499999999999999,1.350000004819177
blue,400,738.6666666666666,4.053295626049609e-09,1.3499999999999999,1.3500000040532956
blue,400,739.3333333333333,3.4062679241950422e-09,1.3499999999999999,1.3500000034062678
blue,400,740.0,2.8601213055377044e-09,1.3499999999999999,1.3500000028601211
blue,400,740.6666666666666,2.399524699142551e-09,1.3499999999999999,1.3500000023995247
blue,400,741.3333333333333,2.011412382859296e-09,1.3499999999999999,1.3500000020114122
blue,400,742.0,1.6846595086179807e-09,1.3499999999999999,1.3500000016846594
blue,400,742.6666666666666,1.4098025085449147e-09,1.3499999999999999,1.3500000014098024
blue,400,743.3333333333333,1.1787984163736575e-09,1.3499999999999999,1.3500000011787983
blue,400,744.0,9.848178956324575e-10,1.3499999999999999,1.3500000009848179
blue,400,744.6666666666666,8.220674322251754e-10,1.3499999999999999,1.3500000008220674
blue,400,745.3333333333333,6.856367344680968e-10,1.3499999999999999,1.3500000006856365
blue,400,746.0,5.713678975352315e-10,1.3499999999999999,1.3500000005713677
blue,400,746.6666666666666,4.75743339788211e-10,1.3499999999999999,1.3500000004757433
blue,400,747.3333333333333,3.9578991295710865e-10,1.3499999999999999,1.3500000003957897
blue,400,748.0,3.289969331433836e-10,1.3499999999999999,1.3500000003289967
blue,400,748.6666666666666,2.732461809780594e-10,1.3499999999999999,1.350000000273246
blue,400,749.3333333333333,2.2675218219308792e-10,1.3499999999999999,1.350000000226752
blue,400,750.0,1.8801130897999464e-10,1.3499999999999999,1.3500000001880113
blue,400,750.6666666666666,1.5575844192678534e-10,1.3499999999999999,1.3500000001557584
blue,400,751.3333333333333,1.2893010568768794e-10,1.3499999999999999,1.35000000012893
blue,400,752.0,1.0663314207699453e-10,1.3499999999999999,1.350000000106633
blue,400,752.6666666666666,8.811811484063854e-11,1.3499999999999999,1.350000000088118
blue,400,753.3333333333333,7.275675346645377e-11,1.3499999999999999,1.3500000000727566
blue,400,754.0,6.002284126635758e-11,1.3499999999999999,1.3500000000600227
blue,400,754.6666666666666,4.947603755541143e-11,1.3499999999999999,1.3500000000494758
blue,400,755.3333333333333,4.074819678241603e-11,1.3499999999999999,1.3500000000407482
blue,400,756.0,3.353181044271086e-11,1.3499999999999999,1.3500000000335317
blue,400,756.6666666666666,2.757025184842635e-11,1.3499999999999999,1.35000000002757
blue,400,757.3333333333333,2.264955050252579e-11,1.3499999999999999,1.3500000000226495
blue,400,758.0,1.8591462932695954e-11,1.3499999999999999,1.3500000000185914
blue,400,758.6666666666666,1.5247641273243245e-11,1.3499999999999999,1.3500000000152474
blue,400,759.3333333333333,1.2494730408397257e-11,1.3499999999999999,1.3500000000124945
blue,400,760.0,1.0230249779890514e-11,1.3499999999999999,1.3500000000102301
blue,400,760.6666666666666,8.369137599019507e-12,1.3499999999999999,1.350000000008369
blue,400,761.3333333333333,6.84085369563036e-12,1.3499999999999999,1.3500000000068406
blue,400,762.0,5.586953023375149e-12,1.3499999999999999,1.3500000000055867
blue,400,762.6666666666666,4.559055303141401e-12,1.3499999999999999,1.3500000000045589
blue,400,763.3333333333333,3.7171477544842286e-12,1.3499999999999999,1.3500000000037171
blue,400,764.0,3.0281676230737854e-12,1.3499999999999999,1.3500000000030281
blue,400,764.6666666666666,2.464819506499733e-12,1.3499999999999999,1.3500000000024648
blue,400,765.3333333333333,2.0045895232434603e-12,1.3499999999999999,1.3500000000020045
blue,400,766.0,1.6289243427313285e-12,1.3499999999999999,1.3500000000016288
blue,400,766.6666666666666,1.3225481550507456e-12,1.3499999999999999,1.3500000000013224
blue,400,767.3333333333333,1.0728949419444147e-12,1.3499999999999999,1.3500000000010728
blue,400,768.0,8.696370317171744e-13,1.3499999999999999,1.3500000000008694
blue,400,768.6666666666666,7.042939787590519e-13,1.3499999999999999,1.3500000000007042
blue,400,769.3333333333333,5.69908388291521e-13,1.3499999999999999,1.3500000000005699
blue,400,770.0,4.60777481143975e-13,1.3499999999999999,1.3500000000004606
blue,400,770.6666666666666,3.7223102372757443e-13,1.3499999999999999,1.350000000000372
blue,400,771.3333333333333,3.0044778765195963e-13,1.3499999999999999,1.3500000000003003
blue,400,772.0,2.4230399655765564e-13,1.3499999999999999,1.3500000000002421
blue,400,772.6666666666666,1.9524830293841426e-13,1.3499999999999999,1.350000000000195
blue,400,773.3333333333333,1.5719874748650772e-13,1.3499999999999999,1.350000000000157
blue,400,774.0,1.2645791537901442e-13,1.3499999999999999,1.3500000000001264
blue,400,774.6666666666666,1.0164314130665091e-13,1.3499999999999999,1.3500000000001016
blue,400,775.3333333333333,8.162914772192942e-14,1.3499999999999999,1.3500000000000816
blue,400,776.0,6.550094549116533e-14,1.3499999999999999,1.3500000000000654
blue,400,776.6666666666666,5.2515197019067204e-14,1.3499999999999999,1.3500000000000525
blue,400,777.3333333333333,4.206855091246754e-14,1.3499999999999999,1.3500000000000418
blue,400,778.0,3.367171442316056e-14,1.3499999999999999,1.3500000000000336
blue,400,778.6666666666666,2.6928243731259685e-14,1.3499999999999999,1.3500000000000267
blue,400,779.3333333333333,2.1517209726326368e-14,1.3499999999999999,1.3500000000000214
blue,400,780.0,1.717904430052408e-14,1.3499999999999999,1.350000000000017
blue,400,780.6666666666666,1.3703994310385735e-14,1.3499999999999999,1.3500000000000136
blue,400,781.3333333333333,1.092271150326428e-14,1.3499999999999999,1.3500000000000107
blue,400,782.0,8.698590367722423e-15,1.3499999999999999,1.3500000000000085
blue,400,782.6666666666666,6.92153500376749e-15,1.3499999999999999,1.3500000000000068
blue,400,783.3333333333333,5.502893183552361e-15,1.3499999999999999,1.3500000000000054
blue,400,784.0,4.3713428428332815e-15,1.3499999999999999,1.3500000000000043
blue,400,784.6666666666666,3.4695550228760153e-15,1.3499999999999999,1.3500000000000034
blue,400,785.3333333333333,2.751489199736528e-15,1.3499999999999999,1.3500000000000025
blue,400,786.0,2.180203180846515e-15,1.3499999999999999,1.350000000000002
blue,400,786.6666666666666,1.7260813047793704e-15,1.3499999999999999,1.3500000000000016
blue,400,787.3333333333333,1.3654023684049817e-15,1.3499999999999999,1.3500000000000012
blue,400,788.0,1.0791832058185141e-15,1.3499999999999999,1.350000000000001
blue,400,788.6666666666666,8.522457182527005e-16,1.3499999999999999,1.3500000000000008
blue,400,789.3333333333333,6.724648693330992e-16,1.3499999999999999,1.3500000000000005
blue,400,790.0,5.301631004050412e-16,1.3499999999999999,1.3500000000000003
blue,400,790.6666666666666,4.176231040401323e-16,1.3499999999999999,1.3500000000000003
blue,400,791.3333333333333,3.286961823328894e-16,1.3499999999999999,1.35
blue,400,792.0,2.58487726178322e-16,1.3499999999999999,1.35
blue,400,792.6666666666666,2.031048601183419e-16,1.3499999999999999,1.35
blue,400,793.3333333333333,1.5945415069548282e-16,1.3499999999999999,1.35
blue,400,794.0,1.2507959457782006e-16,1.3499999999999999,1.35
blue,400,794.6666666666666,9.803298449154513e-17,1.3499999999999999,1.3499999999999999
blue,400,795.3333333333333,7.677027692677978e-17,1.3499999999999999,1.3499999999999999
blue,400,796.0,6.006882174700234e-17,1.3499999999999999,1.3499999999999999
blue,400,796.6666666666666,4.69613142783813e-17,1.3499999999999999,1.3499999999999999
blue,400,797.3333333333333,3.6683139341213686e-17,1.3499999999999999,1.3499999999999999
blue,400,798.0,2.863043005281747e-17,1.3499999999999999,1.3499999999999999
blue,400,798.6666666666666,2.2326691466630907e-17,1.3499999999999999,1.3499999999999999
blue,400,799.3333333333333,1.7396264152119838e-17,1.3499999999999999,1.3499999999999999
blue,400,800.0,1.3543245140751763e-17,1.3499999999999999,1.3499999999999999
blue,450,200.0,6.942532046450909e-11,1.9499999999999997,1.950000000069425
blue,450,200.66666666666666,9.023871002260759e-11,1.9499999999999997,1.9500000000902384
blue,450,201.33333333333334,1.1711161637544154e-10,1.9499999999999997,1.9500000001171114
blue,450,202.0,1.5175366323446835e-10,1.9499999999999997,1.9500000001517535
blue,450,202.66666666666666,1.963407760719507e-10,1.9499999999999997,1.9500000001963405
blue,450,203.33333333333334,2.5363777493779284e-10,1.9499999999999997,1.9500000002536375
blue,450,204.0,3.2715192306810236e-10,1.9499999999999997,1.9500000003271516
blue,450,204.66666666666666,4.213249053720982e-10,1.9499999999999997,1.9500000004213247
blue,450,205.33333333333334,5.41772426487931e-10,1.9499999999999997,1.9500000005417721
blue,450,206.0,6.955827052198328e-10,1.9499999999999997,1.9500000006955824
blue,450,206.66666666666666,8.916876758913242e-10,1.9499999999999997,1.9500000008916873
blue,450,207.33333333333334,1.141323776487275e-09,1.9499999999999997,1.9500000011413234
blue,450,208.0,1.458602913666419e-09,1.9499999999999997,1.9500000014586027
blue,450,208.66666666666666,1.8612186699341752e-09,1.9499999999999997,1.9500000018612185
blue,450,209.33333333333334,2.371318204462717e-09,1.9499999999999997,1.950000002371318
blue,450,210.0,3.016576767464986e-09,1.9499999999999997,1.9500000030165765
blue,450,210.66666666666666,3.831519498947837e-09,1.9499999999999997,1.9500000038315193
blue,450,211.33333333333334,4.859144449671154e-09,1.9499999999999997,1.9500000048591442
blue,450,212.0,6.152911816863902e-09,1.9499999999999997,1.9500000061529115
blue,450,212.66666666666666,7.779177544654563e-09,1.9499999999999997,1.9500000077791773
blue,450,213.33333333333334,9.820165063343773e-09,1.9499999999999997,1.9500000098201649
blue,450,214.0,1.2377587452151909e-08,1.9499999999999997,1.9500000123775871
blue,450,214.66666666666666,1.5577054188884273e-08,1.9499999999999997,1.9500000155770538
blue,450,215.33333333333334,1.9573422448922646e-08,1.9499999999999997,1.9500000195734222
blue,450,216.0,2.4557283264841306e-08,1.9499999999999997,1.950000024557283
blue,450,216.66666666666666,3.0762808472919135e-08,1.9499999999999997,1.9500000307628083
blue,450,217.33333333333334,3.847722606543684e-08,1.9499999999999997,1.9500000384772258
blue,450,218.0,4.8052240254142465e-08,1.9499999999999997,1.95000004805224
blue,450,218.66666666666666,5.99177692611501e-08,1.9499999999999997,1.950000059917769
blue,450,219.33333333333334,7.45984397431068e-08,1.9499999999999997,1.9500000745984394
blue,450,220.0,9.273335311059959e-08,1.9499999999999997,1.950000092733353
blue,450,220.66666666666666,1.1509972725774835e-07,1.9499999999999997,1.950000115099727
blue,450,221.33333333333334,1.4264111894832627e-07,1.9499999999999997,1.9500001426411187
blue,450,222.0,1.7650104905471544e-07,1.9499999999999997,1.9500001765010488
blue,450,222.66666666666666,2.1806298691967692e-07,1.9499999999999997,1.9500002180629867
blue,450,223.33333333333334,2.689978033822355e-07,1.9499999999999997,1.950000268997803
blue,450,224.0,3.313199767232913e-07,1.9499999999999997,1.9500003313199765
blue,450,224.66666666666666,4.0745403435835066e-07,1.9499999999999997,1.950000407454034
blue,450,225.33333333333334,5.003129381135495e-07,1.9499999999999997,1.950000500312938
blue,450,226.0,6.133903751012516e-07,1.9499999999999997,1.950000613390375
blue,450,226.66666666666666,7.508692024376976e-07,1.9499999999999997,1.950000750869202
blue,450,227.33333333333334,9.177486153098656e-07,1.9499999999999997,1.950000917748615
blue,450,228.0,1.1199929672858616e-06,1.9499999999999997,1.950001119992967
blue,450,228.66666666666666,1.364705572407408e-06,1.9499999999999997,1.950001364705572
blue,450,229.33333333333334,1.6603312636465744e-06,1.9499999999999997,1.9500016603312633
blue,450,230.0,2.016891974841292e-06,1.9499999999999997,1.9500020168919745
blue,450,230.66666666666666,2.446260156215837e-06,1.9499999999999997,1.950002446260156
blue,450,231.33333333333334,2.9624754298077596e-06,1.9499999999999997,1.9500029624754296
blue,450,232.0,3.5821105430322912e-06,1.9499999999999997,1.9500035821105428
blue,450,232.66666666666666,4.324693388274626e-06,1.9499999999999997,1.950004324693388
blue,450,233.33333333333331,5.213192625332111e-06,1.9499999999999997,1.950005213192625
blue,450,234.0,6.274575272575263e-06,1.9499999999999997,1.9500062745752722
blue,450,234.66666666666666,7.540445521862297e-06,1.9499999999999997,1.9500075404455215
blue,450,235.33333333333331,9.047774980515605e-06,1.9499999999999997,1.9500090477749803
blue,450,236.0,1.0839735548833656e-05,1.9499999999999997,1.9500108397355487
blue,450,236.66666666666666,1.2966647200036323e-05,1.9499999999999997,1.9500129666471997
blue,450,237.33333333333331,1.548705403596191e-05,1.9499999999999997,1.9500154870540356
blue,450,238.0,1.8468943139104904e-05,1.9499999999999997,1.9500184689431388
blue,450,238.66666666666666,2.1991121920471887e-05,1.9499999999999997,1.95002199112192
blue,450,239.33333333333331,2.6144770861616207e-05,1.9499999999999997,1.9500261447708613
blue,450,240.0,3.1035189753880106e-05,1.9499999999999997,1.9500310351897536
blue,450,240.66666666666666,3.678375673124615e-05,1.9499999999999997,1.950036783756731
blue,450,241.33333333333331,4.353012055512094e-05,1.9499999999999997,1.9500435301205548
blue,450,242.0,5.1434647716328505e-05,1.9499999999999997,1.950051434647716
blue,450,242.66666666666666,6.068114694463593e-05,1.9499999999999997,1.9500606811469443
blue,450,243.33333333333331,7.147989462855412e-05,1.9499999999999997,1.9500714798946284
blue,450,244.0,8.407098541353694e-05,1.9499999999999997,1.9500840709854133
blue,450,244.66666666666666,9.872803282670638e-05,1.9499999999999997,1.9500987280328264
blue,450,245.33333333333331,0.0001157622451287473,1.9499999999999997,1.9501157622451284
blue,450,246.0,0.0001355269016726148,1.9499999999999997,1.9501355269016722
blue,450,246.66666666666666,0.00015842225480476948,1.9499999999999997,1.9501584222548045
blue,450,247.33333333333331,0.00018490088172480688,1.9499999999999997,1.9501849008817245
blue,450,248.0,0.0002154735096677977,1.9499999999999997,1.9502154735096675
blue,450,248.66666666666666,0.00025071533623214444,1.9499999999999997,1.9502507153362318
blue,450,249.33333333333331,0.00029127286458421095,1.9499999999999997,1.950291272864584
blue,450,250.0,0.000337871270568245,1.9499999999999997,1.950337871270568
blue,450,250.66666666666666,0.0003913223153752095,1.9499999999999997,1.950391322315375
blue,450,251.33333333333331,0.00045253281331685604,1.9499999999999997,1.9504525328133167
blue,450,252.0,0.0005225136593539222,1.9499999999999997,1.9505225136593536
blue,450,252.66666666666666,0.0006023894152858187,1.9499999999999997,1.9506023894152855
blue,450,253.33333333333331,0.0006934084468747871,1.9499999999999997,1.9506934084468746
blue,450,254.0,0.0007969535966084639,1.9499999999999997,1.950796953596608
blue,450,254.66666666666666,0.0009145533682686881,1.9499999999999997,1.9509145533682684
blue,450,255.33333333333331,0.0010478935899490996,1.9499999999999997,1.951047893589949
blue,450,256.0,0.0011988295116406654,1.9499999999999997,1.9511988295116405
blue,450,256.6666666666667,0.001369398281989383,1.9499999999999997,1.951369398281989
blue,450,257.3333333333333,0.0015618317363470086,1.9499999999999997,1.9515618317363468
blue,450,258.0,0.0017785694148269844,1.9499999999999997,1.9517785694148266
blue,450,258.6666666666667,0.002022271714807444,1.9499999999999997,1.9520222717148072
blue,450,259.3333333333333,0.0022958330672803637,1.9499999999999997,1.9522958330672802
blue,450,260.0,0.0026023950107412967,1.9499999999999997,1.952602395010741
blue,450,260.6666666666667,0.0029453590200887968,1.9499999999999997,1.9529453590200885
blue,450,261.3333333333333,0.003328398931423994,1.9499999999999997,1.9533283989314236
blue,450,262.0,0.0037554727869032315,1.9499999999999997,1.9537554727869029
blue,450,262.6666666666667,0.004230833907126765,1.9499999999999997,1.9542308339071266
blue,450,263.3333333333333,0.00475904098219879,1.9499999999999997,1.9547590409821984
blue,450,264.0,0.005344966956848225,1.9499999999999997,1.955344966956848
blue,450,264.66666666666663,0.005993806470166862,1.9499999999999997,1.9559938064701665
blue,450,265.3333333333333,0.006711081596936257,1.9499999999999997,1.956711081596936
blue,450,266.0,0.007502645625527928,1.9499999999999997,1.9575026456255276
blue,450,266.66666666666663,0.008374684597354467,1.9499999999999997,1.9583746845973542
blue,450,267.3333333333333,0.009333716325201864,1.9499999999999997,1.9593337163252016
blue,450,268.0,0.010386586602886997,1.9499999999999997,1.9603865866028867
blue,450,268.66666666666663,0.011540462316958286,1.9499999999999997,1.9615404623169581
blue,450,269.3333333333333,0.012802821172981066,1.9499999999999997,1.9628028211729809
blue,450,270.0,0.014181437754710648,1.9499999999999997,1.9641814377547104
blue,450,270.66666666666663,0.015684365644517667,1.9499999999999997,1.9656843656445173
blue,450,271.3333333333333,0.017319915348121922,1.9499999999999997,1.9673199153481216
blue,450,272.0,0.01909662778631155,1.9499999999999997,1.9690966277863113
blue,450,272.66666666666663,0.02102324314112773,1.9499999999999997,1.9710232431411274
blue,450,273.3333333333333,0.0231086648741631,1.9499999999999997,1.973108664874163
blue,450,274.0,0.025361918770286443,1.9499999999999997,1.9753619187702862
blue,450,274.66666666666663,0.02779210690132356,1.9499999999999997,1.9777921069013233
blue,450,275.3333333333333,0.03040835645094546,1.9499999999999997,1.9804083564509452
blue,450,276.0,0.03321976339412427,1.9499999999999997,1.983219763394124
blue,450,276.66666666666663,0.03623533108179612,1.9499999999999997,1.986235331081796
blue,450,277.3333333333333,0.03946390384346806,1.9499999999999997,1.9894639038434678
blue,450,278.0,0.04291409578699959,1.9499999999999997,1.9929140957869993
blue,450,278.66666666666663,0.04659421504513374,1.9499999999999997,1.9965942150451335
blue,450,279.3333333333333,0.050512183791858054,1.9499999999999997,2.000512183791858
blue,450,280.0,0.05467545442759153,1.9499999999999997,2.0046754544275913
blue,450,280.66666666666663,0.059090922409638855,1.9499999999999997,2.0090909224096385
blue,450,281.3333333333333,0.06376483628232048,1.9499999999999997,2.0137648362823204
blue,450,282.0,0.06870270553862119,1.9499999999999997,2.018702705538621
blue,450,282.66666666666663,0.0739092070209506,1.9499999999999997,2.0239092070209503
blue,450,283.3333333333333,0.07938809064141777,1.9499999999999997,2.0293880906414175
blue,450,284.0,0.0851420852706365,1.9499999999999997,2.0351420852706363
blue,450,284.66666666666663,0.09117280570719608,1.9499999999999997,2.0411728057071956
blue,450,285.3333333333333,0.09748066169618502,1.9499999999999997,2.0474806616961847
blue,450,286.0,0.10406477001326266,1.9499999999999997,2.0540647700132624
blue,450,286.66666666666663,0.11092287066945482,1.9499999999999997,2.0609228706694545
blue,450,287.3333333333333,0.11805124831983299,1.9499999999999997,2.068051248319833
blue,450,288.0,0.12544465997541204,1.9499999999999997,2.0754446599754117
blue,450,288.66666666666663,0.13309627012094652,1.9499999999999997,2.0830962701209463
blue,450,289.3333333333333,0.14099759433085293,1.9499999999999997,2.0909975943308527
blue,450,290.0,0.14913845245054894,1.9499999999999997,2.0991384524505485
blue,450,290.66666666666663,0.15750693237051164,1.9499999999999997,2.1075069323705113
blue,450,291.3333333333333,0.16608936536490346,1.9499999999999997,2.1160893653649033
blue,450,292.0,0.17487031389561256,1.9499999999999997,2.124870313895612
blue,450,292.66666666666663,0.1838325726960958,1.9499999999999997,2.1338325726960954
blue,450,293.3333333333333,0.1929571838478011,1.9499999999999997,2.142957183847801
blue,450,294.0,0.2022234664458305,1.9499999999999997,2.15222346644583
blue,450,294.66666666666663,0.2116090613207647,1.9499999999999997,2.1616090613207644
blue,450,295.3333333333333,0.2210899911412679,1.9499999999999997,2.1710899911412676
blue,450,296.0,0.23064073606867122,1.9499999999999997,2.180640736068671
blue,450,296.66666666666663,0.24023432497182087,1.9499999999999997,2.190234324971821
blue,450,297.3333333333333,0.2498424420398692,1.9499999999999997,2.199842442039869
blue,450,298.0,0.2594355484544952,1.9499999999999997,2.2094355484544947
blue,450,298.66666666666663,0.2689830186035191,1.9499999999999997,2.218983018603519
blue,450,299.3333333333333,0.27845329013733566,1.9499999999999997,2.2284532901373355
blue,450,300.0,0.28781402699061087,1.9499999999999997,2.237814026990611
blue,450,300.66666666666663,0.2970322943168363,1.9499999999999997,2.247032294316836
blue,450,301.3333333333333,0.30607474411517527,1.9499999999999997,2.256074744115175
blue,450,302.0,0.3149078101702217,1.9499999999999997,2.2649078101702216
blue,450,302.66666666666663,0.32349791077838996,1.9499999999999997,2.2734979107783895
blue,450,303.3333333333333,0.33181165760203757,1.9499999999999997,2.281811657602037
blue,450,304.0,0.33981606887647375,1.9499999999999997,2.2898160688764735
blue,450,304.66666666666663,0.34747878509783164,1.9499999999999997,2.2974787850978315
blue,450,305.3333333333333,0.3547682852432127,1.9499999999999997,2.3047682852432123
blue,450,306.0,0.36165410152022665,1.9499999999999997,2.3116541015202263
blue,450,306.66666666666663,0.36810703061235567,1.9499999999999997,2.3181070306123552
blue,450,307.3333333333333,0.3740993393803899,1.9499999999999997,2.3240993393803895
blue,450,308.0,0.37960496299920227,1.9499999999999997,2.329604962999202
blue,450,308.66666666666663,0.384599693553567,1.9499999999999997,2.334599693553567
blue,450,309.3333333333333,0.3890613571864126,1.9499999999999997,2.3390613571864125
blue,450,310.0,0.3929699779873258,1.9499999999999997,2.3429699779873254
blue,450,310.66666666666663,0.3963079269273597,1.9499999999999997,2.3463079269273592
blue,450,311.3333333333333,0.3990600542868965,1.9499999999999997,2.3490600542868965
blue,450,312.0,0.40121380418483704,1.9499999999999997,2.351213804184837
blue,450,312.66666666666663,0.4027593099977067,1.9499999999999997,2.3527593099977064
blue,450,313.3333333333333,0.40368946965403385,1.9499999999999997,2.3536894696540336
blue,450,314.0,0.40399999999999997,1.9499999999999997,2.3539999999999996
blue,450,314.66666666666663,0.4036894696540339,1.9499999999999997,2.3536894696540336
blue,450,315.3333333333333,0.4027593099977068,1.9499999999999997,2.3527593099977064
blue,450,316.0,0.40121380418483704,1.9499999999999997,2.351213804184837
blue,450,316.66666666666663,0.3990600542868967,1.9499999999999997,2.3490600542868965
blue,450,317.3333333333333,0.39630792692735994,1.9499999999999997,2.3463079269273597
blue,450,318.0,0.3929699779873258,1.9499999999999997,2.3429699779873254
blue,450,318.66666666666663,0.389061357186413,1.9499999999999997,2.339061357186413
blue,450,319.3333333333333,0.3845996935535674,1.9499999999999997,2.3345996935535673
blue,450,320.0,0.37960496299920227,1.9499999999999997,2.329604962999202
blue,450,320.66666666666663,0.3740993393803904,1.9499999999999997,2.32409933938039
blue,450,321.3333333333333,0.36810703061235617,1.9499999999999997,2.3181070306123557
blue,450,322.0,0.36165410152022665,1.9499999999999997,2.3116541015202263
blue,450,322.66666666666663,0.35476828524321324,1.9499999999999997,2.304768285243213
blue,450,323.3333333333333,0.3474787850978323,1.9499999999999997,2.297478785097832
blue,450,324.0,0.33981606887647375,1.9499999999999997,2.2898160688764735
blue,450,324.66666666666663,0.33181165760203823,1.9499999999999997,2.281811657602038
blue,450,325.3333333333333,0.32349791077839063,1.9499999999999997,2.2734979107783904
blue,450,326.0,0.3149078101702217,1.9499999999999997,2.2649078101702216
blue,450,326.66666666666663,0.30607474411517605,1.9499999999999997,2.2560747441151756
blue,450,327.3333333333333,0.2970322943168371,1.9499999999999997,2.2470322943168366
blue,450,328.0,0.28781402699061087,1.9499999999999997,2.237814026990611
blue,450,328.66666666666663,0.2784532901373365,1.9499999999999997,2.2284532901373364
blue,450,329.3333333333333,0.26898301860351986,1.9499999999999997,2.2189830186035198
blue,450,330.0,0.2594355484544952,1.9499999999999997,2.2094355484544947
blue,450,330.66666666666663,0.24984244203987,1.9499999999999997,2.19984244203987
blue,450,331.3333333333333,0.2402343249718217,1.9499999999999997,2.1902343249718212
blue,450,332.0,0.23064073606867122,1.9499999999999997,2.180640736068671
blue,450,332.66666666666663,0.2210899911412687,1.9499999999999997,2.1710899911412684
blue,450,333.3333333333333,0.2116090613207655,1.9499999999999997,2.1616090613207652
blue,450,334.0,0.2022234664458305,1.9499999999999997,2.15222346644583
blue,450,334.66666666666663,0.19295718384780192,1.9499999999999997,2.142957183847802
blue,450,335.3333333333333,0.18383257269609657,1.9499999999999997,2.1338325726960963
blue,450,336.0,0.17487031389561256,1.9499999999999997,2.124870313895612
blue,450,336.66666666666663,0.1660893653649042,1.9499999999999997,2.1160893653649038
blue,450,337.3333333333333,0.15750693237051236,1.9499999999999997,2.1075069323705122
blue,450,338.0,0.14913845245054894,1.9499999999999997,2.0991384524505485
blue,450,338.66666666666663,0.14099759433085363,1.9499999999999997,2.090997594330853
blue,450,339.3333333333333,0.13309627012094716,1.9499999999999997,2.083096270120947
blue,450,340.0,0.12544465997541204,1.9499999999999997,2.0754446599754117
blue,450,340.66666666666663,0.11805124831983362,1.9499999999999997,2.0680512483198332
blue,450,341.3333333333333,0.11092287066945544,1.9499999999999997,2.0609228706694553
blue,450,342.0,0.10406477001326266,1.9499999999999997,2.0540647700132624
blue,450,342.66666666666663,0.09748066169618558,1.9499999999999997,2.047480661696185
blue,450,343.3333333333333,0.0911728057071966,1.9499999999999997,2.0411728057071965
blue,450,344.0,0.0851420852706365,1.9499999999999997,2.0351420852706363
blue,450,344.66666666666663,0.07938809064141825,1.9499999999999997,2.029388090641418
blue,450,345.3333333333333,0.0739092070209511,1.9499999999999997,2.023909207020951
blue,450,346.0,0.06870270553862119,1.9499999999999997,2.018702705538621
blue,450,346.66666666666663,0.0637648362823209,1.9499999999999997,2.013764836282321
blue,450,347.3333333333333,0.059090922409639236,1.9499999999999997,2.009090922409639
blue,450,348.0,0.05467545442759153,1.9499999999999997,2.0046754544275913
blue,450,348.66666666666663,0.050512183791858435,1.9499999999999997,2.0005121837918582
blue,450,349.3333333333333,0.04659421504513409,1.9499999999999997,1.996594215045134
blue,450,350.0,0.04291409578699959,1.9499999999999997,1.9929140957869993
blue,450,350.66666666666663,0.03946390384346836,1.9499999999999997,1.989463903843468
blue,450,351.3333333333333,0.03623533108179641,1.9499999999999997,1.9862353310817962
blue,450,352.0,0.03321976339412427,1.9499999999999997,1.983219763394124
blue,450,352.66666666666663,0.030408356450945702,1.9499999999999997,1.9804083564509454
blue,450,353.3333333333333,0.027792106901323787,1.9499999999999997,1.9777921069013236
blue,450,354.0,0.025361918770286443,1.9499999999999997,1.9753619187702862
blue,450,354.66666666666663,0.023108664874163295,1.9499999999999997,1.973108664874163
blue,450,355.3333333333333,0.02102324314112789,1.9499999999999997,1.9710232431411276
blue,450,356.0,0.01909662778631155,1.9499999999999997,1.9690966277863113
blue,450,356.66666666666663,0.017319915348122078,1.9499999999999997,1.9673199153481218
blue,450,357.3333333333333,0.01568436564451779,1.9499999999999997,1.9656843656445175
blue,450,358.0,0.014181437754710648,1.9499999999999997,1.9641814377547104
blue,450,358.66666666666663,0.012802821172981186,1.9499999999999997,1.9628028211729809
blue,450,359.3333333333333,0.011540462316958383,1.9499999999999997,1.9615404623169581
blue,450,360.0,0.010386586602886997,1.9499999999999997,1.9603865866028867
blue,450,360.66666666666663,0.009333716325201942,1.9499999999999997,1.9593337163252016
blue,450,361.3333333333333,0.008374684597354541,1.9499999999999997,1.9583746845973542
blue,450,362.0,0.007502645625527928,1.9499999999999997,1.9575026456255276
blue,450,362.66666666666663,0.006711081596936316,1.9499999999999997,1.956711081596936
blue,450,363.3333333333333,0.005993806470166916,1.9499999999999997,1.9559938064701667
blue,450,364.0,0.005344966956848225,1.9499999999999997,1.955344966956848
blue,450,364.66666666666663,0.004759040982198832,1.9499999999999997,1.9547590409821987
blue,450,365.3333333333333,0.004230833907126765,1.9499999999999997,1.9542308339071266
blue,450,366.0,0.0037554727869032315,1.9499999999999997,1.9537554727869029
blue,450,366.66666666666663,0.0033283989314240267,1.9499999999999997,1.9533283989314238
blue,450,367.3333333333333,0.0029453590200887968,1.9499999999999997,1.9529453590200885
blue,450,368.0,0.0026023950107412967,1.9499999999999997,1.952602395010741
blue,450,368.66666666666663,0.002295833067280388,1.9499999999999997,1.9522958330672802
blue,450,369.3333333333333,0.002022271714807444,1.9499999999999997,1.9520222717148072
blue,450,370.0,0.0017785694148269844,1.9499999999999997,1.9517785694148266
blue,450,370.66666666666663,0.001561831736347025,1.9499999999999997,1.9515618317363468
blue,450,371.3333333333333,0.001369398281989383,1.9499999999999997,1.951369398281989
blue,450,372.0,0.0011988295116406654,1.9499999999999997,1.9511988295116405
blue,450,372.66666666666663,0.0010478935899491109,1.9499999999999997,1.951047893589949
blue,450,373.3333333333333,0.0009145533682686939,1.9499999999999997,1.9509145533682684
blue,450,374.0,0.0007969535966084639,1.9499999999999997,1.950796953596608
blue,450,374.66666666666663,0.0006934084468747945,1.9499999999999997,1.9506934084468746
blue,450,375.3333333333333,0.000602389415285823,1.9499999999999997,1.9506023894152855
blue,450,376.0,0.0005225136593539222,1.9499999999999997,1.9505225136593536
blue,450,376.66666666666663,0.00045253281331686195,1.9499999999999997,1.9504525328133167
blue,450,377.3333333333333,0.00039132231537521226,1.9499999999999997,1.950391322315375
blue,450,378.0,0.000337871270568245,1.9499999999999997,1.950337871270568
blue,450,378.66666666666663,0.0002912728645842148,1.9499999999999997,1.950291272864584
blue,450,379.3333333333333,0.000250715336232146,1.9499999999999997,1.9502507153362318
blue,450,380.0,0.0002154735096677977,1.9499999999999997,1.9502154735096675
blue,450,380.66666666666663,0.0001849008817248095,1.9499999999999997,1.9501849008817245
blue,450,381.3333333333333,0.00015842225480477062,1.9499999999999997,1.9501584222548045
blue,450,382.0,0.0001355269016726148,1.9499999999999997,1.9501355269016722
blue,450,382.66666666666663,0.00011576224512874855,1.9499999999999997,1.9501157622451284
blue,450,383.3333333333333,9.872803282670709e-05,1.9499999999999997,1.9500987280328264
blue,450,384.0,8.407098541353694e-05,1.9499999999999997,1.9500840709854133
blue,450,384.66666666666663,7.147989462855528e-05,1.9499999999999997,1.9500714798946284
blue,450,385.3333333333333,6.068114694463616e-05,1.9499999999999997,1.9500606811469443
blue,450,386.0,5.143464771632852e-05,1.9499999999999997,1.950051434647716
blue,450,386.66666666666663,4.353012055512142e-05,1.9499999999999997,1.9500435301205548
blue,450,387.3333333333333,3.678375673124651e-05,1.9499999999999997,1.950036783756731
blue,450,388.0,3.103518975388014e-05,1.9499999999999997,1.9500310351897536
blue,450,388.66666666666663,2.6144770861616668e-05,1.9499999999999997,1.9500261447708613
blue,450,389.3333333333333,2.19911219204721e-05,1.9499999999999997,1.95002199112192
blue,450,390.0,1.8468943139104978e-05,1.9499999999999997,1.9500184689431388
blue,450,390.66666666666663,1.5487054035962204e-05,1.9499999999999997,1.9500154870540356
blue,450,391.3333333333333,1.2966647200036564e-05,1.9499999999999997,1.9500129666471997
blue,450,392.0,1.0839735548833822e-05,1.9499999999999997,1.9500108397355487
blue,450,392.66666666666663,9.047774980515965e-06,1.9499999999999997,1.9500090477749803
blue,450,393.3333333333333,7.540445521862645e-06,1.9499999999999997,1.9500075404455215
blue,450,394.0,6.274575272575629e-06,1.9499999999999997,1.9500062745752722
blue,450,394.66666666666663,5.213192625332671e-06,1.9499999999999997,1.950005213192625
blue,450,395.3333333333333,4.324693388275284e-06,1.9499999999999997,1.950004324693388
blue,450,396.0,3.5821105430330934e-06,1.9499999999999997,1.9500035821105428
blue,450,396.66666666666663,2.962475429808821e-06,1.9499999999999997,1.9500029624754296
blue,450,397.3333333333333,2.446260156217206e-06,1.9499999999999997,1.950002446260156
blue,450,398.0,2.0168919748430362e-06,1.9499999999999997,1.9500020168919745
blue,450,398.66666666666663,1.660331263648845e-06,1.9499999999999997,1.9500016603312633
blue,450,399.3333333333333,1.3647055724103357e-06,1.9499999999999997,1.950001364705572
blue,450,400.0,1.1199929672896265e-06,1.9499999999999997,1.950001119992967
blue,450,400.66666666666663,9.177486153147311e-07,1.9499999999999997,1.950000917748615
blue,450,401.3333333333333,7.508692024439656e-07,1.9499999999999997,1.950000750869202
blue,450,402.0,6.133903751093163e-07,1.9499999999999997,1.950000613390375
blue,450,402.66666666666663,5.003129381239326e-07,1.9499999999999997,1.950000500312938
blue,450,403.3333333333333,4.074540343717005e-07,1.9499999999999997,1.950000407454034
blue,450,404.0,3.31319976740437e-07,1.9499999999999997,1.9500003313199765
blue,450,404.66666666666663,2.6899780340424823e-07,1.9499999999999997,1.950000268997803
blue,450,405.3333333333333,2.1806298694790924e-07,1.9499999999999997,1.9500002180629867
blue,450,406.0,1.7650104909089317e-07,1.9499999999999997,1.9500001765010488
blue,450,406.66666666666663,1.4264111899465183e-07,1.9499999999999997,1.9500001426411187
blue,450,407.3333333333333,1.1509972731701568e-07,1.9499999999999997,1.950000115099727
blue,450,408.0,9.273335318635985e-08,1.9499999999999997,1.950000092733353
blue,450,408.66666666666663,7.459843983987115e-08,1.9499999999999997,1.9500000745984396
blue,450,409.3333333333333,5.991776938463649e-08,1.9499999999999997,1.9500000599177691
blue,450,410.0,4.805224041159796e-08,1.9499999999999997,1.9500000480522401
blue,450,410.66666666666663,3.847722626603832e-08,1.9499999999999997,1.950000038477226
blue,450,411.3333333333333,3.076280872827446e-08,1.9499999999999997,1.9500000307628085
blue,450,412.0,2.4557283589622087e-08,1.9499999999999997,1.9500000245572833
blue,450,412.66666666666663,1.957342286165795e-08,1.9499999999999997,1.9500000195734226
blue,450,413.3333333333333,1.5577054712952385e-08,1.9499999999999997,1.9500000155770545
blue,450,414.0,1.2377588117025253e-08,1.9499999999999997,1.9500000123775878
blue,450,414.66666666666663,9.820165906145508e-09,1.9499999999999997,1.9500000098201657
blue,450,415.3333333333333,7.779178612103105e-09,1.9499999999999997,1.9500000077791784
blue,450,416.0,6.1529131677030235e-09,1.9499999999999997,1.9500000061529128
blue,450,416.66666666666663,4.859146157701014e-09,1.9499999999999997,1.950000004859146
blue,450,417.3333333333333,3.831521656803508e-09,1.9499999999999997,1.9500000038315215
blue,450,418.0,3.016579491322889e-09,1.9499999999999997,1.9500000030165792
blue,450,418.66666666666663,2.371321639896934e-09,1.9499999999999997,1.9500000023713213
blue,450,419.3333333333333,1.8612229991969224e-09,1.9499999999999997,1.9500000018612227
blue,450,420.0,1.4586083647316062e-09,1.9499999999999997,1.950000001458608
blue,450,420.66666666666663,1.141330634273329e-09,1.9499999999999997,1.9500000011413303
blue,450,421.3333333333333,8.916962961760609e-10,1.9499999999999997,1.950000000891696
blue,450,422.0,6.955935318777106e-10,1.9499999999999997,1.9500000006955933
blue,450,422.66666666666663,5.417860128235719e-10,1.9499999999999997,1.9500000005417857
blue,450,423.3333333333333,4.2134194049959824e-10,1.9499999999999997,1.9500000004213416
blue,450,424.0,3.2717326450028586e-10,1.9499999999999997,1.950000000327173
blue,450,424.66666666666663,2.536644888107663e-10,1.9499999999999997,1.9500000002536642
blue,450,425.3333333333333,1.9637418674893516e-10,1.9499999999999997,1.950000000196374
blue,450,426.0,1.5179541442058927e-10,1.9499999999999997,1.9500000001517952
blue,450,426.66666666666663,1.171637463464851e-10,1.9499999999999997,1.9500000001171636
blue,450,427.3333333333333,9.03037441433064e-11,1.9499999999999997,1.9500000000903035
blue,450,428.0,6.950638486682117e-11,1.9499999999999997,1.9500000000695061
blue,450,428.66666666666663,5.3431383028357936e-11,1.9499999999999997,1.9500000000534312
blue,450,429.3333333333333,4.102949239003123e-11,1.9499999999999997,1.9500000000410291
blue,450,430.0,3.1480814808636505e-11,1.9499999999999997,1.9500000000314806
blue,450,430.66666666666663,2.414591069104988e-11,1.9499999999999997,1.9500000000241458
blue,450,431.3333333333333,1.852712991567157e-11,1.9499999999999997,1.950000000018527
blue,450,432.0,1.4238089018654812e-11,1.9499999999999997,1.950000000014238
blue,450,432.66666666666663,1.0979631309730971e-11,1.9499999999999997,1.9500000000109794
blue,450,433.3333333333333,8.52093896368437e-12,1.9499999999999997,1.9500000000085207
blue,450,434.0,6.6847345501192175e-12,1.9499999999999997,1.9500000000066844
blue,450,434.66666666666663,5.335725873901222e-12,1.9499999999999997,1.9500000000053355
blue,450,435.3333333333333,4.371622228710808e-12,1.9499999999999997,1.9500000000043713
blue,450,436.0,3.716190276730638e-12,1.9499999999999997,1.9500000000037159
blue,450,436.66666666666663,3.3139303578152662e-12,1.9499999999999997,1.9500000000033137
blue,450,437.3333333333333,3.1260444960093173e-12,1.9499999999999997,1.9500000000031257
blue,450,438.0,3.1274401141272597e-12,1.9499999999999997,1.9500000000031272
blue,450,438.66666666666663,3.3045720810113044e-12,1.9499999999999997,1.9500000000033042
blue,450,439.3333333333333,3.653973131365305e-12,1.9499999999999997,1.9500000000036537
blue,450,440.0,4.181361306495143e-12,1.9499999999999997,1.950000000004181
blue,450,440.66666666666663,4.9012448219965405e-12,1.9499999999999997,1.950000000004901
blue,450,441.3333333333333,5.836971281224387e-12,1.9499999999999997,1.9500000000058366
blue,450,442.0,7.02119074759546e-12,1.9499999999999997,1.950000000007021
blue,450,442.66666666666663,8.496721970140012e-12,1.9499999999999997,1.9500000000084965
blue,450,443.3333333333333,1.0317828959328615e-11,1.9499999999999997,1.9500000000103175
blue,450,444.0,1.2551931937547953e-11,1.9499999999999997,1.9500000000125517
blue,450,444.66666666666663,1.528179314806999e-11,1.9499999999999997,1.9500000000152815
blue,450,445.3333333333333,1.8608234738545362e-11,1.9499999999999997,1.950000000018608
blue,450,446.0,2.2653463539054292e-11,1.9499999999999997,1.9500000000226532
blue,450,446.66666666666663,2.756509661026366e-11,1.9499999999999997,1.9500000000275648
blue,450,447.3333333333333,3.3521002524302196e-11,1.9499999999999997,1.9500000000335207
blue,450,448.0,4.073509705812326e-11,1.9499999999999997,1.950000000040735
blue,450,448.66666666666663,4.946425896041024e-11,1.9499999999999997,1.950000000049464
blue,450,449.3333333333333,6.00165623844568e-11,1.9499999999999997,1.9500000000600164
blue,450,450.0,7.276105821521754e-11,1.9499999999999997,1.9500000000727609
blue,450,450.66666666666663,8.8139377698162e-11,1.9499999999999997,1.950000000088139
blue,450,451.3333333333333,1.0667947944206104e-10,1.9499999999999997,1.9500000001066793
blue,450,452.0,1.2901191607947093e-10,1.9499999999999997,1.9500000001290116
blue,450,452.66666666666663,1.5588906082960264e-10,1.9499999999999997,1.9500000001558888
blue,450,453.3333333333333,1.88207808281963e-10,1.9499999999999997,1.9500000001882076
blue,450,454.0,2.270363494536938e-10,1.9499999999999997,1.9500000002270361
blue,450,454.66666666666663,2.7364572032701597e-10,1.9499999999999997,1.9500000002736455
blue,450,455.3333333333333,3.2954693764126923e-10,1.9499999999999997,1.9500000003295466
blue,450,456.0,3.965346679610276e-10,1.9499999999999997,1.9500000003965343
blue,450,456.66666666666663,4.767385285346996e-10,1.9499999999999997,1.9500000004767382
blue,450,457.3333333333333,5.726832941025378e-10,1.9499999999999997,1.950000000572683
blue,450,458.0,6.873594858964432e-10,1.9499999999999997,1.9500000006873592
blue,450,458.66666666666663,8.243060513086768e-10,1.9499999999999997,1.9500000008243057
blue,450,459.3333333333333,9.877071092797323e-10,1.9499999999999997,1.9500000009877068
blue,450,460.0,1.1825050420836753e-09,1.9499999999999997,1.9500000011825047
blue,450,460.66666666666663,1.4145325641777478e-09,1.9499999999999997,1.9500000014145322
blue,450,461.3333333333333,1.69066679908768e-09,1.9499999999999997,1.9500000016906665
blue,450,462.0,2.0190088526021883e-09,1.9499999999999997,1.9500000020190087
blue,450,462.66666666666663,2.40909289232857e-09,1.9499999999999997,1.9500000024090927
blue,450,463.3333333333333,2.8721293382743623e-09,1.9499999999999997,1.9500000028721292
blue,450,464.0,3.421287445898404e-09,1.9499999999999997,1.9500000034212872
blue,450,464.66666666666663,4.072023332414125e-09,1.9499999999999997,1.9500000040720231
blue,450,465.3333333333333,4.842460370587448e-09,1.9499999999999997,1.9500000048424602
blue,450,466.0,5.753829864692897e-09,1.9499999999999997,1.9500000057538296
blue,450,466.66666666666663,6.830981044906793e-09,1.9499999999999997,1.9500000068309808
blue,450,467.3333333333333,8.102970684971862e-09,1.9499999999999997,1.9500000081029705
blue,450,468.0,9.60374408085774e-09,1.9499999999999997,1.9500000096037438
blue,450,468.66666666666663,1.1372920744551254e-08,1.9499999999999997,1.9500000113729206
blue,450,469.3333333333333,1.3456699988135047e-08,1.9499999999999997,1.9500000134566997
blue,450,470.0,1.5908903622136292e-08,1.9499999999999997,1.9500000159089033
blue,450,470.66666666666663,1.8792175294169308e-08,1.9499999999999997,1.950000018792175
blue,450,471.3333333333333,2.217935857692972e-08,1.9499999999999997,1.9500000221793583
blue,450,472.0,2.6155078808993995e-08,1.9499999999999997,1.9500000261550785
blue,450,472.66666666666663,3.0817556930680994e-08,1.9499999999999997,1.9500000308175567
blue,450,473.3333333333333,3.628068717637019e-08,1.9499999999999997,1.9500000362806869
blue,450,474.0,4.26764145231112e-08,1.9499999999999997,1.9500000426764144
blue,450,474.66666666666663,5.0157452295280876e-08,1.9499999999999997,1.950000050157452
blue,450,475.3333333333333,5.89003853319071e-08,1.9499999999999997,1.950000058900385
blue,450,476.0,6.910920968610087e-08,1.9499999999999997,1.9500000691092094
blue,450,476.66666666666663,8.10193659974246e-08,1.9499999999999997,1.9500000810193658
blue,450,477.3333333333333,9.490233051424778e-08,1.9499999999999997,1.9500000949023302
blue,450,478.0,1.1107083530436138e-07,1.9499999999999997,1.950000111070835
blue,450,478.66666666666663,1.2988479754238437e-07,1.9499999999999997,1.9500001298847973
blue,450,479.3333333333333,1.5175804696962062e-07,1.9499999999999997,1.9500001517580468
blue,450,480.0,1.7716595075788913e-07,1.9499999999999997,1.9500001771659505
blue,450,480.66666666666663,2.0665404614917883e-07,1.9499999999999997,1.9500002066540458
blue,450,481.3333333333333,2.4084780346707966e-07,1.9499999999999997,1.9500002408478032
blue,450,482.0,2.8046365548691285e-07,1.9499999999999997,1.9500002804636551
blue,450,482.66666666666663,3.263214437958411e-07,1.9499999999999997,1.9500003263214436
blue,450,483.3333333333333,3.7935844876127823e-07,1.9499999999999997,1.9500003793584484
blue,450,484.0,4.4064518714796636e-07,1.9499999999999997,1.950000440645187
blue,450,484.66666666666663,5.114031803757125e-07,1.9499999999999997,1.9500005114031802
blue,450,485.3333333333333,5.930249169868426e-07,1.9499999999999997,1.9500005930249167
blue,450,486.0,6.870962551920741e-07,1.9499999999999997,1.950000687096255
blue,450,486.66666666666663,7.954215354834048e-07,1.9499999999999997,1.9500007954215353
blue,450,487.3333333333333,9.200516993385495e-07,1.9499999999999997,1.950000920051699
blue,450,488.0,1.063315738088542e-06,1.9499999999999997,1.9500010633157379
blue,450,488.66666666666663,1.2278558261702087e-06,1.9499999999999997,1.9500012278558259
blue,450,489.3333333333333,1.4166665253243892e-06,1.9499999999999997,1.9500014166665252
blue,450,490.0,1.6331384809109449e-06,1.9499999999999997,1.9500016331384806
blue,450,490.66666666666663,1.881107068465952e-06,1.9499999999999997,1.9500018811070683
blue,450,491.3333333333333,2.164906487987476e-06,1.9499999999999997,1.9500021649064878
blue,450,492.0,2.4894298452562724e-06,1.9499999999999997,1.9500024894298449
blue,450,492.66666666666663,2.8601958038144043e-06,1.9499999999999997,1.9500028601958035
blue,450,493.3333333333333,3.283422438056855e-06,1.9499999999999997,1.950003283422438
blue,450,494.0,3.76610896724072e-06,1.9499999999999997,1.950003766108967
blue,450,494.66666666666663,4.31612610206268e-06,1.9499999999999997,1.9500043161261018
blue,450,495.3333333333333,4.942315789748448e-06,1.9499999999999997,1.9500049423157895
blue,450,496.0,5.654601200262448e-06,1.9499999999999997,1.9500056546012
blue,450,496.66666666666663,6.46410785517475e-06,1.9499999999999997,1.950006464107855
blue,450,497.3333333333333,7.383296861766049e-06,1.9499999999999997,1.9500073832968614
blue,450,498.0,8.426111277926154e-06,1.9499999999999997,1.9500084261112776
blue,450,498.66666666666663,9.608136698080183e-06,1.9499999999999997,1.9500096081366978
blue,450,499.3333333333333,1.0946777216474571e-05,1.9499999999999997,1.9500109467772162
blue,450,500.0,1.246144799134407e-05,1.9499999999999997,1.950012461447991
blue,450,500.66666666666663,1.4173785701378851e-05,1.9499999999999997,1.950014173785701
blue,450,501.3333333333333,1.6107878254056225e-05,1.9499999999999997,1.9500161078782539
blue,450,502.0,1.8290515173289553e-05,1.9499999999999997,1.950018290515173
blue,450,502.66666666666663,2.0751460160897263e-05,1.9499999999999997,1.9500207514601606
blue,450,503.3333333333333,2.3523747391935513e-05,1.9499999999999997,1.9500235237473917
blue,450,504.0,2.6644003167251307e-05,1.9499999999999997,1.950026644003167
blue,450,504.66666666666663,3.0152794606883197e-05,1.9499999999999997,1.9500301527946067
blue,450,505.3333333333333,3.40950071242553e-05,1.9499999999999997,1.950034095007124
blue,450,506.0,3.8520252472507626e-05,1.9499999999999997,1.9500385202524722
blue,450,506.66666666666663,4.3483309199720756e-05,1.9499999999999997,1.9500434833091995
blue,450,507.3333333333333,4.904459738803992e-05,1.9499999999999997,1.9500490445973877
blue,450,508.0,5.5270689581568785e-05,1.9499999999999997,1.9500552706895813
blue,450,508.66666666666663,6.223485982804472e-05,1.9499999999999997,1.9500622348598278
blue,450,509.3333333333333,7.001767276829286e-05,1.9499999999999997,1.950070017672768
blue,450,510.0,7.870761470379115e-05,1.9499999999999997,1.9500787076147035
blue,450,510.66666666666663,8.840176855481133e-05,1.9499999999999997,1.9500884017685545
blue,450,511.3333333333333,9.920653458781919e-05,1.9499999999999997,1.9500992065345875
blue,450,512.0,0.00011123839873942963,1.9499999999999997,1.9501112383987391
blue,450,512.6666666666666,0.00012462475029348825,1.9499999999999997,1.9501246247502932
blue,450,513.3333333333333,0.00013950475057583918,1.9499999999999997,1.9501395047505756
blue,450,514.0,0.0001560302542163035,1.9499999999999997,1.950156030254216
blue,450,514.6666666666666,0.00017436678438735858,1.9499999999999997,1.9501743667843872
blue,450,515.3333333333333,0.0001946945632621769,1.9499999999999997,1.950194694563262
blue,450,516.0,0.00021720959873897,1.9499999999999997,1.9502172095987387
blue,450,516.6666666666666,0.00024212482825242837,1.9499999999999997,1.9502421248282522
blue,450,517.3333333333333,0.00026967132023446023,1.9499999999999997,1.950269671320234
blue,450,518.0,0.00030009953349357117,1.9499999999999997,1.9503000995334934
blue,450,518.6666666666666,0.000333680634453845,1.9499999999999997,1.9503336806344536
blue,450,519.3333333333333,0.00037070787182878973,1.9499999999999997,1.9503707078718284
blue,450,520.0,0.0004114980079008688,1.9499999999999997,1.9504114980079006
blue,450,520.6666666666666,0.0004563928051336523,1.9499999999999997,1.9504563928051333
blue,450,521.3333333333333,0.0005057605663589108,1.9499999999999997,1.9505057605663587
blue,450,522.0,0.0005599977262548186,1.9499999999999997,1.9505599977262547
blue,450,522.6666666666666,0.0006195304912639658,1.9499999999999997,1.9506195304912637
blue,450,523.3333333333333,0.0006848165244905703,1.9499999999999997,1.9506848165244903
blue,450,524.0,0.0007563466714652422,1.9499999999999997,1.950756346671465
blue,450,524.6666666666666,0.0008346467219744287,1.9499999999999997,1.9508346467219742
blue,450,525.3333333333333,0.000920279202420719,1.9499999999999997,1.9509202792024205
blue,450,526.0,0.0010138451924109441,1.9499999999999997,1.9510138451924106
blue,450,526.6666666666666,0.001115986158464604,1.9499999999999997,1.9511159861584644
blue,450,527.3333333333333,0.0012273857968974366,1.9499999999999997,1.9512273857968971
blue,450,528.0,0.0013487718770667948,1.9499999999999997,1.9513487718770666
blue,450,528.6666666666666,0.0014809180752721875,1.9499999999999997,1.951480918075272
blue,450,529.3333333333333,0.0016246457886890896,1.9499999999999997,1.9516246457886888
blue,450,530.0,0.0017808259177817406,1.9499999999999997,1.9517808259177816
blue,450,530.6666666666666,0.0019503806046985474,1.9499999999999997,1.9519503806046983
blue,450,531.3333333333333,0.0021342849142069083,1.9499999999999997,1.9521342849142067
blue,450,532.0,0.0023335684427792593,1.9499999999999997,1.952333568442779
blue,450,532.6666666666666,0.0025493168405089947,1.9499999999999997,1.9525493168405088
blue,450,533.3333333333333,0.0027826732296201123,1.9499999999999997,1.9527826732296198
blue,450,534.0,0.0030348395024463156,1.9499999999999997,1.953034839502446
blue,450,534.6666666666666,0.0033070774809064204,1.9499999999999997,1.9533070774809063
blue,450,535.3333333333333,0.003600709918701143,1.9499999999999997,1.953600709918701
blue,450,536.0,0.003917121326711279,1.9499999999999997,1.953917121326711
blue,450,536.6666666666666,0.004257758601404373,1.9499999999999997,1.954257758601404
blue,450,537.3333333333333,0.004624131435463965,1.9499999999999997,1.9546241314354638
blue,450,538.0,0.00501781248935409,1.9499999999999997,1.9550178124893538
blue,450,538.6666666666666,0.005440437302138086,1.9499999999999997,1.955440437302138
blue,450,539.3333333333333,0.0058937039195937286,1.9499999999999997,1.9558937039195934
blue,450,540.0,0.006379372217517205,1.9499999999999997,1.956379372217517
blue,450,540.6666666666666,0.006899262898104594,1.9499999999999997,1.9568992628981043
blue,450,541.3333333333333,0.007455256137448567,1.9499999999999997,1.9574552561374483
blue,450,542.0,0.00804928986250014,1.9499999999999997,1.9580492898625
blue,450,542.6666666666666,0.008683357636339067,1.9499999999999997,1.9586833576363387
blue,450,543.3333333333333,0.009359506131276348,1.9499999999999997,1.959359506131276
blue,450,544.0,0.010079832170186497,1.9499999999999997,1.9600798321701862
blue,450,544.6666666666666,0.010846479317553595,1.9499999999999997,1.9608464793175533
blue,450,545.3333333333333,0.011661634003013614,1.9499999999999997,1.9616616340030133
blue,450,546.0,0.01252752116169151,1.9499999999999997,1.9625275211616913
blue,450,546.6666666666666,0.013446399377379846,1.9499999999999997,1.9634463993773796
blue,450,547.3333333333333,0.014420555516581975,1.9499999999999997,1.9644205555165817
blue,450,548.0,0.015452298843645434,1.9499999999999997,1.9654522988436451
blue,450,548.6666666666666,0.016543954609654077,1.9499999999999997,1.9665439546096537
blue,450,549.3333333333333,0.01769785711041672,1.9499999999999997,1.9676978571104164
blue,450,550.0,0.01891634221177945,1.9499999999999997,1.9689163422117792
blue,450,550.6666666666666,0.0202017393436071,1.9499999999999997,1.9702017393436069
blue,450,551.3333333333333,0.021556362967103716,1.9499999999999997,1.9715563629671033
blue,450,552.0,0.022982503523660006,1.9499999999999997,1.9729825035236597
blue,450,552.6666666666666,0.024482417877129795,1.9499999999999997,1.9744824178771296
blue,450,553.3333333333333,0.026058319265316515,1.9499999999999997,1.9760583192653163
blue,450,554.0,0.02771236678047291,1.9499999999999997,1.9777123667804726
blue,450,554.6666666666666,0.02944665440278131,1.9499999999999997,1.9794466544027811
blue,450,555.3333333333333,0.031263199615045284,1.9499999999999997,1.981263199615045
blue,450,556.0,0.03316393163115773,1.9499999999999997,1.9831639316311576
blue,450,556.6666666666666,0.035150679275308974,1.9499999999999997,1.9851506792753086
blue,450,557.3333333333333,0.037225158553309885,1.9499999999999997,1.9872251585533096
blue,450,558.0,0.039388959961792376,1.9499999999999997,1.9893889599617922
blue,450,558.6666666666666,0.04164353558540436,1.9499999999999997,1.991643535585404
blue,450,559.3333333333333,0.04399018603637833,1.9499999999999997,1.993990186036378
blue,450,560.0,0.046430047294978155,1.9499999999999997,1.9964300472949779
blue,450,560.6666666666666,0.048964077513311124,1.9499999999999997,1.9989640775133108
blue,450,561.3333333333333,0.0515930438487613,1.9499999999999997,2.0015930438487612
blue,450,562.0,0.054317509396812125,1.9499999999999997,2.0043175093968117
blue,450,562.6666666666666,0.05713782029627423,1.9499999999999997,2.0071378202962737
blue,450,563.3333333333333,0.06005409308284637,1.9499999999999997,2.010054093082846
blue,450,564.0,0.06306620236946725,1.9499999999999997,2.013066202369467
blue,450,564.6666666666666,0.06617376893406639,1.9499999999999997,2.016173768934066
blue,450,565.3333333333333,0.06937614829701484,1.9499999999999997,2.0193761482970145
blue,450,566.0,0.0726724198717766,1.9499999999999997,2.0226724198717765
blue,450,566.6666666666666,0.0760613767729731,1.9499999999999997,2.0260613767729727
blue,450,567.3333333333333,0.07954151636622955,1.9499999999999997,2.0295415163662294
blue,450,568.0,0.08311103164373754,1.9499999999999997,2.0331110316437373
blue,450,568.6666666666666,0.08676780350846874,1.9499999999999997,2.0367678035084684
blue,450,569.3333333333333,0.09050939404834447,1.9499999999999997,2.0405093940483443
blue,450,570.0,0.09433304087938361,1.9499999999999997,2.0443330408793834
blue,450,570.6666666666666,0.09823565263396003,1.9499999999999997,2.04823565263396
blue,450,571.3333333333333,0.10221380566674276,1.9499999999999997,2.0522138056667423
blue,450,572.0,0.10626374204666507,1.9499999999999997,2.056263742046665
blue,450,572.6666666666666,0.11038136889842994,1.9499999999999997,2.0603813688984296
blue,450,573.3333333333333,0.11456225915156892,1.9499999999999997,2.0645622591515687
blue,450,574.0,0.1188016537489418,1.9499999999999997,2.0688016537489418
blue,450,574.6666666666666,0.12309446535987369,1.9499999999999997,2.0730944653598735
blue,450,575.3333333333333,0.12743528363585058,1.9499999999999997,2.0774352836358503
blue,450,576.0,0.13181838203886218,1.9499999999999997,2.081818382038862
blue,450,576.6666666666666,0.13623772626419267,1.9499999999999997,2.0862377262641925
blue,450,577.3333333333333,0.1406869842707061,1.9499999999999997,2.0906869842707057
blue,450,578.0,0.14515953792249858,1.9499999999999997,2.0951595379224983
blue,450,578.6666666666666,0.14964849623631427,1.9499999999999997,2.099648496236314
blue,450,579.3333333333333,0.15414671021934997,1.9499999999999997,2.1041467102193496
blue,450,580.0,0.15864678927206183,1.9499999999999997,2.1086467892720617
blue,450,580.6666666666666,0.1631411191204761,1.9499999999999997,2.113141119120476
blue,450,581.3333333333333,0.16762188123230307,1.9499999999999997,2.117621881232303
blue,450,582.0,0.172081073660931,1.9499999999999997,2.122081073660931
blue,450,582.6666666666666,0.17651053325128427,1.9499999999999997,2.126510533251284
blue,450,583.3333333333333,0.18090195913157486,1.9499999999999997,2.1309019591315748
blue,450,584.0,0.18524693740524809,1.9499999999999997,2.1352469374052476
blue,450,584.6666666666666,0.1895369669480591,1.9499999999999997,2.139536966948059
blue,450,585.3333333333333,0.19376348620623723,1.9499999999999997,2.143763486206237
blue,450,586.0,0.19791790088317943,1.9499999999999997,2.1479179008831792
blue,450,586.6666666666666,0.20199161239420024,1.9499999999999997,2.1519916123942
blue,450,587.3333333333333,0.2059760469615636,1.9499999999999997,2.1559760469615634
blue,450,588.0,0.20986268521540827,1.9499999999999997,2.159862685215408
blue,450,588.6666666666666,0.21364309216037192,1.9499999999999997,2.1636430921603718
blue,450,589.3333333333333,0.21730894736272408,1.9499999999999997,2.1673089473627236
blue,450,590.0,0.2208520752086923,1.9499999999999997,2.170852075208692
blue,450,590.6666666666666,0.22426447508150935,1.9499999999999997,2.174264475081509
blue,450,591.3333333333333,0.22753835130251007,1.9499999999999997,2.17753835130251
blue,450,592.0,0.2306661426804017,1.9499999999999997,2.1806661426804013
blue,450,592.6666666666666,0.2336405515126941,1.9499999999999997,2.1836405515126938
blue,450,593.3333333333333,0.23645457188417568,1.9499999999999997,2.1864545718841755
blue,450,594.0,0.23910151710926694,1.9499999999999997,2.1891015171092665
blue,450,594.6666666666666,0.24157504616812456,1.9499999999999997,2.1915750461681243
blue,450,595.3333333333333,0.2438691889904418,1.9499999999999997,2.1938691889904414
blue,450,596.0,0.24597837044599488,1.9499999999999997,2.1959783704459945
blue,450,596.6666666666666,0.247897432907117,1.9499999999999997,2.1978974329071166
blue,450,597.3333333333333,0.24962165725537513,1.9499999999999997,2.199621657255375
blue,450,598.0,0.25114678221273923,1.9499999999999997,2.201146782212739
blue,450,598.6666666666666,0.2524690218864425,1.9499999999999997,2.2024690218864422
blue,450,599.3333333333333,0.25358508142644703,1.9499999999999997,2.203585081426447
blue,450,600.0,0.2544921707048848,1.9499999999999997,2.2044921707048846
blue,450,600.6666666666666,0.2551880159379924,1.9499999999999997,2.205188015937992
blue,450,601.3333333333333,0.25567086918278736,1.9499999999999997,2.205670869182787
blue,450,602.0,0.25593951565296896,1.9499999999999997,2.2059395156529686
blue,450,602.6666666666666,0.2559932788111901,1.9499999999999997,2.20599327881119
blue,450,603.3333333333333,0.25583202320782406,1.9499999999999997,2.2058320232078237
blue,450,604.0,0.2554561550495521,1.9499999999999997,2.2054561550495517
blue,450,604.6666666666666,0.2548666204944344,1.9499999999999997,2.204866620494434
blue,450,605.3333333333333,0.25406490168347734,1.9499999999999997,2.204064901683477
blue,450,606.0,0.253053010531994,1.9499999999999997,2.2030530105319936
blue,450,606.6666666666666,0.2518334803171604,1.9499999999999997,2.20183348031716
blue,450,607.3333333333333,0.25040935511099377,1.9499999999999997,2.2004093551109936
blue,450,608.0,0.2487841771204492,1.9499999999999997,2.198784177120449
blue,450,608.6666666666666,0.24696197200832096,1.9499999999999997,2.196961972008321
blue,450,609.3333333333333,0.24494723228007953,1.9499999999999997,2.194947232280079
blue,450,610.0,0.24274489883259506,1.9499999999999997,2.192744898832595
blue,450,610.6666666666666,0.24036034077078922,1.9499999999999997,2.190360340770789
blue,450,611.3333333333333,0.2377993336075726,1.9499999999999997,2.1877993336075723
blue,450,612.0,0.2350680359709027,1.9499999999999997,2.1850680359709025
blue,450,612.6666666666666,0.23217296494935374,1.9499999999999997,2.1821729649493533
blue,450,613.3333333333333,0.22912097021420127,1.9499999999999997,2.179120970214201
blue,450,614.0,0.22591920706165644,1.9499999999999997,2.175919207061656
blue,450,614.6666666666666,0.2225751085234733,1.9499999999999997,2.172575108523473
blue,450,615.3333333333333,0.21909635669770122,1.9499999999999997,2.169096356697701
blue,450,616.0,0.2154908534538633,1.9499999999999997,2.165490853453863
blue,450,616.6666666666666,0.21176669066825837,1.9499999999999997,2.161766690668258
blue,450,617.3333333333333,0.20793212014545334,1.9499999999999997,2.157932120145453
blue,450,618.0,0.20399552338137578,1.9499999999999997,2.1539955233813757
blue,450,618.6666666666666,0.1999653813217038,1.9499999999999997,2.1499653813217035
blue,450,619.3333333333333,0.1958502442665569,1.9499999999999997,2.1458502442665566
blue,450,620.0,0.1916587020688636,1.9499999999999997,2.141658702068863
blue,450,620.6666666666666,0.1873993547692062,1.9499999999999997,2.137399354769206
blue,450,621.3333333333333,0.18308078380452458,1.9499999999999997,2.1330807838045245
blue,450,622.0,0.17871152392186257,1.9499999999999997,2.1287115239218624
blue,450,622.6666666666666,0.17430003592136425,1.9499999999999997,2.124300035921364
blue,450,623.3333333333333,0.16985468034510073,1.9499999999999997,2.1198546803451004
blue,450,624.0,0.16538369222010366,1.9499999999999997,2.1153836922201035
blue,450,624.6666666666666,0.1608951569552142,1.9499999999999997,2.110895156955214
blue,450,625.3333333333333,0.15639698748216418,1.9499999999999997,2.1063969874821638
blue,450,626.0,0.15189690272177025,1.9499999999999997,2.10189690272177
blue,450,626.6666666666666,0.14740240744625982,1.9499999999999997,2.0974024074462596
blue,450,627.3333333333333,0.1429207735987031,1.9499999999999997,2.0929207735987028
blue,450,628.0,0.13845902312037933,1.9499999999999997,2.0884590231203792
blue,450,628.6666666666666,0.1340239123266725,1.9499999999999997,2.084023912326672
blue,450,629.3333333333333,0.12962191786191427,1.9499999999999997,2.079621917861914
blue,450,630.0,0.12525922425354405,1.9499999999999997,2.0752592242535437
blue,450,630.6666666666666,0.120941713076043,1.9499999999999997,2.0709417130760426
blue,450,631.3333333333333,0.11667495372545914,1.9499999999999997,2.066674953725459
blue,450,632.0,0.11246419579602757,1.9499999999999997,2.0624641957960272
blue,450,632.6666666666666,0.10831436304140925,1.9499999999999997,2.058314363041409
blue,450,633.3333333333333,0.10423004889453451,1.9499999999999997,2.054230048894534
blue,450,634.0,0.10021551351199165,1.9499999999999997,2.0502155135119913
blue,450,634.6666666666666,0.09627468230133278,1.9499999999999997,2.0462746823013327
blue,450,635.3333333333333,0.09241114588267203,1.9499999999999997,2.0424111458826717
blue,450,636.0,0.08862816142955789,1.9499999999999997,2.038628161429558
blue,450,636.6666666666666,0.08492865532827748,1.9499999999999997,2.0349286553282773
blue,450,637.3333333333333,0.0813152270895781,1.9499999999999997,2.031315227089578
blue,450,638.0,0.07779015444227316,1.9499999999999997,2.0277901544422727
blue,450,638.6666666666666,0.07435539953429872,1.9499999999999997,2.0243553995342984
blue,450,639.3333333333333,0.07101261616355502,1.9499999999999997,2.0210126161635547
blue,450,640.0,0.06776315795829728,1.9499999999999997,2.017763157958297
blue,450,640.6666666666666,0.06460808742487777,1.9499999999999997,2.0146080874248775
blue,450,641.3333333333333,0.061548185779320676,1.9499999999999997,2.0115481857793203
blue,450,642.0,0.0585839634785132,1.9499999999999997,2.0085839634785128
blue,450,642.6666666666666,0.055715671366651565,1.9499999999999997,2.0057156713666515
blue,450,643.3333333333333,0.05294331235301234,1.9499999999999997,2.002943312353012
blue,450,644.0,0.05026665353809344,1.9499999999999997,2.0002666535380933
blue,450,644.6666666666666,0.04768523870661158,1.9499999999999997,1.9976852387066113
blue,450,645.3333333333333,0.04519840110776424,1.9499999999999997,1.995198401107764
blue,450,646.0,0.04280527644552129,1.9499999999999997,1.992805276445521
blue,450,646.6666666666666,0.04050481600443012,1.9499999999999997,1.9905048160044299
blue,450,647.3333333333333,0.03829579983949916,1.9499999999999997,1.988295799839499
blue,450,648.0,0.03617684996211975,1.9499999999999997,1.9861768499621195
blue,450,648.6666666666666,0.03414644345762654,1.9499999999999997,1.9841464434576264
blue,450,649.3333333333333,0.032202925473972965,1.9499999999999997,1.9822029254739726
blue,450,650.0,0.030344522025066687,1.9499999999999997,1.9803445220250664
blue,450,650.6666666666666,0.028569352556503384,1.9499999999999997,1.9785693525565031
blue,450,651.3333333333333,0.026875442225746695,1.9499999999999997,1.9768754422257464
blue,450,652.0,0.02526073385318607,1.9499999999999997,1.9752607338531858
blue,450,652.6666666666666,0.023723099504902884,1.9499999999999997,1.9737230995049027
blue,450,653.3333333333333,0.02226035167238171,1.9499999999999997,1.9722603516723813
blue,450,654.0,0.020870254018780243,1.9499999999999997,1.97087025401878
blue,450,654.6666666666666,0.01955053166567041,1.9499999999999997,1.96955053166567
blue,450,655.3333333333333,0.018298880998376527,1.9499999999999997,1.9682988809983764
blue,450,656.0,0.017112978972139745,1.9499999999999997,1.9671129789721395
blue,450,656.6666666666666,0.01599049190528648,1.9499999999999997,1.9659904919052862
blue,450,657.3333333333333,0.01492908374937574,1.9499999999999997,1.9649290837493756
blue,450,658.0,0.013926423829923255,1.9499999999999997,1.963926423829923
blue,450,658.6666666666666,0.012980194054720083,1.9499999999999997,1.9629801940547198
blue,450,659.3333333333333,0.012088095589984136,1.9499999999999997,1.9620880955899838
blue,450,660.0,0.0112478550075923,1.9499999999999997,1.961247855007592
blue,450,660.6666666666666,0.010457229909418386,1.9499999999999997,1.960457229909418
blue,450,661.3333333333333,0.009714014037356734,1.9499999999999997,1.9597140140373566
blue,450,662.0,0.009016041879938189,1.9499999999999997,1.9590160418799378
blue,450,662.6666666666666,0.008361192788532245,1.9499999999999997,1.958361192788532
blue,450,663.3333333333333,0.007747394617989649,1.9499999999999997,1.9577473946179893
blue,450,664.0,0.007172626908214762,1.9499999999999997,1.9571726269082146
blue,450,664.6666666666666,0.006634923624561278,1.9499999999999997,1.956634923624561
blue,450,665.3333333333333,0.006132375476135739,1.9499999999999997,1.9561323754761355
blue,450,666.0,0.005663131832074807,1.9499999999999997,1.9556631318320745
blue,450,666.6666666666666,0.005225402256636751,1.9499999999999997,1.9552254022566364
blue,450,667.3333333333333,0.004817457684532243,1.9499999999999997,1.954817457684532
blue,450,668.0,0.004437631258323203,1.9499999999999997,1.954437631258323
blue,450,668.6666666666666,0.004084318849946467,1.9499999999999997,1.9540843188499462
blue,450,669.3333333333333,0.0037559792884892186,1.9499999999999997,1.9537559792884889
blue,450,670.0,0.003451134316267014,1.9499999999999997,1.9534511343162668
blue,450,670.6666666666666,0.003168368295039017,1.9499999999999997,1.9531683682950387
blue,450,671.3333333333333,0.0029063276838579436,1.9499999999999997,1.9529063276838576
blue,450,672.0,0.0026637203096043947,1.9499999999999997,1.9526637203096042
blue,450,672.6666666666666,0.0024393144507057437,1.9499999999999997,1.9524393144507055
blue,450,673.3333333333333,0.0022319377539049725,1.9499999999999997,1.9522319377539048
blue,450,674.0,0.0020404760032353727,1.9499999999999997,1.952040476003235
blue,450,674.6666666666666,0.0018638717595817716,1.9499999999999997,1.9518638717595815
blue,450,675.3333333333333,0.0017011228883818163,1.9499999999999997,1.9517011228883816
blue,450,676.0,0.001551280992152089,1.9499999999999997,1.9515512809921518
blue,450,676.6666666666666,0.0014134497636206186,1.9499999999999997,1.9514134497636204
blue,450,677.3333333333333,0.0012867832743220457,1.9499999999999997,1.9512867832743217
blue,450,678.0,0.0011704842125723105,1.9499999999999997,1.951170484212572
blue,450,678.6666666666666,0.0010638020837924636,1.9499999999999997,1.9510638020837923
blue,450,679.3333333333333,0.0009660313852057191,1.9499999999999997,1.9509660313852055
blue,450,680.0,0.0008765097659944036,1.9499999999999997,1.9508765097659941
blue,450,680.6666666666666,0.000794616183078622,1.9499999999999997,1.9507946161830783
blue,450,681.3333333333333,0.0007197690617734467,1.9499999999999997,1.9507197690617732
blue,450,682.0,0.0006514244697005993,1.9499999999999997,1.9506514244697004
blue,450,682.6666666666666,0.0005890743114769579,1.9499999999999997,1.9505890743114767
blue,450,683.3333333333333,0.0005322445508806947,1.9499999999999997,1.9505322445508804
blue,450,684.0,0.0004804934664090336,1.9499999999999997,1.9504804934664088
blue,450,684.6666666666666,0.0004334099453910922,1.9499999999999997,1.9504334099453908
blue,450,685.3333333333333,0.00039061182110792836,1.9499999999999997,1.9503906118211076
blue,450,686.0,0.00035174425670091457,1.9499999999999997,1.9503517442567007
blue,450,686.6666666666666,0.00031647817901915305,1.9499999999999997,1.950316478179019
blue,450,687.3333333333333,0.00028450876496820737,1.9499999999999997,1.9502845087649678
blue,450,688.0,0.000255553982375798,1.9499999999999997,1.9502555539823756
blue,450,688.6666666666666,0.00022935318688469054,1.9499999999999997,1.9502293531868844
blue,450,689.3333333333333,0.00020566577591881174,1.9499999999999997,1.9502056657759186
blue,450,690.0,0.00018426990034472025,1.9499999999999997,1.9501842699003444
blue,450,690.6666666666666,0.0001649612340655647,1.9499999999999997,1.9501649612340652
blue,450,691.3333333333333,0.00014755180143777213,1.9499999999999997,1.9501475518014375
blue,450,692.0,0.00013186886209037017,1.9499999999999997,1.9501318688620901
blue,450,692.6666666666666,0.00011775385245128156,1.9499999999999997,1.950117753852451
blue,450,693.3333333333333,0.00010506138304274909,1.9499999999999997,1.9501050613830424
blue,450,694.0,9.365829039742032e-05,1.9499999999999997,1.9500936582903972
blue,450,694.6666666666666,8.342274226552533e-05,1.9499999999999997,1.9500834227422652
blue,450,695.3333333333333,7.424339463038816e-05,1.9499999999999997,1.95007424339463
blue,450,696.0,6.60185989222515e-05,1.9499999999999997,1.950066018598922
blue,450,696.6666666666666,5.8655657717068404e-05,1.9499999999999997,1.9500586556577169
blue,450,697.3333333333333,5.207012712578418e-05,1.9499999999999997,1.9500520701271256
blue,450,698.0,4.618516401882432e-05,1.9499999999999997,1.9500461851640185
blue,450,698.6666666666666,4.093091618811463e-05,1.9499999999999997,1.950040930916188
blue,450,699.3333333333333,3.624395352334708e-05,1.9499999999999997,1.950036243953523
blue,450,700.0,3.2066738268664925e-05,1.9499999999999997,1.9500320667382685
blue,450,700.6666666666666,2.8347132428765936e-05,1.9499999999999997,1.9500283471324285
blue,450,701.3333333333333,2.5037940408179582e-05,1.9499999999999997,1.9500250379404078
blue,450,702.0,2.2096484992658277e-05,1.9499999999999997,1.9500220964849924
blue,450,702.6666666666666,1.948421481582572e-05,1.9499999999999997,1.9500194842148155
blue,450,703.3333333333333,1.7166341496210492e-05,1.9499999999999997,1.950017166341496
blue,450,704.0,1.5111504678347364e-05,1.9499999999999997,1.950015111504678
blue,450,704.6666666666666,1.3291463265602646e-05,1.9499999999999997,1.9500132914632653
blue,450,705.3333333333333,1.1680811190796143e-05,1.9499999999999997,1.9500116808111905
blue,450,706.0,1.0256716132595474e-05,1.9499999999999997,1.9500102567161324
blue,450,706.6666666666666,8.998679650175435e-06,1.9499999999999997,1.9500089986796498
blue,450,707.3333333333333,7.888317275018728e-06,1.9499999999999997,1.9500078883172747
blue,450,708.0,6.909157166285758e-06,1.9499999999999997,1.9500069091571661
blue,450,708.6666666666666,6.046456004260575e-06,1.9499999999999997,1.950006046456004
blue,450,709.3333333333333,5.287030864463611e-06,1.9499999999999997,1.9500052870308642
blue,450,710.0,4.619105882620416e-06,1.9499999999999997,1.9500046191058824
blue,450,710.6666666666666,4.0321725873600516e-06,1.9499999999999997,1.950004032172587
blue,450,711.3333333333333,3.5168628429444547e-06,1.9499999999999997,1.9500035168628427
blue,450,712.0,3.0648334081901127e-06,1.9499999999999997,1.950003064833408
blue,450,712.6666666666666,2.6686611797761925e-06,1.9499999999999997,1.9500026686611796
blue,450,713.3333333333333,2.3217482481407555e-06,1.9499999999999997,1.9500023217482478
blue,450,714.0,2.0182359519806567e-06,1.9499999999999997,1.9500020182359517
blue,450,714.6666666666666,1.752927172859089e-06,1.9499999999999997,1.9500017529271725
blue,450,715.3333333333333,1.521216164502652e-06,1.9499999999999997,1.9500015212161643
blue,450,716.0,1.3190252619725912e-06,1.9499999999999997,1.9500013190252616
blue,450,716.6666666666666,1.1427478639858673e-06,1.9499999999999997,1.9500011427478636
blue,450,717.3333333333333,9.891971272349314e-07,1.9499999999999997,1.950000989197127
blue,450,718.0,8.555598546203809e-07,1.9499999999999997,1.9500008555598543
blue,450,718.6666666666666,7.39355099894641e-07,1.9499999999999997,1.9500007393550995
blue,450,719.3333333333333,6.383970493656797e-07,1.9499999999999997,1.9500006383970492
blue,450,720.0,5.507617770836193e-07,1.9499999999999997,1.9500005507617768
blue,450,720.6666666666666,4.747575033977524e-07,1.9499999999999997,1.950000474757503
blue,450,721.3333333333333,4.0889801800559155e-07,1.9499999999999997,1.9500004088980178
blue,450,722.0,3.5187895770331795e-07,1.9499999999999997,1.9500003518789575
blue,450,722.6666666666666,3.025566560764209e-07,1.9499999999999997,1.950000302556656
blue,450,723.3333333333333,2.5992930743540347e-07,1.9499999999999997,1.9500002599293071
blue,450,724.0,2.2312021049923208e-07,1.9499999999999997,1.9500002231202103
blue,450,724.6666666666666,1.9136287875515825e-07,1.9499999999999997,1.9500001913628784
blue,450,725.3333333333333,1.6398782417587217e-07,1.9499999999999997,1.950000163987824
blue,450,726.0,1.4041083914995784e-07,1.9499999999999997,1.950000140410839
blue,450,726.6666666666666,1.201226181743469e-07,1.9499999999999997,1.9500001201226178
blue,450,727.3333333333333,1.0267957616184276e-07,1.9499999999999997,1.950000102679576
blue,450,728.0,8.769573422351758e-08,1.9499999999999997,1.950000087695734
blue,450,728.6666666666666,7.483555658262883e-08,1.9499999999999997,1.9500000748355564
blue,450,729.3333333333333,6.380763394879304e-08,1.9499999999999997,1.9500000638076336
blue,450,730.0,5.435911930958483e-08,1.9499999999999997,1.950000054359119
blue,450,730.6666666666666,4.627083175896116e-08,1.9499999999999997,1.9500000462708316
blue,450,731.3333333333333,3.9352952751876974e-08,1.9499999999999997,1.9500000393529524
blue,450,732.0,3.3441247121988524e-08,1.9499999999999997,1.9500000334412468
blue,450,732.6666666666666,2.8393748390262816e-08,1.9499999999999997,1.9500000283937482
blue,450,733.3333333333333,2.408785438885916e-08,1.9499999999999997,1.9500000240878541
blue,450,734.0,2.0417785084957625e-08,1.9499999999999997,1.9500000204177848
blue,450,734.6666666666666,1.729235976768768e-08,1.9499999999999997,1.9500000172923595
blue,450,735.3333333333333,1.4633055508806725e-08,1.9499999999999997,1.9500000146330552
blue,450,736.0,1.237231307149273e-08,1.9499999999999997,1.950000012372313
blue,450,736.6666666666666,1.0452060265324959e-08,1.9499999999999997,1.95000001045206
blue,450,737.3333333333333,8.822426169823351e-09,1.9499999999999997,1.9500000088224259
blue,450,738.0,7.4406227112154896e-09,1.9499999999999997,1.9500000074406225
blue,450,738.6666666666666,6.269972811846992e-09,1.9499999999999997,1.9500000062699725
blue,450,739.3333333333333,5.279066770562474e-09,1.9499999999999997,1.9500000052790665
blue,450,740.0,4.441030704498611e-09,1.9499999999999997,1.9500000044410304
blue,450,740.6666666666666,3.732892814615922e-09,1.9499999999999997,1.9500000037328926
blue,450,741.3333333333333,3.135034953250188e-09,1.9499999999999997,1.9500000031350346
blue,450,742.0,2.6307184941022367e-09,1.9499999999999997,1.9500000026307183
blue,450,742.6666666666666,2.205674853521018e-09,1.9499999999999997,1.9500000022056745
blue,450,743.3333333333333,1.847752204952758e-09,1.9499999999999997,1.950000001847752
blue,450,744.0,1.546610982576569e-09,1.9499999999999997,1.9500000015466108
blue,450,744.6666666666666,1.293461700395353e-09,1.9499999999999997,1.9500000012934615
blue,450,745.3333333333333,1.0808394329270066e-09,1.9499999999999997,1.9500000010808392
blue,450,746.0,9.024100253288299e-10,1.9499999999999997,1.9500000009024097
blue,450,746.6666666666666,7.528037352491889e-10,1.9499999999999997,1.9500000007528036
blue,450,747.3333333333333,6.27472565789647e-10,1.9499999999999997,1.9500000006274723
blue,450,748.0,5.22568037508381e-10,1.9499999999999997,1.9500000005225677
blue,450,748.6666666666666,4.3483657530857514e-10,1.9499999999999997,1.9500000004348363
blue,450,749.3333333333333,3.6153006040506704e-10,1.9499999999999997,1.9500000003615299
blue,450,750.0,3.003294246566692e-10,1.9499999999999997,1.950000000300329
blue,450,750.6666666666666,2.492794500106134e-10,1.9499999999999997,1.9500000002492792
blue,450,751.3333333333333,2.067331846330036e-10,1.9499999999999997,1.9500000002067328
blue,450,752.0,1.713046039370952e-10,1.9499999999999997,1.9500000001713043
blue,450,752.6666666666666,1.418283331105762e-10,1.9499999999999997,1.950000000141828
blue,450,753.3333333333333,1.1732541137525148e-10,1.9499999999999997,1.9500000001173252
blue,450,754.0,9.697422017470758e-11,1.9499999999999997,1.950000000096974
blue,450,754.6666666666666,8.008582050364159e-11,1.9499999999999997,1.9500000000800854
blue,450,755.3333333333333,6.608305107171726e-11,1.9499999999999997,1.9500000000660829
blue,450,756.0,5.448283105212239e-11,1.9499999999999997,1.9500000000544826
blue,450,756.6666666666666,4.488119066237126e-11,1.9499999999999997,1.950000000044881
blue,450,757.3333333333333,3.694062139781812e-11,1.9499999999999997,1.9500000000369404
blue,450,758.0,3.03793968207168e-11,1.9499999999999997,1.9500000000303792
blue,450,758.6666666666666,2.4962565655282285e-11,1.9499999999999997,1.9500000000249622
blue,450,759.3333333333333,2.0494362650637086e-11,1.9499999999999997,1.950000000020494
blue,450,760.0,1.6811820208086646e-11,1.9499999999999997,1.9500000000168116
blue,450,760.6666666666666,1.3779395963614976e-11,1.9499999999999997,1.9500000000137792
blue,450,761.3333333333333,1.1284459099935854e-11,1.9499999999999997,1.9500000000112843
blue,450,762.0,9.233501769031139e-12,1.9499999999999997,1.9500000000092332
blue,450,762.6666666666666,7.548962186875134e-12,1.9499999999999997,1.9500000000075488
blue,450,763.3333333333333,6.166563195200406e-12,1.9499999999999997,1.9500000000061664
blue,450,764.0,5.033084785083192e-12,1.9499999999999997,1.9500000000050328
blue,450,764.6666666666666,4.10450160246995e-12,1.9499999999999997,1.9500000000041042
blue,450,765.3333333333333,3.344427116629859e-12,1.9499999999999997,1.9500000000033442
blue,450,766.0,2.7228151965777886e-12,1.9499999999999997,1.9500000000027224
blue,450,766.6666666666666,2.2148775385986067e-12,1.9499999999999997,1.9500000000022146
blue,450,767.3333333333333,1.8001819189352774e-12,1.9499999999999997,1.9500000000017998
blue,450,768.0,1.4619017804794749e-12,1.9499999999999997,1.9500000000014617
blue,450,768.6666666666666,1.1861923478356823e-12,1.9499999999999997,1.950000000001186
blue,450,769.3333333333333,9.616724274951007e-13,1.9499999999999997,1.9500000000009614
blue,450,770.0,7.789943970961723e-13,1.9499999999999997,1.9500000000007787
blue,450,770.6666666666666,6.304877123514535e-13,1.9499999999999997,1.9500000000006301
blue,450,771.3333333333333,5.09863641271346e-13,1.9499999999999997,1.9500000000005095
blue,450,772.0,4.119709403439668e-13,1.9499999999999997,1.9500000000004116
blue,450,772.6666666666666,3.325938739405604e-13,1.9499999999999997,1.9500000000003324
blue,450,773.3333333333333,2.6828539548736073e-13,1.9499999999999997,1.950000000000268
blue,450,774.0,2.1622949864103835e-13,1.9499999999999997,1.950000000000216
blue,450,774.6666666666666,1.7412774432361204e-13,1.9499999999999997,1.9500000000001738
blue,450,775.3333333333333,1.4010580515500696e-13,1.9499999999999997,1.9500000000001398
blue,450,776.0,1.1263656812465493e-13,1.9499999999999997,1.9500000000001123
blue,450,776.6666666666666,9.047692091718985e-14,1.9499999999999997,1.95000000000009
blue,450,777.3333333333333,7.261583546907904e-14,1.9499999999999997,1.9500000000000723
blue,450,778.0,5.823176956302977e-14,1.9499999999999997,1.950000000000058
blue,450,778.6666666666666,4.665774663271928e-14,1.9499999999999997,1.9500000000000464
blue,450,779.3333333333333,3.735275647111834e-14,1.9499999999999997,1.950000000000037
blue,450,780.0,2.9878354491912596e-14,1.9499999999999997,1.9500000000000297
blue,450,780.6666666666666,2.387953239314136e-14,1.9499999999999997,1.9500000000000237
blue,450,781.3333333333333,1.9069095076987072e-14,1.9499999999999997,1.9500000000000188
blue,450,782.0,1.5214912997608692e-14,1.9499999999999997,1.950000000000015
blue,450,782.6666666666666,1.2129530358497784e-14,1.9499999999999997,1.950000000000012
blue,450,783.3333333333333,9.6617016305356e-15,1.9499999999999997,1.9500000000000095
blue,450,784.0,7.689504948201133e-15,1.9499999999999997,1.9500000000000075
blue,450,784.6666666666666,6.114743769056029e-15,1.9499999999999997,1.950000000000006
blue,450,785.3333333333333,4.858400008853185e-15,1.9499999999999997,1.9500000000000046
blue,450,786.0,3.856944574398944e-15,1.9499999999999997,1.9500000000000035
blue,450,786.6666666666666,3.059346377203252e-15,1.9499999999999997,1.9500000000000028
blue,450,787.3333333333333,2.424649828231005e-15,1.9499999999999997,1.9500000000000022
blue,450,788.0,1.9200145726044907e-15,1.9499999999999997,1.9500000000000017
blue,450,788.6666666666666,1.5191307236876567e-15,1.9499999999999997,1.9500000000000013
blue,450,789.3333333333333,1.2009388457627744e-15,1.9499999999999997,1.9500000000000008
blue,450,790.0,9.485970324930513e-16,1.9499999999999997,1.9500000000000006
blue,450,790.6666666666666,7.486481468747968e-16,1.9499999999999997,1.9500000000000004
blue,450,791.3333333333333,5.903490509911163e-16,1.9499999999999997,1.9500000000000004
blue,450,792.0,4.651308103977584e-16,1.9499999999999997,1.9500000000000002
blue,450,792.6666666666666,3.6616469699437197e-16,1.9499999999999997,1.9500000000000002
blue,450,793.3333333333333,2.880135736074071e-16,1.9499999999999997,1.95
blue,450,794.0,2.2635211903695396e-16,1.9499999999999997,1.95
blue,450,794.6666666666666,1.77742505026884e-16,1.9499999999999997,1.95
blue,450,795.3333333333333,1.3945469879823726e-16,1.9499999999999997,1.95
blue,450,796.0,1.0932264500496568e-16,1.9499999999999997,1.9499999999999997
blue,450,796.6666666666666,8.562926823311544e-17,1.9499999999999997,1.9499999999999997
blue,450,797.3333333333333,6.701460436061475e-17,1.9499999999999997,1.9499999999999997
blue,450,798.0,5.240247585700363e-17,1.9499999999999997,1.9499999999999997
blue,450,798.6666666666666,4.094202116548271e-17,1.9499999999999997,1.9499999999999997
blue,450,799.3333333333333,3.196111146166472e-17,1.9499999999999997,1.9499999999999997
blue,450,800.0,2.4929271773816902e-17,1.9499999999999997,1.9499999999999997
blue,500,200.0,1.5851496506174665e-10,2.55,2.550000000158515
blue,500,200.66666666666666,2.0508863243159208e-10,2.55,2.5500000002050887
blue,500,201.33333333333334,2.649384678805658e-10,2.55,2.550000000264938
blue,500,202.0,3.4172799884836436e-10,2.55,2.550000000341728
blue,500,202.66666666666666,4.400968070965976e-10,2.55,2.5500000004400967
blue,500,203.33333333333334,5.659108019255121e-10,2.55,2.5500000005659107
blue,500,204.0,7.265740138682413e-10,2.55,2.5500000007265737
blue,500,204.66666666666666,9.314163347181653e-10,2.55,2.550000000931416
blue,500,205.33333333333334,1.192174835835718e-09,2.55,2.5500000011921746
blue,500,206.0,1.523590172196111e-09,2.55,2.55000000152359
blue,500,206.66666666666666,1.944144254238173e-09,2.55,2.5500000019441442
blue,500,207.33333333333334,2.4769709957506598e-09,2.55,2.550000002476971
blue,500,208.0,3.15097870264907e-09,2.55,2.5500000031509784
blue,500,208.66666666666666,4.0022307637524434e-09,2.55,2.5500000040022304
blue,500,209.33333333333334,5.0756409845574925e-09,2.55,2.5500000050756406
blue,500,210.0,6.427051452268729e-09,2.55,2.550000006427051
blue,500,210.66666666666666,8.125774563970857e-09,2.55,2.5500000081257745
blue,500,211.33333333333334,1.0257697170126418e-08,2.55,2.550000010257697
blue,500,212.0,1.2929064120812142e-08,2.55,2.550000012929064
blue,500,212.66666666666666,1.627108135571575e-08,2.55,2.550000016271081
blue,500,213.33333333333334,2.0445505627339995e-08,2.55,2.5500000204455056
blue,500,214.0,2.5651419647928295e-08,2.55,2.5500000256514195
blue,500,214.66666666666666,3.213342865240563e-08,2.55,2.5500000321334286
blue,500,215.33333333333334,4.0191557919837495e-08,2.55,2.550000040191558
blue,500,216.0,5.0193181651604255e-08,2.55,2.5500000501931814
blue,500,216.66666666666666,6.258737284209242e-08,2.55,2.550000062587373
blue,500,217.33333333333334,7.79221326029482e-08,2.55,2.5500000779221326
blue,500,218.0,9.686503716008175e-08,2.55,2.550000096865037
blue,500,218.66666666666666,1.2022793292764804e-07,2.55,2.5500001202279328
blue,500,219.33333333333334,1.4899641632721213e-07,2.55,2.5500001489964164
blue,500,220.0,1.8436495718091565e-07,2.55,2.550000184364957
blue,500,220.66666666666666,2.2777866455471202e-07,2.55,2.550000227778664
blue,500,221.33333333333334,2.809828540279787e-07,2.55,2.5500002809828537
blue,500,222.0,3.4608175786442805e-07,2.55,2.5500003460817577
blue,500,222.66666666666666,4.256079269782772e-07,2.55,2.550000425607927
blue,500,223.33333333333334,5.22604108623559e-07,2.55,2.5500005226041083
blue,500,224.0,6.407196492394262e-07,2.55,2.550000640719649
blue,500,224.66666666666666,7.843237708631396e-07,2.55,2.5500007843237706
blue,500,225.33333333333334,9.586384051008993e-07,2.55,2.550000958638405
blue,500,226.0,1.1698936440461229e-06,2.55,2.550001169893644
blue,500,226.66666666666666,1.4255092860295203e-06,2.55,2.550001425509286
blue,500,227.33333333333334,1.7343064189575604e-06,2.55,2.5500017343064187
blue,500,228.0,2.106753498472835e-06,2.55,2.550002106753498
blue,500,228.66666666666666,2.5552519453541665e-06,2.55,2.550002555251945
blue,500,229.33333333333334,3.0944669093536497e-06,2.55,2.550003094466909
blue,500,230.0,3.741709527622839e-06,2.55,2.5500037417095274
blue,500,230.66666666666666,4.5173777471581495e-06,2.55,2.550004517377747
blue,500,231.33333333333334,5.445463583886551e-06,2.55,2.550005445463584
blue,500,232.0,6.5541355569969335e-06,2.55,2.5500065541355568
blue,500,232.66666666666666,7.876405965905666e-06,2.55,2.550007876405966
blue,500,233.33333333333331,9.4508936677663e-06,2.55,2.5500094508936675
blue,500,234.0,1.132269406338565e-05,2.55,2.550011322694063
blue,500,234.66666666666666,1.3544369104988437e-05,2.55,2.5500135443691048
blue,500,235.33333333333331,1.617707129498992e-05,2.55,2.550016177071295
blue,500,236.0,1.929181684332245e-05,2.55,2.550019291816843
blue,500,236.66666666666666,2.297092438227509e-05,2.55,2.550022970924382
blue,500,237.33333333333331,2.730963689010406e-05,2.55,2.55002730963689
blue,500,238.0,3.241794573301338e-05,2.55,2.550032417945733
blue,500,238.66666666666666,3.842263698164821e-05,2.55,2.5500384226369817
blue,500,239.33333333333331,4.546958137193326e-05,2.55,2.550045469581372
blue,500,240.0,5.372629043636295e-05,2.55,2.5500537262904364
blue,500,240.66666666666666,6.338476240256525e-05,2.55,2.5500633847624026
blue,500,241.33333333333331,7.466464240903427e-05,2.55,2.550074664642409
blue,500,242.0,8.78167223874074e-05,2.55,2.550087816722387
blue,500,242.66666666666666,0.00010312680656651014,2.55,2.550103126806566
blue,500,243.33333333333331,0.00012091996892161228,2.55,2.5501209199689217
blue,500,244.0,0.00014156522897486,2.55,2.5501415652289747
blue,500,244.66666666666666,0.0001654806720980513,2.55,2.550165480672098
blue,500,245.33333333333331,0.00019313903982145667,2.55,2.550193139039821
blue,500,246.0,0.0002250738145539867,2.55,2.5502250738145538
blue,500,246.66666666666666,0.0002618858215098142,2.55,2.55026188582151
blue,500,247.33333333333331,0.0003042503684518243,2.55,2.5503042503684514
blue,500,248.0,0.00035292494103910743,2.55,2.550352924941039
blue,500,248.66666666666666,0.0004087574680404416,2.55,2.5504087574680403
blue,500,249.33333333333331,0.00047269516638542885,2.55,2.5504726951663854
blue,500,250.0,0.000545793970909295,2.55,2.550545793970909
blue,500,250.66666666666666,0.0006292285476500384,2.55,2.55062922854765
blue,500,251.33333333333331,0.0007243028826266341,2.55,2.5507243028826263
blue,500,252.0,0.0008324614301207222,2.55,2.5508324614301205
blue,500,252.66666666666666,0.0009553007955677882,2.55,2.5509553007955676
blue,500,253.33333333333331,0.0010945819182141586,2.55,2.551094581918214
blue,500,254.0,0.0012522427077038634,2.55,2.5512522427077036
blue,500,254.66666666666666,0.0014304110767314755,2.55,2.551430411076731
blue,500,255.33333333333331,0.001631418298857519,2.55,2.5516314182988573
blue,500,256.0,0.0018578126065767018,2.55,2.5518578126065767
blue,500,256.6666666666667,0.0021123729298236174,2.55,2.5521123729298236
blue,500,257.3333333333333,0.002398122659386915,2.55,2.552398122659387
blue,500,258.0,0.0027183433032990775,2.55,2.5527183433032987
blue,500,258.6666666666667,0.0030765878873204758,2.55,2.5530765878873205
blue,500,259.3333333333333,0.003476693933319123,2.55,2.553476693933319
blue,500,260.0,0.003922795831864267,2.55,2.553922795831864
blue,500,260.6666666666667,0.004419336407939344,2.55,2.554419336407939
blue,500,261.3333333333333,0.004971077461603687,2.55,2.5549710774616035
blue,500,262.0,0.005583109048985027,2.55,2.555583109048985
blue,500,262.6666666666667,0.0062608572534911845,2.55,2.556260857253491
blue,500,263.3333333333333,0.007010090182938368,2.55,2.557010090182938
blue,500,264.0,0.007836921915774222,2.55,2.557836921915774
blue,500,264.66666666666663,0.008747814109117784,2.55,2.558747814109118
blue,500,265.3333333333333,0.009749574973354422,2.55,2.5597495749733543
blue,500,266.0,0.010849355312916616,2.55,2.5608493553129166
blue,500,266.66666666666663,0.012054641331080189,2.55,2.56205464133108
blue,500,267.3333333333333,0.013373243898509926,2.55,2.5633732438985097
blue,500,268.0,0.014813283991306667,2.55,2.5648132839913065
blue,500,268.66666666666663,0.01638317401481796,2.55,2.5663831740148177
blue,500,269.3333333333333,0.018091594744820427,2.55,2.5680915947448204
blue,500,270.0,0.019947467638176914,2.55,2.5699474676381766
blue,500,270.66666666666663,0.02195992229097996,2.55,2.5719599222909797
blue,500,271.3333333333333,0.024138258853705023,2.55,2.5741382588537047
blue,500,272.0,0.02649190525015069,2.55,2.5764919052501507
blue,500,272.66666666666663,0.029030369089996396,2.55,2.5790303690899963
blue,500,273.3333333333333,0.031763184213611344,2.55,2.581763184213611
blue,500,274.0,0.03469985186217931,2.55,2.584699851862179
blue,500,274.66666666666663,0.037849776526034565,2.55,2.5878497765260344
blue,500,275.3333333333333,0.04122219658896911,2.55,2.591222196588969
blue,500,276.0,0.0448261099557273,2.55,2.594826109955727
blue,500,276.66666666666663,0.04867019492338227,2.55,2.598670194923382
blue,500,277.3333333333333,0.05276272663406956,2.55,2.6027627266340696
blue,500,278.0,0.05711148952585056,2.55,2.6071114895258503
blue,500,278.66666666666663,0.061723686279375245,2.55,2.611723686279375
blue,500,279.3333333333333,0.06660584383945357,2.55,2.6166058438394533
blue,500,280.0,0.07176371717153007,2.55,2.62176371717153
blue,500,280.66666666666663,0.07720219149218109,2.55,2.627202191492181
blue,500,281.3333333333333,0.08292518378880767,2.55,2.6329251837888075
blue,500,282.0,0.08893554451536784,2.55,2.6389355445153675
blue,500,282.66666666666663,0.09523496041692263,2.55,2.6452349604169223
blue,500,283.3333333333333,0.1018238594945299,2.55,2.6518238594945296
blue,500,284.0,0.10870131917226941,2.55,2.6587013191722693
blue,500,284.66666666666663,0.11586497876858895,2.55,2.665864978768589
blue,500,285.3333333333333,0.1233109574033899,2.55,2.6733109574033898
blue,500,286.0,0.13103377848916803,2.55,2.681033778489168
blue,500,286.66666666666663,0.13902630195801838,2.55,2.6890263019580183
blue,500,287.3333333333333,0.14727966536539588,2.55,2.6972796653653957
blue,500,288.0,0.1557832349854744,2.55,2.705783234985474
blue,500,288.66666666666663,0.164524567971178,2.55,2.714524567971178
blue,500,289.3333333333333,0.17348938659403285,2.55,2.7234893865940326
blue,500,290.0,0.18266156550482301,2.55,2.7326615655048228
blue,500,290.66666666666663,0.1920231328657238,2.55,2.7420231328657234
blue,500,291.3333333333333,0.20155428609844572,2.55,2.7515542860984454
blue,500,292.0,0.21123342287163485,2.55,2.761233422871635
blue,500,292.66666666666663,0.22103718781525422,2.55,2.771037187815254
blue,500,293.3333333333333,0.23094053530102737,2.55,2.7809405353010272
blue,500,294.0,0.24091680846777044,2.55,2.7909168084677702
blue,500,294.66666666666663,0.25093783450026835,2.55,2.8009378345002682
blue,500,295.3333333333333,0.2609740359921406,2.55,2.8109740359921402
blue,500,296.0,0.27099455803910144,2.55,2.8209945580391014
blue,500,296.66666666666663,0.28096741052149765,2.55,2.8309674105214975
blue,500,297.3333333333333,0.2908596248464249,2.55,2.840859624846425
blue,500,298.0,0.3006374242327668,2.55,2.8506374242327666
blue,500,298.66666666666663,0.31026640643986364,2.55,2.8602664064398633
blue,500,299.3333333333333,0.3197117376648613,2.55,2.8697117376648613
blue,500,300.0,0.32893835616790484,2.55,2.8789383561679047
blue,500,300.66666666666663,0.3379111840308925,2.55,2.887911184030892
blue,500,301.3333333333333,0.3465953453169799,2.55,2.89659534531698
blue,500,302.0,0.3549563887769107,2.55,2.9049563887769105
blue,500,302.66666666666663,0.362960513146745,2.55,2.9129605131467446
blue,500,303.3333333333333,0.37057479300157364,2.55,2.9205747930015735
blue,500,304.0,0.3777674030731081,2.55,2.927767403073108
blue,500,304.66666666666663,0.3845078389069656,2.55,2.934507838906965
blue,500,305.3333333333333,0.39076713172902117,2.55,2.940767131729021
blue,500,306.0,0.39651805541005786,2.55,2.9465180554100576
blue,500,306.66666666666663,0.4017353234643695,2.55,2.9517353234643693
blue,500,307.3333333333333,0.4063957740907577,2.55,2.9563957740907574
blue,500,308.0,0.4104785413629988,2.55,2.9604785413629986
blue,500,308.66666666666663,0.4139652108003609,2.55,2.9639652108003607
blue,500,309.3333333333333,0.41683995769571863,2.55,2.9668399576957185
blue,500,310.0,0.41908966674752784,2.55,2.9690896667475277
blue,500,310.66666666666663,0.4207040317302778,2.55,2.9707040317302775
blue,500,311.3333333333333,0.42167563414357007,2.55,2.97167563414357
blue,500,312.0,0.422,2.55,2.972
blue,500,312.66666666666663,0.4216756341435701,2.55,2.97167563414357
blue,500,313.3333333333333,0.4207040317302779,2.55,2.9707040317302775
blue,500,314.0,0.41908966674752784,2.55,2.9690896667475277
blue,500,314.66666666666663,0.4168399576957189,2.55,2.9668399576957185
blue,500,315.3333333333333,0.41396521080036114,2.55,2.963965210800361
blue,500,316.0,0.4104785413629988,2.55,2.9604785413629986
blue,500,316.66666666666663,0.4063957740907581,2.55,2.956395774090758
blue,500,317.3333333333333,0.4017353234643699,2.55,2.9517353234643697
blue,500,318.0,0.39651805541005786,2.55,2.9465180554100576
blue,500,318.66666666666663,0.39076713172902167,2.55,2.9407671317290216
blue,500,319.3333333333333,0.3845078389069661,2.55,2.934507838906966
blue,500,320.0,0.3777674030731081,2.55,2.927767403073108
blue,500,320.66666666666663,0.37057479300157425,2.55,2.920574793001574
blue,500,321.3333333333333,0.3629605131467456,2.55,2.9129605131467455
blue,500,322.0,0.3549563887769107,2.55,2.9049563887769105
blue,500,322.66666666666663,0.34659534531698055,2.55,2.8965953453169804
blue,500,323.3333333333333,0.3379111840308932,2.55,2.887911184030893
blue,500,324.0,0.32893835616790484,2.55,2.8789383561679047
blue,500,324.66666666666663,0.3197117376648621,2.55,2.8697117376648618
blue,500,325.3333333333333,0.31026640643986453,2.55,2.860266406439864
blue,500,326.0,0.3006374242327668,2.55,2.8506374242327666
blue,500,326.66666666666663,0.29085962484642575,2.55,2.8408596248464257
blue,500,327.3333333333333,0.2809674105214985,2.55,2.8309674105214984
blue,500,328.0,0.27099455803910144,2.55,2.8209945580391014
blue,500,328.66666666666663,0.2609740359921414,2.55,2.810974035992141
blue,500,329.3333333333333,0.2509378345002692,2.55,2.800937834500269
blue,500,330.0,0.24091680846777044,2.55,2.7909168084677702
blue,500,330.66666666666663,0.2309405353010282,2.55,2.780940535301028
blue,500,331.3333333333333,0.22103718781525508,2.55,2.771037187815255
blue,500,332.0,0.21123342287163485,2.55,2.761233422871635
blue,500,332.66666666666663,0.20155428609844656,2.55,2.7515542860984463
blue,500,333.3333333333333,0.19202313286572464,2.55,2.7420231328657243
blue,500,334.0,0.18266156550482301,2.55,2.7326615655048228
blue,500,334.66666666666663,0.17348938659403362,2.55,2.7234893865940335
blue,500,335.3333333333333,0.16452456797117876,2.55,2.7145245679711785
blue,500,336.0,0.1557832349854744,2.55,2.705783234985474
blue,500,336.66666666666663,0.1472796653653966,2.55,2.6972796653653965
blue,500,337.3333333333333,0.13902630195801907,2.55,2.6890263019580187
blue,500,338.0,0.13103377848916803,2.55,2.681033778489168
blue,500,338.66666666666663,0.12331095740339056,2.55,2.67331095740339
blue,500,339.3333333333333,0.1158649787685896,2.55,2.6658649787685893
blue,500,340.0,0.10870131917226941,2.55,2.6587013191722693
blue,500,340.66666666666663,0.10182385949453049,2.55,2.6518238594945305
blue,500,341.3333333333333,0.09523496041692318,2.55,2.645234960416923
blue,500,342.0,0.08893554451536784,2.55,2.6389355445153675
blue,500,342.66666666666663,0.08292518378880817,2.55,2.632925183788808
blue,500,343.3333333333333,0.0772021914921816,2.55,2.6272021914921813
blue,500,344.0,0.07176371717153007,2.55,2.62176371717153
blue,500,344.66666666666663,0.066605843839454,2.55,2.6166058438394537
blue,500,345.3333333333333,0.06172368627937564,2.55,2.6117236862793756
blue,500,346.0,0.05711148952585056,2.55,2.6071114895258503
blue,500,346.66666666666663,0.05276272663406995,2.55,2.6027627266340696
blue,500,347.3333333333333,0.04867019492338264,2.55,2.5986701949233826
blue,500,348.0,0.0448261099557273,2.55,2.594826109955727
blue,500,348.66666666666663,0.041222196588969424,2.55,2.5912221965889692
blue,500,349.3333333333333,0.03784977652603486,2.55,2.587849776526035
blue,500,350.0,0.03469985186217931,2.55,2.584699851862179
blue,500,350.66666666666663,0.0317631842136116,2.55,2.5817631842136115
blue,500,351.3333333333333,0.02903036908999663,2.55,2.5790303690899963
blue,500,352.0,0.02649190525015069,2.55,2.5764919052501507
blue,500,352.66666666666663,0.024138258853705224,2.55,2.574138258853705
blue,500,353.3333333333333,0.021959922290980125,2.55,2.57195992229098
blue,500,354.0,0.019947467638176914,2.55,2.5699474676381766
blue,500,354.66666666666663,0.018091594744820586,2.55,2.5680915947448204
blue,500,355.3333333333333,0.016383174014818085,2.55,2.5663831740148177
blue,500,356.0,0.014813283991306667,2.55,2.5648132839913065
blue,500,356.66666666666663,0.013373243898510051,2.55,2.5633732438985097
blue,500,357.3333333333333,0.012054641331080291,2.55,2.56205464133108
blue,500,358.0,0.010849355312916616,2.55,2.5608493553129166
blue,500,358.66666666666663,0.009749574973354505,2.55,2.5597495749733543
blue,500,359.3333333333333,0.008747814109117862,2.55,2.558747814109118
blue,500,360.0,0.007836921915774222,2.55,2.557836921915774
blue,500,360.66666666666663,0.007010090182938429,2.55,2.5570100901829385
blue,500,361.3333333333333,0.0062608572534911845,2.55,2.556260857253491
blue,500,362.0,0.005583109048985027,2.55,2.555583109048985
blue,500,362.66666666666663,0.004971077461603731,2.55,2.5549710774616035
blue,500,363.3333333333333,0.004419336407939344,2.55,2.554419336407939
blue,500,364.0,0.003922795831864267,2.55,2.553922795831864
blue,500,364.66666666666663,0.0034766939333191567,2.55,2.553476693933319
blue,500,365.3333333333333,0.0030765878873204758,2.55,2.5530765878873205
blue,500,366.0,0.0027183433032990775,2.55,2.5527183433032987
blue,500,366.66666666666663,0.0023981226593869404,2.55,2.552398122659387
blue,500,367.3333333333333,0.0021123729298236174,2.55,2.5521123729298236
blue,500,368.0,0.0018578126065767018,2.55,2.5518578126065767
blue,500,368.66666666666663,0.0016314182988575363,2.55,2.5516314182988573
blue,500,369.3333333333333,0.0014304110767314844,2.55,2.551430411076731
blue,500,370.0,0.0012522427077038634,2.55,2.5512522427077036
blue,500,370.66666666666663,0.0010945819182141703,2.55,2.551094581918214
blue,500,371.3333333333333,0.0009553007955677941,2.55,2.5509553007955676
blue,500,372.0,0.0008324614301207222,2.55,2.5508324614301205
blue,500,372.66666666666663,0.0007243028826266418,2.55,2.5507243028826263
blue,500,373.3333333333333,0.0006292285476500428,2.55,2.55062922854765
blue,500,374.0,0.000545793970909295,2.55,2.550545793970909
blue,500,374.66666666666663,0.000472695166385435,2.55,2.5504726951663854
blue,500,375.3333333333333,0.0004087574680404445,2.55,2.5504087574680403
blue,500,376.0,0.00035292494103910743,2.55,2.550352924941039
blue,500,376.66666666666663,0.00030425036845182834,2.55,2.5503042503684514
blue,500,377.3333333333333,0.00026188582150981585,2.55,2.55026188582151
blue,500,378.0,0.0002250738145539867,2.55,2.5502250738145538
blue,500,378.66666666666663,0.00019313903982145944,2.55,2.550193139039821
blue,500,379.3333333333333,0.00016548067209805247,2.55,2.550165480672098
blue,500,380.0,0.00014156522897486,2.55,2.5501415652289747
blue,500,380.66666666666663,0.0001209199689216136,2.55,2.5501209199689217
blue,500,381.3333333333333,0.00010312680656651087,2.55,2.550103126806566
blue,500,382.0,8.78167223874074e-05,2.55,2.550087816722387
blue,500,382.66666666666663,7.466464240903546e-05,2.55,2.550074664642409
blue,500,383.3333333333333,6.338476240256548e-05,2.55,2.5500633847624026
blue,500,384.0,5.3726290436362955e-05,2.55,2.5500537262904364
blue,500,384.66666666666663,4.546958137193375e-05,2.55,2.550045469581372
blue,500,385.3333333333333,3.842263698164856e-05,2.55,2.5500384226369817
blue,500,386.0,3.2417945733013385e-05,2.55,2.550032417945733
blue,500,386.66666666666663,2.7309636890104504e-05,2.55,2.55002730963689
blue,500,387.3333333333333,2.2970924382275266e-05,2.55,2.550022970924382
blue,500,388.0,1.929181684332247e-05,2.55,2.550019291816843
blue,500,388.66666666666663,1.6177071294990142e-05,2.55,2.550016177071295
blue,500,389.3333333333333,1.3544369104988589e-05,2.55,2.5500135443691048
blue,500,390.0,1.1322694063385692e-05,2.55,2.550011322694063
blue,500,390.66666666666663,9.450893667766507e-06,2.55,2.5500094508936675
blue,500,391.3333333333333,7.876405965905809e-06,2.55,2.550007876405966
blue,500,392.0,6.554135556997029e-06,2.55,2.5500065541355568
blue,500,392.66666666666663,5.4454635838867236e-06,2.55,2.550005445463584
blue,500,393.3333333333333,4.517377747158353e-06,2.55,2.550004517377747
blue,500,394.0,3.741709527623051e-06,2.55,2.5500037417095274
blue,500,394.66666666666663,3.0944669093539474e-06,2.55,2.550003094466909
blue,500,395.3333333333333,2.555251945354548e-06,2.55,2.550002555251945
blue,500,396.0,2.1067534984733017e-06,2.55,2.550002106753498
blue,500,396.66666666666663,1.7343064189581817e-06,2.55,2.5500017343064187
blue,500,397.3333333333333,1.4255092860303197e-06,2.55,2.550001425509286
blue,500,398.0,1.1698936440471431e-06,2.55,2.550001169893644
blue,500,398.66666666666663,9.5863840510223e-07,2.55,2.550000958638405
blue,500,399.3333333333333,7.843237708648584e-07,2.55,2.5500007843237706
blue,500,400.0,6.40719649241641e-07,2.55,2.550000640719649
blue,500,400.66666666666663,5.226041086264266e-07,2.55,2.5500005226041083
blue,500,401.3333333333333,4.2560792698197933e-07,2.55,2.550000425607927
blue,500,402.0,3.4608175786919954e-07,2.55,2.5500003460817577
blue,500,402.66666666666663,2.8098285403413383e-07,2.55,2.5500002809828537
blue,500,403.3333333333333,2.2777866456264017e-07,2.55,2.550000227778664
blue,500,404.0,1.843649571911176e-07,2.55,2.550000184364957
blue,500,404.66666666666663,1.489964163403346e-07,2.55,2.5500001489964164
blue,500,405.3333333333333,1.2022793294451021e-07,2.55,2.5500001202279328
blue,500,406.0,9.68650371817304e-08,2.55,2.550000096865037
blue,500,406.66666666666663,7.792213263072163e-08,2.55,2.5500000779221326
blue,500,407.3333333333333,6.258737287769197e-08,2.55,2.550000062587373
blue,500,408.0,5.019318169719681e-08,2.55,2.5500000501931814
blue,500,408.66666666666663,4.019155797818031e-08,2.55,2.550000040191558
blue,500,409.3333333333333,3.213342872700131e-08,2.55,2.5500000321334286
blue,500,410.0,2.565141974322398e-08,2.55,2.5500000256514195
blue,500,410.66666666666663,2.0445505748978393e-08,2.55,2.5500000204455056
blue,500,411.3333333333333,1.6271081510848042e-08,2.55,2.550000016271081
blue,500,412.0,1.2929064318494836e-08,2.55,2.5500000129290643
blue,500,412.66666666666663,1.0257697421819272e-08,2.55,2.550000010257697
blue,500,413.3333333333333,8.125774884160962e-09,2.55,2.5500000081257745
blue,500,414.0,6.427051859255381e-09,2.55,2.5500000064270516
blue,500,414.66666666666663,5.075641501434995e-09,2.55,2.5500000050756415
blue,500,415.3333333333333,4.002231419641154e-09,2.55,2.5500000040022313
blue,500,416.0,3.150979534236262e-09,2.55,2.5500000031509793
blue,500,416.66666666666663,2.476972049216824e-09,2.55,2.550000002476972
blue,500,417.3333333333333,1.944145587662877e-09,2.55,2.5500000019441456
blue,500,418.0,1.5235918585609075e-09,2.55,2.5500000015235917
blue,500,418.66666666666663,1.1921769667681922e-09,2.55,2.550000001192177
blue,500,419.3333333333333,9.314190251560488e-10,2.55,2.5500000009314188
blue,500,420.0,7.265774078646084e-10,2.55,2.5500000007265773
blue,500,420.66666666666663,5.659150798676111e-10,2.55,2.5500000005659147
blue,500,421.3333333333333,4.40102194674386e-10,2.55,2.550000000440102
blue,500,422.0,3.4173477818700803e-10,2.55,2.5500000003417345
blue,500,422.66666666666663,2.649469913464444e-10,2.55,2.550000000264947
blue,500,423.3333333333333,2.0509933973843706e-10,2.55,2.5500000002050993
blue,500,424.0,1.585284044466902e-10,2.55,2.550000000158528
blue,500,424.66666666666663,1.2234631508357248e-10,2.55,2.550000000122346
blue,500,425.3333333333333,9.428036607963759e-11,2.55,2.5500000000942804
blue,500,426.0,7.254496940203865e-11,2.55,2.550000000072545
blue,500,426.66666666666663,5.573960688366097e-11,2.55,2.5500000000557392
blue,500,427.3333333333333,4.276764865325854e-11,2.55,2.5500000000427674
blue,500,428.0,3.277188711426076e-11,2.55,2.550000000032772
blue,500,428.66666666666663,2.5083437231038685e-11,2.55,2.5500000000250833
blue,500,429.3333333333333,1.9181305786716073e-11,2.55,2.550000000019181
blue,500,430.0,1.4660461566443967e-11,2.55,2.55000000001466
blue,500,430.66666666666663,1.1206667303957435e-11,2.55,2.5500000000112064
blue,500,431.3333333333333,8.576681075534934e-12,2.55,2.5500000000085765
blue,500,432.0,6.5827147908769344e-12,2.55,2.5500000000065826
blue,500,432.66666666666663,5.080262993222121e-12,2.55,2.55000000000508
blue,500,433.3333333333333,3.958596591801657e-12,2.55,2.5500000000039584
blue,500,434.0,3.1333618108744945e-12,2.55,2.5500000000031333
blue,500,434.66666666666663,2.5408414244228294e-12,2.55,2.5500000000025405
blue,500,435.3333333333333,2.133528865597102e-12,2.55,2.5500000000021332
blue,500,436.0,1.876740628240515e-12,2.55,2.5500000000018765
blue,500,436.66666666666663,1.746052235174526e-12,2.55,2.550000000001746
blue,500,437.3333333333333,1.7253909579947862e-12,2.55,2.550000000001725
blue,500,438.0,1.8056568907767726e-12,2.55,2.5500000000018055
blue,500,438.66666666666663,1.9837748979629867e-12,2.55,2.5500000000019836
blue,500,439.3333333333333,2.2621049932429634e-12,2.55,2.550000000002262
blue,500,440.0,2.648159178434655e-12,2.55,2.550000000002648
blue,500,440.66666666666663,3.1545897547930282e-12,2.55,2.5500000000031546
blue,500,441.3333333333333,3.799428497494227e-12,2.55,2.5500000000037994
blue,500,442.0,4.606568590033533e-12,2.55,2.5500000000046064
blue,500,442.66666666666663,5.606492464704591e-12,2.55,2.5500000000056064
blue,500,443.3333333333333,6.837259215215266e-12,2.55,2.550000000006837
blue,500,444.0,8.345775499777811e-12,2.55,2.5500000000083456
blue,500,444.66666666666663,1.018938425458822e-11,2.55,2.550000000010189
blue,500,445.3333333333333,1.2437816477511635e-11,2.55,2.5500000000124374
blue,500,446.0,1.517556319623873e-11,2.55,2.5500000000151752
blue,500,446.66666666666663,1.850473788098714e-11,2.55,2.5500000000185046
blue,500,447.3333333333333,2.254851438868404e-11,2.55,2.5500000000225485
blue,500,448.0,2.7455242447704764e-11,2.55,2.550000000027455
blue,500,448.66666666666663,3.3403362159639646e-11,2.55,2.5500000000334033
blue,500,449.3333333333333,4.0607261504218965e-11,2.55,2.550000000040607
blue,500,450.0,4.932424694103132e-11,2.55,2.550000000049324
blue,500,450.66666666666663,5.986282753330355e-11,2.55,2.5500000000598626
blue,500,451.3333333333333,7.25925482844938e-11,2.55,2.5500000000725924
blue,500,452.0,8.795564938511743e-11,2.55,2.5500000000879557
blue,500,452.66666666666663,1.0648087573499084e-10,2.55,2.550000000106481
blue,500,453.3333333333333,1.2879981648423102e-10,2.55,2.5500000001287995
blue,500,454.0,1.5566621862199106e-10,2.55,2.550000000155666
blue,500,454.66666666666663,1.8797879320049638e-10,2.55,2.550000000187979
blue,500,455.3333333333333,2.2680811916949639e-10,2.55,2.5500000002268077
blue,500,456.0,2.7342834978500997e-10,2.55,2.550000000273428
blue,500,456.66666666666663,3.2935454216229796e-10,2.55,2.550000000329354
blue,500,457.3333333333333,3.963865640567178e-10,2.55,2.5500000003963863
blue,500,458.0,4.766606859770425e-10,2.55,2.5500000004766603
blue,500,458.66666666666663,5.727101442101822e-10,2.55,2.55000000057271
blue,500,459.3333333333333,6.875361645976064e-10,2.55,2.550000000687536
blue,500,460.0,8.246911717207432e-10,2.55,2.550000000824691
blue,500,460.66666666666663,9.883761777778533e-10,2.55,2.550000000988376
blue,500,461.3333333333333,1.1835546546600034e-09,2.55,2.5500000011835544
blue,500,462.0,1.416085546951524e-09,2.55,2.5500000014160853
blue,500,462.66666666666663,1.6928784888493764e-09,2.55,2.550000001692878
blue,500,463.3333333333333,2.022074751111373e-09,2.55,2.5500000020220748
blue,500,464.0,2.4132579727179363e-09,2.55,2.550000002413258
blue,500,464.66666666666663,2.877699334479109e-09,2.55,2.5500000028776992
blue,500,465.3333333333333,3.42864251783935e-09,2.55,2.5500000034286425
blue,500,466.0,4.081634572222299e-09,2.55,2.5500000040816344
blue,500,466.66666666666663,4.8549097002049725e-09,2.55,2.5500000048549096
blue,500,467.3333333333333,5.769833974708009e-09,2.55,2.5500000057698338
blue,500,468.0,6.85142014076018e-09,2.55,2.55000000685142
blue,500,468.66666666666663,8.128922942321443e-09,2.55,2.5500000081289227
blue,500,469.3333333333333,9.636526869888907e-09,2.55,2.5500000096365265
blue,500,470.0,1.1414139866765493e-08,2.55,2.5500000114141397
blue,500,470.66666666666663,1.3508308382519505e-08,2.55,2.550000013508308
blue,500,471.3333333333333,1.597327124500826e-08,2.55,2.550000015973271
blue,500,472.0,1.8872172163380443e-08,2.55,2.550000018872172
blue,500,472.66666666666663,2.2278453302184528e-08,2.55,2.550000022278453
blue,500,473.3333333333333,2.6277455312156622e-08,2.55,2.550000026277455
blue,500,474.0,3.0968252500333935e-08,2.55,2.5500000309682522
blue,500,474.66666666666663,3.6465755507695655e-08,2.55,2.550000036465755
blue,500,475.3333333333333,4.29031179765324e-08,2.55,2.5500000429031178
blue,500,476.0,5.043448827547868e-08,2.55,2.550000050434488
blue,500,476.66666666666663,5.923815245438731e-08,2.55,2.5500000592381524
blue,500,477.3333333333333,6.952012027427793e-08,2.55,2.55000006952012
blue,500,478.0,8.151821245359925e-08,2.55,2.5500000815182124
blue,500,478.66666666666663,9.550671424899946e-08,2.55,2.550000095506714
blue,500,479.3333333333333,1.1180166820857542e-07,2.55,2.550000111801668
blue,500,480.0,1.3076688746421223e-07,2.55,2.5500001307668874
blue,500,480.66666666666663,1.5282078033722842e-07,2.55,2.5500001528207803
blue,500,481.3333333333333,1.7844408739217554e-07,2.55,2.5500001784440873
blue,500,482.0,2.081886434655983e-07,2.55,2.5500002081886435
blue,500,482.66666666666663,2.4268728970207975e-07,2.55,2.5500002426872896
blue,500,483.3333333333333,2.826650743348139e-07,2.55,2.5500002826650743
blue,500,484.0,3.2895189594200237e-07,2.55,2.5500003289518958
blue,500,484.66666666666663,3.8249675928652106e-07,2.55,2.550000382496759
blue,500,485.3333333333333,4.443838317002824e-07,2.55,2.5500004443838313
blue,500,486.0,5.158505074048465e-07,2.55,2.550000515850507
blue,500,486.66666666666663,5.983077082667149e-07,2.55,2.550000598307708
blue,500,487.3333333333333,6.933626723702801e-07,2.55,2.550000693362672
blue,500,488.0,8.028445065557962e-07,2.55,2.5500008028445063
blue,500,488.66666666666663,9.288328058155081e-07,2.55,2.5500009288328056
blue,500,489.3333333333333,1.0736896712674008e-06,2.55,2.550001073689671
blue,500,490.0,1.2400954894298134e-06,2.55,2.5500012400954892
blue,500,490.66666666666663,1.4310888687946825e-06,2.55,2.5500014310888686
blue,500,491.3333333333333,1.6501111653275369e-06,2.55,2.5500016501111653
blue,500,492.0,1.9010560665884192e-06,2.55,2.5500019010560666
blue,500,492.66666666666663,2.1883247447391792e-06,2.55,2.5500021883247443
blue,500,493.3333333333333,2.516887131834722e-06,2.55,2.550002516887132
blue,500,494.0,2.892349916533134e-06,2.55,2.5500028923499163
blue,500,494.66666666666663,3.3210319097285018e-06,2.55,2.5500033210319097
blue,500,495.3333333333333,3.810047477615068e-06,2.55,2.5500038100474773
blue,500,496.0,4.367398794317012e-06,2.55,2.550004367398794
blue,500,496.66666666666663,5.002077722423469e-06,2.55,2.550005002077722
blue,500,497.3333333333333,5.724178188476909e-06,2.55,2.550005724178188
blue,500,498.0,6.545019981573625e-06,2.55,2.5500065450199814
blue,500,498.66666666666663,7.47728496660449e-06,2.55,2.5500074772849666
blue,500,499.3333333333333,8.535166769106051e-06,2.55,2.5500085351667687
blue,500,500.0,9.73453505597972e-06,2.55,2.5500097345350556
blue,500,500.66666666666663,1.1093115605194707e-05,2.55,2.550011093115605
blue,500,501.3333333333333,1.2630687427678757e-05,2.55,2.5500126306874273
blue,500,502.0,1.4369298275533735e-05,2.55,2.5500143692982755
blue,500,502.66666666666663,1.6333499942040234e-05,2.55,2.5500163334999417
blue,500,503.3333333333333,1.8550604830107527e-05,2.55,2.55001855060483
blue,500,504.0,2.1050965336292094e-05,2.55,2.550021050965336
blue,500,504.66666666666663,2.386827766659481e-05,2.55,2.5500238682776666
blue,500,505.3333333333333,2.703991176718188e-05,2.55,2.550027039911767
blue,500,506.0,3.060726911714716e-05,2.55,2.550030607269117
blue,500,506.66666666666663,3.4616170190528996e-05,2.55,2.5500346161701906
blue,500,507.3333333333333,3.911727344998387e-05,2.55,2.55003911727345
blue,500,508.0,4.4166527783734966e-05,2.55,2.5500441665277838
blue,500,508.66666666666663,4.982566033945896e-05,2.55,2.550049825660339
blue,500,509.3333333333333,5.6162701742355124e-05,2.55,2.550056162701742
blue,500,510.0,6.325255070839689e-05,2.55,2.550063252550708
blue,500,510.66666666666663,7.117758007625641e-05,2.55,2.550071177580076
blue,500,511.3333333333333,8.002828628100707e-05,2.55,2.5500800282862808
blue,500,512.0,8.990398427787318e-05,2.55,2.5500899039842775
blue,500,512.6666666666666,0.00010091354989327829,2.55,2.550100913549893
blue,500,513.3333333333333,0.00011317621153142732,2.55,2.550113176211531
blue,500,514.0,0.00012682239309583275,2.55,2.5501268223930955
blue,500,514.6666666666666,0.00014199460989464143,2.55,2.5501419946098944
blue,500,515.3333333333333,0.00015884841918443028,2.55,2.5501588484191844
blue,500,516.0,0.00017755342686720708,2.55,2.550177553426867
blue,500,516.6666666666666,0.000198294351687917,2.55,2.550198294351688
blue,500,517.3333333333333,0.00022127214808269203,2.55,2.5502212721480824
blue,500,518.0,0.00024670518859934925,2.55,2.550246705188599
blue,500,518.6666666666666,0.00027483050654962836,2.55,2.5502748305065492
blue,500,519.3333333333333,0.00030590509925532307,2.55,2.5503059050992554
blue,500,520.0,0.0003402072919159582,2.55,2.550340207291916
blue,500,520.6666666666666,0.0003780381617527839,2.55,2.5503780381617527
blue,500,521.3333333333333,0.0004197230216708772,2.55,2.5504197230216707
blue,500,522.0,0.000465612962226616,2.55,2.5504656129622263
blue,500,522.6666666666666,0.0005160864501913093,2.55,2.550516086450191
blue,500,523.3333333333333,0.0005715509814620259,2.55,2.550571550981462
blue,500,524.0,0.0006324447854871541,2.55,2.550632444785487
blue,500,524.6666666666666,0.0006992385777473709,2.55,2.550699238577747
blue,500,525.3333333333333,0.0007724373561622796,2.55,2.550772437356162
blue,500,526.0,0.0008525822365793589,2.55,2.5508525822365793
blue,500,526.6666666666666,0.0009402523217470534,2.55,2.550940252321747
blue,500,527.3333333333333,0.0010360665973787014,2.55,2.5510360665973786
blue,500,528.0,0.0011406858480803234,2.55,2.5511406858480803
blue,500,528.6666666666666,0.0012548145850468956,2.55,2.5512548145850467
blue,500,529.3333333333333,0.0013792029765309786,2.55,2.551379202976531
blue,500,530.0,0.0015146487711578031,2.55,2.5515146487711577
blue,500,530.6666666666666,0.001661999203208357,2.55,2.5516619992032084
blue,500,531.3333333333333,0.0018221528680203525,2.55,2.55182215286802
blue,500,532.0,0.001996061554671786,2.55,2.5519960615546715
blue,500,532.6666666666666,0.0021847320221214774,2.55,2.552184732022121
blue,500,533.3333333333333,0.0023892277039911846,2.55,2.552389227703991
blue,500,534.0,0.0026106703261919613,2.55,2.552610670326192
blue,500,534.6666666666666,0.002850241420634439,2.55,2.5528502414206344
blue,500,535.3333333333333,0.0031091837173260685,2.55,2.553109183717326
blue,500,536.0,0.0033888023962568487,2.55,2.5533888023962565
blue,500,536.6666666666666,0.0036904661796229353,2.55,2.553690466179623
blue,500,537.3333333333333,0.004015608244142882,2.55,2.5540156082441428
blue,500,538.0,0.0043657269324946174,2.55,2.5543657269324944
blue,500,538.6666666666666,0.004742386242259489,2.55,2.554742386242259
blue,500,539.3333333333333,0.005147216070210696,2.55,2.5551472160702104
blue,500,540.0,0.005581912189339824,2.55,2.5555819121893397
blue,500,540.6666666666666,0.006048235935694255,2.55,2.556048235935694
blue,500,541.3333333333333,0.006548013581908874,2.55,2.5565480135819088
blue,500,542.0,0.007083135374269246,2.55,2.557083135374269
blue,500,542.6666666666666,0.007655554210259468,2.55,2.5576555542102595
blue,500,543.3333333333333,0.008267283933832824,2.55,2.5582672839338327
blue,500,544.0,0.008920397226108316,2.55,2.558920397226108
blue,500,544.6666666666666,0.009617023069859317,2.55,2.559617023069859
blue,500,545.3333333333333,0.010359343767026808,2.55,2.5603593437670265
blue,500,546.0,0.011149591489566048,2.55,2.5611495914895657
blue,500,546.6666666666666,0.011990044345240489,2.55,2.56199004434524
blue,500,547.3333333333333,0.012883021941509377,2.55,2.5628830219415093
blue,500,548.0,0.013830880432419222,2.55,2.5638308804324192
blue,500,548.6666666666666,0.014836007035420408,2.55,2.5648360070354204
blue,500,549.3333333333333,0.015900814007280422,2.55,2.5659008140072803
blue,500,550.0,0.017027732070753643,2.55,2.5670277320707533
blue,500,550.6666666666666,0.018219203286405253,2.55,2.568219203286405
blue,500,551.3333333333333,0.019477673366959554,2.55,2.5694776733669595
blue,500,552.0,0.020805583434740087,2.55,2.57080558343474
blue,500,552.6666666666666,0.022205361226199802,2.55,2.5722053612261995
blue,500,553.3333333333333,0.023679411751178346,2.55,2.5736794117511783
blue,500,554.0,0.025230107418352243,2.55,2.575230107418352
blue,500,554.6666666666666,0.026859777642367723,2.55,2.5768597776423676
blue,500,555.3333333333333,0.02857069795232671,2.55,2.5785706979523266
blue,500,556.0,0.030365078625610494,2.55,2.5803650786256105
blue,500,556.6666666666666,0.03224505287547,2.55,2.5822450528754697
blue,500,557.3333333333333,0.03421266462533982,2.55,2.5842126646253396
blue,500,558.0,0.036269855907412205,2.55,2.586269855907412
blue,500,558.6666666666666,0.03841845392763022,2.55,2.58841845392763
blue,500,559.3333333333333,0.040660157843869706,2.55,2.5906601578438697
blue,500,560.0,0.04299652530863692,2.55,2.592996525308637
blue,500,560.6666666666666,0.045428958832104474,2.55,2.5954289588321044
blue,500,561.3333333333333,0.047958692025675334,2.55,2.597958692025675
blue,500,562.0,0.05058677579045957,2.55,2.6005867757904593
blue,500,562.6666666666666,0.053314064519060574,2.55,2.6033140645190604
blue,500,563.3333333333333,0.05614120238282579,2.55,2.6061412023828257
blue,500,564.0,0.05906860978017189,2.55,2.609068609780172
blue,500,564.6666666666666,0.06209647002474302,2.55,2.612096470024743
blue,500,565.3333333333333,0.06522471635492415,2.55,2.615224716354924
blue,500,566.0,0.06845301934856533,2.55,2.618453019348565
blue,500,566.6666666666666,0.07178077482867777,2.55,2.6217807748286774
blue,500,567.3333333333333,0.0752070923472628,2.55,2.625207092347263
blue,500,568.0,0.07873078433528885,2.55,2.6287307843352887
blue,500,568.6666666666666,0.08235035600715304,2.55,2.632350356007153
blue,500,569.3333333333333,0.08606399610768045,2.55,2.6360639961076804
blue,500,570.0,0.08986956858879257,2.55,2.6398695685887925
blue,500,570.6666666666666,0.09376460530144823,2.55,2.643764605301448
blue,500,571.3333333333333,0.09774629978625751,2.55,2.6477462997862573
blue,500,572.0,0.10181150224327543,2.55,2.6518115022432753
blue,500,572.6666666666666,0.10595671575794532,2.55,2.655956715757945
blue,500,573.3333333333333,0.11017809385592575,2.55,2.6601780938559254
blue,500,574.0,0.11447143945460103,2.55,2.664471439454601
blue,500,574.6666666666666,0.11883220527350968,2.55,2.6688322052735094
blue,500,575.3333333333333,0.12325549575968937,2.55,2.673255495759689
blue,500,576.0,0.12773607057704706,2.55,2.6777360705770468
blue,500,576.6666666666666,0.13226834970141083,2.55,2.6822683497014106
blue,500,577.3333333333333,0.13684642015487775,2.55,2.6868464201548776
blue,500,578.0,0.1414640444044809,2.55,2.691464044404481
blue,500,578.6666666666666,0.14611467044116536,2.55,2.6961146704411654
blue,500,579.3333333333333,0.15079144354557986,2.55,2.7007914435455795
blue,500,580.0,0.1554872197373127,2.55,2.7054872197373125
blue,500,580.6666666666666,0.16019458089405705,2.55,2.710194580894057
blue,500,581.3333333333333,0.16490585151678241,2.55,2.7149058515167823
blue,500,582.0,0.16961311710639101,2.55,2.7196131171063906
blue,500,582.6666666666666,0.17430824410668833,2.55,2.7243082441066884
blue,500,583.3333333333333,0.17898290135780998,2.55,2.72898290135781
blue,500,584.0,0.18362858299360776,2.55,2.7336285829936076
blue,500,584.6666666666666,0.1882366327060467,2.55,2.7382366327060463
blue,500,585.3333333333333,0.19279826928943147,2.55,2.7427982692894313
blue,500,586.0,0.19730461336733976,2.55,2.7473046133673398
blue,500,586.6666666666666,0.20174671519565,2.55,2.7517467151956496
blue,500,587.3333333333333,0.2061155834260195,2.55,2.7561155834260194
blue,500,588.0,0.2104022147056904,2.55,2.76040221470569
blue,500,588.6666666666666,0.21459762398170434,2.55,2.7645976239817043
blue,500,589.3333333333333,0.21869287537051044,2.55,2.7686928753705105
blue,500,590.0,0.22267911344762598,2.55,2.7726791134476256
blue,500,590.6666666666666,0.22654759480657694,2.55,2.7765475948065768
blue,500,591.3333333333333,0.23028971973180754,2.55,2.7802897197318073
blue,500,592.0,0.23389706382665712,2.55,2.783897063826657
blue,500,592.6666666666666,0.2373614094349614,2.55,2.7873614094349612
blue,500,593.3333333333333,0.24067477669332238,2.55,2.790674776693322
blue,500,594.0,0.24382945405064022,2.55,2.79382945405064
blue,500,594.6666666666666,0.2468180280921836,2.55,2.7968180280921833
blue,500,595.3333333333333,0.24963341250724833,2.55,2.799633412507248
blue,500,596.0,0.25226887604232745,2.55,2.8022688760423273
blue,500,596.6666666666666,0.25471806928572693,2.55,2.8047180692857268
blue,500,597.3333333333333,0.25697505013464067,2.55,2.8069750501346404
blue,500,598.0,0.25903430780183645,2.55,2.809034307801836
blue,500,598.6666666666666,0.26089078522629233,2.55,2.810890785226292
blue,500,599.3333333333333,0.2625398997602822,2.55,2.812539899760282
blue,500,600.0,0.2639775620144945,2.55,2.8139775620144944
blue,500,600.6666666666666,0.2652001927527412,2.55,2.815200192752741
blue,500,601.3333333333333,0.26620473773857833,2.55,2.816204737738578
blue,500,602.0,0.2669886804476458,2.55,2.8169886804476456
blue,500,602.6666666666666,0.26755005257167613,2.55,2.817550052571676
blue,500,603.3333333333333,0.26788744225280986,2.55,2.8178874422528097
blue,500,604.0,0.268,2.55,2.8179999999999996
blue,500,604.6666666666666,0.2678874422528099,2.55,2.8178874422528097
blue,500,605.3333333333333,0.26755005257167624,2.55,2.817550052571676
blue,500,606.0,0.2669886804476458,2.55,2.8169886804476456
blue,500,606.6666666666666,0.2662047377385785,2.55,2.816204737738578
blue,500,607.3333333333333,0.2652001927527414,2.55,2.8152001927527412
blue,500,608.0,0.2639775620144945,2.55,2.8139775620144944
blue,500,608.6666666666666,0.2625398997602824,2.55,2.8125398997602824
blue,500,609.3333333333333,0.2608907852262926,2.55,2.8108907852262925
blue,500,610.0,0.25903430780183645,2.55,2.809034307801836
blue,500,610.6666666666666,0.25697505013464106,2.55,2.806975050134641
blue,500,611.3333333333333,0.2547180692857273,2.55,2.804718069285727
blue,500,612.0,0.25226887604232745,2.55,2.8022688760423273
blue,500,612.6666666666666,0.2496334125072488,2.55,2.799633412507249
blue,500,613.3333333333333,0.2468180280921841,2.55,2.7968180280921837
blue,500,614.0,0.24382945405064022,2.55,2.79382945405064
blue,500,614.6666666666666,0.24067477669332296,2.55,2.7906747766933226
blue,500,615.3333333333333,0.23736140943496198,2.55,2.7873614094349617
blue,500,616.0,0.23389706382665712,2.55,2.783897063826657
blue,500,616.6666666666666,0.23028971973180817,2.55,2.780289719731808
blue,500,617.3333333333333,0.22654759480657757,2.55,2.776547594806577
blue,500,618.0,0.22267911344762598,2.55,2.7726791134476256
blue,500,618.6666666666666,0.21869287537051113,2.55,2.768692875370511
blue,500,619.3333333333333,0.21459762398170504,2.55,2.7645976239817047
blue,500,620.0,0.2104022147056904,2.55,2.76040221470569
blue,500,620.6666666666666,0.20611558342602024,2.55,2.7561155834260203
blue,500,621.3333333333333,0.20174671519565077,2.55,2.7517467151956505
blue,500,622.0,0.19730461336733976,2.55,2.7473046133673398
blue,500,622.6666666666666,0.1927982692894322,2.55,2.742798269289432
blue,500,623.3333333333333,0.18823663270604749,2.55,2.7382366327060472
blue,500,624.0,0.18362858299360776,2.55,2.7336285829936076
blue,500,624.6666666666666,0.17898290135781078,2.55,2.7289829013578104
blue,500,625.3333333333333,0.17430824410668913,2.55,2.724308244106689
blue,500,626.0,0.16961311710639101,2.55,2.7196131171063906
blue,500,626.6666666666666,0.1649058515167832,2.55,2.714905851516783
blue,500,627.3333333333333,0.16019458089405783,2.55,2.7101945808940577
blue,500,628.0,0.1554872197373127,2.55,2.7054872197373125
blue,500,628.6666666666666,0.15079144354558063,2.55,2.7007914435455804
blue,500,629.3333333333333,0.14611467044116616,2.55,2.696114670441166
blue,500,630.0,0.1414640444044809,2.55,2.691464044404481
blue,500,630.6666666666666,0.13684642015487855,2.55,2.6868464201548785
blue,500,631.3333333333333,0.13226834970141166,2.55,2.6822683497014115
blue,500,632.0,0.12773607057704706,2.55,2.6777360705770468
blue,500,632.6666666666666,0.12325549575969012,2.55,2.67325549575969
blue,500,633.3333333333333,0.11883220527351043,2.55,2.6688322052735103
blue,500,634.0,0.11447143945460103,2.55,2.664471439454601
blue,500,634.6666666666666,0.11017809385592649,2.55,2.6601780938559263
blue,500,635.3333333333333,0.10595671575794602,2.55,2.655956715757946
blue,500,636.0,0.10181150224327543,2.55,2.6518115022432753
blue,500,636.6666666666666,0.09774629978625819,2.55,2.647746299786258
blue,500,637.3333333333333,0.0937646053014489,2.55,2.6437646053014485
blue,500,638.0,0.08986956858879257,2.55,2.6398695685887925
blue,500,638.6666666666666,0.08606399610768112,2.55,2.636063996107681
blue,500,639.3333333333333,0.0823503560071537,2.55,2.6323503560071537
blue,500,640.0,0.07873078433528885,2.55,2.6287307843352887
blue,500,640.6666666666666,0.0752070923472634,2.55,2.6252070923472632
blue,500,641.3333333333333,0.07178077482867831,2.55,2.6217807748286783
blue,500,642.0,0.06845301934856533,2.55,2.618453019348565
blue,500,642.6666666666666,0.06522471635492469,2.55,2.6152247163549247
blue,500,643.3333333333333,0.06209647002474355,2.55,2.6120964700247433
blue,500,644.0,0.05906860978017189,2.55,2.609068609780172
blue,500,644.6666666666666,0.05614120238282628,2.55,2.606141202382826
blue,500,645.3333333333333,0.05331406451906104,2.55,2.603314064519061
blue,500,646.0,0.05058677579045957,2.55,2.6005867757904593
blue,500,646.6666666666666,0.04795869202567578,2.55,2.5979586920256756
blue,500,647.3333333333333,0.04542895883210491,2.55,2.595428958832105
blue,500,648.0,0.04299652530863692,2.55,2.592996525308637
blue,500,648.6666666666666,0.040660157843870094,2.55,2.5906601578438697
blue,500,649.3333333333333,0.038418453927630596,2.55,2.5884184539276305
blue,500,650.0,0.036269855907412205,2.55,2.586269855907412
blue,500,650.6666666666666,0.03421266462534015,2.55,2.58421266462534
blue,500,651.3333333333333,0.03224505287547033,2.55,2.58224505287547
blue,500,652.0,0.030365078625610494,2.55,2.5803650786256105
blue,500,652.6666666666666,0.028570697952327,2.55,2.5785706979523266
blue,500,653.3333333333333,0.026859777642368007,2.55,2.5768597776423676
blue,500,654.0,0.025230107418352243,2.55,2.575230107418352
blue,500,654.6666666666666,0.023679411751178596,2.55,2.5736794117511783
blue,500,655.3333333333333,0.022205361226200038,2.55,2.5722053612262
blue,500,656.0,0.020805583434740087,2.55,2.57080558343474
blue,500,656.6666666666666,0.019477673366959797,2.55,2.5694776733669595
blue,500,657.3333333333333,0.018219203286405482,2.55,2.5682192032864055
blue,500,658.0,0.017027732070753643,2.55,2.5670277320707533
blue,500,658.6666666666666,0.015900814007280606,2.55,2.5659008140072803
blue,500,659.3333333333333,0.014836007035420578,2.55,2.5648360070354204
blue,500,660.0,0.013830880432419222,2.55,2.5638308804324192
blue,500,660.6666666666666,0.012883021941509532,2.55,2.5628830219415093
blue,500,661.3333333333333,0.011990044345240638,2.55,2.5619900443452406
blue,500,662.0,0.011149591489566048,2.55,2.5611495914895657
blue,500,662.6666666666666,0.010359343767026939,2.55,2.560359343767027
blue,500,663.3333333333333,0.009617023069859438,2.55,2.559617023069859
blue,500,664.0,0.008920397226108316,2.55,2.558920397226108
blue,500,664.6666666666666,0.008267283933832931,2.55,2.5582672839338327
blue,500,665.3333333333333,0.007655554210259567,2.55,2.5576555542102595
blue,500,666.0,0.007083135374269246,2.55,2.557083135374269
blue,500,666.6666666666666,0.006548013581908957,2.55,2.5565480135819088
blue,500,667.3333333333333,0.006048235935694338,2.55,2.556048235935694
blue,500,668.0,0.005581912189339824,2.55,2.5555819121893397
blue,500,668.6666666666666,0.005147216070210767,2.55,2.5551472160702104
blue,500,669.3333333333333,0.004742386242259556,2.55,2.5547423862422596
blue,500,670.0,0.0043657269324946174,2.55,2.5543657269324944
blue,500,670.6666666666666,0.004015608244142938,2.55,2.5540156082441428
blue,500,671.3333333333333,0.003690466179622988,2.55,2.553690466179623
blue,500,672.0,0.0033888023962568487,2.55,2.5533888023962565
blue,500,672.6666666666666,0.003109183717326118,2.55,2.553109183717326
blue,500,673.3333333333333,0.0028502414206344846,2.55,2.5528502414206344
blue,500,674.0,0.0026106703261919613,2.55,2.552610670326192
blue,500,674.6666666666666,0.0023892277039912206,2.55,2.552389227703991
blue,500,675.3333333333333,0.0021847320221215103,2.55,2.552184732022121
blue,500,676.0,0.001996061554671786,2.55,2.5519960615546715
blue,500,676.6666666666666,0.0018221528680203802,2.55,2.55182215286802
blue,500,677.3333333333333,0.0016619992032083837,2.55,2.5516619992032084
blue,500,678.0,0.0015146487711578031,2.55,2.5515146487711577
blue,500,678.6666666666666,0.0013792029765310005,2.55,2.551379202976531
blue,500,679.3333333333333,0.0012548145850469158,2.55,2.5512548145850467
blue,500,680.0,0.0011406858480803234,2.55,2.5511406858480803
blue,500,680.6666666666666,0.0010360665973787179,2.55,2.5510360665973786
blue,500,681.3333333333333,0.0009402523217470684,2.55,2.550940252321747
blue,500,682.0,0.0008525822365793589,2.55,2.5508525822365793
blue,500,682.6666666666666,0.0007724373561622926,2.55,2.550772437356162
blue,500,683.3333333333333,0.0006992385777473827,2.55,2.550699238577747
blue,500,684.0,0.0006324447854871541,2.55,2.550632444785487
blue,500,684.6666666666666,0.0005715509814620362,2.55,2.550571550981462
blue,500,685.3333333333333,0.0005160864501913185,2.55,2.550516086450191
blue,500,686.0,0.000465612962226616,2.55,2.5504656129622263
blue,500,686.6666666666666,0.0004197230216708842,2.55,2.5504197230216707
blue,500,687.3333333333333,0.00037803816175279066,2.55,2.5503780381617527
blue,500,688.0,0.0003402072919159582,2.55,2.550340207291916
blue,500,688.6666666666666,0.00030590509925532903,2.55,2.5503059050992554
blue,500,689.3333333333333,0.0002748305065496337,2.55,2.5502748305065492
blue,500,690.0,0.00024670518859934925,2.55,2.550246705188599
blue,500,690.6666666666666,0.00022127214808269615,2.55,2.5502212721480824
blue,500,691.3333333333333,0.00019829435168792068,2.55,2.550198294351688
blue,500,692.0,0.00017755342686720708,2.55,2.550177553426867
blue,500,692.6666666666666,0.0001588484191844334,2.55,2.5501588484191844
blue,500,693.3333333333333,0.0001419946098946441,2.55,2.5501419946098944
blue,500,694.0,0.00012682239309583275,2.55,2.5501268223930955
blue,500,694.6666666666666,0.00011317621153142942,2.55,2.550113176211531
blue,500,695.3333333333333,0.00010091354989328026,2.55,2.550100913549893
blue,500,696.0,8.990398427787318e-05,2.55,2.5500899039842775
blue,500,696.6666666666666,8.00282862810079e-05,2.55,2.5500800282862808
blue,500,697.3333333333333,7.117758007625793e-05,2.55,2.550071177580076
blue,500,698.0,6.325255070839689e-05,2.55,2.550063252550708
blue,500,698.6666666666666,5.6162701742355524e-05,2.55,2.550056162701742
blue,500,699.3333333333333,4.9825660339459936e-05,2.55,2.550049825660339
blue,500,700.0,4.4166527783734966e-05,2.55,2.5500441665277838
blue,500,700.6666666666666,3.9117273449984287e-05,2.55,2.55003911727345
blue,500,701.3333333333333,3.4616170190529796e-05,2.55,2.5500346161701906
blue,500,702.0,3.060726911714716e-05,2.55,2.550030607269117
blue,500,702.6666666666666,2.7039911767182072e-05,2.55,2.550027039911767
blue,500,703.3333333333333,2.386827766659528e-05,2.55,2.5500238682776666
blue,500,704.0,2.1050965336292094e-05,2.55,2.550021050965336
blue,500,704.6666666666666,1.8550604830107724e-05,2.55,2.55001855060483
blue,500,705.3333333333333,1.633349994204061e-05,2.55,2.5500163334999417
blue,500,706.0,1.4369298275533735e-05,2.55,2.5500143692982755
blue,500,706.6666666666666,1.2630687427678914e-05,2.55,2.5500126306874273
blue,500,707.3333333333333,1.1093115605194924e-05,2.55,2.550011093115605
blue,500,708.0,9.73453505597972e-06,2.55,2.5500097345350556
blue,500,708.6666666666666,8.535166769106156e-06,2.55,2.5500085351667687
blue,500,709.3333333333333,7.477284966604677e-06,2.55,2.5500074772849666
blue,500,710.0,6.545019981573625e-06,2.55,2.5500065450199814
blue,500,710.6666666666666,5.724178188476981e-06,2.55,2.550005724178188
blue,500,711.3333333333333,5.002077722423593e-06,2.55,2.550005002077722
blue,500,712.0,4.367398794317012e-06,2.55,2.550004367398794
blue,500,712.6666666666666,3.8100474776151015e-06,2.55,2.5500038100474773
blue,500,713.3333333333333,3.3210319097285725e-06,2.55,2.5500033210319097
blue,500,714.0,2.892349916533134e-06,2.55,2.5500028923499163
blue,500,714.6666666666666,2.5168871318347535e-06,2.55,2.550002516887132
blue,500,715.3333333333333,2.188324744739238e-06,2.55,2.5500021883247443
blue,500,716.0,1.9010560665884192e-06,2.55,2.5500019010560666
blue,500,716.6666666666666,1.6501111653275515e-06,2.55,2.5500016501111653
blue,500,717.3333333333333,1.4310888687947128e-06,2.55,2.5500014310888686
blue,500,718.0,1.2400954894298134e-06,2.55,2.5500012400954892
blue,500,718.6666666666666,1.0736896712674143e-06,2.55,2.550001073689671
blue,500,719.3333333333333,9.288328058155327e-07,2.55,2.5500009288328056
blue,500,720.0,8.028445065557962e-07,2.55,2.5500008028445063
blue,500,720.6666666666666,6.9336267237029e-07,2.55,2.550000693362672
blue,500,721.3333333333333,5.983077082667286e-07,2.55,2.550000598307708
blue,500,722.0,5.158505074048465e-07,2.55,2.550000515850507
blue,500,722.6666666666666,4.4438383170028876e-07,2.55,2.5500004443838313
blue,500,723.3333333333333,3.824967592865319e-07,2.55,2.550000382496759
blue,500,724.0,3.2895189594200237e-07,2.55,2.5500003289518958
blue,500,724.6666666666666,2.8266507433481783e-07,2.55,2.5500002826650743
blue,500,725.3333333333333,2.426872897020853e-07,2.55,2.5500002426872896
blue,500,726.0,2.0818864346559822e-07,2.55,2.5500002081886435
blue,500,726.6666666666666,1.7844408739217795e-07,2.55,2.5500001784440873
blue,500,727.3333333333333,1.5282078033723257e-07,2.55,2.5500001528207803
blue,500,728.0,1.3076688746421197e-07,2.55,2.5500001307668874
blue,500,728.6666666666666,1.1180166820857662e-07,2.55,2.550000111801668
blue,500,729.3333333333333,9.55067142490016e-08,2.55,2.550000095506714
blue,500,730.0,8.151821245359842e-08,2.55,2.5500000815182124
blue,500,730.6666666666666,6.952012027427745e-08,2.55,2.55000006952012
blue,500,731.3333333333333,5.923815245438699e-08,2.55,2.5500000592381524
blue,500,732.0,5.0434488275476075e-08,2.55,2.550000050434488
blue,500,732.6666666666666,4.29031179765292e-08,2.55,2.5500000429031178
blue,500,733.3333333333333,3.646575550769122e-08,2.55,2.550000036465755
blue,500,734.0,3.0968252500325875e-08,2.55,2.5500000309682522
blue,500,734.6666666666666,2.6277455312145393e-08,2.55,2.550000026277455
blue,500,735.3333333333333,2.22784533021682e-08,2.55,2.550000022278453
blue,500,736.0,1.887217216335589e-08,2.55,2.550000018872172
blue,500,736.6666666666666,1.5973271244973056e-08,2.55,2.550000015973271
blue,500,737.3333333333333,1.3508308382468724e-08,2.55,2.550000013508308
blue,500,738.0,1.1414139866691704e-08,2.55,2.5500000114141397
blue,500,738.6666666666666,9.636526869782919e-09,2.55,2.5500000096365265
blue,500,739.3333333333333,8.128922942169155e-09,2.55,2.5500000081289227
blue,500,740.0,6.851420140541474e-09,2.55,2.55000000685142
blue,500,740.6666666666666,5.769833974394895e-09,2.55,2.5500000057698338
blue,500,741.3333333333333,4.854909699757314e-09,2.55,2.5500000048549096
blue,500,742.0,4.081634571582985e-09,2.55,2.5500000040816344
blue,500,742.6666666666666,3.4286425169281088e-09,2.55,2.5500000034286425
blue,500,743.3333333333333,2.877699333182193e-09,2.55,2.5500000028776992
blue,500,744.0,2.4132579708748095e-09,2.55,2.550000002413258
blue,500,744.6666666666666,2.0220747484962254e-09,2.55,2.5500000020220748
blue,500,745.3333333333333,1.692878485144518e-09,2.55,2.550000001692878
blue,500,746.0,1.4160855417108711e-09,2.55,2.5500000014160853
blue,500,746.6666666666666,1.1835546472584078e-09,2.55,2.5500000011835544
blue,500,747.3333333333333,9.883761673403142e-10,2.55,2.550000000988376
blue,500,748.0,8.246911570245582e-10,2.55,2.550000000824691
blue,500,748.6666666666666,6.875361439370623e-10,2.55,2.550000000687536
blue,500,749.3333333333333,5.72710115209307e-10,2.55,2.55000000057271
blue,500,750.0,4.766606453315081e-10,2.55,2.5500000004766603
blue,500,750.6666666666666,3.963865071784428e-10,2.55,2.5500000003963863
blue,500,751.3333333333333,3.293544626906626e-10,2.55,2.550000000329354
blue,500,752.0,2.7342823891602564e-10,2.55,2.550000000273428
blue,500,752.6666666666666,2.2680796473652534e-10,2.55,2.5500000002268077
blue,500,753.3333333333333,1.8797857841640947e-10,2.55,2.5500000001879783
blue,500,754.0,1.5566592036110499e-10,2.55,2.5500000001556655
blue,500,754.6666666666666,1.2879940293939455e-10,2.55,2.550000000128799
blue,500,755.3333333333333,1.064803032277086e-10,2.55,2.55000000010648
blue,500,756.0,8.79548580297686e-11,2.55,2.550000000087955
blue,500,756.6666666666666,7.259145610459944e-11,2.55,2.550000000072591
blue,500,757.3333333333333,5.986132249024613e-11,2.55,2.5500000000598613
blue,500,758.0,4.932217615234178e-11,2.55,2.550000000049322
blue,500,758.6666666666666,4.06044166844675e-11,2.55,2.5500000000406042
blue,500,759.3333333333333,3.339945999277772e-11,2.55,2.5500000000333993
blue,500,760.0,2.7449898169843046e-11,2.55,2.55000000002745
blue,500,760.6666666666666,2.2541206291146772e-11,2.55,2.550000000022541
blue,500,761.3333333333333,1.8494759691395832e-11,2.55,2.5500000000184944
blue,500,762.0,1.516196030331192e-11,2.55,2.550000000015162
blue,500,762.6666666666666,1.2419300658834778e-11,2.55,2.550000000012419
blue,500,763.3333333333333,1.0164219849353943e-11,2.55,2.550000000010164
blue,500,764.0,8.311627715213676e-12,2.55,2.5500000000083114
blue,500,764.6666666666666,6.790992303996009e-12,2.55,2.550000000006791
blue,500,765.3333333333333,5.543901651718193e-12,2.55,2.550000000005544
blue,500,766.0,4.52202459038818e-12,2.55,2.550000000004522
blue,500,766.6666666666666,3.6854069060122205e-12,2.55,2.5500000000036853
blue,500,767.3333333333333,3.0010490539278064e-12,2.55,2.550000000003001
blue,500,768.0,2.441720034036187e-12,2.55,2.5500000000024414
blue,500,768.6666666666666,1.9849691531885895e-12,2.55,2.550000000001985
blue,500,769.3333333333333,1.6123034415690697e-12,2.55,2.5500000000016123
blue,500,770.0,1.308503604178444e-12,2.55,2.550000000001308
blue,500,770.6666666666666,1.0610557145943654e-12,2.55,2.5500000000010608
blue,500,771.3333333333333,8.596795136415334e-13,2.55,2.5500000000008596
blue,500,772.0,6.959372611244345e-13,2.55,2.5500000000006957
blue,500,772.6666666666666,5.629096904522517e-13,2.55,2.550000000000563
blue,500,773.3333333333333,4.549278073793349e-13,2.55,2.5500000000004546
blue,500,774.0,3.673511179494006e-13,2.55,2.550000000000367
blue,500,774.6666666666666,2.96384420550068e-13,2.55,2.550000000000296
blue,500,775.3333333333333,2.3892659828504e-13,2.55,2.5500000000002387
blue,500,776.0,1.924459393621747e-13,2.55,2.550000000000192
blue,500,776.6666666666666,1.548774277488802e-13,2.55,2.550000000000155
blue,500,777.3333333333333,1.2453821184872974e-13,2.55,2.550000000000124
blue,500,778.0,1.0005809903139642e-13,2.55,2.5500000000000997
blue,500,778.6666666666666,8.03224584977176e-14,2.55,2.55000000000008
blue,500,779.3333333333333,6.442536108776033e-14,2.55,2.550000000000064
blue,500,780.0,5.163115651546714e-14,2.55,2.5500000000000513
blue,500,780.6666666666666,4.134299817778701e-14,2.55,2.550000000000041
blue,500,781.3333333333333,3.307708328231233e-14,2.55,2.5500000000000327
blue,500,782.0,2.6441590100939883e-14,2.55,2.5500000000000265
blue,500,782.6666666666666,2.111947186296477e-14,2.55,2.550000000000021
blue,500,783.3333333333333,1.6854414174329172e-14,2.55,2.5500000000000167
blue,500,784.0,1.3439384943555881e-14,2.55,2.550000000000013
blue,500,784.6666666666666,1.0707306842810667e-14,2.55,2.5500000000000105
blue,500,785.3333333333333,8.523465877702143e-15,2.55,2.5500000000000083
blue,500,786.0,6.7793386436898035e-15,2.55,2.5500000000000065
blue,500,786.6666666666666,5.387577783621355e-15,2.55,2.550000000000005
blue,500,787.3333333333333,4.277942093106148e-15,2.55,2.5500000000000043
blue,500,788.0,3.3939963671572393e-15,2.55,2.5500000000000034
blue,500,788.6666666666666,2.6904378735905217e-15,2.55,2.5500000000000025
blue,500,789.3333333333333,2.130932465674435e-15,2.55,2.550000000000002
blue,500,790.0,1.686364796472264e-15,2.55,2.5500000000000016
blue,500,790.6666666666666,1.3334246898775331e-15,2.55,2.550000000000001
blue,500,791.3333333333333,1.0534661378338034e-15,2.55,2.5500000000000007
blue,500,792.0,8.3158719201635015e-16,2.55,2.5500000000000007
blue,500,792.6666666666666,6.55888666396262e-16,2.55,2.5500000000000003
blue,500,793.3333333333333,5.168774488070402e-16,2.55,2.5500000000000003
blue,500,794.0,4.069866519259553e-16,2.55,2.5500000000000003
blue,500,794.6666666666666,3.201900783187871e-16,2.55,2.5500000000000003
blue,500,795.3333333333333,2.516927455981315e-16,2.55,2.5500000000000003
blue,500,796.0,1.9768269335008615e-16,2.55,2.55
blue,500,796.6666666666666,1.5513211877368943e-16,2.55,2.55
blue,500,797.3333333333333,1.2163818237696972e-16,2.55,2.55
blue,500,798.0,9.529568651314366e-17,2.55,2.55
blue,500,798.6666666666666,7.459533824197048e-17,2.55,2.55
blue,500,799.3333333333333,5.834252961260497e-17,2.55,2.55
blue,500,800.0,4.5592556649673975e-17,2.55,2.55
blue,550,200.0,3.563040746286263e-10,3.15,3.150000000356304
blue,550,200.66666666666666,4.58868708821097e-10,3.15,3.1500000004588684
blue,550,201.33333333333334,5.900491773630931e-10,3.15,3.1500000005900493
blue,550,202.0,7.575653225166495e-10,3.15,3.150000000757565
blue,550,202.66666666666666,9.711449935450065e-10,3.15,3.150000000971145
blue,550,203.33333333333334,1.2430258951841608e-09,3.15,3.1500000012430256
blue,550,204.0,1.5885774307258026e-09,3.15,3.150000001588577
blue,550,204.66666666666666,2.027069838542171e-09,3.15,3.1500000020270695
blue,550,205.33333333333334,2.5826237870386025e-09,3.15,3.150000002582624
blue,550,206.0,3.2853806378331533e-09,3.15,3.1500000032853808
blue,550,206.66666666666666,4.17294202855705e-09,3.15,3.150000004172942
blue,550,207.33333333333334,5.292137519443831e-09,3.15,3.1500000052921373
blue,550,208.0,6.701191087673556e-09,3.15,3.150000006701191
blue,550,208.66666666666666,8.472371583287147e-09,3.15,3.1500000084723716
blue,550,209.33333333333334,1.069522927690906e-08,3.15,3.150000010695229
blue,550,210.0,1.3480540789472374e-08,3.15,3.1500000134805406
blue,550,210.66666666666666,1.6965108522547226e-08,3.15,3.1500000169651083
blue,550,211.33333333333334,2.1317588805757337e-08,3.15,3.150000021317589
blue,550,212.0,2.674555603101528e-08,3.15,3.150000026745556
blue,550,212.66666666666666,3.350404883189212e-08,3.15,3.150000033504049
blue,550,213.33333333333334,4.190588977423814e-08,3.15,3.15000004190589
blue,550,214.0,5.2334123049066045e-08,3.15,3.150000052334123
blue,550,214.66666666666666,6.525697642303474e-08,3.15,3.150000065256976
blue,550,215.33333333333334,8.124582546278959e-08,3.15,3.1500000812458255
blue,550,216.0,1.009967212095639e-07,3.15,3.150000100996721
blue,550,216.66666666666666,1.253561385975477e-07,3.15,3.1500001253561387
blue,550,217.33333333333334,1.5535171370609793e-07,3.15,3.1500001553517136
blue,550,218.0,1.922288653071158e-07,3.15,3.150000192228865
blue,550,218.66666666666666,2.3749434218974712e-07,3.15,3.150000237494342
blue,550,219.33333333333334,2.9296790467372183e-07,3.15,3.1500002929679045
blue,550,220.0,3.6084353900556476e-07,3.15,3.150000360843539
blue,550,220.66666666666666,4.4376181959820366e-07,3.15,3.1500004437618196
blue,550,221.33333333333334,5.448952791335686e-07,3.15,3.150000544895279
blue,550,222.0,6.680489233776008e-07,3.15,3.150000668048923
blue,550,222.66666666666666,8.177783392885814e-07,3.15,3.150000817778339
blue,550,223.33333333333334,9.995281948919328e-07,3.15,3.150000999528195
blue,550,224.0,1.219794320806384e-06,3.15,3.1500012197943206
blue,550,224.66666666666666,1.4863129996516325e-06,3.15,3.1500014863129997
blue,550,225.33333333333334,1.808281574268546e-06,3.15,3.150001808281574
blue,550,226.0,2.1966150221043773e-06,3.15,3.1500021966150222
blue,550,226.66666666666666,2.6642437344924957e-06,3.15,3.1500026642437344
blue,550,227.33333333333334,3.22645838889954e-06,3.15,3.150003226458389
blue,550,228.0,3.901308512213386e-06,3.15,3.150003901308512
blue,550,228.66666666666666,4.710062106041673e-06,3.15,3.150004710062106
blue,550,229.33333333333334,5.677734542440953e-06,3.15,3.1500056777345424
blue,550,230.0,6.833695841418603e-06,3.15,3.150006833695841
blue,550,230.66666666666666,8.212366409949035e-06,3.15,3.15000821236641
blue,550,231.33333333333334,9.854012355017064e-06,3.15,3.150009854012355
blue,550,232.0,1.1805652577937644e-05,3.15,3.1500118056525777
blue,550,232.66666666666666,1.4122091009940549e-05,3.15,3.15001412209101
blue,550,233.33333333333331,1.6867088554017922e-05,3.15,3.1500168670885538
blue,550,234.0,2.011469054753999e-05,3.15,3.1500201146905473
blue,550,234.66666666666666,2.3950726844078292e-05,3.15,3.150023950726844
blue,550,235.33333333333331,2.847450291859191e-05,3.15,3.1500284745029186
blue,550,236.0,3.380070171214664e-05,3.15,3.150033800701712
blue,550,236.66666666666666,4.006151723205026e-05,3.15,3.150040061517232
blue,550,237.33333333333331,4.740904218874558e-05,3.15,3.150047409042189
blue,550,238.0,5.601793315639738e-05,3.15,3.1500560179331565
blue,550,238.66666666666666,6.608837786049457e-05,3.15,3.1500660883778604
blue,550,239.33333333333331,7.78493901895144e-05,3.15,3.1500778493901893
blue,550,240.0,9.156245936127785e-05,3.15,3.150091562459361
blue,550,240.66666666666666,0.00010752558030631388,3.15,3.150107525580306
blue,550,241.33333333333331,0.00012607769271447724,3.15,3.1501260776927142
blue,550,242.0,0.0001476035562771052,3.15,3.150147603556277
blue,550,242.66666666666666,0.0001725390893913331,3.15,3.1501725390893913
blue,550,243.33333333333331,0.00020137719791810647,3.15,3.150201377197918
blue,550,244.0,0.0002346741194401757,3.15,3.15023467411944
blue,550,244.66666666666666,0.000273056306787484,3.15,3.1502730563067876
blue,550,245.33333333333331,0.0003172278723194376,3.15,3.1503172278723195
blue,550,246.0,0.0003679786115099698,3.15,3.1503679786115097
blue,550,246.66666666666666,0.0004261926207056737,3.15,3.1504261926207056
blue,550,247.33333333333331,0.0004928575194540016,3.15,3.150492857519454
blue,550,248.0,0.0005690742824646677,3.15,3.1505690742824646
blue,550,248.66666666666666,0.000656067680014258,3.15,3.150656067680014
blue,550,249.33333333333331,0.000755197318378481,3.15,3.1507551973183783
blue,550,250.0,0.0008679692636329804,3.15,3.1508679692636328
blue,550,250.66666666666666,0.000996048222866888,3.15,3.1509960482228667
blue,550,251.33333333333331,0.0011412702464792175,3.15,3.151141270246479
blue,550,252.0,0.0013056559037670612,3.15,3.151305655903767
blue,550,252.66666666666666,0.0014914238714735762,3.15,3.1514914238714735
blue,550,253.33333333333331,0.001701004861368029,3.15,3.151701004861368
blue,550,254.0,0.0019370557983264187,3.15,3.151937055798326
blue,550,254.66666666666666,0.0022024741448397806,3.15,3.15220247414484
blue,550,255.33333333333331,0.0025004122514934654,3.15,3.1525004122514932
blue,550,256.0,0.002834291595856858,3.15,3.1528342915958567
blue,550,256.6666666666667,0.0032078167545521548,3.15,3.153207816754552
blue,550,257.3333333333333,0.003624988935214251,3.15,3.1536249889352144
blue,550,258.0,0.004090118876825302,3.15,3.1540901188768253
blue,550,258.6666666666667,0.004607838908751922,3.15,3.1546078389087517
blue,550,259.3333333333333,0.005183113941008583,3.15,3.1551831139410087
blue,550,260.0,0.005821251141121829,3.15,3.1558212511411217
blue,550,260.6666666666667,0.006527908036815452,3.15,3.156527908036815
blue,550,261.3333333333333,0.007309098768940477,3.15,3.1573090987689403
blue,550,262.0,0.008171198206020514,3.15,3.1581711982060203
blue,550,262.6666666666667,0.009120943620881183,3.15,3.159120943620881
blue,550,263.3333333333333,0.01016543362150698,3.15,3.160165433621507
blue,550,264.0,0.011312124022946235,3.15,3.1613121240229463
blue,550,264.66666666666663,0.012568820345202092,3.15,3.162568820345202
blue,550,265.3333333333333,0.013943666624038785,3.15,3.163943666624039
blue,550,266.0,0.015445130227902684,3.15,3.1654451302279027
blue,550,266.66666666666663,0.01708198238511825,3.15,3.167081982385118
blue,550,267.3333333333333,0.018863274141518924,3.15,3.168863274141519
blue,550,268.0,0.02079830749004228,3.15,3.1707983074900423
blue,550,268.66666666666663,0.022896601440832182,3.15,3.172896601440832
blue,550,269.3333333333333,0.02516785283324694,3.15,3.1751678528332468
blue,550,270.0,0.027621891730014937,3.15,3.177621891730015
blue,550,270.66666666666663,0.030268631278669224,3.15,3.180268631278669
blue,550,271.3333333333333,0.03311801197627723,3.15,3.183118011976277
blue,550,272.0,0.03617994033023435,3.15,3.186179940330234
blue,550,272.66666666666663,0.039464221970273,3.15,3.189464221970273
blue,550,273.3333333333333,0.042980489334470164,3.15,3.19298048933447
blue,550,274.0,0.046738124124455,3.15,3.196738124124455
blue,550,274.66666666666663,0.0507461748016308,3.15,3.2007461748016306
blue,550,275.3333333333333,0.055013269476281046,3.15,3.205013269476281
blue,550,276.0,0.05954752462410958,3.15,3.2095475246241096
blue,550,276.66666666666663,0.06435645014911162,3.15,3.2143564501491113
blue,550,277.3333333333333,0.06944685139658666,3.15,3.2194468513965866
blue,550,278.0,0.07482472880443893,3.15,3.224824728804439
blue,550,278.66666666666663,0.08049517596341156,3.15,3.2304951759634113
blue,550,279.3333333333333,0.08646227693619757,3.15,3.2364622769361975
blue,550,280.0,0.09272900376009915,3.15,3.242729003760099
blue,550,280.66666666666663,0.09929711512664918,3.15,3.249297115126649
blue,550,281.3333333333333,0.10616705729287478,3.15,3.2561670572928745
blue,550,282.0,0.11333786833127615,3.15,3.263337868331276
blue,550,282.66666666666663,0.12080708686772307,3.15,3.270807086867723
blue,550,283.3333333333333,0.12857066648694682,3.15,3.2785706664869467
blue,550,284.0,0.13662289700292402,3.15,3.286622897002924
blue,550,284.66666666666663,0.14495633379509024,3.15,3.2949563337950902
blue,550,285.3333333333333,0.1535617363999388,3.15,3.3035617363999386
blue,550,286.0,0.16242801752039984,3.15,3.3124280175204
blue,550,286.66666666666663,0.17154220357184435,3.15,3.3215422035718443
blue,550,287.3333333333333,0.18088940782316218,3.15,3.330889407823162
blue,550,288.0,0.19045281711403347,3.15,3.3404528171140333
blue,550,288.66666666666663,0.20021369303535183,3.15,3.350213693035352
blue,550,289.3333333333333,0.21015138834909033,3.15,3.3601513883490903
blue,550,290.0,0.22024337929743915,3.15,3.370243379297439
blue,550,290.66666666666663,0.23046531430974374,3.15,3.3804653143097436
blue,550,291.3333333333333,0.24079107946078682,3.15,3.3907910794607865
blue,550,292.0,0.25119288086686964,3.15,3.4011928808668697
blue,550,292.66666666666663,0.2616413440287158,3.15,3.4116413440287157
blue,550,293.3333333333333,0.27210562994441195,3.15,3.422105629944412
blue,550,294.0,0.28255356762370765,3.15,3.4325535676237076
blue,550,294.66666666666663,0.2929518024394762,3.15,3.442951802439476
blue,550,295.3333333333333,0.3032659595555141,3.15,3.453265959555514
blue,550,296.0,0.3134608214749227,3.15,3.4634608214749227
blue,550,296.66666666666663,0.32350051856289097,3.15,3.473500518562891
blue,550,297.3333333333333,0.3333487312145473,3.15,3.483348731214547
blue,550,298.0,0.34296890216558795,3.15,3.492968902165588
blue,550,298.66666666666663,0.35232445728339495,3.15,3.502324457283395
blue,550,299.3333333333333,0.3613790330319221,3.15,3.511379033031922
blue,550,300.0,0.3700967086773476,3.15,3.5200967086773476
blue,550,300.66666666666663,0.3784422411956582,3.15,3.528442241195658
blue,550,301.3333333333333,0.3863813007599346,3.15,3.5363813007599347
blue,550,302.0,0.3938807046259894,3.15,3.5438807046259893
blue,550,302.66666666666663,0.4009086472015755,3.15,3.5509086472015756
blue,550,303.3333333333333,0.40743492407765236,3.15,3.5574349240776524
blue,550,304.0,0.4134311478209134,3.15,3.5634311478209133
blue,550,304.66666666666663,0.41887095337517194,3.15,3.5688709533751717
blue,550,305.3333333333333,0.42373019099510284,3.15,3.5737301909951027
blue,550,306.0,0.42798710473867163,3.15,3.5779871047386713
blue,550,306.66666666666663,0.43162249467336206,3.15,3.581622494673362
blue,550,307.3333333333333,0.43461986110454076,3.15,3.5846198611045406
blue,550,308.0,0.4369655293102186,3.15,3.5869655293102185
blue,550,308.66666666666663,0.4386487534628489,3.15,3.5886487534628486
blue,550,309.3333333333333,0.43966179863310617,3.15,3.589661798633106
blue,550,310.0,0.43999999999999995,3.15,3.59
blue,550,310.66666666666663,0.4396617986331062,3.15,3.5896617986331063
blue,550,311.3333333333333,0.43864875346284904,3.15,3.588648753462849
blue,550,312.0,0.4369655293102186,3.15,3.5869655293102185
blue,550,312.66666666666663,0.434619861104541,3.15,3.584619861104541
blue,550,313.3333333333333,0.4316224946733623,3.15,3.581622494673362
blue,550,314.0,0.42798710473867163,3.15,3.5779871047386713
blue,550,314.66666666666663,0.42373019099510323,3.15,3.573730190995103
blue,550,315.3333333333333,0.4188709533751724,3.15,3.568870953375172
blue,550,316.0,0.4134311478209134,3.15,3.5634311478209133
blue,550,316.66666666666663,0.4074349240776529,3.15,3.557434924077653
blue,550,317.3333333333333,0.40090864720157604,3.15,3.550908647201576
blue,550,318.0,0.3938807046259894,3.15,3.5438807046259893
blue,550,318.66666666666663,0.3863813007599352,3.15,3.536381300759935
blue,550,319.3333333333333,0.3784422411956589,3.15,3.5284422411956586
blue,550,320.0,0.3700967086773476,3.15,3.5200967086773476
blue,550,320.66666666666663,0.3613790330319228,3.15,3.511379033031923
blue,550,321.3333333333333,0.35232445728339573,3.15,3.502324457283396
blue,550,322.0,0.34296890216558795,3.15,3.492968902165588
blue,550,322.66666666666663,0.3333487312145481,3.15,3.483348731214548
blue,550,323.3333333333333,0.32350051856289186,3.15,3.4735005185628918
blue,550,324.0,0.3134608214749227,3.15,3.4634608214749227
blue,550,324.66666666666663,0.30326595955551494,3.15,3.453265959555515
blue,550,325.3333333333333,0.29295180243947705,3.15,3.442951802439477
blue,550,326.0,0.28255356762370765,3.15,3.4325535676237076
blue,550,326.66666666666663,0.27210562994441284,3.15,3.422105629944413
blue,550,327.3333333333333,0.2616413440287167,3.15,3.4116413440287165
blue,550,328.0,0.25119288086686964,3.15,3.4011928808668697
blue,550,328.66666666666663,0.24079107946078768,3.15,3.3907910794607874
blue,550,329.3333333333333,0.2304653143097446,3.15,3.3804653143097445
blue,550,330.0,0.22024337929743915,3.15,3.370243379297439
blue,550,330.66666666666663,0.21015138834909117,3.15,3.360151388349091
blue,550,331.3333333333333,0.2002136930353527,3.15,3.3502136930353528
blue,550,332.0,0.19045281711403347,3.15,3.3404528171140333
blue,550,332.66666666666663,0.18088940782316298,3.15,3.330889407823163
blue,550,333.3333333333333,0.17154220357184513,3.15,3.321542203571845
blue,550,334.0,0.16242801752039984,3.15,3.3124280175204
blue,550,334.66666666666663,0.15356173639993959,3.15,3.3035617363999394
blue,550,335.3333333333333,0.14495633379509096,3.15,3.2949563337950907
blue,550,336.0,0.13662289700292402,3.15,3.286622897002924
blue,550,336.66666666666663,0.12857066648694748,3.15,3.2785706664869476
blue,550,337.3333333333333,0.12080708686772375,3.15,3.2708070868677237
blue,550,338.0,0.11333786833127615,3.15,3.263337868331276
blue,550,338.66666666666663,0.10616705729287537,3.15,3.2561670572928754
blue,550,339.3333333333333,0.09929711512664975,3.15,3.24929711512665
blue,550,340.0,0.09272900376009915,3.15,3.242729003760099
blue,550,340.66666666666663,0.08646227693619808,3.15,3.236462276936198
blue,550,341.3333333333333,0.08049517596341209,3.15,3.230495175963412
blue,550,342.0,0.07482472880443893,3.15,3.224824728804439
blue,550,342.66666666666663,0.0694468513965871,3.15,3.219446851396587
blue,550,343.3333333333333,0.06435645014911204,3.15,3.2143564501491118
blue,550,344.0,0.05954752462410958,3.15,3.2095475246241096
blue,550,344.66666666666663,0.05501326947628146,3.15,3.2050132694762814
blue,550,345.3333333333333,0.05074617480163119,3.15,3.200746174801631
blue,550,346.0,0.046738124124455,3.15,3.196738124124455
blue,550,346.66666666666663,0.04298048933447049,3.15,3.19298048933447
blue,550,347.3333333333333,0.039464221970273314,3.15,3.1894642219702733
blue,550,348.0,0.03617994033023435,3.15,3.186179940330234
blue,550,348.66666666666663,0.03311801197627749,3.15,3.183118011976277
blue,550,349.3333333333333,0.03026863127866947,3.15,3.180268631278669
blue,550,350.0,0.027621891730014937,3.15,3.177621891730015
blue,550,350.66666666666663,0.025167852833247153,3.15,3.175167852833247
blue,550,351.3333333333333,0.022896601440832356,3.15,3.1728966014408324
blue,550,352.0,0.02079830749004228,3.15,3.1707983074900423
blue,550,352.66666666666663,0.018863274141519094,3.15,3.168863274141519
blue,550,353.3333333333333,0.01708198238511838,3.15,3.167081982385118
blue,550,354.0,0.015445130227902684,3.15,3.1654451302279027
blue,550,354.66666666666663,0.013943666624038915,3.15,3.163943666624039
blue,550,355.3333333333333,0.012568820345202198,3.15,3.1625688203452023
blue,550,356.0,0.011312124022946235,3.15,3.1613121240229463
blue,550,356.66666666666663,0.010165433621507066,3.15,3.160165433621507
blue,550,357.3333333333333,0.009120943620881183,3.15,3.159120943620881
blue,550,358.0,0.008171198206020514,3.15,3.1581711982060203
blue,550,358.66666666666663,0.007309098768940541,3.15,3.1573090987689403
blue,550,359.3333333333333,0.006527908036815452,3.15,3.156527908036815
blue,550,360.0,0.005821251141121829,3.15,3.1558212511411217
blue,550,360.66666666666663,0.005183113941008628,3.15,3.1551831139410087
blue,550,361.3333333333333,0.004607838908751922,3.15,3.1546078389087517
blue,550,362.0,0.004090118876825302,3.15,3.1540901188768253
blue,550,362.66666666666663,0.003624988935214286,3.15,3.1536249889352144
blue,550,363.3333333333333,0.0032078167545521548,3.15,3.153207816754552
blue,550,364.0,0.002834291595856858,3.15,3.1528342915958567
blue,550,364.66666666666663,0.002500412251493492,3.15,3.1525004122514932
blue,550,365.3333333333333,0.00220247414483979,3.15,3.15220247414484
blue,550,366.0,0.0019370557983264187,3.15,3.151937055798326
blue,550,366.66666666666663,0.001701004861368047,3.15,3.151701004861368
blue,550,367.3333333333333,0.0014914238714735853,3.15,3.1514914238714735
blue,550,368.0,0.0013056559037670612,3.15,3.151305655903767
blue,550,368.66666666666663,0.0011412702464792296,3.15,3.151141270246479
blue,550,369.3333333333333,0.0009960482228668942,3.15,3.1509960482228667
blue,550,370.0,0.0008679692636329804,3.15,3.1508679692636328
blue,550,370.66666666666663,0.000755197318378489,3.15,3.1507551973183783
blue,550,371.3333333333333,0.0006560676800142627,3.15,3.150656067680014
blue,550,372.0,0.0005690742824646677,3.15,3.1505690742824646
blue,550,372.66666666666663,0.0004928575194540081,3.15,3.150492857519454
blue,550,373.3333333333333,0.0004261926207056767,3.15,3.1504261926207056
blue,550,374.0,0.0003679786115099698,3.15,3.1503679786115097
blue,550,374.66666666666663,0.00031722787231944184,3.15,3.1503172278723195
blue,550,375.3333333333333,0.0002730563067874857,3.15,3.1502730563067876
blue,550,376.0,0.0002346741194401757,3.15,3.15023467411944
blue,550,376.66666666666663,0.00020137719791810934,3.15,3.150201377197918
blue,550,377.3333333333333,0.00017253908939133432,3.15,3.1501725390893913
blue,550,378.0,0.0001476035562771052,3.15,3.150147603556277
blue,550,378.66666666666663,0.00012607769271447863,3.15,3.1501260776927142
blue,550,379.3333333333333,0.00010752558030631464,3.15,3.150107525580306
blue,550,380.0,9.156245936127785e-05,3.15,3.150091562459361
blue,550,380.66666666666663,7.784939018951563e-05,3.15,3.1500778493901893
blue,550,381.3333333333333,6.608837786049481e-05,3.15,3.1500660883778604
blue,550,382.0,5.601793315639738e-05,3.15,3.1500560179331565
blue,550,382.66666666666663,4.7409042188746074e-05,3.15,3.150047409042189
blue,550,383.3333333333333,4.006151723205062e-05,3.15,3.150040061517232
blue,550,384.0,3.380070171214664e-05,3.15,3.150033800701712
blue,550,384.66666666666663,2.8474502918592366e-05,3.15,3.1500284745029186
blue,550,385.3333333333333,2.3950726844078465e-05,3.15,3.150023950726844
blue,550,386.0,2.0114690547539995e-05,3.15,3.1500201146905473
blue,550,386.66666666666663,1.686708855401814e-05,3.15,3.1500168670885538
blue,550,387.3333333333333,1.4122091009940682e-05,3.15,3.15001412209101
blue,550,388.0,1.1805652577937654e-05,3.15,3.1500118056525777
blue,550,388.66666666666663,9.854012355017165e-06,3.15,3.150009854012355
blue,550,389.3333333333333,8.212366409949127e-06,3.15,3.15000821236641
blue,550,390.0,6.833695841418627e-06,3.15,3.150006833695841
blue,550,390.66666666666663,5.677734542441035e-06,3.15,3.1500056777345424
blue,550,391.3333333333333,4.710062106041756e-06,3.15,3.150004710062106
blue,550,392.0,3.90130851221344e-06,3.15,3.150003901308512
blue,550,392.66666666666663,3.226458388899634e-06,3.15,3.150003226458389
blue,550,393.3333333333333,2.6642437344926126e-06,3.15,3.1500026642437344
blue,550,394.0,2.196615022104499e-06,3.15,3.1500021966150222
blue,550,394.66666666666663,1.808281574268721e-06,3.15,3.150001808281574
blue,550,395.3333333333333,1.4863129996518527e-06,3.15,3.1500014863129997
blue,550,396.0,1.2197943208066535e-06,3.15,3.1500012197943206
blue,550,396.66666666666663,9.995281948922926e-07,3.15,3.150000999528195
blue,550,397.3333333333333,8.177783392890451e-07,3.15,3.150000817778339
blue,550,398.0,6.68048923378194e-07,3.15,3.150000668048923
blue,550,398.66666666666663,5.448952791343435e-07,3.15,3.150000544895279
blue,550,399.3333333333333,4.4376181959920744e-07,3.15,3.1500004437618196
blue,550,400.0,3.608435390068596e-07,3.15,3.150000360843539
blue,550,400.66666666666663,2.9296790467540187e-07,3.15,3.1500002929679045
blue,550,401.3333333333333,2.3749434219191953e-07,3.15,3.150000237494342
blue,550,402.0,1.9222886530992124e-07,3.15,3.150000192228865
blue,550,402.66666666666663,1.5535171370972363e-07,3.15,3.1500001553517136
blue,550,403.3333333333333,1.2535613860222669e-07,3.15,3.1500001253561387
blue,550,404.0,1.0099672121559632e-07,3.15,3.150000100996721
blue,550,404.66666666666663,8.124582547056353e-08,3.15,3.1500000812458255
blue,550,405.3333333333333,6.525697643304293e-08,3.15,3.150000065256976
blue,550,406.0,5.233412306193969e-08,3.15,3.150000052334123
blue,550,406.66666666666663,4.190588979078503e-08,3.15,3.15000004190589
blue,550,407.3333333333333,3.350404885314207e-08,3.15,3.150000033504049
blue,550,408.0,2.674555605828167e-08,3.15,3.150000026745556
blue,550,408.66666666666663,2.131758884071503e-08,3.15,3.150000021317589
blue,550,409.3333333333333,1.696510856732774e-08,3.15,3.1500000169651083
blue,550,410.0,1.3480540846787581e-08,3.15,3.1500000134805406
blue,550,410.66666666666663,1.0695229350206397e-08,3.15,3.150000010695229
blue,550,411.3333333333333,8.472371676944189e-09,3.15,3.1500000084723716
blue,550,412.0,6.7011912072451985e-09,3.15,3.150000006701191
blue,550,412.66666666666663,5.292137671972464e-09,3.15,3.1500000052921378
blue,550,413.3333333333333,4.17294222296296e-09,3.15,3.1500000041729423
blue,550,414.0,3.2853808854057836e-09,3.15,3.1500000032853808
blue,550,414.66666666666663,2.582624102053476e-09,3.15,3.150000002582624
blue,550,415.3333333333333,2.027070239034823e-09,3.15,3.15000000202707
blue,550,416.0,1.5885779394626265e-09,3.15,3.150000001588578
blue,550,416.66666666666663,1.2430265408784442e-09,3.15,3.1500000012430265
blue,550,417.3333333333333,9.711458123789274e-10,3.15,3.1500000009711457
blue,550,418.0,7.575663600446538e-10,3.15,3.1500000007575664
blue,550,418.66666666666663,5.900504908899619e-10,3.15,3.1500000005900506
blue,550,419.3333333333333,4.58870370370331e-10,3.15,3.15000000045887
blue,550,420.0,3.563061746445651e-10,3.15,3.150000000356306
blue,550,420.66666666666663,2.7624181278408927e-10,3.15,3.1500000002762416
blue,550,421.3333333333333,2.1383983495133575e-10,3.15,3.15000000021384
blue,550,422.0,1.6528048542215316e-10,3.15,3.1500000001652806
blue,550,422.66666666666663,1.275526188383632e-10,3.15,3.1500000001275525
blue,550,423.3333333333333,9.828647119393776e-11,3.15,3.150000000098286
blue,550,424.0,7.562014555540342e-11,3.15,3.15000000007562
blue,550,424.66666666666663,5.8093205192714334e-11,3.15,3.150000000058093
blue,550,425.3333333333333,4.456202138528821e-11,3.15,3.150000000044562
blue,550,426.0,3.413254799689192e-11,3.15,3.1500000000341326
blue,550,426.66666666666663,2.610703033643336e-11,3.15,3.150000000026107
blue,550,427.3333333333333,1.9941835452811105e-11,3.15,3.1500000000199417
blue,550,428.0,1.5214142781177023e-11,3.15,3.150000000015214
blue,550,428.66666666666663,1.159568111892543e-11,3.15,3.1500000000115955
blue,550,429.3333333333333,8.832059410440827e-12,3.15,3.150000000008832
blue,550,430.0,6.72653055878064e-12,3.15,3.1500000000067265
blue,550,430.66666666666663,5.127262465239372e-12,3.15,3.1500000000051274
blue,550,431.3333333333333,3.917379405596069e-12,3.15,3.1500000000039172
blue,550,432.0,3.0071884380617943e-12,3.15,3.1500000000030073
blue,550,432.66666666666663,2.328126960168248e-12,3.15,3.150000000002328
blue,550,433.3333333333333,1.8280646304575927e-12,3.15,3.150000000001828
blue,550,434.0,1.4676704016530324e-12,3.15,3.1500000000014676
blue,550,434.66666666666663,1.2176172401164955e-12,3.15,3.1500000000012176
blue,550,435.3333333333333,1.056446367385974e-12,3.15,3.1500000000010564
blue,550,436.0,9.689520930231676e-13,3.15,3.150000000000969
blue,550,436.66666666666663,9.449795680986852e-13,3.15,3.150000000000945
blue,550,437.3333333333333,9.785527354411197e-13,3.15,3.1500000000009787
blue,550,438.0,1.0672697273578858e-12,3.15,3.150000000001067
blue,550,438.66666666666663,1.2119190478588353e-12,3.15,3.150000000001212
blue,550,439.3333333333333,1.4162829521327317e-12,3.15,3.150000000001416
blue,550,440.0,1.6871052142097467e-12,3.15,3.150000000001687
blue,550,440.66666666666663,2.034209537138963e-12,3.15,3.1500000000020343
blue,550,441.3333333333333,2.4707626892083766e-12,3.15,3.150000000002471
blue,550,442.0,3.0136834463949164e-12,3.15,3.1500000000030135
blue,550,442.66666666666663,3.684204927304795e-12,3.15,3.150000000003684
blue,550,443.3333333333333,4.508604220634828e-12,3.15,3.1500000000045083
blue,550,444.0,5.519119594793263e-12,3.15,3.150000000005519
blue,550,444.66666666666663,6.7550822943247866e-12,3.15,3.150000000006755
blue,550,445.3333333333333,8.264297209232471e-12,3.15,3.1500000000082644
blue,550,446.0,1.010471479271941e-11,3.15,3.1500000000101047
blue,550,446.66666666666663,1.2346445750553745e-11,3.15,3.1500000000123465
blue,550,447.3333333333333,1.5074180497978105e-11,3.15,3.150000000015074
blue,550,448.0,1.839008746876396e-11,3.15,3.15000000001839
blue,550,448.66666666666663,2.2417278388342674e-11,3.15,3.150000000022417
blue,550,449.3333333333333,2.7303944951232686e-11,3.15,3.150000000027304
blue,550,450.0,3.322829038250138e-11,3.15,3.150000000033228
blue,550,450.66666666666663,4.040440158088981e-11,3.15,3.1500000000404045
blue,550,451.3333333333333,4.908923347115978e-11,3.15,3.150000000049089
blue,550,452.0,5.959090744617327e-11,3.15,3.150000000059591
blue,550,452.66666666666663,7.227856105518814e-11,3.15,3.1500000000722785
blue,550,453.3333333333333,8.75940271960198e-11,3.15,3.150000000087594
blue,550,454.0,1.0606566891407959e-10,3.15,3.1500000001060657
blue,550,454.66666666666663,1.2832475155311017e-10,3.15,3.150000000128325
blue,550,455.3333333333333,1.5512479864405983e-10,3.15,3.1500000001551247
blue,550,456.0,1.873644529354281e-10,3.15,3.1500000001873643
blue,550,456.66666666666663,2.261144509302339e-10,3.15,3.150000000226114
blue,550,457.3333333333333,2.726494199909107e-10,3.15,3.1500000002726494
blue,550,458.0,3.284853235412685e-10,3.15,3.150000000328485
blue,550,458.66666666666663,3.9542351445080585e-10,3.15,3.1500000003954236
blue,550,459.3333333333333,4.756025119610669e-10,3.15,3.1500000004756026
blue,550,460.0,5.715587964889795e-10,3.15,3.1500000005715587
blue,550,460.66666666666663,6.862981226953338e-10,3.15,3.150000000686298
blue,550,461.3333333333333,8.233790881555025e-10,3.15,3.150000000823379
blue,550,462.0,9.870109671251512e-10,3.15,3.150000000987011
blue,550,462.66666666666663,1.1821681311162149e-09,3.15,3.150000001182168
blue,550,463.3333333333333,1.4147237357575697e-09,3.15,3.150000001414724
blue,550,464.0,1.6916057628597055e-09,3.15,3.150000001691606
blue,550,464.66666666666663,2.020978974633923e-09,3.15,3.150000002020979
blue,550,465.3333333333333,2.412456871365124e-09,3.15,3.150000002412457
blue,550,466.0,2.8773483531523565e-09,3.15,3.150000002877348
blue,550,466.66666666666663,3.4289444802763024e-09,3.15,3.1500000034289446
blue,550,467.3333333333333,4.082851516096809e-09,3.15,3.1500000040828513
blue,550,468.0,4.857377333122294e-09,3.15,3.150000004857377
blue,550,468.66666666666663,5.773979280355919e-09,3.15,3.150000005773979
blue,550,469.3333333333333,6.857782762994554e-09,3.15,3.1500000068577827
blue,550,470.0,8.138181090417544e-09,3.15,3.150000008138181
blue,550,470.66666666666663,9.64952862326167e-09,3.15,3.1500000096495286
blue,550,471.3333333333333,1.1431940915211169e-08,3.15,3.1500000114319406
blue,550,472.0,1.3532217421953577e-08,3.15,3.1500000135322175
blue,550,472.66666666666663,1.6004904462762735e-08,3.15,3.1500000160049044
blue,550,473.3333333333333,1.8913518495912103e-08,3.15,3.150000018913518
blue,550,474.0,2.2331952436675123e-08,3.15,3.150000022331952
blue,550,474.66666666666663,2.6346090737815823e-08,3.15,3.1500000263460906
blue,550,475.3333333333333,3.105566230185079e-08,3.15,3.1500000310556624
blue,550,476.0,3.657636403967582e-08,3.15,3.150000036576364
blue,550,476.66666666666663,4.304229207236496e-08,3.15,3.150000043042292
blue,550,477.3333333333333,5.0608722236363456e-08,3.15,3.150000050608722
blue,550,478.0,5.945528674485868e-08,3.15,3.150000059455287
blue,550,478.66666666666663,6.97895996314906e-08,3.15,3.1500000697895993
blue,550,479.3333333333333,8.185139001224924e-08,3.15,3.15000008185139
blue,550,480.0,9.591720930697243e-08,3.15,3.150000095917209
blue,550,480.66666666666663,1.1230578642701278e-07,3.15,3.1500001123057864
blue,550,481.3333333333333,1.3138411362819078e-07,3.15,3.1500001313841137
blue,550,482.0,1.5357435532026643e-07,3.15,3.1500001535743554
blue,550,482.66666666666663,1.7936168269235515e-07,3.15,3.1500001793616828
blue,550,483.3333333333333,2.093031486384514e-07,3.15,3.1500002093031485
blue,550,484.0,2.440377302335351e-07,3.15,3.15000024403773
blue,550,484.66666666666663,2.8429768000746604e-07,3.15,3.15000028429768
blue,550,485.3333333333333,3.3092134258358193e-07,3.15,3.1500003309213427
blue,550,486.0,3.8486760998800405e-07,3.15,3.1500003848676097
blue,550,486.66666666666663,4.4723220719360386e-07,3.15,3.150000447232207
blue,550,487.3333333333333,5.192660193412843e-07,3.15,3.1500005192660194
blue,550,488.0,6.023956936852087e-07,3.15,3.1500006023956937
blue,550,488.66666666666663,6.982467727436925e-07,3.15,3.1500006982467728
blue,550,489.3333333333333,8.086696405097521e-07,3.15,3.1500008086696405
blue,550,490.0,9.357685909910417e-07,3.15,3.150000935768591
blue,550,490.66666666666663,1.0819343579131832e-06,3.15,3.150001081934358
blue,550,491.3333333333333,1.2498804762345248e-06,3.15,3.1500012498804764
blue,550,492.0,1.4426838802825216e-06,3.15,3.1500014426838803
blue,550,492.66666666666663,1.6638301799247312e-06,3.15,3.1500016638301798
blue,550,493.3333333333333,1.9172640953146017e-06,3.15,3.1500019172640954
blue,550,494.0,2.2074455724788438e-06,3.15,3.1500022074455725
blue,550,494.66666666666663,2.5394121464038975e-06,3.15,3.1500025394121463
blue,550,495.3333333333333,2.918848165380185e-06,3.15,3.1500029188481653
blue,550,496.0,3.352161540207936e-06,3.15,3.1500033521615403
blue,550,496.66666666666663,3.8465687344704015e-06,3.15,3.1500038465687346
blue,550,497.3333333333333,4.410188767425002e-06,3.15,3.1500044101887674
blue,550,498.0,5.052147059116081e-06,3.15,3.150005052147059
blue,550,498.66666666666663,5.782690008006962e-06,3.15,3.150005782690008
blue,550,499.3333333333333,6.613311254659946e-06,3.15,3.1500066133112545
blue,550,500.0,7.556890650625048e-06,3.15,3.1500075568906505
blue,550,500.66666666666663,8.62784701955152e-06,3.15,3.1500086278470194
blue,550,501.3333333333333,9.842305867379262e-06,3.15,3.150009842305867
blue,550,502.0,1.12182832700263e-05,3.15,3.15001121828327
blue,550,502.66666666666663,1.2775887239932987e-05,3.15,3.15001277588724
blue,550,503.3333333333333,1.4537537946752739e-05,3.15,3.1500145375379467
blue,550,504.0,1.652820824194243e-05,3.15,3.150016528208242
blue,550,504.66666666666663,1.8775686011479857e-05,3.15,3.150018775686011
blue,550,505.3333333333333,2.131085995480916e-05,3.15,3.150021310859955
blue,550,506.0,2.4168030460719995e-05,3.15,3.150024168030461
blue,550,506.66666666666663,2.7385247321445787e-05,3.15,3.1500273852473213
blue,550,507.3333333333333,3.100467609396236e-05,3.15,3.150031004676094
blue,550,508.0,3.5072994981352266e-05,3.15,3.150035072994981
blue,550,508.66666666666663,3.964182416616009e-05,3.15,3.1500396418241663
blue,550,509.3333333333333,4.4768189580749817e-05,3.15,3.1500447681895807
blue,550,510.0,5.05150231455891e-05,3.15,3.1500505150231457
blue,550,510.66666666666663,5.6951701543825234e-05,3.15,3.1500569517015435
blue,550,511.3333333333333,6.415462562804288e-05,3.15,3.150064154625628
blue,550,512.0,7.22078425712126e-05,3.15,3.150072207842571
blue,550,512.6666666666666,8.120371287698561e-05,3.15,3.150081203712877
blue,550,513.3333333333333,9.124362435291672e-05,3.15,3.150091243624353
blue,550,514.0,0.00010243875512217849,3.15,3.150102438755122
blue,550,514.6666666666666,0.00011491088770300467,3.15,3.150114910887703
blue,550,515.3333333333333,0.0001287932761185867,3.15,3.1501287932761186
blue,550,516.0,0.00014423156791134236,3.15,3.150144231567911
blue,550,516.6666666666666,0.00016138478282256029,3.15,3.1501613847828223
blue,550,517.3333333333333,0.00018042634975920806,3.15,3.1501804263497593
blue,550,518.0,0.00020154520350203778,3.15,3.150201545203502
blue,550,518.6666666666666,0.00022494694241119618,3.15,3.1502249469424113
blue,550,519.3333333333333,0.00025085504815512564,3.15,3.150250855048155
blue,550,520.0,0.0002795121682235291,3.15,3.1502795121682237
blue,550,520.6666666666666,0.00031118146168397133,3.15,3.1503111814616838
blue,550,521.3333333333333,0.00034614800830219254,3.15,3.150346148008302
blue,550,522.0,0.00038472028076662535,3.15,3.1503847202807664
blue,550,522.6666666666666,0.00042723167933678943,3.15,3.1504272316793367
blue,550,523.3333333333333,0.0004740421277714987,3.15,3.1504740421277715
blue,550,524.0,0.0005255397288848805,3.15,3.1505255397288847
blue,550,524.6666666666666,0.000582142477525749,3.15,3.1505821424775258
blue,550,525.3333333333333,0.0006443000281779107,3.15,3.1506443000281776
blue,550,526.0,0.0007124955137350306,3.15,3.150712495513735
blue,550,526.6666666666666,0.0007872474113146941,3.15,3.1507872474113148
blue,550,527.3333333333333,0.0008691114502422282,3.15,3.150869111450242
blue,550,528.0,0.000958682556556379,3.15,3.1509586825565563
blue,550,528.6666666666666,0.0010565968275687385,3.15,3.151056596827569
blue,550,529.3333333333333,0.0011635335291479887,3.15,3.151163533529148
blue,550,530.0,0.0012802171075009647,3.15,3.1512802171075007
blue,550,530.6666666666666,0.001407419206289715,3.15,3.1514074192062895
blue,550,531.3333333333333,0.0015459606789600267,3.15,3.15154596067896
blue,550,532.0,0.0016967135851663473,3.15,3.1516967135851663
blue,550,532.6666666666666,0.0018606031591675834,3.15,3.1518606031591676
blue,550,533.3333333333333,0.002038609737042532,3.15,3.1520386097370423
blue,550,534.0,0.002231770628538689,3.15,3.1522317706285388
blue,550,534.6666666666666,0.002441181918333527,3.15,3.1524411819183333
blue,550,535.3333333333333,0.0026680001804593673,3.15,3.1526680001804595
blue,550,536.0,0.002913444088629807,3.15,3.1529134440886297
blue,550,536.6666666666666,0.003178795904219581,3.15,3.1531787959042195
blue,550,537.3333333333333,0.0034654028226988754,3.15,3.153465402822699
blue,550,538.0,0.003774678158417047,3.15,3.153774678158417
blue,550,538.6666666666666,0.004108102346785025,3.15,3.1541081023467847
blue,550,539.3333333333333,0.0044672237421288855,3.15,3.1544672237421287
blue,550,540.0,0.004853659188791004,3.15,3.154853659188791
blue,550,540.6666666666666,0.005269094342457062,3.15,3.155269094342457
blue,550,541.3333333333333,0.005715283718196364,3.15,3.1557152837181963
blue,550,542.0,0.00619405044133182,3.15,3.1561940504413317
blue,550,542.6666666666666,0.006707285677023376,3.15,3.1567072856770233
blue,550,543.3333333333333,0.007256947714363805,3.15,3.1572569477143637
blue,550,544.0,0.007845060680859895,3.15,3.15784506068086
blue,550,544.6666666666666,0.008473712863426072,3.15,3.158473712863426
blue,550,545.3333333333333,0.009145054612457026,3.15,3.159145054612457
blue,550,546.0,0.009861295806182396,3.15,3.1598612958061825
blue,550,546.6666666666666,0.01062470285335879,3.15,3.1606247028533585
blue,550,547.3333333333333,0.01143759521342622,3.15,3.161437595213426
blue,550,548.0,0.012302341414554078,3.15,3.162302341414554
blue,550,548.6666666666666,0.01322135455154499,3.15,3.163221354551545
blue,550,549.3333333333333,0.014197087247349928,3.15,3.16419708724735
blue,550,550.0,0.015232026063978561,3.15,3.1652320260639786
blue,550,550.6666666666666,0.016328685350879526,3.15,3.1663286853508796
blue,550,551.3333333333333,0.017489600521406887,3.15,3.1674896005214066
blue,550,552.0,0.018717320750777845,3.15,3.168717320750778
blue,550,552.6666666666666,0.020014401091974096,3.15,3.170014401091974
blue,550,553.3333333333333,0.021383394009326772,3.15,3.1713833940093266
blue,550,554.0,0.02282684033304089,3.15,3.1728268403330406
blue,550,554.6666666666666,0.024347259641667205,3.15,3.1743472596416673
blue,550,555.3333333333333,0.02594714008348723,3.15,3.1759471400834873
blue,550,556.0,0.027628927651922267,3.15,3.1776289276519223
blue,550,556.6666666666666,0.029395014934410147,3.15,3.17939501493441
blue,550,557.3333333333333,0.031247729358675258,3.15,3.181247729358675
blue,550,558.0,0.03318932096491669,3.15,3.1831893209649165
blue,550,558.6666666666666,0.03522194973715759,3.15,3.1852219497371577
blue,550,559.3333333333333,0.03734767253177867,3.15,3.1873476725317786
blue,550,560.0,0.03956842964606848,3.15,3.1895684296460685
blue,550,560.6666666666666,0.04188603107445182,3.15,3.1918860310744517
blue,550,561.3333333333333,0.044302142504845037,3.15,3.194302142504845
blue,550,562.0,0.04681827111228891,3.15,3.196818271112289
blue,550,562.6666666666666,0.04943575121161669,3.15,3.1994357512116167
blue,550,563.3333333333333,0.05215572983535594,3.15,3.202155729835356
blue,550,564.0,0.054979152307289704,3.15,3.2049791523072897
blue,550,564.6666666666666,0.05790674788610675,3.15,3.2079067478861067
blue,550,565.3333333333333,0.06093901555727464,3.15,3.2109390155572743
blue,550,566.0,0.06407621005462381,3.15,3.214076210054624
blue,550,566.6666666666666,0.06731832819613141,3.15,3.2173183281961313
blue,550,567.3333333333333,0.07066509562095948,3.15,3.2206650956209595
blue,550,568.0,0.07411595401688766,3.15,3.2241159540168876
blue,550,568.6666666666666,0.0776700489288877,3.15,3.2276700489288874
blue,550,569.3333333333333,0.0813262182406386,3.15,3.2313262182406386
blue,550,570.0,0.08508298142123628,3.15,3.235082981421236
blue,550,570.6666666666666,0.08893852962922541,3.15,3.2389385296292255
blue,550,571.3333333333333,0.0928907167653028,3.15,3.2428907167653027
blue,550,572.0,0.09693705156357894,3.15,3.2469370515635787
blue,550,572.6666666666666,0.10107469080917186,3.15,3.2510746908091717
blue,550,573.3333333333333,0.10530043376708202,3.15,3.255300433767082
blue,550,574.0,0.10961071790374087,3.15,3.259610717903741
blue,550,574.6666666666666,0.11400161597839636,3.15,3.264001615978396
blue,550,575.3333333333333,0.11846883457654059,3.15,3.2684688345765407
blue,550,576.0,0.12300771415190516,3.15,3.273007714151905
blue,550,576.6666666666666,0.12761323063722016,3.15,3.27761323063722
blue,550,577.3333333333333,0.13227999867692125,3.15,3.282279998676921
blue,550,578.0,0.1370022765273138,3.15,3.2870022765273137
blue,550,578.6666666666666,0.14177397266146793,3.15,3.291773972661468
blue,550,579.3333333333333,0.14658865410729718,3.15,3.296588654107297
blue,550,580.0,0.1514395565379149,3.15,3.3014395565379147
blue,550,580.6666666666666,0.15631959612358068,3.15,3.3063195961235805
blue,550,581.3333333333333,0.16122138314434584,3.15,3.3112213831443458
blue,550,582.0,0.16613723735193625,3.15,3.316137237351936
blue,550,582.6666666666666,0.17105920505861627,3.15,3.3210592050586163
blue,550,583.3333333333333,0.1759790779197647,3.15,3.3259790779197647
blue,550,584.0,0.18088841336573838,3.15,3.3308884133657384
blue,550,584.6666666666666,0.1857785566274531,3.15,3.335778556627453
blue,550,585.3333333333333,0.19064066428899132,3.15,3.3406406642889914
blue,550,586.0,0.1954657292895372,3.15,3.345465729289537
blue,550,586.6666666666666,0.20024460728619797,3.15,3.3502446072861978
blue,550,587.3333333333333,0.20496804427881848,3.15,3.3549680442788183
blue,550,588.0,0.20962670538781958,3.15,3.3596267053878197
blue,550,588.6666666666666,0.21421120466654586,3.15,3.364211204666546
blue,550,589.3333333333333,0.21871213582061277,3.15,3.368712135820613
blue,550,590.0,0.22312010369837976,3.15,3.37312010369838
blue,550,590.6666666666666,0.22742575640908888,3.15,3.377425756409089
blue,550,591.3333333333333,0.23161981791840694,3.15,3.381619817918407
blue,550,592.0,0.23569312096516298,3.15,3.385693120965163
blue,550,592.6666666666666,0.23963664013811006,3.15,3.38963664013811
blue,550,593.3333333333333,0.24344152494754828,3.15,3.3934415249475482
blue,550,594.0,0.24709913272368675,3.15,3.3970991327236866
blue,550,594.6666666666666,0.2506010611717821,3.15,3.400601061171782
blue,550,595.3333333333333,0.2539391804133551,3.15,3.403939180413355
blue,550,596.0,0.25710566434317483,3.15,3.4071056643431747
blue,550,596.6666666666666,0.2600930211332821,3.15,3.410093021133282
blue,550,597.3333333333333,0.26289412271805024,3.15,3.41289412271805
blue,550,598.0,0.26550223309815085,3.15,3.4155022330981506
blue,550,598.6666666666666,0.26791103530633664,3.15,3.4179110353063367
blue,550,599.3333333333333,0.2701146568841007,3.15,3.4201146568841008
blue,550,600.0,0.2721076937254913,3.15,3.4221076937254913
blue,550,600.6666666666666,0.27388523215264915,3.15,3.423885232152649
blue,550,601.3333333333333,0.27544286909689397,3.15,3.425442869096894
blue,550,602.0,0.2767767302693685,3.15,3.4267767302693684
blue,550,602.6666666666666,0.27788348621630315,3.15,3.4278834862163032
blue,550,603.3333333333333,0.2787603661657876,3.15,3.4287603661657875
blue,550,604.0,0.27940516958544764,3.15,3.4294051695854475
blue,550,604.6666666666666,0.2798162753835576,3.15,3.4298162753835575
blue,550,605.3333333333333,0.2799926486997392,3.15,3.429992648699739
blue,550,606.0,0.2799338452454348,3.15,3.4299338452454347
blue,550,606.6666666666666,0.2796400131686738,3.15,3.4296400131686737
blue,550,607.3333333333333,0.2791118924321793,3.15,3.429111892432179
blue,550,608.0,0.2783508117084677,3.15,3.4283508117084676
blue,550,608.6666666666666,0.27735868281017667,3.15,3.4273586828101767
blue,550,609.3333333333333,0.27613799268829675,3.15,3.4261379926882967
blue,550,610.0,0.27469179304518354,3.15,3.4246917930451835
blue,550,610.6666666666666,0.2730236876230669,3.15,3.4230236876230666
blue,550,611.3333333333333,0.2711378172421596,3.15,3.4211378172421596
blue,550,612.0,0.2690388426753069,3.15,3.419038842675307
blue,550,612.6666666666666,0.2667319254582961,3.15,3.416731925458296
blue,550,613.3333333333333,0.2642227067463867,3.15,3.4142227067463864
blue,550,614.0,0.26151728433826077,3.15,3.411517284338261
blue,550,614.6666666666666,0.2586221879983177,3.15,3.4086221879983176
blue,550,615.3333333333333,0.25554435321700975,3.15,3.4055443532170098
blue,550,616.0,0.2522910935566894,3.15,3.4022910935566895
blue,550,616.6666666666666,0.248870071737121,3.15,3.3988700717371207
blue,550,617.3333333333333,0.24528926962040148,3.15,3.3952892696204016
blue,550,618.0,0.24155695725950724,3.15,3.3915569572595072
blue,550,618.6666666666666,0.23768166117798015,3.15,3.38768166117798
blue,550,619.3333333333333,0.23367213205040752,3.15,3.3836721320504073
blue,550,620.0,0.2295373119543528,3.15,3.3795373119543526
blue,550,620.6666666666666,0.22528630136421096,3.15,3.375286301364211
blue,550,621.3333333333333,0.22092832605615728,3.15,3.3709283260561573
blue,550,622.0,0.2164727040909775,3.15,3.3664727040909774
blue,550,622.6666666666666,0.21192881303807276,3.15,3.3619288130380727
blue,550,623.3333333333333,0.20730605759944049,3.15,3.3573060575994402
blue,550,624.0,0.2026138377869901,3.15,3.35261383778699
blue,550,624.6666666666666,0.19786151780016084,3.15,3.347861517800161
blue,550,625.3333333333333,0.19305839574359304,3.15,3.343058395743593
blue,550,626.0,0.1882136743166433,3.15,3.338213674316643
blue,550,626.6666666666666,0.18333643259783233,3.15,3.3333364325978323
blue,550,627.3333333333333,0.1784355990380216,3.15,3.3284355990380217
blue,550,628.0,0.17351992576631764,3.15,3.3235199257663175
blue,550,628.6666666666666,0.16859796430241494,3.15,3.318597964302415
blue,550,629.3333333333333,0.16367804275846962,3.15,3.3136780427584696
blue,550,630.0,0.15876824460273284,3.15,3.308768244602733
blue,550,630.6666666666666,0.15387638904608567,3.15,3.3038763890460854
blue,550,631.3333333333333,0.14901001310146156,3.15,3.2990100131014612
blue,550,632.0,0.14417635535500553,3.15,3.2941763553550056
blue,550,632.6666666666666,0.13938234147671238,3.15,3.2893823414767125
blue,550,633.3333333333333,0.13463457148736263,3.15,3.2846345714873624
blue,550,634.0,0.1299393087879051,3.15,3.279939308787905
blue,550,634.6666666666666,0.1253024709470293,3.15,3.2753024709470293
blue,550,635.3333333333333,0.12072962223265853,3.15,3.2707296222326585
blue,550,636.0,0.11622596786353993,3.15,3.26622596786354
blue,550,636.6666666666666,0.11179634994800067,3.15,3.2617963499480007
blue,550,637.3333333333333,0.10744524506839455,3.15,3.2574452450683946
blue,550,638.0,0.10317676346182585,3.15,3.2531767634618256
blue,550,638.6666666666666,0.0989946497403775,3.15,3.248994649740377
blue,550,639.3333333333333,0.09490228508738836,3.15,3.244902285087388
blue,550,640.0,0.09090269086033793,3.15,3.240902690860338
blue,550,640.6666666666666,0.08699853352556426,3.15,3.236998533525564
blue,550,641.3333333333333,0.08319213084543996,3.15,3.2331921308454397
blue,550,642.0,0.07948545923475567,3.15,3.2294854592347555
blue,550,642.6666666666666,0.07588016219986062,3.15,3.2258801621998607
blue,550,643.3333333333333,0.07237755977163574,3.15,3.2223775597716355
blue,550,644.0,0.06897865884160481,3.15,3.2189786588416047
blue,550,644.6666666666666,0.06568416430936376,3.15,3.215684164309364
blue,550,645.3333333333333,0.0624944909490505,3.15,3.2124944909490503
blue,550,646.0,0.059409775902763265,3.15,3.2094097759027633
blue,550,646.6666666666666,0.05642989170958317,3.15,3.206429891709583
blue,550,647.3333333333333,0.05355445978018452,3.15,3.2035544597801846
blue,550,648.0,0.05078286422888236,3.15,3.2007828642288825
blue,550,648.6666666666666,0.04811426597728924,3.15,3.198114265977289
blue,550,649.3333333333333,0.04554761704653645,3.15,3.1955476170465364
blue,550,650.0,0.043081674958210414,3.15,3.1930816749582105
blue,550,650.6666666666666,0.04071501716768309,3.15,3.190715017167683
blue,550,651.3333333333333,0.03844605545736958,3.15,3.1884460554573697
blue,550,652.0,0.03627305022157877,3.15,3.186273050221579
blue,550,652.6666666666666,0.03419412457895611,3.15,3.1841941245789562
blue,550,653.3333333333333,0.03220727825304238,3.15,3.1822072782530424
blue,550,654.0,0.030310401166142246,3.15,3.180310401166142
blue,550,654.6666666666666,0.028501286696440233,3.15,3.17850128669644
blue,550,655.3333333333333,0.026777644553111,3.15,3.176777644553111
blue,550,656.0,0.02513711322900313,3.15,3.175137113229003
blue,550,656.6666666666666,0.02357727199526994,3.15,3.1735772719952697
blue,550,657.3333333333333,0.022095652407070513,3.15,3.1720956524070703
blue,550,658.0,0.020689749294133777,3.15,3.1706897492941337
blue,550,658.6666666666666,0.0193570312145185,3.15,3.1693570312145183
blue,550,659.3333333333333,0.018094950354309358,3.15,3.1680949503543094
blue,550,660.0,0.016900951860237195,3.15,3.166900951860237
blue,550,660.6666666666666,0.015772482596261718,3.15,3.1657724825962616
blue,550,661.3333333333333,0.01470699931900938,3.15,3.164706999319009
blue,550,662.0,0.01370197627060009,3.15,3.1637019762706
blue,550,662.6666666666666,0.01275491219079631,3.15,3.1627549121907963
blue,550,663.3333333333333,0.011863336753574405,3.15,3.1618633367535742
blue,550,664.0,0.011024816436141482,3.15,3.161024816436141
blue,550,664.6666666666666,0.010236959831083638,3.15,3.1602369598310838
blue,550,665.3333333333333,0.009497422414745979,3.15,3.159497422414746
blue,550,666.0,0.00880391078710953,3.15,3.1588039107871095
blue,550,666.6666666666666,0.008154186400334476,3.15,3.1581541864003344
blue,550,667.3333333333333,0.007546068794802,3.15,3.157546068794802
blue,550,668.0,0.006977438362909444,3.15,3.1569774383629094
blue,550,668.6666666666666,0.006446238662055727,3.15,3.1564462386620558
blue,550,669.3333333333333,0.0059504782992136135,3.15,3.1559504782992134
blue,550,670.0,0.005488232410231037,3.15,3.155488232410231
blue,550,670.6666666666666,0.005057643757538785,3.15,3.1550576437575386
blue,550,671.3333333333333,0.004656923470286099,3.15,3.154656923470286
blue,550,672.0,0.0042843514510904615,3.15,3.1542843514510905
blue,550,672.6666666666666,0.003938276473579431,3.15,3.1539382764735793
blue,550,673.3333333333333,0.003617115994741449,3.15,3.1536171159947415
blue,550,674.0,0.003319355705800658,3.15,3.1533193557058006
blue,550,674.6666666666666,0.0030435488448970443,3.15,3.153043548844897
blue,550,675.3333333333333,0.002788315294306755,3.15,3.152788315294307
blue,550,676.0,0.002552340484289815,3.15,3.1525523404842897
blue,550,676.6666666666666,0.002334374124913841,3.15,3.152334374124914
blue,550,677.3333333333333,0.0021332287863890685,3.15,3.152133228786389
blue,550,678.0,0.0019477783475737788,3.15,3.151947778347574
blue,550,678.6666666666666,0.0017769563313787217,3.15,3.1517769563313784
blue,550,679.3333333333333,0.0016197541448289825,3.15,3.151619754144829
blue,550,680.0,0.0014752192405418068,3.15,3.1514752192405417
blue,550,680.6666666666666,0.001342453215356593,3.15,3.1513424532153564
blue,550,681.3333333333333,0.0012206098608206805,3.15,3.1512206098608204
blue,550,682.0,0.0011088931791994703,3.15,3.1511088931791993
blue,550,682.6666666666666,0.0010065553776476776,3.15,3.1510065553776476
blue,550,683.3333333333333,0.0009128948521595462,3.15,3.1509128948521594
blue,550,684.0,0.0008272541719151087,3.15,3.150827254171915
blue,550,684.6666666666666,0.000749018073661574,3.15,3.1507490180736615
blue,550,685.3333333333333,0.0006776114748199746,3.15,3.15067761147482
blue,550,686.0,0.0006124975130912079,3.15,3.150612497513091
blue,550,686.6666666666666,0.000553175619455068,3.15,3.150553175619455
blue,550,687.3333333333333,0.0004991796306149411,3.15,3.1504991796306148
blue,550,688.0,0.00045007594614157533,3.15,3.1504500759461416
blue,550,688.6666666666666,0.00040546173481274594,3.15,3.1504054617348127
blue,550,689.3333333333333,0.0003649631939338994,3.15,3.1503649631939337
blue,550,690.0,0.0003282338647585935,3.15,3.1503282338647587
blue,550,690.6666666666666,0.0002949530065064462,3.15,3.1502949530065063
blue,550,691.3333333333333,0.0002648240309010985,3.15,3.150264824030901
blue,550,692.0,0.00023757299862074845,3.15,3.1502375729986207
blue,550,692.6666666666666,0.00021294717856801032,3.15,3.150212947178568
blue,550,693.3333333333333,0.00019071367042367736,3.15,3.1501907136704235
blue,550,694.0,0.00017065809054908198,3.15,3.150170658090549
blue,550,694.6666666666666,0.0001525833209423269,3.15,3.150152583320942
blue,550,695.3333333333333,0.00013630832063350542,3.15,3.1501363083206333
blue,550,696.0,0.00012166699862125116,3.15,3.150121666998621
blue,550,696.6666666666666,0.0001085071472054281,3.15,3.1501085071472055
blue,550,697.3333333333333,9.66894343568268e-05,3.15,3.1500966894343567
blue,550,698.0,8.608645358227158e-05,3.15,3.150086086453582
blue,550,698.6666666666666,7.658182959032114e-05,3.15,3.15007658182959
blue,550,699.3333333333333,6.806937793692537e-05,3.15,3.150068069377937
blue,550,700.0,6.0452316729840865e-05,3.15,3.1500604523167297
blue,550,700.6666666666666,5.364252839316934e-05,3.15,3.150053642528393
blue,550,701.3333333333333,4.755986943719567e-05,3.15,3.1500475598694373
blue,550,702.0,4.213152614180522e-05,3.15,3.1500421315261415
blue,550,702.6666666666666,3.72914140421545e-05,3.15,3.150037291414042
blue,550,703.3333333333333,3.297961910127908e-05,3.15,3.1500329796191013
blue,550,704.0,2.914187846418112e-05,3.15,3.150029141878464
blue,550,704.6666666666666,2.572909870992979e-05,3.15,3.1500257290987097
blue,550,705.3333333333333,2.269690955098191e-05,3.15,3.150022696909551
blue,550,706.0,2.000525097078545e-05,3.15,3.150020005250971
blue,550,706.6666666666666,1.761799184037412e-05,3.15,3.1500176179918404
blue,550,707.3333333333333,1.5502578110883422e-05,3.15,3.150015502578111
blue,550,708.0,1.3629708740532577e-05,3.15,3.1500136297087407
blue,550,708.6666666666666,1.197303758051921e-05,3.15,3.1500119730375804
blue,550,709.3333333333333,1.0508899513525462e-05,3.15,3.1500105088995136
blue,550,710.0,9.216059210231732e-06,3.15,3.1500092160592104
blue,550,710.6666666666666,8.075480942556703e-06,3.15,3.1500080754809425
blue,550,711.3333333333333,7.070117966597535e-06,3.15,3.1500070701179665
blue,550,712.0,6.184720062787053e-06,3.15,3.1500061847200627
blue,550,712.6666666666666,5.405657895037433e-06,3.15,3.150005405657895
blue,550,713.3333333333333,4.720762924131174e-06,3.15,3.150004720762924
blue,550,714.0,4.119181682919538e-06,3.15,3.1500041191816828
blue,550,714.6666666666666,3.5912432916247305e-06,3.15,3.1500035912432915
blue,550,715.3333333333333,3.1283391604220714e-06,3.15,3.1500031283391605
blue,550,716.0,2.722813893249048e-06,3.15,3.1500027228138934
blue,550,716.6666666666666,2.3678664712363356e-06,3.15,3.1500023678664713
blue,550,717.3333333333333,2.05746085613469e-06,3.15,3.1500020574608563
blue,550,718.0,1.7862452134963462e-06,3.15,3.1500017862452134
blue,550,718.6666666666666,1.5494790120735701e-06,3.15,3.150001549479012
blue,550,719.3333333333333,1.3429673098737016e-06,3.15,3.1500013429673097
blue,550,720.0,1.1630015885343429e-06,3.15,3.1500011630015883
blue,550,720.6666666666666,1.0063065461515476e-06,3.15,3.150001006306546
blue,550,721.3333333333333,8.699923044349925e-07,3.15,3.1500008699923043
blue,550,722.0,7.515115291163311e-07,3.15,3.150000751511529
blue,550,722.6666666666666,6.486210029543671e-07,3.15,3.150000648621003
blue,550,723.3333333333333,5.593472285359505e-07,3.15,3.1500005593472284
blue,550,724.0,4.819556734430882e-07,3.15,3.1500004819556735
blue,550,724.6666666666666,4.149233033326539e-07,3.15,3.150000414923303
blue,550,725.3333333333333,3.569140791517093e-07,3.15,3.150000356914079
blue,550,726.0,3.0675712318881065e-07,3.15,3.150000306757123
blue,550,726.6666666666666,2.6342728504212175e-07,3.15,3.150000263427285
blue,550,727.3333333333333,2.2602786297566977e-07,3.15,3.150000226027863
blue,550,728.0,1.9377525864144038e-07,3.15,3.1500001937752584
blue,550,728.6666666666666,1.6598536387302363e-07,3.15,3.1500001659853636
blue,550,729.3333333333333,1.420614973119843e-07,3.15,3.150000142061497
blue,550,730.0,1.2148372611414252e-07,3.15,3.150000121483726
blue,550,730.6666666666666,1.0379942399995599e-07,3.15,3.150000103799424
blue,550,731.3333333333333,8.861493155967988e-08,3.15,3.1500000886149313
blue,550,732.0,7.55881980941644e-08,3.15,3.150000075588198
blue,550,732.6666666666666,6.442229645676217e-08,3.15,3.1500000644222963
blue,550,733.3333333333333,5.485971344794736e-08,3.15,3.1500000548597136
blue,550,734.0,4.6677328384627166e-08,3.15,3.150000046677328
blue,550,734.6666666666666,3.968200159911816e-08,3.15,3.1500000396820016
blue,550,735.3333333333333,3.370670289287955e-08,3.15,3.1500000337067027
blue,550,736.0,2.860711744725992e-08,3.15,3.1500000286071175
blue,550,736.6666666666666,2.425867344340615e-08,3.15,3.150000024258673
blue,550,737.3333333333333,2.055394172783859e-08,3.15,3.1500000205539416
blue,550,738.0,1.740036333648256e-08,3.15,3.1500000174003633
blue,550,738.6666666666666,1.4718265611694923e-08,3.15,3.1500000147182656
blue,550,739.3333333333333,1.2439132063884385e-08,3.15,3.150000012439132
blue,550,740.0,1.050409508776873e-08,3.15,3.150000010504095
blue,550,740.6666666666666,8.86262418573388e-09,3.15,3.150000008862624
blue,550,741.3333333333333,7.471385516508924e-09,3.15,3.1500000074713856
blue,550,742.0,6.293251412577924e-09,3.15,3.150000006293251
blue,550,742.6666666666666,5.2964410275917805e-09,3.15,3.150000005296441
blue,550,743.3333333333333,4.453775515948671e-09,3.15,3.1500000044537755
blue,550,744.0,3.742033138463907e-09,3.15,3.1500000037420333
blue,550,744.6666666666666,3.141391455987421e-09,3.15,3.1500000031413915
blue,550,745.3333333333333,2.6349453400553167e-09,3.15,3.150000002634945
blue,550,746.0,2.20829091714531e-09,3.15,3.150000002208291
blue,550,746.6666666666666,1.8491667898685719e-09,3.15,3.1500000018491665
blue,550,747.3333333333333,1.5471449617027125e-09,3.15,3.150000001547145
blue,550,748.0,1.2933648472191965e-09,3.15,3.150000001293365
blue,550,748.6666666666666,1.0803045912176351e-09,3.15,3.1500000010803046
blue,550,749.3333333333333,9.015846604043552e-10,3.15,3.1500000009015845
blue,550,750.0,7.517993216086365e-10,3.15,3.1500000007517994
blue,550,750.6666666666666,6.263721912183337e-10,3.15,3.150000000626372
blue,550,751.3333333333333,5.214325406850333e-10,3.15,3.1500000005214326
blue,550,752.0,4.337094807742483e-10,3.15,3.1500000004337094
blue,550,752.6666666666666,3.6044153002351865e-10,3.15,3.1500000003604414
blue,550,753.3333333333333,2.992994071369314e-10,3.15,3.150000000299299
blue,550,754.0,2.4832017858904215e-10,3.15,3.15000000024832
blue,550,754.6666666666666,2.0585114668993775e-10,3.15,3.1500000002058512
blue,550,755.3333333333333,1.7050208435607542e-10,3.15,3.150000000170502
blue,550,756.0,1.4110461489497302e-10,3.15,3.1500000001411044
blue,550,756.6666666666666,1.1667770183708366e-10,3.15,3.1500000001166777
blue,550,757.3333333333333,9.639835840954138e-11,3.15,3.1500000000963984
blue,550,758.0,7.957681144474219e-11,3.15,3.1500000000795767
blue,550,758.6666666666666,6.563546281985033e-11,3.15,3.1500000000656354
blue,550,759.3333333333333,5.409108510400287e-11,3.15,3.150000000054091
blue,550,760.0,4.4539768856819874e-11,3.15,3.15000000004454
blue,550,760.6666666666666,3.6644208649871076e-11,3.15,3.150000000036644
blue,550,761.3333333333333,3.012297484031318e-11,3.15,3.150000000030123
blue,550,762.0,2.474146969772623e-11,3.15,3.1500000000247415
blue,550,762.6666666666666,2.0304310794111192e-11,3.15,3.150000000020304
blue,550,763.3333333333333,1.6648922593407216e-11,3.15,3.150000000016649
blue,550,764.0,1.3640149775073901e-11,3.15,3.15000000001364
blue,550,764.6666666666666,1.1165733740057011e-11,3.15,3.1500000000111656
blue,550,765.3333333333333,9.132517623573561e-12,3.15,3.1500000000091326
blue,550,766.0,7.463265539113641e-12,3.15,3.1500000000074633
blue,550,766.6666666666666,6.093999188782289e-12,3.15,3.1500000000060937
blue,550,767.3333333333333,4.971769818385683e-12,3.15,3.1500000000049715
blue,550,768.0,4.052796136287981e-12,3.15,3.1500000000040527
blue,550,768.6666666666666,3.3009095681712307e-12,3.15,3.150000000003301
blue,550,769.3333333333333,2.686257357380142e-12,3.15,3.150000000002686
blue,550,770.0,2.1842217768541354e-12,3.15,3.150000000002184
blue,550,770.6666666666666,1.7745202954317094e-12,3.15,3.1500000000017745
blue,550,771.3333333333333,1.440457111962148e-12,3.15,3.1500000000014405
blue,550,772.0,1.1683011840455197e-12,3.15,3.1500000000011683
blue,550,772.6666666666666,9.46769862008391e-13,3.15,3.1500000000009467
blue,550,773.3333333333333,7.666006022742154e-13,3.15,3.1500000000007664
blue,550,774.0,6.201960711524093e-13,3.15,3.1500000000006203
blue,550,774.6666666666666,5.013303401898281e-13,3.15,3.1500000000005013
blue,550,775.3333333333333,4.049058858345291e-13,3.15,3.150000000000405
blue,550,776.0,3.2675279741690144e-13,3.15,3.1500000000003268
blue,550,776.6666666666666,2.6346301788074697e-13,3.15,3.1500000000002633
blue,550,777.3333333333333,2.122536334197832e-13,3.15,3.150000000000212
blue,550,778.0,1.708542269729491e-13,3.15,3.150000000000171
blue,550,778.6666666666666,1.3741414676536748e-13,3.15,3.150000000000137
blue,550,779.3333333333333,1.1042624048375375e-13,3.15,3.1500000000001105
blue,550,780.0,8.866419002883217e-14,3.15,3.1500000000000887
blue,550,780.6666666666666,7.113106951291918e-14,3.15,3.150000000000071
blue,550,781.3333333333333,5.701715582752365e-14,3.15,3.1500000000000568
blue,550,782.0,4.566535981975615e-14,3.15,3.1500000000000457
blue,550,782.6666666666666,3.654292794948105e-14,3.15,3.1500000000000363
blue,550,783.3333333333333,2.9218298563740006e-14,3.15,3.150000000000029
blue,550,784.0,2.334219145067506e-14,3.15,3.1500000000000234
blue,550,784.6666666666666,1.8632170698241562e-14,3.15,3.1500000000000186
blue,550,785.3333333333333,1.486005460089927e-14,3.15,3.1500000000000146
blue,550,786.0,1.1841657053902668e-14,3.15,3.150000000000012
blue,550,786.6666666666666,9.428436420334931e-15,3.15,3.1500000000000092
blue,550,787.3333333333333,7.500703487343482e-15,3.15,3.1500000000000075
blue,550,788.0,5.96210254854841e-15,3.15,3.1500000000000057
blue,550,788.6666666666666,4.735131114970731e-15,3.15,3.150000000000005
blue,550,789.3333333333333,3.757506147113966e-15,3.15,3.1500000000000035
blue,550,790.0,2.9792195812224784e-15,3.15,3.150000000000003
blue,550,790.6666666666666,2.3601545949211402e-15,3.15,3.150000000000002
blue,550,791.3333333333333,1.8681576028380103e-15,3.15,3.1500000000000017
blue,550,792.0,1.477480288815254e-15,3.15,3.1500000000000012
blue,550,792.6666666666666,1.16752181184145e-15,3.15,3.1500000000000012
blue,550,793.3333333333333,9.218142839283308e-16,3.15,3.150000000000001
blue,550,794.0,7.272052193759216e-16,3.15,3.150000000000001
blue,550,794.6666666666666,5.73199317291828e-16,3.15,3.1500000000000004
blue,550,795.3333333333333,4.514290104247354e-16,3.15,3.1500000000000004
blue,550,796.0,3.552289799309746e-16,3.15,3.1500000000000004
blue,550,796.6666666666666,2.7929453367780056e-16,3.15,3.1500000000000004
blue,550,797.3333333333333,2.1940756934241686e-16,3.15,3.15
blue,550,798.0,1.7221695254734573e-16,3.15,3.15
blue,550,798.6666666666666,1.3506266567543341e-16,3.15,3.15
blue,550,799.3333333333333,1.0583513236247221e-16,3.15,3.15
blue,550,800.0,8.28627840796199e-17,3.15,3.15
red,300,200.0,3.260809322867555e-38,4.25,4.25
red,300,200.66666666666666,5.43748813712628e-38,4.25,4.25
red,300,201.33333333333334,9.053225801020291e-38,4.25,4.25
red,300,202.0,1.505013840987095e-37,4.25,4.25
red,300,202.66666666666666,2.498099583738243e-37,4.25,4.25
red,300,203.33333333333334,4.1401026727675044e-37,4.25,4.25
red,300,204.0,6.850852034131603e-37,4.25,4.25
red,300,204.66666666666666,1.1319055132178511e-36,4.25,4.25
red,300,205.33333333333334,1.867273244460987e-36,4.25,4.25
red,300,206.0,3.075655471160912e-36,4.25,4.25
red,300,206.66666666666666,5.058242045339366e-36,4.25,4.25
red,300,207.33333333333334,8.306032783638936e-36,4.25,4.25
red,300,208.0,1.3618202449301987e-35,4.25,4.25
red,300,208.66666666666666,2.229348903414801e-35,4.25,4.25
red,300,209.33333333333334,3.6439164544169434e-35,4.25,4.25
red,300,210.0,5.946903495486279e-35,4.25,4.25
red,300,210.66666666666666,9.690484300192532e-35,4.25,4.25
red,300,211.33333333333334,1.5766387094973882e-34,4.25,4.25
red,300,212.0,2.5612442680739168e-34,4.25,4.25
red,300,212.66666666666666,4.154338929932069e-34,4.25,4.25
red,300,213.33333333333334,6.727984198266954e-34,4.25,4.25
red,300,214.0,1.0879278932384439e-33,4.25,4.25
red,300,214.66666666666666,1.7564968373995308e-33,4.25,4.25
red,300,215.33333333333334,2.831566360255571e-33,4.25,4.25
red,300,216.0,4.557621211181385e-33,4.25,4.25
red,300,216.66666666666666,7.32456475200807e-33,4.25,4.25
red,300,217.33333333333334,1.175323796346079e-32,4.25,4.25
red,300,218.0,1.8830651560073983e-32,4.25,4.25
red,300,218.66666666666666,3.012348935236711e-32,4.25,4.25
red,300,219.33333333333334,4.8114648568589126e-32,4.25,4.25
red,300,220.0,7.673287503279033e-32,4.25,4.25
red,300,220.66666666666666,1.2218495545980386e-31,4.25,4.25
red,300,221.33333333333334,1.9426121940813252e-31,4.25,4.25
red,300,222.0,3.0838027952397993e-31,4.25,4.25
red,300,222.66666666666666,4.887864933139217e-31,4.25,4.25
red,300,223.33333333333334,7.735420138285038e-31,4.25,4.25
red,300,224.0,1.2223082091709332e-30,4.25,4.25
red,300,224.66666666666666,1.9284556779841198e-30,4.25,4.25
red,300,225.33333333333334,3.0378806434580934e-30,4.25,4.25
red,300,226.0,4.778194928935848e-30,4.25,4.25
red,300,226.66666666666666,7.503936165386281e-30,4.25,4.25
red,300,227.33333333333334,1.1766478628258906e-29,4.25,4.25
red,300,228.0,1.8421967053122055e-29,4.25,4.25
red,300,228.66666666666666,2.879768677579127e-29,4.25,4.25
red,300,229.33333333333334,4.494809785436668e-29,4.25,4.25
red,300,230.0,7.004822633802458e-29,4.25,4.25
red,300,230.66666666666666,1.0899713439063603e-28,4.25,4.25
red,300,231.33333333333334,1.6934217315327745e-28,4.25,4.25
red,300,232.0,2.626922672206343e-28,4.25,4.25
red,300,232.66666666666666,4.068755194719186e-28,4.25,4.25
red,300,233.33333333333331,6.292278601351479e-28,4.25,4.25
red,300,234.0,9.715976107015792e-28,4.25,4.25
red,300,234.66666666666666,1.4979490583494476e-27,4.25,4.25
red,300,235.33333333333331,2.3058962444343393e-27,4.25,4.25
red,300,236.0,3.544170375944516e-27,4.25,4.25
red,300,236.66666666666666,5.439030972705176e-27,4.25,4.25
red,300,237.33333333333331,8.33413601909707e-27,4.25,4.25
red,300,238.0,1.2750633066836804e-26,4.25,4.25
red,300,238.66666666666666,1.9477581186665522e-26,4.25,4.25
red,300,239.33333333333331,2.970779443190055e-26,4.25,4.25
red,300,240.0,4.524159508121909e-26,4.25,4.25
red,300,240.66666666666666,6.879193384572762e-26,4.25,4.25
red,300,241.33333333333331,1.0444057151713997e-25,4.25,4.25
red,300,242.0,1.5831901260033463e-25,4.25,4.25
red,300,242.66666666666666,2.3962328468538468e-25,4.25,4.25
red,300,243.33333333333331,3.6212380330247096e-25,4.25,4.25
red,300,244.0,5.464082406178825e-25,4.25,4.25
red,300,244.66666666666666,8.232078810259002e-25,4.25,4.25
red,300,245.33333333333331,1.2383229164017169e-24,4.25,4.25
red,300,246.0,1.85990350180324e-24,4.25,4.25
red,300,246.66666666666666,2.789195948504532e-24,4.25,4.25
red,300,247.33333333333331,4.176377533051393e-24,4.25,4.25
red,300,248.0,6.243851814998163e-24,4.25,4.25
red,300,248.66666666666666,9.320464047927565e-24,4.25,4.25
red,300,249.33333333333331,1.3891674390566333e-23,4.25,4.25
red,300,250.0,2.0673012462825933e-23,4.25,4.25
red,300,250.66666666666666,3.0717442159268494e-23,4.25,4.25
red,300,251.33333333333331,4.557203722105763e-23,4.25,4.25
red,300,252.0,6.750624467873712e-23,4.25,4.25
red,300,252.66666666666666,9.98439068613054e-23,4.25,4.25
red,300,253.33333333333331,1.474454228525558e-22,4.25,4.25
red,300,254.0,2.174068059617311e-22,4.25,4.25
red,300,254.66666666666666,3.2007156068672407e-22,4.25,4.25
red,300,255.33333333333331,4.704929832193813e-22,4.25,4.25
red,300,256.0,6.905439517789917e-22,4.25,4.25
red,300,256.6666666666667,1.0119559592265247e-21,4.25,4.25
red,300,257.3333333333333,1.480689546006362e-21,4.25,4.25
red,300,258.0,2.1632091918704543e-21,4.25,4.25
red,300,258.6666666666667,3.1554778840807034e-21,4.25,4.25
red,300,259.3333333333333,4.595829126479463e-21,4.25,4.25
red,300,260.0,6.683357878818157e-21,4.25,4.25
red,300,260.6666666666667,9.704153840647438e-21,4.25,4.25
red,300,261.3333333333333,1.4068660188715557e-20,4.25,4.25
red,300,262.0,2.0364789179139714e-20,4.25,4.25
red,300,262.6666666666667,2.943331705548352e-20,4.25,4.25
red,300,263.3333333333333,4.247472838440256e-20,4.25,4.25
red,300,264.0,6.120038067576383e-20,4.25,4.25
red,300,264.66666666666663,8.804602388996168e-20,4.25,4.25
red,300,265.3333333333333,1.2647290218973624e-19,4.25,4.25
red,300,266.0,1.8139166709652707e-19,4.25,4.25
red,300,266.66666666666663,2.597582151636029e-19,4.25,4.25
red,300,267.3333333333333,3.7140980300024667e-19,4.25,4.25
red,300,268.0,5.302364079680839e-19,4.25,4.25
red,300,268.66666666666663,7.558190580920033e-19,4.25,4.25
red,300,269.3333333333333,1.0757175248203982e-18,4.25,4.25
red,300,270.0,1.5286595041558222e-18,4.25,4.25
red,300,270.66666666666663,2.1689792098434954e-18,4.25,4.25
red,300,271.3333333333333,3.0727846819320113e-18,4.25,4.25
red,300,272.0,4.346512977445904e-18,4.25,4.25
red,300,272.66666666666663,6.1387782205436706e-18,4.25,4.25
red,300,273.3333333333333,8.656752841100749e-18,4.25,4.25
red,300,274.0,1.218877904095838e-17,4.25,4.25
red,300,274.66666666666663,1.713552842605091e-17,4.25,4.25
red,300,275.3333333333333,2.405287037782378e-17,4.25,4.25
red,300,276.0,3.371075128912407e-17,4.25,4.25
red,300,276.66666666666663,4.7173930578284926e-17,4.25,4.25
red,300,277.3333333333333,6.591250347788262e-17,4.25,4.25
red,300,278.0,9.195294910375998e-17,4.25,4.25
red,300,278.66666666666663,1.2808422037276965e-16,4.25,4.25
red,300,279.3333333333333,1.7813846567442364e-16,4.25,4.25
red,300,280.0,2.4737277281435477e-16,4.25,4.25
red,300,280.66666666666663,3.4298742552813587e-16,4.25,4.25
red,300,281.3333333333333,4.748283174708273e-16,4.25,4.250000000000001
red,300,282.0,6.563373746178642e-16,4.25,4.250000000000001
red,300,282.66666666666663,9.058364063434477e-16,4.25,4.250000000000001
red,300,283.3333333333333,1.248258461702303e-15,4.25,4.250000000000001
red,300,284.0,1.7174787709458246e-15,4.25,4.250000000000002
red,300,284.66666666666663,2.359447661527583e-15,4.25,4.250000000000003
red,300,285.3333333333333,3.236394317661302e-15,4.25,4.2500000000000036
red,300,286.0,4.432457942182961e-15,4.25,4.250000000000004
red,300,286.66666666666663,6.061218336995558e-15,4.25,4.250000000000006
red,300,287.3333333333333,8.27574966158002e-15,4.25,4.250000000000008
red,300,288.0,1.1282020199960052e-14,4.25,4.2500000000000115
red,300,288.66666666666663,1.5356721651567172e-14,4.25,4.250000000000015
red,300,289.3333333333333,2.0870952208762792e-14,4.25,4.25000000000002
red,300,290.0,2.8321622268831696e-14,4.25,4.250000000000028
red,300,290.66666666666663,3.8373030632205204e-14,4.25,4.250000000000038
red,300,291.3333333333333,5.191181171875546e-14,4.25,4.2500000000000515
red,300,292.0,7.011943098548264e-14,4.25,4.25000000000007
red,300,292.66666666666663,9.456767066048342e-14,4.25,4.250000000000094
red,300,293.3333333333333,1.2734418318212357e-13,4.25,4.250000000000127
red,300,294.0,1.71217299856549e-13,4.25,4.250000000000171
red,300,294.66666666666663,2.298520000451208e-13,4.25,4.25000000000023
red,300,295.3333333333333,3.080924401371737e-13,4.25,4.250000000000308
red,300,296.0,4.1233092490382687e-13,4.25,4.250000000000412
red,300,296.66666666666663,5.50988945948218e-13,4.25,4.250000000000551
red,300,297.3333333333333,7.351432524562806e-13,4.25,4.250000000000735
red,300,298.0,9.793392855228155e-13,4.25,4.25000000000098
red,300,298.66666666666663,1.3026462353096859e-12,4.25,4.250000000001303
red,300,299.3333333333333,1.7300231420976505e-12,4.25,4.25000000000173
red,300,300.0,2.2940846979236556e-12,4.25,4.250000000002294
red,300,300.66666666666663,3.0373797628863184e-12,4.25,4.250000000003038
red,300,301.3333333333333,4.0153263939050695e-12,4.25,4.2500000000040155
red,300,302.0,5.299986014289493e-12,4.25,4.2500000000053
red,300,302.66666666666663,6.984908238684945e-12,4.25,4.250000000006985
red,300,303.3333333333333,9.19133929440273e-12,4.25,4.250000000009192
red,300,304.0,1.207616401325687e-11,4.25,4.250000000012077
red,300,304.66666666666663,1.5842047784066963e-11,4.25,4.250000000015842
red,300,305.3333333333333,2.075036529498248e-11,4.25,4.2500000000207505
red,300,306.0,2.713765304552335e-11,4.25,4.250000000027137
red,300,306.66666666666663,3.543650942956859e-11,4.25,4.2500000000354365
red,300,307.3333333333333,4.6202098175668355e-11,4.25,4.250000000046202
red,300,308.0,6.014569842222322e-11,4.25,4.250000000060146
red,300,308.66666666666663,7.81771002671097e-11,4.25,4.2500000000781775
red,300,309.3333333333333,1.0145808349357414e-10,4.25,4.250000000101458
red,300,310.0,1.3146975775263346e-10,4.25,4.25000000013147
red,300,310.66666666666663,1.7009720699302416e-10,4.25,4.250000000170097
red,300,311.3333333333333,2.1973569610947085e-10,4.25,4.250000000219735
red,300,312.0,2.834236957273164e-10,4.25,4.250000000283424
red,300,312.66666666666663,3.650092001985948e-10,4.25,4.250000000365009
red,300,313.3333333333333,4.693573001751827e-10,4.25,4.250000000469357
red,300,314.0,6.026087792746076e-10,4.25,4.250000000602609
red,300,314.66666666666663,7.725016994107896e-10,4.25,4.250000000772502
red,300,315.3333333333333,9.887705984419357e-10,4.25,4.250000000988771
red,300,316.0,1.263641138077343e-09,4.25,4.250000001263641
red,300,316.66666666666663,1.6124419170221644e-09,4.25,4.250000001612442
red,300,317.3333333333333,2.0543598305988666e-09,4.25,4.25000000205436
red,300,318.0,2.613370961912736e-09,4.25,4.250000002613371
red,300,318.66666666666663,3.319385704533982e-09,4.25,4.250000003319386
red,300,319.3333333333333,4.2096548450121085e-09,4.25,4.250000004209655
red,300,320.0,5.33049291064942e-09,4.25,4.2500000053304925
red,300,320.66666666666663,6.739386486705614e-09,4.25,4.250000006739387
red,300,321.3333333333333,8.507568742995752e-09,4.25,4.250000008507569
red,300,322.0,1.0723157446171208e-08,4.25,4.2500000107231575
red,300,322.66666666666663,1.3494972688389695e-08,4.25,4.250000013494972
red,300,323.3333333333333,1.695717291367055e-08,4.25,4.2500000169571726
red,300,324.0,2.127487411558034e-08,4.25,4.250000021274874
red,300,324.66666666666663,2.6650947934459547e-08,4.25,4.250000026650948
red,300,325.3333333333333,3.333423050223453e-08,4.25,4.2500000333342305
red,300,326.0,4.162941606175708e-08,4.25,4.250000041629416
red,300,326.66666666666663,5.190895851832254e-08,4.25,4.250000051908959
red,300,327.3333333333333,6.462736116358194e-08,4.25,4.250000064627361
red,300,328.0,8.03383009621531e-08,4.25,4.250000080338301
red,300,328.66666666666663,9.971511024804896e-08,4.25,4.25000009971511
red,300,329.3333333333333,1.2357522681166773e-07,4.25,4.2500001235752265
red,300,330.0,1.5290932467611487e-07,4.25,4.250000152909324
red,300,330.66666666666663,1.8891595401456988e-07,4.25,4.250000188915954
red,300,331.3333333333333,2.3304265144500393e-07,4.25,4.250000233042652
red,300,332.0,2.870346332998811e-07,4.25,4.250000287034633
red,300,332.66666666666663,3.52992356498568e-07,4.25,4.250000352992356
red,300,333.3333333333333,4.334394265835167e-07,4.25,4.250000433439427
red,300,334.0,5.314025526867279e-07,4.25,4.250000531402553
red,300,334.66666666666663,6.505054971613646e-07,4.25,4.2500006505054975
red,300,335.3333333333333,7.950792459367578e-07,4.25,4.250000795079246
red,300,336.0,9.702909370050783e-07,4.25,4.250000970290937
red,300,336.66666666666663,1.1822944315410608e-06,4.25,4.250001182294431
red,300,337.3333333333333,1.4384057977136037e-06,4.25,4.250001438405798
red,300,338.0,1.747307403946664e-06,4.25,4.250001747307404
red,300,338.66666666666663,2.1192847888008303e-06,4.25,4.2500021192847885
red,300,339.3333333333333,2.566500991170066e-06,4.25,4.250002566500991
red,300,340.0,3.103313589260648e-06,4.25,4.250003103313589
red,300,340.66666666666663,3.7466403116240245e-06,4.25,4.250003746640312
red,300,341.3333333333333,4.516379749668908e-06,4.25,4.250004516379749
red,300,342.0,5.435894419310253e-06,4.25,4.250005435894419
red,300,342.66666666666663,6.532564189732142e-06,4.25,4.25000653256419
red,300,343.3333333333333,7.83841891876352e-06,4.25,4.250007838418918
red,300,344.0,9.390860005177673e-06,4.25,4.250009390860005
red,300,344.66666666666663,1.1233481485179901e-05,4.25,4.2500112334814855
red,300,345.3333333333333,1.3417002258877893e-05,4.25,4.2500134170022585
red,300,346.0,1.6000322026452266e-05,4.25,4.250016000322026
red,300,346.66666666666663,1.905171453506214e-05,4.25,4.250019051714535
red,300,347.3333333333333,2.2650172776152656e-05,4.25,4.2500226501727765
red,300,348.0,2.688692181648029e-05,4.25,4.250026886921816
red,300,348.66666666666663,3.186711598003976e-05,4.25,4.25003186711598
red,300,349.3333333333333,3.7711738104683986e-05,4.25,4.250037711738105
red,300,350.0,4.455971955622519e-05,4.25,4.250044559719556
red,300,350.66666666666663,5.257030057084759e-05,4.25,4.2500525703005705
red,300,351.3333333333333,6.192565128711373e-05,4.25,4.250061925651287
red,300,352.0,7.283377449192556e-05,4.25,4.2500728337744915
red,300,352.66666666666663,8.553171160729438e-05,4.25,4.2500855317116075
red,300,353.3333333333333,0.00010028907375015236,4.25,4.2501002890737505
red,300,354.0,0.00011741191976587915,4.25,4.250117411919766
red,300,354.66666666666663,0.0001372470029249231,4.25,4.250137247002925
red,300,355.3333333333333,0.00016018640743485743,4.25,4.2501601864074345
red,300,356.0,0.00018667259500923067,4.25,4.250186672595009
red,300,356.66666666666663,0.0002172038803991335,4.25,4.250217203880399
red,300,357.3333333333333,0.00025234035298137084,4.25,4.250252340352981
red,300,358.0,0.0002927102591556578,4.25,4.2502927102591554
red,300,358.66666666666663,0.00033901685737951106,4.25,4.25033901685738
red,300,359.3333333333333,0.0003920457541111376,4.25,4.250392045754111
red,300,360.0,0.00045267272468780384,4.25,4.250452672724688
red,300,360.66666666666663,0.0005218720181931566,4.25,4.250521872018193
red,300,361.3333333333333,0.0006007251396192463,4.25,4.250600725139619
red,300,362.0,0.000690430096071689,4.25,4.250690430096071
red,300,362.66666666666663,0.0007923110863713833,4.25,4.2507923110863715
red,300,363.3333333333333,0.000907828605153923,4.25,4.250907828605154
red,300,364.0,0.0010385899234510714,4.25,4.251038589923451
red,300,364.66666666666663,0.0011863598977630645,4.25,4.251186359897763
red,300,365.3333333333333,0.0013530720488154778,4.25,4.251353072048816
red,300,366.0,0.001540839839577833,4.25,4.251540839839578
red,300,366.66666666666663,0.0017519680697589072,4.25,4.251751968069759
red,300,367.3333333333333,0.0019889642909607114,4.25,4.251988964290961
red,300,368.0,0.0022545501330679552,4.25,4.252254550133068
red,300,368.66666666666663,0.002551672418393734,4.25,4.252551672418393
red,300,369.3333333333333,0.002883513925738609,4.25,4.252883513925739
red,300,370.0,0.0032535036520201267,4.25,4.2532535036520205
red,300,370.66666666666663,0.0036653264046889933,4.25,4.253665326404689
red,300,371.3333333333333,0.0041229315439841,4.25,4.254122931543984
red,300,372.0,0.004630540680437819,4.25,4.254630540680438
red,300,372.66666666666663,0.005192654120194064,4.25,4.255192654120194
red,300,373.3333333333333,0.005814055838929926,4.25,4.25581405583893
red,300,374.0,0.006499816754789047,4.25,4.256499816754789
red,300,374.66666666666663,0.007255296062064513,4.25,4.257255296062064
red,300,375.3333333333333,0.00808614038074419,4.25,4.258086140380744
red,300,376.0,0.008998280472798142,4.25,4.258998280472798
red,300,376.66666666666663,0.009997925274592574,4.25,4.259997925274592
red,300,377.3333333333333,0.011091552996394487,4.25,4.261091552996395
red,300,378.0,0.012285899044922591,4.25,4.262285899044922
red,300,378.66666666666663,0.013587940533616791,4.25,4.263587940533617
red,300,379.3333333333333,0.015004877158026418,4.25,4.2650048771580265
red,300,380.0,0.01654410823071545,4.25,4.266544108230716
red,300,380.66666666666663,0.018213205691571054,4.25,4.268213205691571
red,300,381.3333333333333,0.02001988293553734,4.25,4.270019882935538
red,300,382.0,0.0219719593306937,4.25,4.271971959330694
red,300,382.66666666666663,0.024077320335305068,4.25,4.274077320335305
red,300,383.3333333333333,0.026343873162947798,4.25,4.276343873162948
red,300,384.0,0.028779497989959144,4.25,4.278779497989959
red,300,384.66666666666663,0.031391994749080804,4.25,4.281391994749081
red,300,385.3333333333333,0.03418902560696491,4.25,4.284189025606965
red,300,386.0,0.03717805328081648,4.25,4.287178053280816
red,300,386.66666666666663,0.04036627541038814,4.25,4.290366275410388
red,300,387.3333333333333,0.043760555265223565,4.25,4.293760555265224
red,300,388.0,0.04736734913281444,4.25,4.297367349132815
red,300,388.66666666666663,0.051192630800429705,4.25,4.30119263080043
red,300,389.3333333333333,0.0552418136109212,4.25,4.305241813610921
red,300,390.0,0.0595196706398946,4.25,4.309519670639895
red,300,390.66666666666663,0.0640302536072592,4.25,4.3140302536072594
red,300,391.3333333333333,0.06877681119924807,4.25,4.318776811199248
red,300,392.0,0.07376170753644251,4.25,4.323761707536443
red,300,392.66666666666663,0.0789863415780164,4.25,4.328986341578016
red,300,393.3333333333333,0.0844510683011504,4.25,4.33445106830115
red,300,394.0,0.0901551225362424,4.25,4.340155122536243
red,300,394.66666666666663,0.09609654637205245,4.25,4.346096546372053
red,300,395.3333333333333,0.10227212106916224,4.25,4.352272121069162
red,300,396.0,0.10867730443414411,4.25,4.358677304434144
red,300,396.66666666666663,0.11530617460973089,4.25,4.365306174609731
red,300,397.3333333333333,0.12215138122722406,4.25,4.372151381227224
red,300,398.0,0.1292041048457726,4.25,4.379204104845773
red,300,398.66666666666663,0.13645402556851255,4.25,4.386454025568512
red,300,399.3333333333333,0.14388930167751537,4.25,4.393889301677516
red,300,400.0,0.15149655906798118,4.25,4.401496559067981
red,300,400.66666666666663,0.1592608921872117,4.25,4.409260892187212
red,300,401.3333333333333,0.1671658770958673,4.25,4.417165877095868
red,300,402.0,0.1751935971684175,4.25,4.425193597168417
red,300,402.66666666666663,0.18332468183729617,4.25,4.433324681837296
red,300,403.3333333333333,0.1915383586619895,4.25,4.441538358661989
red,300,404.0,0.19981251887137358,4.25,4.449812518871374
red,300,404.66666666666663,0.2081237963864785,4.25,4.458123796386478
red,300,405.3333333333333,0.21644766018305497,4.25,4.466447660183055
red,300,406.0,0.22475851970067653,4.25,4.474758519700677
red,300,406.66666666666663,0.23302984284958334,4.25,4.483029842849583
red,300,407.3333333333333,0.24123428601006802,4.25,4.491234286010068
red,300,408.0,0.24934383526414308,4.25,4.499343835264143
red,300,408.66666666666663,0.2573299579477542,4.25,4.507329957947754
red,300,409.3333333333333,0.2651637634661172,4.25,4.515163763466117
red,300,410.0,0.27281617217717224,4.25,4.522816172177173
red,300,410.66666666666663,0.2802580910208824,4.25,4.530258091020882
red,300,411.3333333333333,0.2874605944572108,4.25,4.537460594457211
red,300,412.0,0.29439510917516293,4.25,4.544395109175163
red,300,412.66666666666663,0.3010336009510918,4.25,4.551033600951092
red,300,413.3333333333333,0.3073487619681298,4.25,4.55734876196813
red,300,414.0,0.3133141968615825,4.25,4.563314196861582
red,300,414.66666666666663,0.31890460572852597,4.25,4.568904605728526
red,300,415.3333333333333,0.3240959623344962,4.25,4.574095962334496
red,300,416.0,0.32886568576663566,4.25,4.578865685766636
red,300,416.66666666666663,0.3331928038211595,4.25,4.583192803821159
red,300,417.3333333333333,0.33705810647337725,4.25,4.5870581064733775
red,300,418.0,0.340444287860307,4.25,4.590444287860307
red,300,418.66666666666663,0.3433360753083562,4.25,4.593336075308356
red,300,419.3333333333333,0.3457203440604302,4.25,4.59572034406043
red,300,420.0,0.3475862164967648,4.25,4.597586216496765
red,300,420.66666666666663,0.3489251447999934,4.25,4.598925144799994
red,300,421.3333333333333,0.34973097618542537,4.25,4.599730976185425
red,300,422.0,0.35,4.25,4.6
red,300,422.66666666666663,0.3497309761854254,4.25,4.599730976185425
red,300,423.3333333333333,0.34892514479999354,4.25,4.598925144799994
red,300,424.0,0.3475862164967648,4.25,4.597586216496765
red,300,424.66666666666663,0.34572034406043034,4.25,4.59572034406043
red,300,425.3333333333333,0.3433360753083564,4.25,4.593336075308357
red,300,426.0,0.340444287860307,4.25,4.590444287860307
red,300,426.66666666666663,0.3370581064733776,4.25,4.5870581064733775
red,300,427.3333333333333,0.3331928038211599,4.25,4.58319280382116
red,300,428.0,0.32886568576663566,4.25,4.578865685766636
red,300,428.66666666666663,0.32409596233449667,4.25,4.574095962334496
red,300,429.3333333333333,0.3189046057285264,4.25,4.568904605728527
red,300,430.0,0.3133141968615825,4.25,4.563314196861582
red,300,430.66666666666663,0.3073487619681303,4.25,4.5573487619681305
red,300,431.3333333333333,0.30103360095109233,4.25,4.551033600951092
red,300,432.0,0.29439510917516293,4.25,4.544395109175163
red,300,432.66666666666663,0.28746059445721134,4.25,4.537460594457212
red,300,433.3333333333333,0.280258091020883,4.25,4.530258091020883
red,300,434.0,0.27281617217717224,4.25,4.522816172177173
red,300,434.66666666666663,0.26516376346611786,4.25,4.515163763466118
red,300,435.3333333333333,0.25732995794775493,4.25,4.507329957947755
red,300,436.0,0.24934383526414308,4.25,4.499343835264143
red,300,436.66666666666663,0.24123428601006874,4.25,4.4912342860100685
red,300,437.3333333333333,0.23302984284958406,4.25,4.483029842849584
red,300,438.0,0.22475851970067653,4.25,4.474758519700677
red,300,438.66666666666663,0.2164476601830557,4.25,4.466447660183055
red,300,439.3333333333333,0.20812379638647918,4.25,4.458123796386479
red,300,440.0,0.19981251887137358,4.25,4.449812518871374
red,300,440.66666666666663,0.1915383586619902,4.25,4.44153835866199
red,300,441.3333333333333,0.18332468183729686,4.25,4.433324681837297
red,300,442.0,0.1751935971684175,4.25,4.425193597168417
red,300,442.66666666666663,0.167165877095868,4.25,4.417165877095868
red,300,443.3333333333333,0.15926089218721237,4.25,4.409260892187213
red,300,444.0,0.15149655906798118,4.25,4.401496559067981
red,300,444.66666666666663,0.143889301677516,4.25,4.3938893016775165
red,300,445.3333333333333,0.1364540255685132,4.25,4.386454025568513
red,300,446.0,0.1292041048457726,4.25,4.379204104845773
red,300,446.66666666666663,0.12215138122722467,4.25,4.372151381227225
red,300,447.3333333333333,0.11530617460973144,4.25,4.3653061746097315
red,300,448.0,0.10867730443414411,4.25,4.358677304434144
red,300,448.66666666666663,0.10227212106916278,4.25,4.352272121069163
red,300,449.3333333333333,0.09609654637205299,4.25,4.346096546372053
red,300,450.0,0.0901551225362424,4.25,4.340155122536243
red,300,450.66666666666663,0.08445106830115087,4.25,4.334451068301151
red,300,451.3333333333333,0.07898634157801686,4.25,4.328986341578017
red,300,452.0,0.07376170753644251,4.25,4.323761707536443
red,300,452.66666666666663,0.06877681119924849,4.25,4.318776811199249
red,300,453.3333333333333,0.06403025360725964,4.25,4.3140302536072594
red,300,454.0,0.05951967063989461,4.25,4.309519670639895
red,300,454.66666666666663,0.05524181361092158,4.25,4.305241813610921
red,300,455.3333333333333,0.05119263080043005,4.25,4.30119263080043
red,300,456.0,0.04736734913281447,4.25,4.297367349132815
red,300,456.66666666666663,0.043760555265223926,4.25,4.293760555265224
red,300,457.3333333333333,0.04036627541038849,4.25,4.290366275410388
red,300,458.0,0.03717805328081653,4.25,4.287178053280816
red,300,458.66666666666663,0.03418902560696523,4.25,4.284189025606965
red,300,459.3333333333333,0.03139199474908114,4.25,4.2813919947490815
red,300,460.0,0.028779497989959258,4.25,4.27877949798996
red,300,460.66666666666663,0.026343873162948152,4.25,4.276343873162948
red,300,461.3333333333333,0.024077320335305446,4.25,4.274077320335305
red,300,462.0,0.021971959330693933,4.25,4.271971959330694
red,300,462.66666666666663,0.020019882935537803,4.25,4.270019882935538
red,300,463.3333333333333,0.01821320569157157,4.25,4.268213205691572
red,300,464.0,0.016544108230715927,4.25,4.266544108230716
red,300,464.66666666666663,0.015004877158027159,4.25,4.265004877158027
red,300,465.3333333333333,0.013587940533617664,4.25,4.2635879405336174
red,300,466.0,0.012285899044923564,4.25,4.262285899044923
red,300,466.66666666666663,0.011091552996395825,4.25,4.261091552996396
red,300,467.3333333333333,0.009997925274594213,4.25,4.259997925274594
red,300,468.0,0.008998280472800107,4.25,4.2589982804728
red,300,468.66666666666663,0.008086140380746738,4.25,4.258086140380747
red,300,469.3333333333333,0.007255296062067706,4.25,4.257255296062068
red,300,470.0,0.006499816754792988,4.25,4.256499816754793
red,300,470.66666666666663,0.005814055838934938,4.25,4.255814055838935
red,300,471.3333333333333,0.005192654120200351,4.25,4.255192654120201
red,300,472.0,0.0046305406804456615,4.25,4.254630540680446
red,300,472.66666666666663,0.004122931543993984,4.25,4.254122931543994
red,300,473.3333333333333,0.0036653264047013853,4.25,4.253665326404701
red,300,474.0,0.003253503652035616,4.25,4.253253503652036
red,300,474.66666666666663,0.0028835139257580374,4.25,4.252883513925758
red,300,475.3333333333333,0.002551672418418039,4.25,4.252551672418418
red,300,476.0,0.002254550133098315,4.25,4.252254550133098
red,300,476.66666666666663,0.001988964290998663,4.25,4.251988964290999
red,300,477.3333333333333,0.0017519680698062738,4.25,4.251751968069806
red,300,478.0,0.0015408398396368913,4.25,4.251540839839637
red,300,478.66666666666663,0.001353072048889092,4.25,4.2513530720488895
red,300,479.3333333333333,0.0011863598978547247,4.25,4.251186359897854
red,300,480.0,0.0010385899235650909,4.25,4.251038589923565
red,300,480.66666666666663,0.0009078286052956692,4.25,4.250907828605295
red,300,481.3333333333333,0.0007923110865474367,4.25,4.250792311086547
red,300,482.0,0.0006904300962901599,4.25,4.25069043009629
red,300,482.66666666666663,0.0006007251398901482,4.25,4.25060072513989
red,300,483.3333333333333,0.0005218720185287816,4.25,4.2505218720185285
red,300,484.0,0.00045267272510325895,4.25,4.250452672725103
red,300,484.66666666666663,0.00039204575462499464,4.25,4.250392045754625
red,300,485.3333333333333,0.00033901685801453473,4.25,4.250339016858015
red,300,486.0,0.0002927102599397568,4.25,4.25029271025994
red,300,486.66666666666663,0.0002523403539487385,4.25,4.250252340353949
red,300,487.3333333333333,0.0002172038815915978,4.25,4.250217203881592
red,300,488.0,0.00018667259647793294,4.25,4.250186672596478
red,300,488.66666666666663,0.0001601864092422765,4.25,4.250160186409242
red,300,489.3333333333333,0.00013724700514730327,4.25,4.2501372470051475
red,300,490.0,0.00011741192249619421,4.25,4.2501174119224965
red,300,490.66666666666663,0.0001002890771016801,4.25,4.250100289077102
red,300,491.3333333333333,8.553171571791938e-05,4.25,4.250085531715718
red,300,492.0,7.283377952934223e-05,4.25,4.250072833779529
red,300,492.66666666666663,6.192565745509755e-05,4.25,4.250061925657455
red,300,493.3333333333333,5.257030811679188e-05,4.25,4.2500525703081165
red,300,494.0,4.4559728780220895e-05,4.25,4.250044559728781
red,300,494.66666666666663,3.771174937042491e-05,4.25,4.25003771174937
red,300,495.3333333333333,3.186712972791355e-05,4.25,4.250031867129728
red,300,496.0,2.6886938579274735e-05,4.25,4.2500268869385796
red,300,496.66666666666663,2.265019319787888e-05,4.25,4.2500226501931975
red,300,497.3333333333333,1.905173939348621e-05,4.25,4.250019051739393
red,300,498.0,1.6000352260051846e-05,4.25,4.25001600035226
red,300,498.66666666666663,1.3417038999055488e-05,4.25,4.250013417038999
red,300,499.3333333333333,1.123352609472214e-05,4.25,4.250011233526095
red,300,500.0,9.390914124132912e-06,4.25,4.2500093909141246
red,300,500.66666666666663,7.83848451911513e-06,4.25,4.250007838484519
red,300,501.3333333333333,6.532643640491529e-06,4.25,4.25000653264364
red,300,502.0,5.435990563946552e-06,4.25,4.250005435990564
red,300,502.66666666666663,4.516495998124928e-06,4.25,4.2500045164959985
red,300,503.3333333333333,3.7467807495635334e-06,4.25,4.25000374678075
red,300,504.0,3.103483107653991e-06,4.25,4.250003103483108
red,300,504.66666666666663,2.5667054398589696e-06,4.25,4.25000256670544
red,300,505.3333333333333,2.1195311583083072e-06,4.25,4.250002119531159
red,300,506.0,1.7476040405257278e-06,4.25,4.25000174760404
red,300,506.66666666666663,1.4387626574712134e-06,4.25,4.2500014387626575
red,300,507.3333333333333,1.1827233804540057e-06,4.25,4.250001182723381
red,300,508.0,9.708061047815444e-07,4.25,4.250000970806105
red,300,508.66666666666663,7.956974429924398e-07,4.25,4.250000795697443
red,300,509.3333333333333,6.512467055019083e-07,4.25,4.2500006512467055
red,300,510.0,5.322905032483638e-07,4.25,4.250000532290503
red,300,510.66666666666663,4.3450227761468094e-07,4.25,4.250000434502278
red,300,511.3333333333333,3.542634899079187e-07,4.25,4.25000035426349
red,300,512.0,2.885535885945366e-07,4.25,4.250000288553589
red,300,512.6666666666666,2.3485621998693076e-07,4.25,4.25000023485622
red,300,513.3333333333333,1.910794598908533e-07,4.25,4.25000019107946
red,300,514.0,1.554881225745505e-07,4.25,4.250000155488123
red,300,514.6666666666666,1.2664645198922294e-07,4.25,4.2500001266464515
red,300,515.3333333333333,1.0336972105842481e-07,4.25,4.250000103369721
red,300,516.0,8.468346056228969e-08,4.25,4.25000008468346
red,300,516.6666666666666,6.978921205037755e-08,4.25,4.250000069789212
red,300,517.3333333333333,5.803585157254182e-08,4.25,4.250000058035852
red,300,518.0,4.8895664925884576e-08,4.25,4.250000048895665
red,300,518.6666666666666,4.1944472537891643e-08,4.25,4.250000041944473
red,300,519.3333333333333,3.6845204855211926e-08,4.25,4.250000036845205
red,300,520.0,3.333441885316202e-08,4.25,4.250000033334419
red,300,520.6666666666666,3.1211324550760157e-08,4.25,4.250000031211324
red,300,521.3333333333333,3.032895860258169e-08,4.25,4.250000030328959
red,300,522.0,3.058720140546196e-08,4.25,4.250000030587201
red,300,522.6666666666666,3.192738584736294e-08,4.25,4.250000031927386
red,300,523.3333333333333,3.432829086669014e-08,4.25,4.25000003432829
red,300,524.0,3.780335230722943e-08,4.25,4.2500000378033524
red,300,524.6666666666666,4.2398957974593274e-08,4.25,4.250000042398958
red,300,525.3333333333333,4.8193724064686794e-08,4.25,4.250000048193724
red,300,526.0,5.529867690342703e-08,4.25,4.250000055298677
red,300,526.6666666666666,6.385828779831227e-08,4.25,4.2500000638582875
red,300,527.3333333333333,7.405233028047999e-08,4.25,4.2500000740523305
red,300,528.0,8.60985485773209e-08,4.25,4.250000086098549
red,300,528.6666666666666,1.0025614421664747e-07,4.25,4.250000100256144
red,300,529.3333333333333,1.1683010459502115e-07,4.25,4.250000116830105
red,300,530.0,1.361764134771388e-07,4.25,4.250000136176413
red,300,530.6666666666666,1.587081990282109e-07,4.25,4.2500001587081995
red,300,531.3333333333333,1.8490289038514312e-07,4.25,4.25000018490289
red,300,532.0,2.1531046918748812e-07,4.25,4.250000215310469
red,300,532.6666666666666,2.5056291813633153e-07,4.25,4.250000250562918
red,300,533.3333333333333,2.913849847297211e-07,4.25,4.250000291384985
red,300,534.0,3.3860639502187916e-07,4.25,4.250000338606395
red,300,534.6666666666666,3.93175669741612e-07,4.25,4.25000039317567
red,300,535.3333333333333,4.5617571354151125e-07,4.25,4.250000456175713
red,300,536.0,5.288413676812642e-07,4.25,4.250000528841368
red,300,536.6666666666666,6.125791372147873e-07,4.25,4.250000612579138
red,300,537.3333333333333,7.089893258807694e-07,4.25,4.250000708989326
red,300,538.0,8.198908355103531e-07,4.25,4.250000819890835
red,300,538.6666666666666,9.473489119779506e-07,4.25,4.250000947348912
red,300,539.3333333333333,1.0937061466355363e-06,4.25,4.250001093706147
red,300,540.0,1.2616170708823341e-06,4.25,4.250001261617071
red,300,540.6666666666666,1.4540867121188746e-06,4.25,4.250001454086712
red,300,541.3333333333333,1.6745135118919852e-06,4.25,4.250001674513512
red,300,542.0,1.926737041619018e-06,4.25,4.250001926737042
red,300,542.6666666666666,2.2150909879401153e-06,4.25,4.250002215090988
red,300,543.3333333333333,2.5444619185214022e-06,4.25,4.2500025444619185
red,300,544.0,2.9203543800394926e-06,4.25,4.25000292035438
red,300,544.6666666666666,3.348962923123659e-06,4.25,4.250003348962923
red,300,545.3333333333333,3.837251694194938e-06,4.25,4.250003837251694
red,300,546.0,4.393042281376031e-06,4.25,4.250004393042281
red,300,546.6666666666666,5.0251105508891e-06,4.25,4.250005025110551
red,300,547.3333333333333,5.743293261506375e-06,4.25,4.250005743293261
red,300,548.0,6.55860529753845e-06,4.25,4.250006558605298
red,300,548.6666666666666,7.483368415376251e-06,4.25,4.250007483368416
red,300,549.3333333333333,8.531352454534935e-06,4.25,4.250008531352455
red,300,550.0,9.71793002122528e-06,4.25,4.250009717930022
red,300,550.6666666666666,1.106024571042032e-05,4.25,4.25001106024571
red,300,551.3333333333333,1.257740099083456e-05,4.25,4.250012577400991
red,300,552.0,1.4290655935788734e-05,4.25,4.250014290655936
red,300,552.6666666666666,1.6223649041151987e-05,4.25,4.250016223649041
red,300,553.3333333333333,1.8402636428912826e-05,4.25,4.250018402636429
red,300,554.0,2.085675179083292e-05,4.25,4.2500208567517905
red,300,554.6666666666666,2.3618288480472136e-05,4.25,4.2500236182884805
red,300,555.3333333333333,2.6723005212897417e-05,4.25,4.250026723005213
red,300,556.0,3.0210456878802003e-05,4.25,4.250030210456879
red,300,556.6666666666666,3.412435202274914e-05,4.25,4.250034124352022
red,300,557.3333333333333,3.851293857283596e-05,4.25,4.2500385129385725
red,300,558.0,4.3429419440237785e-05,4.25,4.25004342941944
red,300,558.6666666666666,4.8932399630788766e-05,4.25,4.250048932399631
red,300,559.3333333333333,5.508636652578912e-05,4.25,4.250055086366526
red,300,560.0,6.196220499433629e-05,4.25,4.250061962204994
red,300,560.6666666666666,6.963774899343066e-05,4.25,4.250069637748993
red,300,561.3333333333333,7.81983712934616e-05,4.25,4.250078198371294
red,300,562.0,8.773761293399111e-05,4.25,4.250087737612934
red,300,562.6666666666666,9.835785396660226e-05,4.25,4.250098357853966
red,300,563.3333333333333,0.00011017102697637992,4.25,4.250110171026976
red,300,564.0,0.00012329937478968805,4.25,4.250123299374789
red,300,564.6666666666666,0.00013787625367186947,4.25,4.250137876253672
red,300,565.3333333333333,0.00015404698319255444,4.25,4.250154046983193
red,300,566.0,0.00017196974378676634,4.25,4.2501719697437865
red,300,566.6666666666666,0.00019181652286552427,4.25,4.250191816522865
red,300,567.3333333333333,0.00021377411012843596,4.25,4.2502137741101285
red,300,568.0,0.00023804514250124368,4.25,4.250238045142501
red,300,568.6666666666666,0.0002648491988622271,4.25,4.250264849198862
red,300,569.3333333333333,0.0002944239444312256,4.25,4.250294423944431
red,300,570.0,0.0003270263243724347,4.25,4.250327026324372
red,300,570.6666666666666,0.0003629338058063545,4.25,4.250362933805806
red,300,571.3333333333333,0.0004024456670360471,4.25,4.250402445667036
red,300,572.0,0.0004458843323673909,4.25,4.250445884332367
red,300,572.6666666666666,0.0004935967504422119,4.25,4.2504935967504425
red,300,573.3333333333333,0.0005459558135064345,4.25,4.250545955813506
red,300,574.0,0.0006033618145025808,4.25,4.250603361814503
red,300,574.6666666666666,0.0006662439383080507,4.25,4.250666243938308
red,300,575.3333333333333,0.0007350617828378507,4.25,4.250735061782838
red,300,576.0,0.0008103069050936593,4.25,4.250810306905094
red,300,576.6666666666666,0.0008925043865726965,4.25,4.250892504386573
red,300,577.3333333333333,0.0009822144117510574,4.25,4.250982214411751
red,300,578.0,0.0010800338526291053,4.25,4.251080033852629
red,300,578.6666666666666,0.0011865978515752577,4.25,4.251186597851575
red,300,579.3333333333333,0.001302581393931511,4.25,4.251302581393931
red,300,580.0,0.0014287008610529874,4.25,4.251428700861053
red,300,580.6666666666666,0.001565715553650624,4.25,4.25156571555365
red,300,581.3333333333333,0.0017144291744947016,4.25,4.251714429174495
red,300,582.0,0.0018756912587225333,4.25,4.251875691258722
red,300,582.6666666666666,0.002050398539184248,4.25,4.252050398539184
red,300,583.3333333333333,0.0022394962334616603,4.25,4.252239496233462
red,300,584.0,0.0024439792384133075,4.25,4.252443979238413
red,300,584.6666666666666,0.002664893217344309,4.25,4.252664893217344
red,300,585.3333333333333,0.0029033355641790255,4.25,4.252903335564179
red,300,586.0,0.0031604562283359095,4.25,4.253160456228336
red,300,586.6666666666666,0.003437458383379751,4.25,4.25343745838338
red,300,587.3333333333333,0.003735598921963735,4.25,4.253735598921963
red,300,588.0,0.004056188759081955,4.25,4.2540561887590815
red,300,588.6666666666666,0.00440059292524594,4.25,4.254400592925246
red,300,589.3333333333333,0.0047702304308839,4.25,4.254770230430884
red,300,590.0,0.00516657388304841,4.25,4.255166573883049
red,300,590.6666666666666,0.005591148835422282,4.25,4.255591148835422
red,300,591.3333333333333,0.00604553285264011,4.25,4.2560455328526405
red,300,592.0,0.006531354270103501,4.25,4.256531354270104
red,300,592.6666666666666,0.0070502906307771274,4.25,4.257050290630777
red,300,593.3333333333333,0.007604066780915221,4.25,4.257604066780916
red,300,594.0,0.008194452607291165,4.25,4.258194452607291
red,300,594.6666666666666,0.008823260399302644,4.25,4.258823260399303
red,300,595.3333333333333,0.009492341820301807,4.25,4.259492341820302
red,300,596.0,0.010203584473659775,4.25,4.260203584473659
red,300,596.6666666666666,0.010958908050431149,4.25,4.260958908050431
red,300,597.3333333333333,0.01176026004703385,4.25,4.2617602600470335
red,300,598.0,0.012609611043103383,4.25,4.2626096110431035
red,300,598.6666666666666,0.013508949531630432,4.25,4.26350894953163
red,300,599.3333333333333,0.014460276295636594,4.25,4.264460276295637
red,300,600.0,0.015465598327981478,4.25,4.265465598327982
red,300,600.6666666666666,0.01652692229343291,4.25,4.2665269222934326
red,300,601.3333333333333,0.017646247534854578,4.25,4.267646247534855
red,300,602.0,0.018825558628260897,4.25,4.268825558628261
red,300,602.6666666666666,0.02006681749456252,4.25,4.270066817494563
red,300,603.3333333333333,0.021371955079051406,4.25,4.271371955079052
red,300,604.0,0.02274286261303602,4.25,4.272742862613036
red,300,604.6666666666666,0.0241813824755338,4.25,4.2741813824755335
red,300,605.3333333333333,0.025689298676526688,4.25,4.275689298676527
red,300,606.0,0.0272683269869616,4.25,4.277268326986961
red,300,606.6666666666666,0.028920104744427907,4.25,4.278920104744428
red,300,607.3333333333333,0.03064618036722533,4.25,4.280646180367225
red,300,608.0,0.03244800261331832,4.25,4.282448002613318
red,300,608.6666666666666,0.03432690962444999,4.25,4.28432690962445
red,300,609.3333333333333,0.036284117799409286,4.25,4.2862841177994095
red,300,610.0,0.03832071054407486,4.25,4.288320710544075
red,300,610.6666666666666,0.040437626949389405,4.25,4.290437626949389
red,300,611.3333333333333,0.04263565045179201,4.25,4.292635650451792
red,300,612.0,0.04491539753381618,4.25,4.294915397533816
red,300,612.6666666666666,0.04727730652553903,4.25,4.297277306525539
red,300,613.3333333333333,0.049721626570284186,4.25,4.2997216265702844
red,300,614.0,0.052248406820394694,4.25,4.302248406820395
red,300,614.6666666666666,0.05485748593100502,4.25,4.304857485931005
red,300,615.3333333333333,0.05754848192148523,4.25,4.3075484819214855
red,300,616.0,0.06032078247557436,4.25,4.310320782475574
red,300,616.6666666666666,0.06317353575216456,4.25,4.313173535752164
red,300,617.3333333333333,0.06610564177918554,4.25,4.316105641779186
red,300,618.0,0.06911574450303767,4.25,4.319115744503038
red,300,618.6666666666666,0.0722022245655481,4.25,4.322202224565548
red,300,619.3333333333333,0.075363192879423,4.25,4.325363192879423
red,300,620.0,0.07859648507161751,4.25,4.328596485071618
red,300,620.6666666666666,0.08189965686197462,4.25,4.3318996568619745
red,300,621.3333333333333,0.08526998044184705,4.25,4.335269980441847
red,300,622.0,0.08870444191420242,4.25,4.338704441914202
red,300,622.6666666666666,0.0921997398529698,4.25,4.34219973985297
red,300,623.3333333333333,0.09575228503507664,4.25,4.3457522850350765
red,300,624.0,0.09935820139375419,4.25,4.349358201393755
red,300,624.6666666666666,0.103013328236324,4.25,4.353013328236324
red,300,625.3333333333333,0.10671322376378839,4.25,4.356713223763788
red,300,626.0,0.11045316992315982,4.25,4.36045316992316
red,300,626.6666666666666,0.11422817861665673,4.25,4.364228178616656
red,300,627.3333333333333,0.11803299928465529,4.25,4.368032999284655
red,300,628.0,0.12186212787165458,4.25,4.371862127871655
red,300,628.6666666666666,0.12570981717658608,4.25,4.3757098171765865
red,300,629.3333333333333,0.12957008858057334,4.25,4.379570088580573
red,300,630.0,0.13343674513677936,4.25,4.3834367451367795
red,300,630.6666666666666,0.13730338599837535,4.25,4.387303385998376
red,300,631.3333333333333,0.14116342215193647,4.25,4.391163422151936
red,300,632.0,0.14501009341477666,4.25,4.395010093414776
red,300,632.6666666666666,0.1488364866460005,4.25,4.398836486646
red,300,633.3333333333333,0.15263555511238422,4.25,4.402635555112385
red,300,634.0,0.15640013894167337,4.25,4.406400138941674
red,300,634.6666666666666,0.1601229865876213,4.25,4.410122986587622
red,300,635.3333333333333,0.16379677722310956,4.25,4.4137967772231095
red,300,636.0,0.16741414397005308,4.25,4.417414143970053
red,300,636.6666666666666,0.1709676978676263,4.25,4.420967697867626
red,300,637.3333333333333,0.1744500524736556,4.25,4.424450052473656
red,300,638.0,0.1778538489878796,4.25,4.42785384898788
red,300,638.6666666666666,0.1811717817802884,4.25,4.4311717817802885
red,300,639.3333333333333,0.1843966242029191,4.25,4.434396624202919
red,300,640.0,0.18752125455936428,4.25,4.437521254559364
red,300,640.6666666666666,0.1905386821029317,4.25,4.440538682102932
red,300,641.3333333333333,0.1934420729318722,4.25,4.443442072931872
red,300,642.0,0.1962247756484026,4.25,4.446224775648402
red,300,642.6666666666666,0.19888034664746532,4.25,4.448880346647465
red,300,643.3333333333333,0.2014025749012576,4.25,4.451402574901258
red,300,644.0,0.20378550610655166,4.25,4.453785506106552
red,300,644.6666666666666,0.2060234660637556,4.25,4.456023466063756
red,300,645.3333333333333,0.20811108315948817,4.25,4.458111083159488
red,300,646.0,0.21004330982815914,4.25,4.460043309828159
red,300,646.6666666666666,0.21181544287267076,4.25,4.461815442872671
red,300,647.3333333333333,0.21342314252982722,4.25,4.463423142529828
red,300,648.0,0.21486245017233097,4.25,4.464862450172331
red,300,648.6666666666666,0.21612980454634162,4.25,4.466129804546342
red,300,649.3333333333333,0.21722205645140064,4.25,4.4672220564514005
red,300,650.0,0.21813648177803432,4.25,4.468136481778035
red,300,650.6666666666666,0.2188707928275,4.25,4.4688707928275
red,300,651.3333333333333,0.21942314784784298,4.25,4.469423147847843
red,300,652.0,0.21979215873062882,4.25,4.469792158730629
red,300,652.6666666666666,0.21997689682333443,4.25,4.469976896823335
red,300,653.3333333333333,0.21997689682333446,4.25,4.469976896823335
red,300,654.0,0.21979215873062882,4.25,4.469792158730629
red,300,654.6666666666666,0.21942314784784306,4.25,4.469423147847843
red,300,655.3333333333333,0.2188707928275001,4.25,4.4688707928275
red,300,656.0,0.21813648177803432,4.25,4.468136481778035
red,300,656.6666666666666,0.2172220564514008,4.25,4.4672220564514005
red,300,657.3333333333333,0.2161298045463418,4.25,4.466129804546342
red,300,658.0,0.21486245017233097,4.25,4.464862450172331
red,300,658.6666666666666,0.21342314252982747,4.25,4.463423142529828
red,300,659.3333333333333,0.21181544287267104,4.25,4.461815442872671
red,300,660.0,0.21004330982815914,4.25,4.460043309828159
red,300,660.6666666666666,0.2081110831594885,4.25,4.458111083159489
red,300,661.3333333333333,0.20602346606375596,4.25,4.456023466063756
red,300,662.0,0.20378550610655166,4.25,4.453785506106552
red,300,662.6666666666666,0.201402574901258,4.25,4.451402574901258
red,300,663.3333333333333,0.19888034664746576,4.25,4.448880346647465
red,300,664.0,0.1962247756484026,4.25,4.446224775648402
red,300,664.6666666666666,0.1934420729318727,4.25,4.443442072931873
red,300,665.3333333333333,0.19053868210293223,4.25,4.4405386821029325
red,300,666.0,0.18752125455936428,4.25,4.437521254559364
red,300,666.6666666666666,0.18439662420291963,4.25,4.43439662420292
red,300,667.3333333333333,0.18117178178028895,4.25,4.431171781780289
red,300,668.0,0.1778538489878796,4.25,4.42785384898788
red,300,668.6666666666666,0.1744500524736562,4.25,4.424450052473656
red,300,669.3333333333333,0.1709676978676269,4.25,4.420967697867627
red,300,670.0,0.16741414397005308,4.25,4.417414143970053
red,300,670.6666666666666,0.1637967772231102,4.25,4.41379677722311
red,300,671.3333333333333,0.16012298658762195,4.25,4.410122986587622
red,300,672.0,0.15640013894167337,4.25,4.406400138941674
red,300,672.6666666666666,0.15263555511238486,4.25,4.402635555112385
red,300,673.3333333333333,0.14883648664600113,4.25,4.398836486646001
red,300,674.0,0.14501009341477666,4.25,4.395010093414776
red,300,674.6666666666666,0.14116342215193714,4.25,4.391163422151937
red,300,675.3333333333333,0.13730338599837605,4.25,4.387303385998376
red,300,676.0,0.13343674513677936,4.25,4.3834367451367795
red,300,676.6666666666666,0.129570088580574,4.25,4.379570088580574
red,300,677.3333333333333,0.12570981717658672,4.25,4.3757098171765865
red,300,678.0,0.12186212787165458,4.25,4.371862127871655
red,300,678.6666666666666,0.11803299928465594,4.25,4.368032999284656
red,300,679.3333333333333,0.11422817861665739,4.25,4.364228178616657
red,300,680.0,0.11045316992315982,4.25,4.36045316992316
red,300,680.6666666666666,0.10671322376378903,4.25,4.356713223763789
red,300,681.3333333333333,0.10301332823632463,4.25,4.353013328236325
red,300,682.0,0.09935820139375419,4.25,4.349358201393755
red,300,682.6666666666666,0.09575228503507724,4.25,4.345752285035077
red,300,683.3333333333333,0.09219973985297039,4.25,4.342199739852971
red,300,684.0,0.08870444191420242,4.25,4.338704441914202
red,300,684.6666666666666,0.08526998044184765,4.25,4.335269980441848
red,300,685.3333333333333,0.08189965686197517,4.25,4.331899656861975
red,300,686.0,0.07859648507161751,4.25,4.328596485071618
red,300,686.6666666666666,0.07536319287942356,4.25,4.325363192879424
red,300,687.3333333333333,0.07220222456554863,4.25,4.322202224565548
red,300,688.0,0.06911574450303767,4.25,4.319115744503038
red,300,688.6666666666666,0.06610564177918604,4.25,4.316105641779186
red,300,689.3333333333333,0.06317353575216504,4.25,4.313173535752165
red,300,690.0,0.06032078247557436,4.25,4.310320782475574
red,300,690.6666666666666,0.05754848192148568,4.25,4.3075484819214855
red,300,691.3333333333333,0.054857485931005465,4.25,4.304857485931006
red,300,692.0,0.052248406820394694,4.25,4.302248406820395
red,300,692.6666666666666,0.0497216265702846,4.25,4.2997216265702844
red,300,693.3333333333333,0.047277306525539436,4.25,4.297277306525539
red,300,694.0,0.04491539753381618,4.25,4.294915397533816
red,300,694.6666666666666,0.04263565045179241,4.25,4.292635650451793
red,300,695.3333333333333,0.040437626949389786,4.25,4.29043762694939
red,300,696.0,0.03832071054407486,4.25,4.288320710544075
red,300,696.6666666666666,0.03628411779940962,4.25,4.2862841177994095
red,300,697.3333333333333,0.034326909624450314,4.25,4.2843269096244505
red,300,698.0,0.03244800261331832,4.25,4.282448002613318
red,300,698.6666666666666,0.03064618036722562,4.25,4.280646180367226
red,300,699.3333333333333,0.02892010474442822,4.25,4.2789201047444285
red,300,700.0,0.0272683269869616,4.25,4.277268326986961
red,300,700.6666666666666,0.025689298676526952,4.25,4.275689298676527
red,300,701.3333333333333,0.02418138247553405,4.25,4.274181382475534
red,300,702.0,0.02274286261303602,4.25,4.272742862613036
red,300,702.6666666666666,0.021371955079051635,4.25,4.271371955079052
red,300,703.3333333333333,0.02006681749456273,4.25,4.270066817494563
red,300,704.0,0.018825558628260897,4.25,4.268825558628261
red,300,704.6666666666666,0.01764624753485477,4.25,4.267646247534855
red,300,705.3333333333333,0.0165269222934331,4.25,4.266526922293433
red,300,706.0,0.015465598327981478,4.25,4.265465598327982
red,300,706.6666666666666,0.014460276295636763,4.25,4.264460276295637
red,300,707.3333333333333,0.013508949531630586,4.25,4.263508949531631
red,300,708.0,0.012609611043103383,4.25,4.2626096110431035
red,300,708.6666666666666,0.011760260047033991,4.25,4.261760260047034
red,300,709.3333333333333,0.01095890805043128,4.25,4.260958908050431
red,300,710.0,0.010203584473659775,4.25,4.260203584473659
red,300,710.6666666666666,0.009492341820301922,4.25,4.259492341820302
red,300,711.3333333333333,0.008823260399302755,4.25,4.258823260399303
red,300,712.0,0.008194452607291165,4.25,4.258194452607291
red,300,712.6666666666666,0.007604066780915319,4.25,4.257604066780916
red,300,713.3333333333333,0.007050290630777219,4.25,4.257050290630777
red,300,714.0,0.006531354270103501,4.25,4.256531354270104
red,300,714.6666666666666,0.006045532852640196,4.25,4.2560455328526405
red,300,715.3333333333333,0.005591148835422361,4.25,4.255591148835422
red,300,716.0,0.00516657388304841,4.25,4.255166573883049
red,300,716.6666666666666,0.004770230430883966,4.25,4.254770230430884
red,300,717.3333333333333,0.0044005929252460005,4.25,4.254400592925246
red,300,718.0,0.004056188759081955,4.25,4.2540561887590815
red,300,718.6666666666666,0.0037355989219637876,4.25,4.253735598921963
red,300,719.3333333333333,0.0034374583833798,4.25,4.25343745838338
red,300,720.0,0.0031604562283359095,4.25,4.253160456228336
red,300,720.6666666666666,0.0029033355641790667,4.25,4.252903335564179
red,300,721.3333333333333,0.0026648932173443498,4.25,4.252664893217345
red,300,722.0,0.0024439792384133075,4.25,4.252443979238413
red,300,722.6666666666666,0.002239496233461692,4.25,4.252239496233462
red,300,723.3333333333333,0.0020503985391842794,4.25,4.252050398539184
red,300,724.0,0.0018756912587225333,4.25,4.251875691258722
red,300,724.6666666666666,0.0017144291744947276,4.25,4.251714429174495
red,300,725.3333333333333,0.0015657155536506475,4.25,4.25156571555365
red,300,726.0,0.0014287008610529874,4.25,4.251428700861053
red,300,726.6666666666666,0.0013025813939315318,4.25,4.251302581393931
red,300,727.3333333333333,0.0011865978515752766,4.25,4.251186597851575
red,300,728.0,0.0010800338526291051,4.25,4.251080033852629
red,300,728.6666666666666,0.000982214411751074,4.25,4.250982214411751
red,300,729.3333333333333,0.000892504386572712,4.25,4.250892504386573
red,300,730.0,0.0008103069050936588,4.25,4.250810306905094
red,300,730.6666666666666,0.0007350617828378624,4.25,4.250735061782838
red,300,731.3333333333333,0.0006662439383080609,4.25,4.2506662439383085
red,300,732.0,0.0006033618145025793,4.25,4.250603361814503
red,300,732.6666666666666,0.0005459558135064417,4.25,4.250545955813506
red,300,733.3333333333333,0.0004935967504422172,4.25,4.2504935967504425
red,300,734.0,0.00044588433236738656,4.25,4.250445884332367
red,300,734.6666666666666,0.00040244566703604773,4.25,4.250402445667036
red,300,735.3333333333333,0.00036293380580635227,4.25,4.250362933805806
red,300,736.0,0.0003270263243724225,4.25,4.250327026324372
red,300,736.6666666666666,0.0002944239444312137,4.25,4.250294423944431
red,300,737.3333333333333,0.00026484919886220795,4.25,4.250264849198862
red,300,738.0,0.00023804514250120996,4.25,4.250238045142501
red,300,738.6666666666666,0.00021377411012839278,4.25,4.2502137741101285
red,300,739.3333333333333,0.00019181652286546174,4.25,4.250191816522865
red,300,740.0,0.0001719697437866744,4.25,4.2501719697437865
red,300,740.6666666666666,0.00015404698319242927,4.25,4.250154046983193
red,300,741.3333333333333,0.0001378762536716939,4.25,4.250137876253672
red,300,742.0,0.0001232993747894407,4.25,4.250123299374789
red,300,742.6666666666666,0.00011017102697603898,4.25,4.250110171026976
red,300,743.3333333333333,9.835785396612934e-05,4.25,4.250098357853966
red,300,744.0,8.773761293333477e-05,4.25,4.250087737612933
red,300,744.6666666666666,7.819837129255744e-05,4.25,4.250078198371293
red,300,745.3333333333333,6.963774899218389e-05,4.25,4.250069637748992
red,300,746.0,6.19622049926188e-05,4.25,4.250061962204993
red,300,746.6666666666666,5.5086366523430646e-05,4.25,4.250055086366523
red,300,747.3333333333333,4.893239962755324e-05,4.25,4.250048932399627
red,300,748.0,4.342941943580533e-05,4.25,4.250043429419436
red,300,748.6666666666666,3.851293856677556e-05,4.25,4.250038512938567
red,300,749.3333333333333,3.4124352014474184e-05,4.25,4.250034124352014
red,300,750.0,3.0210456867519982e-05,4.25,4.250030210456868
red,300,750.6666666666666,2.672300519754117e-05,4.25,4.250026723005197
red,300,751.3333333333333,2.3618288459601644e-05,4.25,4.250023618288459
red,300,752.0,2.08567517625113e-05,4.25,4.250020856751762
red,300,752.6666666666666,1.8402636390540218e-05,4.25,4.250018402636391
red,300,753.3333333333333,1.622364898924055e-05,4.25,4.25001622364899
red,300,754.0,1.4290655865669304e-05,4.25,4.250014290655866
red,300,754.6666666666666,1.2577400896267202e-05,4.25,4.250012577400896
red,300,755.3333333333333,1.106024558307639e-05,4.25,4.250011060245583
red,300,756.0,9.71792985000798e-06,4.25,4.25000971792985
red,300,756.6666666666666,8.531352224683102e-06,4.25,4.250008531352225
red,300,757.3333333333333,7.483368107283958e-06,4.25,4.250007483368107
red,300,758.0,6.558604885207525e-06,4.25,4.250006558604885
red,300,758.6666666666666,5.743292710517571e-06,4.25,4.250005743292711
red,300,759.3333333333333,5.025109815745973e-06,4.25,4.250005025109815
red,300,760.0,4.393041302036745e-06,4.25,4.250004393041302
red,300,760.6666666666666,3.837250391548784e-06,4.25,4.250003837250391
red,300,761.3333333333333,3.3489611931005887e-06,4.25,4.250003348961193
red,300,762.0,2.9203520859547948e-06,4.25,4.250002920352086
red,300,762.6666666666666,2.544458881141703e-06,4.25,4.250002544458881
red,300,763.3333333333333,2.2150869726137765e-06,4.25,4.2500022150869725
red,300,764.0,1.9267317416330038e-06,4.25,4.250001926731741
red,300,764.6666666666666,1.6745065269837824e-06,4.25,4.250001674506527
red,300,765.3333333333333,1.4540775207796112e-06,4.25,4.250001454077521
red,300,766.0,1.2616049947183208e-06,4.25,4.250001261604995
red,300,766.6666666666666,1.0936903045877813e-06,4.25,4.2500010936903045
red,300,767.3333333333333,9.473281616126806e-07,4.25,4.250000947328162
red,300,768.0,8.198636978573076e-07,4.25,4.250000819863698
red,300,768.6666666666666,7.089538893713587e-07,4.25,4.250000708953889
red,300,769.3333333333333,6.12532935116628e-07,4.25,4.2500006125329355
red,300,770.0,5.28781221982842e-07,4.25,4.250000528781222
red,300,770.6666666666666,4.560975364412548e-07,4.25,4.250000456097537
red,300,771.3333333333333,3.930742116581275e-07,4.25,4.250000393074211
red,300,772.0,3.3847492526412654e-07,4.25,4.250000338474925
red,300,772.6666666666666,2.912148875227363e-07,4.25,4.250000291214888
red,300,773.3333333333333,2.503431824402292e-07,4.25,4.250000250343183
red,300,774.0,2.150270454917608e-07,4.25,4.250000215027045
red,300,774.6666666666666,1.8453788118494877e-07,4.25,4.250000184537881
red,300,775.3333333333333,1.5823884172803937e-07,4.25,4.250000158238842
red,300,776.0,1.355738046978642e-07,4.25,4.250000135573805
red,300,776.6666666666666,1.1605760289561364e-07,4.25,4.250000116057603
red,300,777.3333333333333,9.926737361820832e-08,4.25,4.250000099267374
red,300,778.0,8.483490743924356e-08,4.25,4.250000084834907
red,300,778.6666666666666,7.243988836345956e-08,4.25,4.250000072439889
red,300,779.3333333333333,6.18039279677149e-08,4.25,4.250000061803928
red,300,780.0,5.26853059415143e-08,4.25,4.250000052685306
red,300,780.6666666666666,4.4874338360154026e-08,4.25,4.250000044874338
red,300,781.3333333333333,3.818930312958218e-08,4.25,4.250000038189303
red,300,782.0,3.2472859396580006e-08,4.25,4.250000032472859
red,300,782.6666666666666,2.758890437998512e-08,4.25,4.2500000275889045
red,300,783.3333333333333,2.3419817104367755e-08,4.25,4.250000023419817
red,300,784.0,1.9864043959290755e-08,4.25,4.250000019864044
red,300,784.6666666666666,1.6833985914191833e-08,4.25,4.250000016833986
red,300,785.3333333333333,1.4254151637089725e-08,4.25,4.250000014254152
red,300,786.0,1.2059544737581683e-08,4.25,4.2500000120595445
red,300,786.6666666666666,1.0194256920751756e-08,4.25,4.250000010194257
red,300,787.3333333333333,8.610242035656793e-09,4.25,4.250000008610242
red,300,788.0,7.266248864127493e-09,4.25,4.250000007266249
red,300,788.6666666666666,6.1268930542174265e-09,4.25,4.250000006126893
red,300,789.3333333333333,5.161850886794361e-09,4.25,4.2500000051618505
red,300,790.0,4.34515960013658e-09,4.25,4.25000000434516
red,300,790.6666666666666,3.654610810372598e-09,4.25,4.250000003654611
red,300,791.3333333333333,3.071225177552907e-09,4.25,4.250000003071225
red,300,792.0,2.578797898435635e-09,4.25,4.250000002578798
red,300,792.6666666666666,2.1635058762760705e-09,4.25,4.250000002163506
red,300,793.3333333333333,1.8135685419223161e-09,4.25,4.250000001813569
red,300,794.0,1.5189552946555563e-09,4.25,4.250000001518956
red,300,794.6666666666666,1.2711334093437757e-09,4.25,4.250000001271133
red,300,795.3333333333333,1.0628510311565765e-09,4.25,4.250000001062851
red,300,796.0,8.879505616358223e-10,4.25,4.25000000088795
red,300,796.6666666666666,7.412083405308958e-10,4.25,4.250000000741208
red,300,797.3333333333333,6.181970556679561e-10,4.25,4.250000000618197
red,300,798.0,5.151677764661923e-10,4.25,4.2500000005151675
red,300,798.6666666666666,4.2894891292379685e-10,4.25,4.250000000428949
red,300,799.3333333333333,3.568597575842783e-10,4.25,4.250000000356859
red,300,800.0,2.9663657906370655e-10,4.25,4.2500000002966365
red,350,200.0,1.5824145528092885e-37,4.85,4.85
red,350,200.66666666666666,2.6265732766162098e-37,4.85,4.85
red,350,201.33333333333334,4.353022238795548e-37,4.85,4.85
red,350,202.0,7.203181567315514e-37,4.85,4.85
red,350,202.66666666666666,1.1901177967547692e-36,4.85,4.85
red,350,203.33333333333334,1.963304439890409e-36,4.85,4.85
red,350,204.0,3.233832038249188e-36,4.85,4.85
red,350,204.66666666666666,5.318380207671105e-36,4.85,4.85
red,350,205.33333333333334,8.733200183940368e-36,4.85,4.85
red,350,206.0,1.4318567146694662e-35,4.85,4.85
red,350,206.66666666666666,2.3440011327332767e-35,4.85,4.85
red,350,207.33333333333334,3.831317872072672e-35,4.85,4.85
red,350,208.0,6.252744246682717e-35,4.85,4.85
red,350,208.66666666666666,1.0188852064202435e-34,4.85,4.85
red,350,209.33333333333334,1.6577229859858256e-34,4.85,4.85
red,350,210.0,2.6929654018605757e-34,4.85,4.85
red,350,210.66666666666666,4.367990646328575e-34,4.85,4.85
red,350,211.33333333333334,7.073994814177826e-34,4.85,4.85
red,350,212.0,1.1438784706049926e-33,4.85,4.85
red,350,212.66666666666666,1.8468309604657923e-33,4.85,4.85
red,350,213.33333333333334,2.9771897730687148e-33,4.85,4.85
red,350,214.0,4.792013159184999e-33,4.85,4.85
red,350,214.66666666666666,7.701256653539915e-33,4.85,4.85
red,350,215.33333333333334,1.2357690201581633e-32,4.85,4.85
red,350,216.0,1.9799085068877788e-32,4.85,4.85
red,350,216.66666666666666,3.167269737620314e-32,4.85,4.85
red,350,217.33333333333334,5.058911620925942e-32,4.85,4.85
red,350,218.0,8.067913717733383e-32,4.85,4.85
red,350,218.66666666666666,1.284687531691652e-31,4.85,4.85
red,350,219.33333333333334,2.0425179640626504e-31,4.85,4.85
red,350,220.0,3.2423983675664174e-31,4.85,4.85
red,350,220.66666666666666,5.139240843986378e-31,4.85,4.85
red,350,221.33333333333334,8.13324174539684e-31,4.85,4.85
red,350,222.0,1.2851697742140099e-30,4.85,4.85
red,350,222.66666666666666,2.02763339856616e-30,4.85,4.85
red,350,223.33333333333334,3.194114505121652e-30,4.85,4.85
red,350,224.0,5.023930668138263e-30,4.85,4.85
red,350,224.66666666666666,7.88985288246329e-30,4.85,4.85
red,350,225.33333333333334,1.237161181485508e-29,4.85,4.85
red,350,226.0,1.9369382501568335e-29,4.85,4.85
red,350,226.66666666666666,3.0278710667117677e-29,4.85,4.85
red,350,227.33333333333334,4.72597143154484e-29,4.85,4.85
red,350,228.0,7.365070654969442e-29,4.85,4.85
red,350,228.66666666666666,1.1460270130215447e-28,4.85,4.85
red,350,229.33333333333334,1.780511992011603e-28,4.85,4.85
red,350,230.0,2.762021552491241e-28,4.85,4.85
red,350,230.66666666666666,4.278005461876173e-28,4.85,4.85
red,350,231.33333333333334,6.615881500849696e-28,4.85,4.85
red,350,232.0,1.0215654878233747e-27,4.85,4.85
red,350,232.66666666666666,1.5749864384931336e-27,4.85,4.85
red,350,233.33333333333331,2.4244851941481056e-27,4.85,4.85
red,350,234.0,3.726441995278805e-27,4.85,4.85
red,350,234.66666666666666,5.718752565587157e-27,4.85,4.85
red,350,235.33333333333331,8.762748728650633e-27,4.85,4.85
red,350,236.0,1.3406379910274127e-26,4.85,4.85
red,350,236.66666666666666,2.0479285361979749e-26,4.85,4.85
red,350,237.33333333333331,3.123562385982686e-26,4.85,4.85
red,350,238.0,4.7568305685396075e-26,4.85,4.85
red,350,238.66666666666666,7.232980472922218e-26,4.85,4.85
red,350,239.33333333333331,1.0981180090945004e-25,4.85,4.85
red,350,240.0,1.6646113324835186e-25,4.85,4.85
red,350,240.66666666666666,2.519467678977759e-25,4.85,4.85
red,350,241.33333333333331,3.8074731318659807e-25,4.85,4.85
red,350,242.0,5.745092358496593e-25,4.85,4.85
red,350,242.66666666666666,8.655442863358036e-25,4.85,4.85
red,350,243.33333333333331,1.3020080949595195e-24,4.85,4.85
red,350,244.0,1.955555681895978e-24,4.85,4.85
red,350,244.66666666666666,2.9326403115704796e-24,4.85,4.85
red,350,245.33333333333331,4.391162663322608e-24,4.85,4.85
red,350,246.0,6.564964194055212e-24,4.85,4.85
red,350,246.66666666666666,9.79980219896384e-24,4.85,4.85
red,350,247.33333333333331,1.460610335922403e-23,4.85,4.85
red,350,248.0,2.1736195960914125e-23,4.85,4.85
red,350,248.66666666666666,3.229719632745945e-23,4.85,4.85
red,350,249.33333333333331,4.7915741992426314e-23,4.85,4.85
red,350,250.0,7.097799440507218e-23,4.85,4.85
red,350,250.66666666666666,1.0497873635702968e-22,4.85,4.85
red,350,251.33333333333331,1.550283303135444e-22,4.85,4.85
red,350,252.0,2.2858772741119154e-22,4.85,4.85
red,350,252.66666666666666,3.365323838077556e-22,4.85,4.85
red,350,253.33333333333331,4.94689765213521e-22,4.85,4.85
red,350,254.0,7.260576407276256e-22,4.85,4.85
red,350,254.66666666666666,1.063999408558152e-21,4.85,4.85
red,350,255.33333333333331,1.5568392940866891e-21,4.85,4.85
red,350,256.0,2.2744599503095064e-21,4.85,4.85
red,350,256.6666666666667,3.3177596038334258e-21,4.85,4.85
red,350,257.3333333333333,4.8321860529841214e-21,4.85,4.85
red,350,258.0,7.027073426871662e-21,4.85,4.85
red,350,258.6666666666667,1.020322460959502e-20,4.85,4.85
red,350,259.3333333333333,1.4792191284135214e-20,4.85,4.85
red,350,260.0,2.1412121194066902e-20,4.85,4.85
red,350,260.6666666666667,3.094703050405125e-20,4.85,4.85
red,350,261.3333333333333,4.465914298702898e-20,4.85,4.85
red,350,262.0,6.434782882480313e-20,4.85,4.85
red,350,262.6666666666667,9.257410511859092e-20,4.85,4.85
red,350,263.3333333333333,1.3297722287377983e-19,4.85,4.85
red,350,264.0,1.9072038140434848e-19,4.85,4.85
red,350,264.66666666666663,2.731172090863025e-19,4.85,4.85
red,350,265.3333333333333,3.9051087858311654e-19,4.85,4.85
red,350,266.0,5.575057089492997e-19,4.85,4.85
red,350,266.66666666666663,7.946897525081635e-19,4.85,4.85
red,350,267.3333333333333,1.1310401403825901e-18,4.85,4.85
red,350,268.0,1.6072762786552645e-18,4.85,4.85
red,350,268.66666666666663,2.2805267120640184e-18,4.85,4.85
red,350,269.3333333333333,3.230813608431372e-18,4.85,4.85
red,350,270.0,4.570047930571694e-18,4.85,4.85
red,350,270.66666666666663,6.45448681474306e-18,4.85,4.85
red,350,271.3333333333333,9.101957272928789e-18,4.85,4.85
red,350,272.0,1.2815630534493382e-17,4.85,4.85
red,350,272.66666666666663,1.8016784173676387e-17,4.85,4.85
red,350,273.3333333333333,2.528987514011186e-17,4.85,4.85
red,350,274.0,3.54444470697076e-17,4.85,4.85
red,350,274.66666666666663,4.960001843659673e-17,4.85,4.85
red,350,275.3333333333333,6.930228937103087e-17,4.85,4.85
red,350,276.0,9.66819579148105e-17,4.85,4.85
red,350,276.66666666666663,1.3467140884908354e-16,4.85,4.85
red,350,277.3333333333333,1.8729987248053686e-16,4.85,4.85
red,350,278.0,2.600948011305216e-16,4.85,4.85
red,350,278.66666666666663,3.6062677884101147e-16,4.85,4.85
red,350,279.3333333333333,4.992480595121842e-16,4.85,4.8500000000000005
red,350,280.0,6.900918681696401e-16,4.85,4.8500000000000005
red,350,280.66666666666663,9.524222786696821e-16,4.85,4.8500000000000005
red,350,281.3333333333333,1.3124546111612788e-15,4.85,4.8500000000000005
red,350,282.0,1.805806250594467e-15,4.85,4.850000000000001
red,350,282.66666666666663,2.48079068412043e-15,4.85,4.850000000000002
red,350,283.3333333333333,3.402837453998169e-15,4.85,4.850000000000003
red,350,284.0,4.660412922066657e-15,4.85,4.850000000000004
red,350,284.66666666666663,6.3729381371839016e-15,4.85,4.850000000000006
red,350,285.3333333333333,8.701359644175564e-15,4.85,4.8500000000000085
red,350,286.0,1.1862238381672283e-14,4.85,4.850000000000011
red,350,286.66666666666663,1.6146495907933485e-14,4.85,4.850000000000016
red,350,287.3333333333333,2.194431546521345e-14,4.85,4.850000000000022
red,350,288.0,2.977816284265733e-14,4.85,4.85000000000003
red,350,288.66666666666663,4.034650077900433e-14,4.85,4.85000000000004
red,350,289.3333333333333,5.458156203572003e-14,4.85,4.850000000000054
red,350,290.0,7.372557315045033e-14,4.85,4.850000000000073
red,350,290.66666666666663,9.943115086587972e-14,4.85,4.850000000000099
red,350,291.3333333333333,1.3389331260291852e-13,4.85,4.850000000000134
red,350,292.0,1.8002276099202867e-13,4.85,4.85000000000018
red,350,292.66666666666663,2.416729600474413e-13,4.85,4.850000000000241
red,350,293.3333333333333,3.239371942013712e-13,4.85,4.850000000000324
red,350,294.0,4.335365153274523e-13,4.85,4.850000000000433
red,350,294.66666666666663,5.793255203112692e-13,4.85,4.850000000000579
red,350,295.3333333333333,7.729506197254607e-13,4.85,4.850000000000772
red,350,296.0,1.0297053059211319e-12,4.85,4.850000000001029
red,350,296.66666666666663,1.3696394702684699e-12,4.85,4.850000000001369
red,350,297.3333333333333,1.8189957608341013e-12,4.85,4.850000000001819
red,350,298.0,2.4120661966740155e-12,4.85,4.850000000002412
red,350,298.66666666666663,3.193587864977615e-12,4.85,4.8500000000031935
red,350,299.3333333333333,4.221828894163045e-12,4.85,4.850000000004221
red,350,300.0,5.57255672359581e-12,4.85,4.850000000005572
red,350,300.66666666666663,7.344132090960171e-12,4.85,4.850000000007344
red,350,301.3333333333333,9.664036743829156e-12,4.85,4.850000000009664
red,350,302.0,1.2697223876795796e-11,4.85,4.850000000012697
red,350,302.66666666666663,1.6656781670104695e-11,4.85,4.8500000000166565
red,350,303.3333333333333,2.1817526938724437e-11,4.85,4.850000000021817
red,350,304.0,2.8533303773578838e-11,4.85,4.850000000028533
red,350,304.66666666666663,3.72589584859464e-11,4.85,4.850000000037259
red,350,305.3333333333333,4.8578206081845586e-11,4.85,4.850000000048578
red,350,306.0,6.323890576965184e-11,4.85,4.850000000063239
red,350,306.66666666666663,8.219763685227535e-11,4.85,4.850000000082197
red,350,307.3333333333333,1.0667592778752938e-10,4.85,4.850000000106675
red,350,308.0,1.3823105957991177e-10,4.85,4.85000000013823
red,350,308.66666666666663,1.788450633526654e-10,4.85,4.850000000178845
red,350,309.3333333333333,2.3103638905224363e-10,4.85,4.850000000231036
red,350,310.0,2.979997715075784e-10,4.85,4.8500000002979995
red,350,310.66666666666663,3.83781101923094e-10,4.85,4.850000000383781
red,350,311.3333333333333,4.934956756127636e-10,4.85,4.8500000004934956
red,350,312.0,6.33600087923016e-10,4.85,4.8500000006335995
red,350,312.66666666666663,8.122303582376302e-10,4.85,4.85000000081223
red,350,313.3333333333333,1.0396216577903782e-09,4.85,4.850000001039621
red,350,314.0,1.328628396607035e-09,4.85,4.850000001328628
red,350,314.66666666666663,1.6953675013261615e-09,4.85,4.850000001695367
red,350,315.3333333333333,2.1600126218868084e-09,4.85,4.850000002160012
red,350,316.0,2.7477728970968194e-09,4.85,4.850000002747772
red,350,316.66666666666663,3.490096969338587e-09,4.85,4.850000003490097
red,350,317.3333333333333,4.426151379898445e-09,4.85,4.850000004426151
red,350,318.0,5.6046325460542475e-09,4.85,4.850000005604632
red,350,318.66666666666663,7.085983506021904e-09,4.85,4.850000007085983
red,350,319.3333333333333,8.945100849778392e-09,4.85,4.8500000089451
red,350,320.0,1.1274634114831442e-08,4.85,4.850000011274633
red,350,320.66666666666663,1.4188999855221167e-08,4.85,4.850000014189
red,350,321.3333333333333,1.7829256092087893e-08,4.85,4.850000017829256
red,350,322.0,2.2369010498667328e-08,4.85,4.85000002236901
red,350,322.66666666666663,2.802156811394604e-08,4.85,4.850000028021568
red,350,323.3333333333333,3.504856235663517e-08,4.85,4.850000035048562
red,350,324.0,4.377035745921888e-08,4.85,4.850000043770357
red,350,324.66666666666663,5.4578562099264844e-08,4.85,4.850000054578562
red,350,325.3333333333333,6.79510540234233e-08,4.85,4.850000067951053
red,350,326.0,8.446998501163528e-08,4.85,4.850000084469984
red,350,326.66666666666663,1.0484331591794862e-07,4.85,4.850000104843316
red,350,327.3333333333333,1.299305241905535e-07,4.85,4.850000129930524
red,350,328.0,1.6077323280231506e-07,4.85,4.850000160773233
red,350,328.66666666666663,1.986316316496049e-07,4.85,4.850000198631632
red,350,329.3333333333333,2.4502770209074703e-07,4.85,4.850000245027702
red,350,330.0,3.017964144410178e-07,4.85,4.850000301796414
red,350,330.66666666666663,3.711462491184944e-07,4.85,4.8500003711462485
red,350,331.3333333333333,4.5573059709352616e-07,4.85,4.850000455730597
red,350,332.0,5.587318268249025e-07,4.85,4.850000558731827
red,350,332.66666666666663,6.839600655868063e-07,4.85,4.850000683960065
red,350,333.3333333333333,8.359690357277911e-07,4.85,4.850000835969035
red,350,334.0,1.0201916137653393e-06,4.85,4.8500010201916135
red,350,334.66666666666663,1.2430981451631726e-06,4.85,4.850001243098145
red,350,335.3333333333333,1.512380953024589e-06,4.85,4.850001512380953
red,350,336.0,1.8371689275782067e-06,4.85,4.850001837168927
red,350,336.66666666666663,2.2282765779391588e-06,4.85,4.850002228276578
red,350,337.3333333333333,2.698492470715955e-06,4.85,4.85000269849247
red,350,338.0,3.262912573851196e-06,4.85,4.8500032629125736
red,350,338.66666666666663,3.939324670507546e-06,4.85,4.8500039393246706
red,350,339.3333333333333,4.7486507082233095e-06,4.85,4.850004748650708
red,350,340.0,5.715454703731923e-06,4.85,4.850005715454703
red,350,340.66666666666663,6.868524633775509e-06,4.85,4.850006868524633
red,350,341.3333333333333,8.241537606014215e-06,4.85,4.850008241537606
red,350,342.0,9.873818519729667e-06,4.85,4.85000987381852
red,350,342.66666666666663,1.1811203390132011e-05,4.85,4.85001181120339
red,350,343.3333333333333,1.41070195179059e-05,4.85,4.8500141070195175
red,350,344.0,1.6823195730669812e-05,4.85,4.85001682319573
red,350,344.66666666666663,2.003151699686534e-05,4.85,4.850020031516997
red,350,345.3333333333333,2.381503880464051e-05,4.85,4.850023815038805
red,350,346.0,2.826967779561356e-05,4.85,4.850028269677796
red,350,346.66666666666663,3.350599623044181e-05,4.85,4.8500335059962305
red,350,347.3333333333333,3.9651198921496303e-05,4.85,4.850039651198921
red,350,348.0,4.685136227625963e-05,4.85,4.850046851362276
red,350,348.66666666666663,5.527391602877689e-05,4.85,4.850055273916029
red,350,349.3333333333333,6.511039906759386e-05,4.85,4.8500651103990675
red,350,350.0,7.657951146579603e-05,4.85,4.850076579511465
red,350,350.66666666666663,8.99304853470981e-05,4.85,4.850089930485347
red,350,351.3333333333333,0.00010544679754301735,4.85,4.850105446797543
red,350,352.0,0.00012345024706812436,4.85,4.850123450247068
red,350,352.66666666666663,0.00014430542021820486,4.85,4.850144305420218
red,350,353.3333333333333,0.00016842456553150726,4.85,4.850168424565531
red,350,354.0,0.0001962728998954197,4.85,4.850196272899895
red,350,354.66666666666663,0.00022837436567680323,4.85,4.850228374365677
red,350,355.3333333333333,0.00026531785684898423,4.85,4.850265317856849
red,350,356.0,0.0003077639296265202,4.85,4.850307763929626
red,350,356.66666666666663,0.0003564520100447431,4.85,4.850356452010044
red,350,357.3333333333333,0.00041220810717971043,4.85,4.850412208107179
red,350,358.0,0.00047595303624317663,4.85,4.850475953036243
red,350,358.66666666666663,0.0005487111505573761,4.85,4.850548711150557
red,350,359.3333333333333,0.0006316195753710933,4.85,4.8506316195753705
red,350,360.0,0.0007259379295839473,4.85,4.8507259379295835
red,350,360.66666666666663,0.0008330585136704831,4.85,4.85083305851367
red,350,361.3333333333333,0.000954516933418982,4.85,4.8509545169334185
red,350,362.0,0.0010920031195142694,4.85,4.851092003119514
red,350,362.66666666666663,0.001247372692505165,4.85,4.851247372692505
red,350,363.3333333333333,0.0014226586113259881,4.85,4.851422658611326
red,350,364.0,0.0016200830313275504,4.85,4.851620083031327
red,350,364.66666666666663,0.0018420692847750796,4.85,4.851842069284775
red,350,365.3333333333333,0.0020912538830672625,4.85,4.852091253883067
red,350,366.0,0.002370498425625736,4.85,4.852370498425626
red,350,366.66666666666663,0.0026829012856254123,4.85,4.852682901285625
red,350,367.3333333333333,0.0030318089276337376,4.85,4.853031808927633
red,350,368.0,0.0034208266969811617,4.85,4.853420826696981
red,350,368.66666666666663,0.0038538289055015705,4.85,4.8538538289055015
red,350,369.3333333333333,0.004334968023388997,4.85,4.854334968023388
red,350,370.0,0.004868682772574621,4.85,4.854868682772574
red,350,370.66666666666663,0.005459704903518331,4.85,4.855459704903518
red,350,371.3333333333333,0.006113064424932036,4.85,4.856113064424932
red,350,372.0,0.00683409304503534,4.85,4.856834093045035
red,350,372.66666666666663,0.007628425573827831,4.85,4.857628425573828
red,350,373.3333333333333,0.008501999028896748,4.85,4.8585019990288965
red,350,374.0,0.00946104918282776,4.85,4.859461049182827
red,350,374.66666666666663,0.010512104288714479,4.85,4.8605121042887145
red,350,375.3333333333333,0.011661975721923347,4.85,4.861661975721923
red,350,376.0,0.01291774528151861,4.85,4.862917745281519
red,350,376.66666666666663,0.014286748903917084,4.85,4.8642867489039165
red,350,377.3333333333333,0.015776556554724923,4.85,4.865776556554724
red,350,378.0,0.017394948082580818,4.85,4.86739494808258
red,350,378.66666666666663,0.01914988484142328,4.85,4.8691498848414225
red,350,379.3333333333333,0.021049476915079263,4.85,4.871049476915079
red,350,380.0,0.02310194581055795,4.85,4.873101945810558
red,350,380.66666666666663,0.0253155825239779,4.85,4.875315582523977
red,350,381.3333333333333,0.027698700925613686,4.85,4.877698700925613
red,350,382.0,0.030259586458014187,4.85,4.880259586458013
red,350,382.66666666666663,0.03300644019331924,4.85,4.883006440193319
red,350,383.3333333333333,0.03594731835246596,4.85,4.885947318352466
red,350,384.0,0.039090067449544186,4.85,4.889090067449544
red,350,384.66666666666663,0.042442255288636675,4.85,4.892442255288636
red,350,385.3333333333333,0.04601109810743506,4.85,4.896011098107435
red,350,386.0,0.04980338423107347,4.85,4.899803384231073
red,350,386.66666666666663,0.05382539467016609,4.85,4.903825394670165
red,350,387.3333333333333,0.0580828211680543,4.85,4.908082821168054
red,350,388.0,0.06258068227280347,4.85,4.912580682272803
red,350,388.66666666666663,0.06732323807848967,4.85,4.917323238078489
red,350,389.3333333333333,0.07231390434663797,4.85,4.9223139043466375
red,350,390.0,0.07755516678117384,4.85,4.927555166781174
red,350,390.66666666666663,0.08304849628774297,4.85,4.933048496287743
red,350,391.3333333333333,0.08879426609949527,4.85,4.938794266099495
red,350,392.0,0.09479167169524916,4.85,4.944791671695249
red,350,392.66666666666663,0.10103865447118657,4.85,4.951038654471186
red,350,393.3333333333333,0.10753183015271917,4.85,4.9575318301527185
red,350,394.0,0.1142664229479001,4.85,4.9642664229479
red,350,394.66666666666663,0.12123620644680276,4.85,4.971236206446802
red,350,395.3333333333333,0.12843345226176703,4.85,4.978433452261767
red,350,396.0,0.13584888738069806,4.85,4.985848887380698
red,350,396.66666666666663,0.14347166116917892,4.85,4.9934716611691785
red,350,397.3333333333333,0.15128932290664476,4.85,5.001289322906644
red,350,398.0,0.15928781067719164,4.85,5.009287810677192
red,350,398.66666666666663,0.16745145235683973,4.85,5.017451452356839
red,350,399.3333333333333,0.17576297934651192,4.85,5.025762979346512
red,350,400.0,0.18420355359422186,4.85,5.034203553594222
red,350,400.66666666666663,0.19275280833178568,4.85,5.042752808331786
red,350,401.3333333333333,0.20138890282174898,4.85,5.051388902821748
red,350,402.0,0.2100885912704728,4.85,5.060088591270472
red,350,402.66666666666663,0.21882730591492597,4.85,5.068827305914926
red,350,403.3333333333333,0.2275792541353264,4.85,5.077579254135326
red,350,404.0,0.23631752928528277,4.85,5.0863175292852825
red,350,404.66666666666663,0.24501423476756193,4.85,5.095014234767562
red,350,405.3333333333333,0.2536406207191573,4.85,5.1036406207191565
red,350,406.0,0.26216723250629903,4.85,5.112167232506299
red,350,406.66666666666663,0.2705640700707816,4.85,5.120564070070781
red,350,407.3333333333333,0.2788007570158032,4.85,5.128800757015803
red,350,408.0,0.2868467181748554,4.85,5.136846718174855
red,350,408.66666666666663,0.2946713642733849,4.85,5.144671364273385
red,350,409.3333333333333,0.30224428217215304,4.85,5.152244282172153
red,350,410.0,0.3095354290755999,4.85,5.1595354290756
red,350,410.66666666666663,0.3165153290000051,4.85,5.1665153290000045
red,350,411.3333333333333,0.3231552697264908,4.85,5.17315526972649
red,350,412.0,0.3294274984144639,4.85,5.179427498414464
red,350,412.66666666666663,0.3353054140231359,4.85,5.185305414023135
red,350,413.3333333333333,0.3407637546831275,4.85,5.190763754683127
red,350,414.0,0.3457787781774912,4.85,5.195778778177491
red,350,414.66666666666663,0.35032843373196204,4.85,5.200328433731961
red,350,415.3333333333333,0.3543925233777224,4.85,5.204392523377722
red,350,416.0,0.35795285123598,4.85,5.20795285123598
red,350,416.66666666666663,0.3609933591813574,4.85,5.210993359181357
red,350,417.3333333333333,0.3635002474692523,4.85,5.213500247469252
red,350,418.0,0.36546207905945555,4.85,5.2154620790594555
red,350,418.66666666666663,0.36686986653256454,4.85,5.216869866532564
red,350,419.3333333333333,0.3677171406749616,4.85,5.217717140674961
red,350,420.0,0.368,4.85,5.218
red,350,420.66666666666663,0.3677171406749616,4.85,5.217717140674961
red,350,421.3333333333333,0.36686986653256465,4.85,5.216869866532564
red,350,422.0,0.36546207905945555,4.85,5.2154620790594555
red,350,422.66666666666663,0.3635002474692525,4.85,5.213500247469252
red,350,423.3333333333333,0.3609933591813576,4.85,5.210993359181357
red,350,424.0,0.35795285123598,4.85,5.20795285123598
red,350,424.66666666666663,0.3543925233777227,4.85,5.204392523377722
red,350,425.3333333333333,0.35032843373196243,4.85,5.200328433731962
red,350,426.0,0.3457787781774912,4.85,5.195778778177491
red,350,426.66666666666663,0.3407637546831279,4.85,5.190763754683127
red,350,427.3333333333333,0.33530541402313635,4.85,5.185305414023136
red,350,428.0,0.3294274984144639,4.85,5.179427498414464
red,350,428.66666666666663,0.32315526972649133,4.85,5.173155269726491
red,350,429.3333333333333,0.3165153290000057,4.85,5.166515329000005
red,350,430.0,0.3095354290755999,4.85,5.1595354290756
red,350,430.66666666666663,0.30224428217215366,4.85,5.152244282172154
red,350,431.3333333333333,0.2946713642733856,4.85,5.1446713642733854
red,350,432.0,0.2868467181748554,4.85,5.136846718174855
red,350,432.66666666666663,0.2788007570158039,4.85,5.128800757015804
red,350,433.3333333333333,0.2705640700707823,4.85,5.120564070070782
red,350,434.0,0.26216723250629903,4.85,5.112167232506299
red,350,434.66666666666663,0.253640620719158,4.85,5.103640620719157
red,350,435.3333333333333,0.24501423476756268,4.85,5.095014234767563
red,350,436.0,0.23631752928528277,4.85,5.0863175292852825
red,350,436.66666666666663,0.22757925413532712,4.85,5.077579254135327
red,350,437.3333333333333,0.2188273059149267,4.85,5.068827305914926
red,350,438.0,0.2100885912704728,4.85,5.060088591270472
red,350,438.66666666666663,0.20138890282174973,4.85,5.051388902821749
red,350,439.3333333333333,0.1927528083317864,4.85,5.042752808331786
red,350,440.0,0.18420355359422186,4.85,5.034203553594222
red,350,440.66666666666663,0.17576297934651264,4.85,5.025762979346513
red,350,441.3333333333333,0.16745145235684045,4.85,5.01745145235684
red,350,442.0,0.15928781067719164,4.85,5.009287810677192
red,350,442.66666666666663,0.15128932290664543,4.85,5.001289322906645
red,350,443.3333333333333,0.1434716611691796,4.85,4.993471661169179
red,350,444.0,0.13584888738069806,4.85,4.985848887380698
red,350,444.66666666666663,0.12843345226176767,4.85,4.9784334522617675
red,350,445.3333333333333,0.12123620644680336,4.85,4.971236206446803
red,350,446.0,0.1142664229479001,4.85,4.9642664229479
red,350,446.66666666666663,0.10753183015271973,4.85,4.957531830152719
red,350,447.3333333333333,0.10103865447118715,4.85,4.951038654471187
red,350,448.0,0.09479167169524916,4.85,4.944791671695249
red,350,448.66666666666663,0.08879426609949578,4.85,4.938794266099495
red,350,449.3333333333333,0.08304849628774344,4.85,4.933048496287743
red,350,450.0,0.07755516678117384,4.85,4.927555166781174
red,350,450.66666666666663,0.0723139043466384,4.85,4.922313904346638
red,350,451.3333333333333,0.06732323807849012,4.85,4.91732323807849
red,350,452.0,0.06258068227280347,4.85,4.912580682272803
red,350,452.66666666666663,0.05808282116805468,4.85,4.908082821168055
red,350,453.3333333333333,0.05382539467016644,4.85,4.903825394670166
red,350,454.0,0.04980338423107348,4.85,4.899803384231073
red,350,454.66666666666663,0.046011098107435415,4.85,4.896011098107435
red,350,455.3333333333333,0.042442255288637015,4.85,4.892442255288636
red,350,456.0,0.0390900674495442,4.85,4.889090067449544
red,350,456.66666666666663,0.03594731835246625,4.85,4.885947318352466
red,350,457.3333333333333,0.03300644019331953,4.85,4.883006440193319
red,350,458.0,0.03025958645801422,4.85,4.880259586458014
red,350,458.66666666666663,0.02769870092561395,4.85,4.877698700925613
red,350,459.3333333333333,0.025315582523978156,4.85,4.875315582523978
red,350,460.0,0.02310194581055802,4.85,4.873101945810558
red,350,460.66666666666663,0.021049476915079524,4.85,4.871049476915079
red,350,461.3333333333333,0.019149884841423537,4.85,4.869149884841423
red,350,462.0,0.01739494808258096,4.85,4.86739494808258
red,350,462.66666666666663,0.015776556554725242,4.85,4.865776556554725
red,350,463.3333333333333,0.014286748903917424,4.85,4.864286748903917
red,350,464.0,0.012917745281518905,4.85,4.862917745281519
red,350,464.66666666666663,0.011661975721923833,4.85,4.8616619757219235
red,350,465.3333333333333,0.010512104288715041,4.85,4.8605121042887145
red,350,466.0,0.009461049182828363,4.85,4.859461049182828
red,350,466.66666666666663,0.008501999028897582,4.85,4.858501999028897
red,350,467.3333333333333,0.007628425573828866,4.85,4.857628425573829
red,350,468.0,0.006834093045036564,4.85,4.856834093045036
red,350,468.66666666666663,0.006113064424933638,4.85,4.8561130644249335
red,350,469.3333333333333,0.005459704903520335,4.85,4.85545970490352
red,350,470.0,0.004868682772577089,4.85,4.854868682772577
red,350,470.66666666666663,0.004334968023392148,4.85,4.854334968023392
red,350,471.3333333333333,0.0038538289055055318,4.85,4.853853828905505
red,350,472.0,0.0034208266969861017,4.85,4.853420826696985
red,350,472.66666666666663,0.0030318089276399817,4.85,4.853031808927639
red,350,473.3333333333333,0.002682901285633251,4.85,4.8526829012856325
red,350,474.0,0.0023704984256355476,4.85,4.8523704984256355
red,350,474.66666666666663,0.002091253883079597,4.85,4.85209125388308
red,350,475.3333333333333,0.0018420692847905358,4.85,4.85184206928479
red,350,476.0,0.001620083031346891,4.85,4.851620083031347
red,350,476.66666666666663,0.0014226586113502127,4.85,4.85142265861135
red,350,477.3333333333333,0.0012473726925354592,4.85,4.851247372692535
red,350,478.0,0.0010920031195521063,4.85,4.851092003119552
red,350,478.66666666666663,0.000954516933466235,4.85,4.850954516933466
red,350,479.3333333333333,0.0008330585137294307,4.85,4.850833058513729
red,350,480.0,0.0007259379296574119,4.85,4.850725937929657
red,350,480.66666666666663,0.000631619575462596,4.85,4.850631619575462
red,350,481.3333333333333,0.0005487111506712408,4.85,4.850548711150671
red,350,482.0,0.00047595303638474156,4.85,4.850475953036384
red,350,482.66666666666663,0.0004122081073555832,4.85,4.850412208107355
red,350,483.3333333333333,0.0003564520102630457,4.85,4.850356452010263
red,350,484.0,0.0003077639298972582,4.85,4.850307763929897
red,350,484.66666666666663,0.0002653178571844812,4.85,4.850265317857184
red,350,485.3333333333333,0.00022837436609219426,4.85,4.850228374366091
red,350,486.0,0.00019627290040929646,4.85,4.850196272900409
red,350,486.66666666666663,0.000168424566166693,4.85,4.850168424566166
red,350,487.3333333333333,0.00014430542100267335,4.85,4.8501443054210025
red,350,488.0,0.00012345024803614535,4.85,4.850123450248036
red,350,488.66666666666663,0.0001054467987365401,4.85,4.850105446798736
red,350,489.3333333333333,8.993048681741635e-05,4.85,4.850089930486817
red,350,490.0,7.657951327557978e-05,4.85,4.850076579513275
red,350,490.66666666666663,6.5110401293351e-05,4.85,4.850065110401293
red,350,491.3333333333333,5.5273918763816834e-05,4.85,4.8500552739187635
red,350,492.0,4.685136563429072e-05,4.85,4.850046851365634
red,350,492.66666666666663,3.965120304096314e-05,4.85,4.850039651203041
red,350,493.3333333333333,3.350600127975596e-05,4.85,4.85003350600128
red,350,494.0,2.826968397946215e-05,4.85,4.850028269683979
red,350,494.66666666666663,2.3815046371584058e-05,4.85,4.850023815046371
red,350,495.3333333333333,2.0031526248473582e-05,4.85,4.850020031526248
red,350,496.0,1.6823207032508197e-05,4.85,4.850016823207032
red,350,496.66666666666663,1.4107033312727655e-05,4.85,4.850014107033313
red,350,497.3333333333333,1.1811220213704001e-05,4.85,4.850011811220213
red,350,498.0,9.873839019804559e-06,4.85,4.85000987383902
red,350,498.66666666666663,8.241562565050643e-06,4.85,4.8500082415625645
red,350,499.3333333333333,6.868554996119929e-06,4.85,4.8500068685549955
red,350,500.0,5.715491608111833e-06,4.85,4.850005715491608
red,350,500.66666666666663,4.748695526551042e-06,4.85,4.850004748695526
red,350,501.3333333333333,3.939379054176809e-06,4.85,4.850003939379054
red,350,502.0,3.262978508923536e-06,4.85,4.850003262978508
red,350,502.66666666666663,2.6985723436415377e-06,4.85,4.850002698572343
red,350,503.3333333333333,2.2283732537492917e-06,4.85,4.850002228373254
red,350,504.0,1.8372858428305483e-06,4.85,4.850001837285842
red,350,504.66666666666663,1.5125222261802252e-06,4.85,4.850001512522226
red,350,505.3333333333333,1.2432687075418805e-06,4.85,4.850001243268707
red,350,506.0,1.020397364770456e-06,4.85,4.8500010203973645
red,350,506.66666666666663,8.362170266651479e-07,4.85,4.850000836217026
red,350,507.3333333333333,6.842587171402677e-07,4.85,4.850000684258717
red,350,508.0,5.590911861089726e-07,4.85,4.850000559091185
red,350,508.66666666666663,4.561626411986733e-07,4.85,4.850000456162641
red,350,509.3333333333333,3.7166524321979684e-07,4.85,4.850000371665243
red,350,510.0,3.024193338789221e-07,4.85,4.850000302419334
red,350,510.66666666666663,2.457747293808011e-07,4.85,4.850000245774729
red,350,511.3333333333333,1.9952674116804625e-07,4.85,4.8500001995267406
red,350,512.0,1.6184487796143955e-07,4.85,4.850000161844878
red,350,512.6666666666666,1.3121244430168107e-07,4.85,4.850000131212444
red,350,513.3333333333333,1.0637548268670037e-07,4.85,4.850000106375482
red,350,514.0,8.629971177155568e-08,4.85,4.850000086299711
red,350,514.6666666666666,7.013429444804193e-08,4.85,4.8500000701342945
red,350,515.3333333333333,5.718142930565647e-08,4.85,4.850000057181429
red,350,516.0,4.6870899202517545e-08,4.85,4.850000046870899
red,350,516.6666666666666,3.873883349842174e-08,4.85,4.850000038738833
red,350,517.3333333333333,3.241004782252296e-08,4.85,4.850000032410048
red,350,518.0,2.758341881194618e-08,4.85,4.850000027583419
red,350,518.6666666666666,2.4019832662909652e-08,4.85,4.850000024019832
red,350,519.3333333333333,2.1532317037686775e-08,4.85,4.850000021532317
red,350,520.0,1.9978027187554106e-08,4.85,4.850000019978027
red,350,520.6666666666666,1.9251810274139637e-08,4.85,4.85000001925181
red,350,521.3333333333333,1.92811178699976e-08,4.85,4.850000019281118
red,350,522.0,2.002207645342551e-08,4.85,4.850000020022076
red,350,522.6666666666666,2.145656024010716e-08,4.85,4.85000002145656
red,350,523.3333333333333,2.3590140679588903e-08,4.85,4.85000002359014
red,350,524.0,2.6450813067683607e-08,4.85,4.850000026450813
red,350,524.6666666666666,3.008842359027207e-08,4.85,4.850000030088423
red,350,525.3333333333333,3.457474025488045e-08,4.85,4.85000003457474
red,350,526.0,4.000412905815526e-08,4.85,4.8500000400041285
red,350,526.6666666666666,4.649481280037398e-08,4.85,4.850000046494812
red,350,527.3333333333333,5.4190704565267567e-08,4.85,4.850000054190704
red,350,528.0,6.326382136594496e-08,4.85,4.850000063263821
red,350,528.6666666666666,7.391729611077402e-08,4.85,4.850000073917296
red,350,529.3333333333333,8.638901813045563e-08,4.85,4.850000086389017
red,350,530.0,1.0095594426608282e-07,4.85,4.850000100955944
red,350,530.6666666666666,1.1793913416183653e-07,4.85,4.850000117939134
red,350,531.3333333333333,1.3770957512956883e-07,4.85,4.850000137709575
red,350,532.0,1.6069487393391623e-07,4.85,4.850000160694874
red,350,532.6666666666666,1.8738690525048036e-07,4.85,4.850000187386905
red,350,533.3333333333333,2.183505195288898e-07,4.85,4.8500002183505195
red,350,534.0,2.542334266907842e-07,4.85,4.850000254233426
red,350,534.6666666666666,2.957773866460627e-07,4.85,4.850000295777386
red,350,535.3333333333333,3.438308531483912e-07,4.85,4.850000343830853
red,350,536.0,3.993632341566181e-07,4.85,4.850000399363234
red,350,536.6666666666666,4.634809497424281e-07,4.85,4.850000463480949
red,350,537.3333333333333,5.374454878009885e-07,4.85,4.850000537445488
red,350,538.0,6.22693678491694e-07,4.85,4.8500006226936785
red,350,538.6666666666666,7.208604305685794e-07,4.85,4.8500007208604305
red,350,539.3333333333333,8.338041966576396e-07,4.85,4.850000833804196
red,350,540.0,9.636354601994647e-07,4.85,4.85000096363546
red,350,540.6666666666666,1.1127485642956458e-06,4.85,4.850001112748564
red,350,541.3333333333333,1.283857232163077e-06,4.85,4.850001283857232
red,350,542.0,1.4800341603917405e-06,4.85,4.85000148003416
red,350,542.6666666666666,1.7047550997930298e-06,4.85,4.850001704755099
red,350,543.3333333333333,1.961947874378096e-06,4.85,4.850001961947874
red,350,544.0,2.2560468269688027e-06,4.85,4.850002256046826
red,350,544.6666666666666,2.592053220157424e-06,4.85,4.85000259205322
red,350,545.3333333333333,2.975602163814519e-06,4.85,4.850002975602163
red,350,546.0,3.4130366850984178e-06,4.85,4.850003413036685
red,350,546.6666666666666,3.911489603931498e-06,4.85,4.850003911489604
red,350,547.3333333333333,4.4789739261324364e-06,4.85,4.850004478973926
red,350,548.0,5.124482517760605e-06,4.85,4.850005124482517
red,350,548.6666666666666,5.85809787764543e-06,4.85,4.8500058580978775
red,350,549.3333333333333,6.691112880406574e-06,4.85,4.85000669111288
red,350,550.0,7.636163419346151e-06,4.85,4.850007636163419
red,350,550.6666666666666,8.707373937216727e-06,4.85,4.850008707373937
red,350,551.3333333333333,9.920516892776456e-06,4.85,4.850009920516892
red,350,552.0,1.1293187271933727e-05,4.85,4.850011293187271
red,350,552.6666666666666,1.28449933138189e-05,4.85,4.850012844993313
red,350,553.3333333333333,1.4597764683884767e-05,4.85,4.850014597764684
red,350,554.0,1.6575779387655898e-05,4.85,4.850016575779387
red,350,554.6666666666666,1.8806010779514504e-05,4.85,4.850018806010779
red,350,555.3333333333333,2.131839608031427e-05,4.85,4.85002131839608
red,350,556.0,2.414612787498191e-05,4.85,4.850024146127875
red,350,556.6666666666666,2.7325970115890733e-05,4.85,4.850027325970116
red,350,557.3333333333333,3.089860020883683e-05,4.85,4.850030898600209
red,350,558.0,3.4908978805015845e-05,4.85,4.850034908978805
red,350,558.6666666666666,3.9406748963559386e-05,4.85,4.850039406748963
red,350,559.3333333333333,4.444666638386314e-05,4.85,4.8500444466663835
red,350,560.0,5.008906243398681e-05,4.85,4.850050089062433
red,350,560.6666666666666,5.6400341719664774e-05,4.85,4.850056400341719
red,350,561.3333333333333,6.345351594662537e-05,4.85,4.850063453515946
red,350,562.0,7.132877582557084e-05,4.85,4.850071328775825
red,350,562.6666666666666,8.011410275298506e-05,4.85,4.850080114102752
red,350,563.3333333333333,8.990592197034485e-05,4.85,4.85008990592197
red,350,564.0,0.00010080979885770478,4.85,4.850100809798858
red,350,564.6666666666666,0.00011294117995354304,4.85,4.850112941179953
red,350,565.3333333333333,0.00012642618020940386,4.85,4.850126426180209
red,350,566.0,0.00014140241788356052,4.85,4.850141402417883
red,350,566.6666666666666,0.000158019898351069,4.85,4.850158019898351
red,350,567.3333333333333,0.00017644194795636583,4.85,4.850176441947956
red,350,568.0,0.0001968461988572044,4.85,4.850196846198857
red,350,568.6666666666666,0.00021942562560377233,4.85,4.850219425625603
red,350,569.3333333333333,0.00024438963396248604,4.85,4.850244389633962
red,350,570.0,0.00027196520222855344,4.85,4.850271965202229
red,350,570.6666666666666,0.0003023980749738003,4.85,4.850302398074973
red,350,571.3333333333333,0.000335954008844843,4.85,4.850335954008845
red,350,572.0,0.00037292006966016403,4.85,4.85037292006966
red,350,572.6666666666666,0.0004136059796523736,4.85,4.850413605979652
red,350,573.3333333333333,0.0004583455132627637,4.85,4.850458345513262
red,350,574.0,0.0005074979394184299,4.85,4.850507497939418
red,350,574.6666666666666,0.0005614495077079694,4.85,4.850561449507707
red,350,575.3333333333333,0.0006206149753195797,4.85,4.850620614975319
red,350,576.0,0.0006854391710153759,4.85,4.850685439171015
red,350,576.6666666666666,0.0007563985917893261,4.85,4.8507563985917885
red,350,577.3333333333333,0.0008340030271937768,4.85,4.8508340030271935
red,350,578.0,0.0009187972056224183,4.85,4.8509187972056225
red,350,578.6666666666666,0.0010113624561085474,4.85,4.851011362456108
red,350,579.3333333333333,0.0011123183784383021,4.85,4.851112318378438
red,350,580.0,0.0012223245135917827,4.85,4.851222324513591
red,350,580.6666666666666,0.00134208200571542,4.85,4.851342082005715
red,350,581.3333333333333,0.0014723352459994875,4.85,4.851472335245999
red,350,582.0,0.0016138734879897023,4.85,4.851613873487989
red,350,582.6666666666666,0.0017675324230080585,4.85,4.851767532423008
red,350,583.3333333333333,0.0019341957035000105,4.85,4.8519341957035
red,350,584.0,0.0021147964012687035,4.85,4.852114796401269
red,350,584.6666666666666,0.0023103183867112763,4.85,4.852310318386711
red,350,585.3333333333333,0.002521797614343227,4.85,4.852521797614343
red,350,586.0,0.0027503232990919737,4.85,4.852750323299092
red,350,586.6666666666666,0.002997038967071444,4.85,4.852997038967071
red,350,587.3333333333333,0.003263143363822911,4.85,4.853263143363822
red,350,588.0,0.0035498912023320967,4.85,4.853549891202332
red,350,588.6666666666666,0.0038585937325227126,4.85,4.8538585937325225
red,350,589.3333333333333,0.004190619113389219,4.85,4.854190619113389
red,350,590.0,0.004547392568477144,4.85,4.854547392568477
red,350,590.6666666666666,0.00493039630506264,4.85,4.854930396305062
red,350,591.3333333333333,0.005341169177131817,4.85,4.855341169177131
red,350,592.0,0.005781306072124967,4.85,4.855781306072124
red,350,592.6666666666666,0.006252457001407289,4.85,4.856252457001407
red,350,593.3333333333333,0.006756325874562764,4.85,4.856756325874563
red,350,594.0,0.007294668937890753,4.85,4.85729466893789
red,350,594.6666666666666,0.00786929285793228,4.85,4.857869292857932
red,350,595.3333333333333,0.00848205243146919,4.85,4.8584820524314685
red,350,596.0,0.009134847904231514,4.85,4.859134847904231
red,350,596.6666666666666,0.009829621881532946,4.85,4.8598296218815324
red,350,597.3333333333333,0.010568355815231087,4.85,4.86056835581523
red,350,598.0,0.011353066052782931,4.85,4.861353066052782
red,350,598.6666666666666,0.012185799435750487,4.85,4.86218579943575
red,350,599.3333333333333,0.013068628436902414,4.85,4.863068628436902
red,350,600.0,0.014003645827053674,4.85,4.8640036458270535
red,350,600.6666666666666,0.014992958864999007,4.85,4.864992958864999
red,350,601.3333333333333,0.01603868300631515,4.85,4.866038683006315
red,350,602.0,0.01714293512942513,4.85,4.867142935129425
red,350,602.6666666666666,0.01830782628014394,4.85,4.868307826280144
red,350,603.3333333333333,0.019535453938937745,4.85,4.869535453938937
red,350,604.0,0.02082789381831688,4.85,4.8708278938183165
red,350,604.6666666666666,0.022187191201148877,4.85,4.8721871912011485
red,350,605.3333333333333,0.023615351834193093,4.85,4.873615351834193
red,350,606.0,0.025114332394803575,4.85,4.875114332394803
red,350,606.6666666666666,0.026686030552520563,4.85,4.87668603055252
red,350,607.3333333333333,0.028332274651134786,4.85,4.878332274651134
red,350,608.0,0.030054813040736695,4.85,4.880054813040736
red,350,608.6666666666666,0.03185530309324876,4.85,4.881855303093248
red,350,609.3333333333333,0.033735299938937084,4.85,4.8837352999389365
red,350,610.0,0.03569624496537434,4.85,4.885696244965374
red,350,610.6666666666666,0.0377394541242727,4.85,4.887739454124272
red,350,611.3333333333333,0.03986610609546787,4.85,4.889866106095467
red,350,612.0,0.042077230361073956,4.85,4.892077230361074
red,350,612.6666666666666,0.04437369524643821,4.85,4.894373695246438
red,350,613.3333333333333,0.04675619598793993,4.85,4.8967561959879395
red,350,614.0,0.049225242890860985,4.85,4.899225242890861
red,350,614.6666666666666,0.05178114964349853,4.85,4.901781149643498
red,350,615.3333333333333,0.054424021856329524,4.85,4.904424021856329
red,350,616.0,0.057153745897329696,4.85,4.90715374589733
red,350,616.6666666666666,0.059969978096497664,4.85,4.909969978096497
red,350,617.3333333333333,0.0628721343941697,4.85,4.91287213439417
red,350,618.0,0.06585938050879754,4.85,4.915859380508797
red,350,618.6666666666666,0.06893062270050689,4.85,4.918930622700507
red,350,619.3333333333333,0.07208449920689554,4.85,4.922084499206895
red,350,620.0,0.07531937242713714,4.85,4.925319372427137
red,350,620.6666666666666,0.0786333219295498,4.85,4.928633321929549
red,350,621.3333333333333,0.08202413835631218,4.85,4.9320241383563115
red,350,622.0,0.08548931829694141,4.85,4.935489318296941
red,350,622.6666666666666,0.08902606019952627,4.85,4.9390260601995255
red,350,623.3333333333333,0.09263126138548562,4.85,4.942631261385485
red,350,624.0,0.09630151622979023,4.85,4.94630151622979
red,350,624.6666666666666,0.10003311556420212,4.85,4.950033115564202
red,350,625.3333333333333,0.10382204735610934,4.85,4.953822047356109
red,350,626.0,0.10766399870997852,4.85,4.957663998709978
red,350,626.6666666666666,0.11155435923238553,4.85,4.961554359232385
red,350,627.3333333333333,0.1154882257949896,4.85,4.9654882257949895
red,350,628.0,0.11946040872271886,4.85,4.9694604087227185
red,350,628.6666666666666,0.12346543942692462,4.85,4.973465439426924
red,350,629.3333333333333,0.12749757949532742,4.85,4.977497579495327
red,350,630.0,0.13155083124226433,4.85,4.981550831242264
red,350,630.6666666666666,0.1356189497141598,4.85,4.985618949714159
red,350,631.3333333333333,0.13969545613628592,4.85,4.989695456136285
red,350,632.0,0.14377365277780604,4.85,4.993773652777806
red,350,632.6666666666666,0.14784663920293148,4.85,4.9978466392029315
red,350,633.3333333333333,0.15190732986677466,4.85,5.001907329866774
red,350,634.0,0.15594847300521872,4.85,5.005948473005218
red,350,634.6666666666666,0.15996267075897638,4.85,5.009962670758976
red,350,635.3333333333333,0.16394240046298975,4.85,5.013942400462989
red,350,636.0,0.16788003702350607,4.85,5.017880037023506
red,350,636.6666666666666,0.17176787629667858,4.85,5.021767876296678
red,350,637.3333333333333,0.17559815937440248,4.85,5.025598159374402
red,350,638.0,0.17936309767538136,4.85,5.029363097675381
red,350,638.6666666666666,0.18305489873224398,4.85,5.033054898732243
red,350,639.3333333333333,0.18666579255891702,4.85,5.036665792558916
red,350,640.0,0.19018805847646375,4.85,5.040188058476463
red,350,640.6666666666666,0.19361405227033704,4.85,5.043614052270336
red,350,641.3333333333333,0.1969362335474687,4.85,5.046936233547468
red,350,642.0,0.2001471931578774,4.85,5.050147193157877
red,350,642.6666666666666,0.20323968054261785,4.85,5.053239680542617
red,350,643.3333333333333,0.20620663086789978,4.85,5.0562066308679
red,350,644.0,0.20904119180411404,4.85,5.059041191804114
red,350,644.6666666666666,0.21173674980837906,4.85,5.061736749808379
red,350,645.3333333333333,0.2142869557700342,4.85,5.064286955770034
red,350,646.0,0.2166857498802732,4.85,5.066685749880273
red,350,646.6666666666666,0.21892738558986288,4.85,5.068927385589863
red,350,647.3333333333333,0.22100645252258788,4.85,5.071006452522587
red,350,648.0,0.22291789821668287,4.85,5.072917898216683
red,350,648.6666666666666,0.22465704857207477,4.85,5.074657048572075
red,350,649.3333333333333,0.22621962688768374,4.85,5.076219626887683
red,350,650.0,0.22760177138029491,4.85,5.077601771380294
red,350,650.6666666666666,0.2288000510845885,4.85,5.078800051084588
red,350,651.3333333333333,0.22981148004271765,4.85,5.079811480042717
red,350,652.0,0.23063352970130183,4.85,5.080633529701301
red,350,652.6666666666666,0.2312641394438056,4.85,5.081264139443805
red,350,653.3333333333333,0.23170172519690105,4.85,5.0817017251969006
red,350,654.0,0.2319451860605031,4.85,5.081945186060503
red,350,654.6666666666666,0.23199390892264107,4.85,5.081993908922641
red,350,655.3333333333333,0.23184777103209056,4.85,5.08184777103209
red,350,656.0,0.23150714051365662,4.85,5.081507140513656
red,350,656.6666666666666,0.23097287482308124,4.85,5.080972874823081
red,350,657.3333333333333,0.23024631715065133,4.85,5.080246317150651
red,350,658.0,0.2293292907946196,4.85,5.079329290794619
red,350,658.6666666666666,0.22822409153742662,4.85,5.078224091537426
red,350,659.3333333333333,0.22693347806933808,4.85,5.076933478069337
red,350,660.0,0.22546066051540709,4.85,5.0754606605154065
red,350,660.6666666666666,0.22380928713254086,4.85,5.073809287132541
red,350,661.3333333333333,0.22198342925382208,4.85,5.071983429253821
red,350,662.0,0.21998756456703927,4.85,5.069987564567039
red,350,662.6666666666666,0.21782655882352772,4.85,5.067826558823527
red,350,663.3333333333333,0.21550564608186268,4.85,5.065505646081863
red,350,664.0,0.21303040759863057,4.85,5.06303040759863
red,350,664.6666666666666,0.21040674948535185,4.85,5.0604067494853515
red,350,665.3333333333333,0.20764087925661992,4.85,5.05764087925662
red,350,666.0,0.20473928139962616,4.85,5.054739281399626
red,350,666.6666666666666,0.20170869209939768,4.85,5.051708692099397
red,350,667.3333333333333,0.19855607325729174,4.85,5.048556073257291
red,350,668.0,0.1952885859425636,4.85,5.045288585942563
red,350,668.6666666666666,0.19191356341810917,4.85,5.041913563418109
red,350,669.3333333333333,0.18843848388181708,4.85,5.038438483881817
red,350,670.0,0.1848709430643718,4.85,5.034870943064371
red,350,670.6666666666666,0.18121862682279408,4.85,5.031218626822794
red,350,671.3333333333333,0.1774892838665672,4.85,5.027489283866567
red,350,672.0,0.17369069874990764,4.85,5.023690698749907
red,350,672.6666666666666,0.16983066525959312,4.85,5.019830665259593
red,350,673.3333333333333,0.16591696032285042,4.85,5.01591696032285
red,350,674.0,0.16195731855418796,4.85,5.011957318554187
red,350,674.6666666666666,0.15795940755373636,4.85,5.007959407553736
red,350,675.3333333333333,0.15393080406274753,4.85,5.0039308040627475
red,350,676.0,0.14987897107446893,4.85,4.999878971074469
red,350,676.6666666666666,0.14581123599066287,4.85,4.995811235990662
red,350,677.3333333333333,0.1417347699057113,4.85,4.991734769905711
red,350,678.0,0.13765656809160431,4.85,4.987656568091604
red,350,678.6666666666666,0.13358343174817297,4.85,4.983583431748173
red,350,679.3333333333333,0.12952195107382466,4.85,4.979521951073824
red,350,680.0,0.12547848970284378,4.85,4.9754784897028435
red,350,680.6666666666666,0.12145917054604694,4.85,4.971459170546047
red,350,681.3333333333333,0.1174698630623598,4.85,4.96746986306236
red,350,682.0,0.1135161719797743,4.85,4.963516171979774
red,350,682.6666666666666,0.10960342747516398,4.85,4.959603427475163
red,350,683.3333333333333,0.10573667681369735,4.85,4.955736676813697
red,350,684.0,0.10192067744014999,4.85,4.95192067744015
red,350,684.6666666666666,0.09815989150627714,4.85,4.948159891506277
red,350,685.3333333333333,0.0944584818106719,4.85,4.944458481810671
red,350,686.0,0.09082030912024243,4.85,4.940820309120242
red,350,686.6666666666666,0.08724893083558283,4.85,4.937248930835582
red,350,687.3333333333333,0.08374760095617154,4.85,4.933747600956171
red,350,688.0,0.08031927129553683,4.85,4.930319271295536
red,350,688.6666666666666,0.07696659389125146,4.85,4.926966593891251
red,350,689.3333333333333,0.07369192454993016,4.85,4.92369192454993
red,350,690.0,0.07049732746331006,4.85,4.92049732746331
red,350,690.6666666666666,0.06738458082795822,4.85,4.9173845808279575
red,350,691.3333333333333,0.06435518339822173,4.85,4.9143551833982215
red,350,692.0,0.06141036189970692,4.85,4.911410361899707
red,350,692.6666666666666,0.05855107922879548,4.85,4.908551079228795
red,350,693.3333333333333,0.05577804336250936,4.85,4.905778043362509
red,350,694.0,0.05309171690240259,4.85,4.903091716902402
red,350,694.6666666666666,0.05049232717602798,4.85,4.9004923271760275
red,350,695.3333333333333,0.04797987681991744,4.85,4.897979876819917
red,350,696.0,0.04555415476889718,4.85,4.895554154768897
red,350,696.6666666666666,0.043214747577866745,4.85,4.893214747577867
red,350,697.3333333333333,0.04096105100391134,4.85,4.890961051003911
red,350,698.0,0.03879228177875367,4.85,4.888792281778754
red,350,698.6666666666666,0.0367074895040148,4.85,4.886707489504015
red,350,699.3333333333333,0.034705568604546114,4.85,4.884705568604546
red,350,700.0,0.03278527027817102,4.85,4.882785270278171
red,350,700.6666666666666,0.030945214383474053,4.85,4.880945214383473
red,350,701.3333333333333,0.029183901210788003,4.85,4.879183901210788
red,350,702.0,0.027499723085216688,4.85,4.877499723085216
red,350,702.6666666666666,0.02589097575433119,4.85,4.875890975754331
red,350,703.3333333333333,0.024355869517082945,4.85,4.874355869517083
red,350,704.0,0.022892540054449878,4.85,4.872892540054449
red,350,704.6666666666666,0.02149905892631824,4.85,4.871499058926318
red,350,705.3333333333333,0.020173443703095924,4.85,4.870173443703096
red,350,706.0,0.018913667704519594,4.85,4.868913667704519
red,350,706.6666666666666,0.01771766932201381,4.85,4.867717669322014
red,350,707.3333333333333,0.01658336090477873,4.85,4.866583360904778
red,350,708.0,0.015508637193501642,4.85,4.865508637193502
red,350,708.6666666666666,0.014491383289165872,4.85,4.864491383289166
red,350,709.3333333333333,0.013529482147871764,4.85,4.863529482147872
red,350,710.0,0.012620821595867951,4.85,4.8626208215958675
red,350,710.6666666666666,0.011763300862090076,4.85,4.86176330086209
red,350,711.3333333333333,0.010954836628423123,4.85,4.860954836628423
red,350,712.0,0.010193368600630522,4.85,4.86019336860063
red,350,712.6666666666666,0.009476864605410413,4.85,4.85947686460541
red,350,713.3333333333333,0.00880332522135454,4.85,4.858803325221354
red,350,714.0,0.008170787953693984,4.85,4.858170787953694
red,350,714.6666666666666,0.007577330964607347,4.85,4.857577330964607
red,350,715.3333333333333,0.0070210763725531205,4.85,4.857021076372553
red,350,716.0,0.006500193135569628,4.85,4.856500193135569
red,350,716.6666666666666,0.006012899534758659,4.85,4.8560128995347585
red,350,717.3333333333333,0.005557465275248014,4.85,4.855557465275248
red,350,718.0,0.005132213222817794,4.85,4.855132213222817
red,350,718.6666666666666,0.004735520795077056,4.85,4.854735520795077
red,350,719.3333333333333,0.004365821026607345,4.85,4.854365821026607
red,350,720.0,0.004021603327855403,4.85,4.854021603327855
red,350,720.6666666666666,0.0037014139577639864,4.85,4.853701413957763
red,350,721.3333333333333,0.0034038562301933546,4.85,4.853403856230193
red,350,722.0,0.0031275904741169818,4.85,4.8531275904741165
red,350,722.6666666666666,0.0028713337673791093,4.85,4.852871333767379
red,350,723.3333333333333,0.0026338594634962615,4.85,4.852633859463496
red,350,724.0,0.002413996530578983,4.85,4.852413996530578
red,350,724.6666666666666,0.0022106287209520807,4.85,4.852210628720952
red,350,725.3333333333333,0.0020226935894763817,4.85,4.852022693589476
red,350,726.0,0.0018491813779320566,4.85,4.851849181377932
red,350,726.6666666666666,0.0016891337821209806,4.85,4.851689133782121
red,350,727.3333333333333,0.001541642617596021,4.85,4.851541642617596
red,350,728.0,0.0014058483991378305,4.85,4.851405848399137
red,350,728.6666666666666,0.0012809388482811857,4.85,4.851280938848281
red,350,729.3333333333333,0.0011661473423543538,4.85,4.851166147342354
red,350,730.0,0.0010607513176436564,4.85,4.851060751317643
red,350,730.6666666666666,0.0009640706384369201,4.85,4.850964070638437
red,350,731.3333333333333,0.0008754659428426829,4.85,4.850875465942842
red,350,732.0,0.0007943369754324283,4.85,4.850794336975432
red,350,732.6666666666666,0.0007201209159150012,4.85,4.8507201209159145
red,350,733.3333333333333,0.0006522907122321861,4.85,4.850652290712232
red,350,734.0,0.0005903534256661682,4.85,4.850590353425666
red,350,734.6666666666666,0.0005338485947759931,4.85,4.850533848594775
red,350,735.3333333333333,0.0004823466242356296,4.85,4.8504823466242355
red,350,736.0,0.0004354472039331867,4.85,4.850435447203933
red,350,736.6666666666666,0.0003927777630106773,4.85,4.850392777763011
red,350,737.3333333333333,0.0003539919628790601,4.85,4.850353991962879
red,350,738.0,0.00031876823263520383,4.85,4.8503187682326345
red,350,738.6666666666666,0.0002868083497361075,4.85,4.850286808349736
red,350,739.3333333333333,0.00025783606825243794,4.85,4.850257836068252
red,350,740.0,0.00023159579652806697,4.85,4.850231595796528
red,350,740.6666666666666,0.0002078513256142508,4.85,4.850207851325614
red,350,741.3333333333333,0.00018638460942642314,4.85,4.850186384609426
red,350,742.0,0.00016699459718740273,4.85,4.8501669945971875
red,350,742.6666666666666,0.00014949611837191803,4.85,4.850149496118371
red,350,743.3333333333333,0.00013371882005298102,4.85,4.850133718820053
red,350,744.0,0.00011950615626939797,4.85,4.850119506156269
red,350,744.6666666666666,0.00010671442878397393,4.85,4.850106714428784
red,350,745.3333333333333,9.521187838249137e-05,4.85,4.850095211878382
red,350,746.0,8.487782567266218e-05,4.85,4.850084877825672
red,350,746.6666666666666,7.560186017813233e-05,4.85,4.850075601860178
red,350,747.3333333333333,6.728307638378927e-05,4.85,4.850067283076384
red,350,748.0,5.9829355273290434e-05,4.85,4.850059829355273
red,350,748.6666666666666,5.3156689806093245e-05,4.85,4.850053156689806
red,350,749.3333333333333,4.718855270774191e-05,4.85,4.850047188552708
red,350,750.0,4.185530489205954e-05,4.85,4.850041855304892
red,350,750.6666666666666,3.7093642795478885e-05,4.85,4.850037093642795
red,350,751.3333333333333,3.284608288053329e-05,4.85,4.85003284608288
red,350,752.0,2.9060481555977592e-05,4.85,4.850029060481556
red,350,752.6666666666666,2.5689588763569132e-05,4.85,4.8500256895887635
red,350,753.3333333333333,2.2690633494912748e-05,4.85,4.8500226906334944
red,350,754.0,2.0024939524596566e-05,4.85,4.850020024939524
red,350,754.6666666666666,1.765756967684206e-05,4.85,4.850017657569676
red,350,755.3333333333333,1.5556996980940758e-05,4.85,4.850015556996981
red,350,756.0,1.36948011147523e-05,4.85,4.850013694801114
red,350,756.6666666666666,1.2045388584452399e-05,4.85,4.850012045388584
red,350,757.3333333333333,1.0585735141659006e-05,4.85,4.850010585735141
red,350,758.0,9.295148995164649e-06,4.85,4.850009295148995
red,350,758.6666666666666,8.155053432971488e-06,4.85,4.850008155053432
red,350,759.3333333333333,7.148787530485724e-06,4.85,4.8500071487875305
red,350,760.0,6.261423681946468e-06,4.85,4.850006261423681
red,350,760.6666666666666,5.479600753861146e-06,4.85,4.850005479600753
red,350,761.3333333333333,4.7913717209201474e-06,4.85,4.85000479137172
red,350,762.0,4.186064706124752e-06,4.85,4.850004186064706
red,350,762.6666666666666,3.654156407295047e-06,4.85,4.850003654156407
red,350,763.3333333333333,3.1871569514184122e-06,4.85,4.850003187156951
red,350,764.0,2.7775052761722896e-06,4.85,4.850002777505276
red,350,764.6666666666666,2.4184741941721743e-06,4.85,4.850002418474194
red,350,765.3333333333333,2.1040843498775598e-06,4.85,4.85000210408435
red,350,766.0,1.8290263314824703e-06,4.85,4.850001829026331
red,350,766.6666666666666,1.5885902504035495e-06,4.85,4.85000158859025
red,350,767.3333333333333,1.3786021490805284e-06,4.85,4.8500013786021485
red,350,768.0,1.1953666436626608e-06,4.85,4.8500011953666435
red,350,768.6666666666666,1.0356152517371923e-06,4.85,4.850001035615251
red,350,769.3333333333333,8.964598965566566e-07,4.85,4.850000896459896
red,350,770.0,7.753511182497202e-07,4.85,4.850000775351118
red,350,770.6666666666666,6.700405592795184e-07,4.85,4.850000670040559
red,350,771.3333333333333,5.785473259876473e-07,4.85,4.850000578547325
red,350,772.0,4.9912786048203e-07,4.85,4.8500004991278605
red,350,772.6666666666666,4.3024898745421317e-07,4.85,4.850000430248987
red,350,773.3333333333333,3.7056382881756734e-07,4.85,4.850000370563828
red,350,774.0,3.188903054186319e-07,4.85,4.850000318890305
red,350,774.6666666666666,2.741919695692565e-07,4.85,4.850000274191969
red,350,775.3333333333333,2.3556093486333441e-07,4.85,4.850000235560935
red,350,776.0,2.0220269076492908e-07,4.85,4.850000202202691
red,350,776.6666666666666,1.7342260887186217e-07,4.85,4.850000173422608
red,350,777.3333333333333,1.4861396565938417e-07,4.85,4.850000148613965
red,350,778.0,1.272473229796493e-07,4.85,4.8500001272473225
red,350,778.6666666666666,1.0886112272050187e-07,4.85,4.850000108861122
red,350,779.3333333333333,9.305336589667001e-08,4.85,4.8500000930533655
red,350,780.0,7.94742591400628e-08,4.85,4.850000079474259
red,350,780.6666666666666,6.781972315300738e-08,4.85,4.850000067819723
red,350,781.3333333333333,5.78256682660937e-08,4.85,4.850000057825668
red,350,782.0,4.926295187431125e-08,4.85,4.850000049262952
red,350,782.6666666666666,4.1932941281558556e-08,4.85,4.850000041932941
red,350,783.3333333333333,3.5663613431388507e-08,4.85,4.850000035663613
red,350,784.0,3.03061302043021e-08,4.85,4.85000003030613
red,350,784.6666666666666,2.5731834478675678e-08,4.85,4.850000025731834
red,350,785.3333333333333,2.1829618039903615e-08,4.85,4.850000021829618
red,350,786.0,1.8503617733242847e-08,4.85,4.850000018503617
red,350,786.6666666666666,1.567120103946696e-08,4.85,4.850000015671201
red,350,787.3333333333333,1.3261206554856094e-08,4.85,4.850000013261206
red,350,788.0,1.1212408721040286e-08,4.85,4.850000011212408
red,350,788.6666666666666,9.472179615450744e-09,4.85,4.850000009472179
red,350,789.3333333333333,7.995323716402411e-09,4.85,4.850000007995323
red,350,790.0,6.743064332039038e-09,4.85,4.850000006743064
red,350,790.6666666666666,5.682162860736337e-09,4.85,4.850000005682163
red,350,791.3333333333333,4.784154260822242e-09,4.85,4.850000004784154
red,350,792.0,4.024684075951867e-09,4.85,4.850000004024683
red,350,792.6666666666666,3.38293411324568e-09,4.85,4.850000003382934
red,350,793.3333333333333,2.841125426382983e-09,4.85,4.850000002841125
red,350,794.0,2.384088635280152e-09,4.85,4.850000002384088
red,350,794.6666666666666,1.998892836003423e-09,4.85,4.850000001998892
red,350,795.3333333333333,1.674525435738437e-09,4.85,4.850000001674525
red,350,796.0,1.4016162029600158e-09,4.85,4.850000001401616
red,350,796.6666666666666,1.1721996659832888e-09,4.85,4.850000001172199
red,350,797.3333333333333,9.795107360900997e-10,4.85,4.85000000097951
red,350,798.0,8.178090854542522e-10,4.85,4.850000000817809
red,350,798.6666666666666,6.822283850695774e-10,4.85,4.850000000682228
red,350,799.3333333333333,5.686470127468677e-10,4.85,4.850000000568647
red,350,800.0,4.735772839919703e-10,4.85,4.850000000473577
red,400,200.0,7.555511100499425e-37,5.45,5.45
red,400,200.66666666666666,1.2483300802916871e-36,5.45,5.45
red,400,201.33333333333334,2.0593356353198313e-36,5.45,5.45
red,400,202.0,3.392008605337463e-36,5.45,5.45
red,400,202.66666666666666,5.578518370002844e-36,5.45,5.45
red,400,203.33333333333334,9.160367584241799e-36,5.45,5.45
red,400,204.0,1.5018931844087333e-35,5.45,5.45
red,400,204.66666666666666,2.458653362051752e-35,5.45,5.45
red,400,205.33333333333334,4.0187192897284005e-35,5.45,5.45
red,400,206.0,6.558584997879153e-35,5.45,5.45
red,400,206.66666666666666,1.0687219828212335e-34,5.45,5.45
red,400,207.33333333333334,1.7388072624742625e-34,5.45,5.45
red,400,208.0,2.824686535647234e-34,5.45,5.45
red,400,208.66666666666666,4.581642362725081e-34,5.45,5.45
red,400,209.33333333333334,7.420005430088697e-34,5.45,5.45
red,400,210.0,1.1998290479715409e-33,5.45,5.45
red,400,210.66666666666666,1.937165083532054e-33,5.45,5.45
red,400,211.33333333333334,3.122813185881858e-33,5.45,5.45
red,400,212.0,5.026405107188613e-33,5.45,5.45
red,400,212.66666666666666,8.077948555071758e-33,5.45,5.45
red,400,213.33333333333334,1.2962142439702472e-32,5.45,5.45
red,400,214.0,2.076751857768159e-32,5.45,5.45
red,400,214.66666666666666,3.3221905400039156e-32,5.45,5.45
red,400,215.33333333333334,5.306358384992972e-32,5.45,5.45
red,400,216.0,8.462539932187733e-32,5.45,5.45
red,400,216.66666666666666,1.3475255087852654e-31,5.45,5.45
red,400,217.33333333333334,2.1424237340439756e-31,5.45,5.45
red,400,218.0,3.4009939398930355e-31,5.45,5.45
red,400,218.66666666666666,5.390616754833536e-31,5.45,5.45
red,400,219.33333333333334,8.531063352508642e-31,5.45,5.45
red,400,220.0,1.3480313392570863e-30,5.45,5.45
red,400,220.66666666666666,2.1268111191482005e-30,5.45,5.45
red,400,221.33333333333334,3.3503483667852114e-30,5.45,5.45
red,400,222.0,5.2696664073406776e-30,5.45,5.45
red,400,222.66666666666666,8.275769599540298e-30,5.45,5.45
red,400,223.33333333333334,1.297674500145125e-29,5.45,5.45
red,400,224.0,2.031679795001461e-29,5.45,5.45
red,400,224.66666666666666,3.1759734558444084e-29,5.45,5.45
red,400,225.33333333333334,4.957133077653011e-29,5.45,5.45
red,400,226.0,7.725318676136425e-29,5.45,5.45
red,400,226.66666666666666,1.2020826821367287e-28,5.45,5.45
red,400,227.33333333333334,1.8676022524904312e-28,5.45,5.45
red,400,228.0,2.8971204327761384e-28,5.45,5.45
red,400,228.66666666666666,4.487255729033159e-28,5.45,5.45
red,400,229.33333333333334,6.939484400347779e-28,5.45,5.45
red,400,230.0,1.0715333649451701e-27,5.45,5.45
red,400,230.66666666666666,1.6520238186368193e-27,5.45,5.45
red,400,231.33333333333334,2.5430741438619254e-27,5.45,5.45
red,400,232.0,3.908713614613094e-27,5.45,5.45
red,400,232.66666666666666,5.998474158469137e-27,5.45,5.45
red,400,233.33333333333331,9.191361438204196e-27,5.45,5.45
red,400,234.0,1.4062126753711446e-26,5.45,5.45
red,400,234.66666666666666,2.1480989537293975e-26,5.45,5.45
red,400,235.33333333333331,3.276345328775317e-26,5.45,5.45
red,400,236.0,4.9895016289573053e-26,5.45,5.45
red,400,236.66666666666666,7.586767561271674e-26,5.45,5.45
red,400,237.33333333333331,1.1518303030176007e-25,5.45,5.45
red,400,238.0,1.7460325389636905e-25,5.45,5.45
red,400,238.66666666666666,2.642702511101671e-25,5.45,5.45
red,400,239.33333333333331,3.993708230707251e-25,5.45,5.45
red,400,240.0,6.026102310814361e-25,5.45,5.45
red,400,240.66666666666666,9.07880691645707e-25,5.45,5.45
red,400,241.33333333333331,1.365693273517322e-24,5.45,5.45
red,400,242.0,2.051207861988716e-24,5.45,5.45
red,400,242.66666666666666,3.0760846746364266e-24,5.45,5.45
red,400,243.33333333333331,4.605947793593822e-24,5.45,5.45
red,400,244.0,6.88607657311226e-24,5.45,5.45
red,400,244.66666666666666,1.0279140350000114e-23,5.45,5.45
red,400,245.33333333333331,1.5320532327881726e-23,5.45,5.45
red,400,246.0,2.279937945900231e-23,5.45,5.45
red,400,246.66666666666666,3.3876950495650395e-23,5.45,5.45
red,400,247.33333333333331,5.0259446763794984e-23,5.45,5.45
red,400,248.0,7.444974413140722e-23,5.45,5.45
red,400,248.66666666666666,1.1011356585275394e-22,5.45,5.45
red,400,249.33333333333331,1.6261123777453298e-22,5.45,5.45
red,400,250.0,2.39768648860652e-22,5.45,5.45
red,400,250.66666666666666,3.529932069287871e-22,5.45,5.45
red,400,251.33333333333331,5.188865472076605e-22,5.45,5.45
red,400,252.0,7.615713296762594e-22,5.45,5.45
red,400,252.66666666666666,1.1160428578898005e-21,5.45,5.45
red,400,253.33333333333331,1.6329890421670163e-21,5.45,5.45
red,400,254.0,2.385710708748558e-21,5.45,5.45
red,400,254.66666666666666,3.480041323586073e-21,5.45,5.45
red,400,255.33333333333331,5.0685429794887785e-21,5.45,5.45
red,400,256.0,7.370788974925167e-21,5.45,5.45
red,400,256.6666666666667,1.0702295378542603e-20,5.45,5.45
red,400,257.3333333333333,1.551572237955487e-20,5.45,5.45
red,400,258.0,2.2459453208994084e-20,5.45,5.45
red,400,258.6666666666667,3.246074395261897e-20,5.45,5.45
red,400,259.3333333333333,4.684355758965539e-20,5.45,5.45
red,400,260.0,6.74952769738424e-20,5.45,5.45
red,400,260.6666666666667,9.710218634721765e-20,5.45,5.45
red,400,261.3333333333333,1.394815435578234e-19,5.45,5.45
red,400,262.0,2.0004909571216986e-19,5.45,5.45
red,400,262.6666666666667,2.8647620300901223e-19,5.45,5.45
red,400,263.3333333333333,4.096119541659863e-19,5.45,5.45
red,400,264.0,5.8477500993051545e-19,5.45,5.45
red,400,264.66666666666663,8.335604469243235e-19,5.45,5.45
red,400,265.3333333333333,1.186362755944782e-18,5.45,5.45
red,400,266.0,1.6858930531547066e-18,5.45,5.45
red,400,266.66666666666663,2.3920742142845406e-18,5.45,5.45
red,400,267.3333333333333,3.388842534930732e-18,5.45,5.45
red,400,268.0,4.793582883697483e-18,5.45,5.45
red,400,268.66666666666663,6.770195408942448e-18,5.45,5.45
red,400,269.3333333333333,9.547161704756827e-18,5.45,5.45
red,400,270.0,1.3442482028028384e-17,5.45,5.45
red,400,270.66666666666663,1.889803992130186e-17,5.45,5.45
red,400,271.3333333333333,2.6526879902399935e-17,5.45,5.45
red,400,272.0,3.717814285029112e-17,5.45,5.45
red,400,272.66666666666663,5.2026106294908517e-17,5.45,5.45
red,400,273.3333333333333,7.269207526417911e-17,5.45,5.45
red,400,274.0,1.01410966725861e-16,5.45,5.45
red,400,274.66666666666663,1.4125859732539738e-16,5.45,5.45
red,400,275.3333333333333,1.9646127928665005e-16,5.45,5.45
red,400,276.0,2.7281682944668837e-16,5.45,5.45
red,400,276.66666666666663,3.7826613215388697e-16,5.45,5.45
red,400,277.3333333333333,5.236678015535409e-16,5.45,5.450000000000001
red,400,278.0,7.238463617214159e-16,5.45,5.450000000000001
red,400,278.66666666666663,9.990081509959164e-16,5.45,5.450000000000001
red,400,279.3333333333333,1.3766507606202542e-15,5.45,5.450000000000002
red,400,280.0,1.894133730243109e-15,5.45,5.450000000000002
red,400,280.66666666666663,2.602133706713277e-15,5.45,5.450000000000003
red,400,281.3333333333333,3.569280590335036e-15,5.45,5.450000000000004
red,400,282.0,4.888367901950351e-15,5.45,5.4500000000000055
red,400,282.66666666666663,6.684657937372244e-15,5.45,5.450000000000007
red,400,283.3333333333333,9.126969626771106e-15,5.45,5.450000000000009
red,400,284.0,1.2442456563384513e-14,5.45,5.450000000000013
red,400,284.66666666666663,1.6936270164299795e-14,5.45,5.450000000000017
red,400,285.3333333333333,2.3017678721664106e-14,5.45,5.450000000000023
red,400,286.0,3.1234703416482954e-14,5.45,5.450000000000031
red,400,286.66666666666663,4.231997092580345e-14,5.45,5.450000000000043
red,400,287.3333333333333,5.725131235268459e-14,5.45,5.450000000000057
red,400,288.0,7.7331715315418e-14,5.45,5.4500000000000774
red,400,288.66666666666663,1.04294631071276e-13,5.45,5.450000000000104
red,400,289.3333333333333,1.4044244202371342e-13,5.45,5.4500000000001405
red,400,290.0,1.8882822212750831e-13,5.45,5.450000000000189
red,400,290.66666666666663,2.534939200497618e-13,5.45,5.450000000000253
red,400,291.3333333333333,3.3978194826556867e-13,5.45,5.45000000000034
red,400,292.0,4.5474210575107766e-13,5.45,5.450000000000455
red,400,292.66666666666663,6.076620946743204e-13,5.45,5.450000000000608
red,400,293.3333333333333,8.107579869946408e-13,5.45,5.450000000000811
red,400,294.0,1.080071326319448e-12,5.45,5.45000000000108
red,400,294.66666666666663,1.4366327052272534e-12,5.45,5.450000000001437
red,400,295.3333333333333,1.9079683795705516e-12,5.45,5.450000000001908
red,400,296.0,2.5300476954243745e-12,5.45,5.450000000002531
red,400,296.66666666666663,3.349795967068911e-12,5.45,5.45000000000335
red,400,297.3333333333333,4.428331394421019e-12,5.45,5.450000000004429
red,400,298.0,5.845127432902126e-12,5.45,5.450000000005845
red,400,298.66666666666663,7.703355943235396e-12,5.45,5.450000000007703
red,400,299.3333333333333,1.0136734193255581e-11,5.45,5.450000000010137
red,400,300.0,1.331828374033472e-11,5.45,5.450000000013318
red,400,300.66666666666663,1.7471515556142423e-11,5.45,5.4500000000174715
red,400,301.3333333333333,2.2884688582466393e-11,5.45,5.450000000022885
red,400,302.0,2.992895450163432e-11,5.45,5.450000000029929
red,400,302.66666666666663,3.908140754232421e-11,5.45,5.450000000039082
red,400,303.3333333333333,5.095431398802281e-11,5.45,5.450000000050954
red,400,304.0,6.633211311708047e-11,5.45,5.450000000066332
red,400,304.66666666666663,8.621817343744099e-11,5.45,5.450000000086218
red,400,305.3333333333333,1.1189377208148461e-10,5.45,5.450000000111894
red,400,306.0,1.4499236140719004e-10,5.45,5.450000000144993
red,400,306.66666666666663,1.8759291971230664e-10,5.45,5.450000000187593
red,400,307.3333333333333,2.423370819950164e-10,5.45,5.450000000242337
red,400,308.0,3.1257584728784035e-10,5.45,5.450000000312576
red,400,308.66666666666663,4.025530036475931e-10,5.45,5.450000000402553
red,400,309.3333333333333,5.176340510503444e-10,5.45,5.450000000517634
red,400,310.0,6.645913965714244e-10,5.45,5.450000000664591
red,400,310.66666666666663,8.519590170644707e-10,5.45,5.45000000085196
red,400,311.3333333333333,1.0904727171388205e-09,5.45,5.450000001090473
red,400,312.0,1.393615655136727e-09,5.45,5.450000001393616
red,400,312.66666666666663,1.7782930856301585e-09,5.45,5.450000001778293
red,400,313.3333333333333,2.26566541317475e-09,5.45,5.450000002265665
red,400,314.0,2.8821748322809026e-09,5.45,5.450000002882175
red,400,314.66666666666663,3.6608082341431914e-09,5.45,5.450000003660809
red,400,315.3333333333333,4.642647914784782e-09,5.45,5.450000004642648
red,400,316.0,5.878772181459074e-09,5.45,5.450000005878772
red,400,316.66666666666663,7.432580525338191e-09,5.45,5.450000007432581
red,400,317.3333333333333,9.38263295656103e-09,5.45,5.4500000093826335
red,400,318.0,1.1826110783491674e-08,5.45,5.450000011826111
red,400,318.66666666666663,1.4883027022052635e-08,5.45,5.450000014883027
red,400,319.3333333333333,1.8701339270505235e-08,5.45,5.450000018701339
red,400,320.0,2.3463146881754317e-08,5.45,5.450000023463147
red,400,320.66666666666663,2.9392188293432528e-08,5.45,5.450000029392188
red,400,321.3333333333333,3.676289421103579e-08,5.45,5.450000036762894
red,400,322.0,4.591129885668067e-08,5.45,5.450000045911299
red,400,322.66666666666663,5.724816568020714e-08,5.45,5.4500000572481655
red,400,323.3333333333333,7.127474688326465e-08,5.45,5.450000071274747
red,400,324.0,8.860166906111743e-08,5.45,5.450000088601669
red,400,324.66666666666663,1.0997152158784827e-07,5.45,5.450000109971522
red,400,325.3333333333333,1.3628582156943925e-07,5.45,5.450000136285822
red,400,326.0,1.6863714092851525e-07,5.45,5.450000168637141
red,400,326.66666666666663,2.083473092846399e-07,5.45,5.450000208347309
red,400,327.3333333333333,2.5701275273649004e-07,5.45,5.450000257012753
red,400,328.0,3.165581955821545e-07,5.45,5.450000316558196
red,400,328.66666666666663,3.893001417384207e-07,5.45,5.450000389300142
red,400,329.3333333333333,4.780217676035355e-07,5.45,5.450000478021768
red,400,330.0,5.860611009630771e-07,5.45,5.450000586061101
red,400,330.66666666666663,7.174146340122478e-07,5.45,5.4500007174146345
red,400,331.3333333333333,8.768588255188243e-07,5.45,5.450000876858826
red,400,332.0,1.0700922905256004e-06,5.45,5.4500010700922905
red,400,332.66666666666663,1.3039018587852841e-06,5.45,5.450001303901859
red,400,333.3333333333333,1.5863561083355741e-06,5.45,5.450001586356109
red,400,334.0,1.9270304512097495e-06,5.45,5.450001927030451
red,400,334.66666666666663,2.3372683670774868e-06,5.45,5.4500023372683675
red,400,335.3333333333333,2.830483950261844e-06,5.45,5.4500028304839505
red,400,336.0,3.4225115584417434e-06,5.45,5.450003422511559
red,400,336.66666666666663,4.132009029391067e-06,5.45,5.450004132009029
red,400,337.3333333333333,4.98092166677771e-06,5.45,5.450004980921667
red,400,338.0,5.995014988153592e-06,5.45,5.450005995014989
red,400,338.66666666666663,7.204485077818875e-06,5.45,5.450007204485078
red,400,339.3333333333333,8.644656293264909e-06,5.45,5.450008644656293
red,400,340.0,1.035677703428166e-05,5.45,5.450010356777034
red,400,340.66666666666663,1.238892529508412e-05,5.45,5.450012388925296
red,400,341.3333333333333,1.4797036776933904e-05,5.45,5.450014797036777
red,400,342.0,1.7646069434887358e-05,5.45,5.450017646069435
red,400,342.66666666666663,2.1011319458668533e-05,5.45,5.450021011319459
red,400,343.3333333333333,2.4979904833128355e-05,5.45,5.450024979904834
red,400,344.0,2.965243377474683e-05,5.45,5.450029652433775
red,400,344.66666666666663,3.514487648084385e-05,5.45,5.450035144876481
red,400,345.3333333333333,4.159065973830862e-05,5.45,5.450041590659739
red,400,346.0,4.914300499629406e-05,5.45,5.450049143004996
red,400,346.66666666666663,5.797753148670619e-05,5.45,5.450057977531487
red,400,347.3333333333333,6.8295146848074e-05,5.45,5.450068295146848
red,400,348.0,8.032524843966648e-05,5.45,5.4500803252484396
red,400,348.66666666666663,9.432925908690179e-05,5.45,5.450094329259087
red,400,349.3333333333333,0.00011060452133588231,5.45,5.450110604521336
red,400,350.0,0.00012948857437036955,5.45,5.450129488574371
red,400,350.66666666666663,0.0001513638375114866,5.45,5.450151363837512
red,400,351.3333333333333,0.00017666272362815705,5.45,5.450176662723629
red,400,352.0,0.0002058732047816087,5.45,5.450205873204782
red,400,352.66666666666663,0.00023954485095447294,5.45,5.450239544850954
red,400,353.3333333333333,0.00027829536071659756,5.45,5.450278295360717
red,400,354.0,0.0003228176000973826,5.45,5.450322817600098
red,400,354.66666666666663,0.00037388716270997504,5.45,5.45037388716271
red,400,355.3333333333333,0.0004323704602482832,5.45,5.450432370460248
red,400,356.0,0.0004992333477985494,5.45,5.450499233347799
red,400,356.66666666666663,0.0005755502829215955,5.45,5.450575550282922
red,400,357.3333333333333,0.0006625140111229401,5.45,5.450662514011123
red,400,358.0,0.0007614457630962055,5.45,5.450761445763097
red,400,358.66666666666663,0.0008738059409695827,5.45,5.45087380594097
red,400,359.3333333333333,0.0010012052616840408,5.45,5.451001205261684
red,400,360.0,0.0011454163155774674,5.45,5.451145416315578
red,400,360.66666666666663,0.0013083854872472656,5.45,5.4513083854872475
red,400,361.3333333333333,0.0014922451738364983,5.45,5.451492245173837
red,400,362.0,0.0016993262230772673,5.45,5.4516993262230775
red,400,362.66666666666663,0.0019321704997912518,5.45,5.451932170499791
red,400,363.3333333333333,0.002193543475173813,5.45,5.452193543475174
red,400,364.0,0.0024864467181835164,5.45,5.452486446718184
red,400,364.66666666666663,0.0028141301528570896,5.45,5.452814130152857
red,400,365.3333333333333,0.0031801039295288654,5.45,5.453180103929529
red,400,366.0,0.0035881497419421966,5.45,5.453588149741942
red,400,366.66666666666663,0.004042331406314147,5.45,5.454042331406314
red,400,367.3333333333333,0.004547004502793893,5.45,5.454547004502794
red,400,368.0,0.0051068248647114225,5.45,5.455106824864711
red,400,368.66666666666663,0.005726755686842596,5.45,5.455726755686843
red,400,369.3333333333333,0.006412073010934146,5.45,5.4564120730109344
red,400,370.0,0.007168369335281634,5.45,5.457168369335282
red,400,370.66666666666663,0.008001555085591147,5.45,5.458001555085591
red,400,371.3333333333333,0.008917857677049305,5.45,5.45891785767705
red,400,372.0,0.009923817892857378,5.45,5.459923817892857
red,400,372.66666666666663,0.01102628330283638,5.45,5.461026283302837
red,400,373.3333333333333,0.012232398447452206,5.45,5.462232398447452
red,400,374.0,0.013549591518114627,5.45,5.463549591518115
red,400,374.66666666666663,0.014985557274217375,5.45,5.464985557274217
red,400,375.3333333333333,0.01654823595142342,5.45,5.466548235951423
red,400,376.0,0.01824578793444618,5.45,5.468245787934446
red,400,376.66666666666663,0.020086563991275504,5.45,5.470086563991275
red,400,377.3333333333333,0.022079070894621182,5.45,5.472079070894622
red,400,378.0,0.024231932290422194,5.45,5.474231932290422
red,400,378.66666666666663,0.02655384471265073,5.45,5.476553844712651
red,400,379.3333333333333,0.02905352868827957,5.45,5.479053528688279
red,400,380.0,0.031739674926069224,5.45,5.48173967492607
red,400,380.66666666666663,0.034620885637557684,5.45,5.484620885637558
red,400,381.3333333333333,0.03770561109796701,5.45,5.487705611097967
red,400,382.0,0.04100208161827189,5.45,5.491002081618272
red,400,382.66666666666663,0.0445182351668852,5.45,5.494518235166885
red,400,383.3333333333333,0.04826164094964656,5.45,5.4982616409496465
red,400,384.0,0.052239419329332494,5.45,5.5022394193293325
red,400,384.66666666666663,0.05645815853990247,5.45,5.506458158539902
red,400,385.3333333333333,0.06092382872518738,5.45,5.510923828725187
red,400,386.0,0.06564169390571233,5.45,5.515641693905713
red,400,386.66666666666663,0.07061622254972014,5.45,5.52061622254972
red,400,387.3333333333333,0.07585099749402786,5.45,5.525850997494028
red,400,388.0,0.08134862602590517,5.45,5.531348626025905
red,400,388.66666666666663,0.08711065099746951,5.45,5.5371106509974695
red,400,389.3333333333333,0.09313746389784014,5.45,5.54313746389784
red,400,390.0,0.0994282208542559,5.45,5.5494282208542565
red,400,390.66666666666663,0.10598076257032069,5.45,5.555980762570321
red,400,391.3333333333333,0.11279153923627606,5.45,5.562791539236276
red,400,392.0,0.11985554146165606,5.45,5.569855541461656
red,400,392.66666666666663,0.12716623828387463,5.45,5.5771662382838745
red,400,393.3333333333333,0.13471552329630995,5.45,5.58471552329631
red,400,394.0,0.14249366991562348,5.45,5.592493669915624
red,400,394.66666666666663,0.15048929676984527,5.45,5.600489296769846
red,400,395.3333333333333,0.1586893441357741,5.45,5.608689344135774
red,400,396.0,0.1670790622864021,5.45,5.617079062286402
red,400,396.66666666666663,0.17564201252646774,5.45,5.625642012526468
red,400,397.3333333333333,0.1843600815971565,5.45,5.634360081597157
red,400,398.0,0.19321351002002615,5.45,5.6432135100200265
red,400,398.66666666666663,0.20218093482627517,5.45,5.6521809348262755
red,400,399.3333333333333,0.21123944698150843,5.45,5.661239446981509
red,400,400.0,0.220364663669572,5.45,5.670364663669572
red,400,400.66666666666663,0.22953081544337342,5.45,5.679530815443374
red,400,401.3333333333333,0.23871084808759777,5.45,5.688710848087598
red,400,402.0,0.24787653886988897,5.45,5.697876538869889
red,400,402.66666666666663,0.25699862668554047,5.45,5.70699862668554
red,400,403.3333333333333,0.26604695542824647,5.45,5.716046955428246
red,400,404.0,0.27499062974845495,5.45,5.724990629748455
red,400,404.66666666666663,0.2837981821938089,5.45,5.733798182193809
red,400,405.3333333333333,0.2924377505654892,5.45,5.7424377505654896
red,400,406.0,0.3008772641725385,5.45,5.750877264172539
red,400,406.66666666666663,0.3090846375258874,5.45,5.759084637525888
red,400,407.3333333333333,0.3170279698870953,5.45,5.767027969887096
red,400,408.0,0.3246757489760368,5.45,5.774675748976037
red,400,408.66666666666663,0.33199705704891835,5.45,5.781997057048919
red,400,409.3333333333333,0.3389617774848517,5.45,5.788961777484852
red,400,410.0,0.34554079996734527,5.45,5.795540799967346
red,400,410.66666666666663,0.3517062223177458,5.45,5.801706222317746
red,400,411.3333333333333,0.35743154703175867,5.45,5.807431547031759
red,400,412.0,0.36269187058834673,5.45,5.812691870588347
red,400,412.66666666666663,0.3674640636427645,5.45,5.817464063642765
red,400,413.3333333333333,0.3717269402820675,5.45,5.821726940282067
red,400,414.0,0.37546141461165283,5.45,5.825461414611653
red,400,414.66666666666663,0.3786506430543585,5.45,5.828650643054359
red,400,415.3333333333333,0.3812801508780744,5.45,5.831280150878075
red,400,416.0,0.3833379416221463,5.45,5.833337941622147
red,400,416.66666666666663,0.3848145882651356,5.45,5.834814588265136
red,400,417.3333333333333,0.3857033051644977,5.45,5.835703305164498
red,400,418.0,0.38599999999999995,5.45,5.836
red,400,418.66666666666663,0.38570330516449775,5.45,5.835703305164498
red,400,419.3333333333333,0.3848145882651357,5.45,5.834814588265136
red,400,420.0,0.3833379416221463,5.45,5.833337941622147
red,400,420.66666666666663,0.3812801508780746,5.45,5.831280150878075
red,400,421.3333333333333,0.37865064305435875,5.45,5.828650643054359
red,400,422.0,0.37546141461165283,5.45,5.825461414611653
red,400,422.66666666666663,0.3717269402820678,5.45,5.821726940282068
red,400,423.3333333333333,0.3674640636427649,5.45,5.817464063642765
red,400,424.0,0.36269187058834673,5.45,5.812691870588347
red,400,424.66666666666663,0.3574315470317591,5.45,5.80743154703176
red,400,425.3333333333333,0.35170622231774623,5.45,5.801706222317747
red,400,426.0,0.34554079996734527,5.45,5.795540799967346
red,400,426.66666666666663,0.33896177748485223,5.45,5.788961777484852
red,400,427.3333333333333,0.33199705704891896,5.45,5.781997057048919
red,400,428.0,0.3246757489760368,5.45,5.774675748976037
red,400,428.66666666666663,0.3170279698870959,5.45,5.767027969887096
red,400,429.3333333333333,0.3090846375258881,5.45,5.759084637525889
red,400,430.0,0.3008772641725385,5.45,5.750877264172539
red,400,430.66666666666663,0.29243775056548993,5.45,5.74243775056549
red,400,431.3333333333333,0.2837981821938097,5.45,5.7337981821938095
red,400,432.0,0.27499062974845495,5.45,5.724990629748455
red,400,432.66666666666663,0.26604695542824724,5.45,5.716046955428247
red,400,433.3333333333333,0.25699862668554124,5.45,5.706998626685541
red,400,434.0,0.24787653886988897,5.45,5.697876538869889
red,400,434.66666666666663,0.23871084808759854,5.45,5.688710848087599
red,400,435.3333333333333,0.22953081544337417,5.45,5.679530815443375
red,400,436.0,0.220364663669572,5.45,5.670364663669572
red,400,436.66666666666663,0.2112394469815092,5.45,5.66123944698151
red,400,437.3333333333333,0.20218093482627594,5.45,5.652180934826276
red,400,438.0,0.19321351002002615,5.45,5.6432135100200265
red,400,438.66666666666663,0.18436008159715725,5.45,5.6343600815971575
red,400,439.3333333333333,0.1756420125264685,5.45,5.625642012526469
red,400,440.0,0.1670790622864021,5.45,5.617079062286402
red,400,440.66666666666663,0.15868934413577482,5.45,5.608689344135775
red,400,441.3333333333333,0.15048929676984596,5.45,5.6004892967698465
red,400,442.0,0.14249366991562348,5.45,5.592493669915624
red,400,442.66666666666663,0.13471552329631062,5.45,5.58471552329631
red,400,443.3333333333333,0.12716623828387524,5.45,5.577166238283875
red,400,444.0,0.11985554146165606,5.45,5.569855541461656
red,400,444.66666666666663,0.11279153923627666,5.45,5.562791539236277
red,400,445.3333333333333,0.10598076257032128,5.45,5.5559807625703215
red,400,446.0,0.0994282208542559,5.45,5.5494282208542565
red,400,446.66666666666663,0.09313746389784067,5.45,5.543137463897841
red,400,447.3333333333333,0.08711065099747002,5.45,5.53711065099747
red,400,448.0,0.08134862602590517,5.45,5.531348626025905
red,400,448.66666666666663,0.07585099749402832,5.45,5.525850997494029
red,400,449.3333333333333,0.07061622254972061,5.45,5.52061622254972
red,400,450.0,0.06564169390571233,5.45,5.515641693905713
red,400,450.66666666666663,0.06092382872518778,5.45,5.510923828725188
red,400,451.3333333333333,0.05645815853990283,5.45,5.506458158539903
red,400,452.0,0.052239419329332494,5.45,5.5022394193293325
red,400,452.66666666666663,0.04826164094964692,5.45,5.498261640949647
red,400,453.3333333333333,0.04451823516688554,5.45,5.494518235166885
red,400,454.0,0.041002081618271895,5.45,5.491002081618272
red,400,454.66666666666663,0.0377056110979673,5.45,5.487705611097968
red,400,455.3333333333333,0.03462088563755796,5.45,5.4846208856375585
red,400,456.0,0.03173967492606923,5.45,5.48173967492607
red,400,456.66666666666663,0.02905352868827981,5.45,5.47905352868828
red,400,457.3333333333333,0.026553844712650956,5.45,5.476553844712651
red,400,458.0,0.024231932290422215,5.45,5.474231932290422
red,400,458.66666666666663,0.02207907089462139,5.45,5.472079070894622
red,400,459.3333333333333,0.020086563991275688,5.45,5.470086563991276
red,400,460.0,0.01824578793444622,5.45,5.468245787934446
red,400,460.66666666666663,0.016548235951423622,5.45,5.466548235951424
red,400,461.3333333333333,0.014985557274217557,5.45,5.464985557274217
red,400,462.0,0.013549591518114714,5.45,5.463549591518115
red,400,462.66666666666663,0.012232398447452431,5.45,5.462232398447453
red,400,463.3333333333333,0.011026283302836615,5.45,5.461026283302837
red,400,464.0,0.009923817892857558,5.45,5.459923817892857
red,400,464.66666666666663,0.008917857677049609,5.45,5.45891785767705
red,400,465.3333333333333,0.00800155508559151,5.45,5.458001555085592
red,400,466.0,0.007168369335282004,5.45,5.457168369335283
red,400,466.66666666666663,0.006412073010934673,5.45,5.4564120730109344
red,400,467.3333333333333,0.005726755686843244,5.45,5.455726755686843
red,400,468.0,0.00510682486471218,5.45,5.455106824864712
red,400,468.66666666666663,0.004547004502794893,5.45,5.454547004502795
red,400,469.3333333333333,0.0040423314063154,5.45,5.454042331406316
red,400,470.0,0.003588149741943732,5.45,5.453588149741944
red,400,470.66666666666663,0.0031801039295308365,5.45,5.453180103929531
red,400,471.3333333333333,0.0028141301528595668,5.45,5.45281413015286
red,400,472.0,0.0024864467181866063,5.45,5.452486446718186
red,400,472.66666666666663,0.002193543475177731,5.45,5.452193543475178
red,400,473.3333333333333,0.0019321704997961758,5.45,5.451932170499797
red,400,474.0,0.0016993262230834394,5.45,5.451699326223084
red,400,474.66666666666663,0.0014922451738442742,5.45,5.451492245173845
red,400,475.3333333333333,0.0013083854872570303,5.45,5.451308385487257
red,400,476.0,0.0011454163155897033,5.45,5.4511454163155895
red,400,476.66666666666663,0.0010012052616993965,5.45,5.4510012052617
red,400,477.3333333333333,0.0008738059409888219,5.45,5.450873805940989
red,400,478.0,0.0007614457631202792,5.45,5.450761445763121
red,400,478.66666666666663,0.0006625140111530621,5.45,5.450662514011153
red,400,479.3333333333333,0.0005755502829592438,5.45,5.450575550282959
red,400,480.0,0.0004992333478455568,5.45,5.450499233347846
red,400,480.66666666666663,0.0004323704603069448,5.45,5.450432370460307
red,400,481.3333333333333,0.0003738871627831094,5.45,5.450373887162783
red,400,482.0,0.0003228176001884802,5.45,5.450322817600188
red,400,482.66666666666663,0.0002782953608299868,5.45,5.45027829536083
red,400,483.3333333333333,0.00023954485109548392,5.45,5.450239544851096
red,400,484.0,0.00020587320495682067,5.45,5.450205873204957
red,400,484.66666666666663,0.00017666272384568972,5.45,5.4501766627238455
red,400,485.3333333333333,0.00015136383778133127,5.45,5.450151363837781
red,400,486.0,0.00012948857470482356,5.45,5.450129488574705
red,400,486.66666666666663,0.0001106045217500715,5.45,5.4501106045217504
red,400,487.3333333333333,9.432925959940317e-05,5.45,5.4500943292596
red,400,488.0,8.0325249073281e-05,5.45,5.450080325249074
red,400,488.66666666666663,6.829514763076836e-05,5.45,5.450068295147631
red,400,489.3333333333333,5.7977532452742606e-05,5.45,5.450057977532453
red,400,490.0,4.914300618761824e-05,5.45,5.450049143006188
red,400,490.66666666666663,4.159066120622712e-05,5.45,5.450041590661207
red,400,491.3333333333333,3.5144878288055125e-05,5.45,5.450035144878289
red,400,492.0,2.965243599780537e-05,5.45,5.450029652435998
red,400,492.66666666666663,2.4979907565427147e-05,5.45,5.450024979907566
red,400,493.3333333333333,2.1011322814039296e-05,5.45,5.450021011322814
red,400,494.0,1.7646073551954522e-05,5.45,5.450017646073552
red,400,494.66666666666663,1.4797041824366938e-05,5.45,5.450014797041825
red,400,495.3333333333333,1.2388931477928058e-05,5.45,5.450012388931478
red,400,496.0,1.0356784601584505e-05,5.45,5.450010356784602
red,400,496.66666666666663,8.644665547256254e-06,5.45,5.450008644665547
red,400,497.3333333333333,7.204496384943471e-06,5.45,5.450007204496385
red,400,498.0,5.995028792326406e-06,5.45,5.450005995028793
red,400,498.66666666666663,4.9809385052903445e-06,5.45,5.450004980938505
red,400,499.3333333333333,4.132029551981943e-06,5.45,5.4500041320295525
red,400,500.0,3.4225365501400773e-06,5.45,5.45000342253655
red,400,500.66666666666663,2.8305143587254647e-06,5.45,5.450002830514359
red,400,501.3333333333333,2.3373053352777934e-06,5.45,5.450002337305335
red,400,502.0,1.9270753564746045e-06,5.45,5.450001927075356
red,400,502.66666666666663,1.5864106089426457e-06,5.45,5.450001586410609
red,400,503.3333333333333,1.3039679495139997e-06,5.45,5.45000130396795
red,400,504.0,1.0701723688291797e-06,5.45,5.450001070172369
red,400,504.66666666666663,8.769557702725247e-07,5.45,5.45000087695577
red,400,505.3333333333333,7.175318991403112e-07,5.45,5.450000717531899
red,400,506.0,5.862028266517641e-07,5.45,5.450000586202827
red,400,506.66666666666663,4.781929122794157e-07,5.45,5.450000478192912
red,400,507.3333333333333,3.8950663854214363e-07,5.45,5.450000389506639
red,400,508.0,3.168071377101228e-07,5.45,5.450000316807138
red,400,508.66666666666663,2.57312612769691e-07,5.45,5.450000257312613
red,400,509.3333333333333,2.0870819849267213e-07,5.45,5.4500002087081985
red,400,510.0,1.6907111554590663e-07,5.45,5.4500001690711155
red,400,510.66666666666663,1.3680724421164738e-07,5.45,5.450000136807245
red,400,511.3333333333333,1.1059748733083732e-07,5.45,5.450000110597488
red,400,512.0,8.935250727870696e-08,5.45,5.450000089352508
red,400,512.6666666666666,7.217461175203867e-08,5.45,5.450000072174612
red,400,513.3333333333333,5.8325730359056554e-08,5.45,5.45000005832573
red,400,514.0,4.720057076779057e-08,5.45,5.450000047200571
red,400,514.6666666666666,3.8304171637809776e-08,5.45,5.450000038304172
red,400,515.3333333333333,3.123318172116889e-08,5.45,5.4500000312331816
red,400,516.0,2.5660292198520935e-08,5.45,5.450000025660293
red,400,516.6666666666666,2.1321334185790695e-08,5.45,5.450000021321334
red,400,517.3333333333333,1.800462692552503e-08,5.45,5.450000018004627
red,400,518.0,1.5542225841201556e-08,5.45,5.450000015542226
red,400,518.6666666666666,1.3802774623504313e-08,5.45,5.450000013802775
red,400,519.3333333333333,1.268571294978737e-08,5.45,5.450000012685713
red,400,520.0,1.2116632309414744e-08,5.45,5.450000012116632
red,400,520.6666666666666,1.2043607608401372e-08,5.45,5.450000012043608
red,400,521.3333333333333,1.2434362548423069e-08,5.45,5.450000012434363
red,400,522.0,1.3274152919865887e-08,5.45,5.4500000132741535
red,400,522.6666666666666,1.4564274537511599e-08,5.45,5.450000014564274
red,400,523.3333333333333,1.6321122129560453e-08,5.45,5.450000016321122
red,400,524.0,1.8575742550132385e-08,5.45,5.450000018575743
red,400,524.6666666666666,2.137384064896304e-08,5.45,5.450000021373841
red,400,525.3333333333333,2.4776209375882765e-08,5.45,5.45000002477621
red,400,526.0,2.885956755358453e-08,5.45,5.450000028859567
red,400,526.6666666666666,3.3717799513275685e-08,5.45,5.450000033717799
red,400,527.3333333333333,3.946360071362077e-08,5.45,5.450000039463601
red,400,528.0,4.623054278466158e-08,5.45,5.450000046230543
red,400,528.6666666666666,5.417558036136094e-08,5.45,5.450000054175581
red,400,529.3333333333333,6.348203078136634e-08,5.45,5.450000063482031
red,400,530.0,7.436306638632515e-08,5.45,5.450000074363067
red,400,530.6666666666666,8.706576793908048e-08,5.45,5.450000087065768
red,400,531.3333333333333,1.0187579669169087e-07,5.45,5.450000101875797
red,400,532.0,1.191227520432205e-07,5.45,5.450000119122752
red,400,532.6666666666666,1.3918629163594205e-07,5.45,5.450000139186292
red,400,533.3333333333333,1.625031012720579e-07,5.45,5.450000162503102
red,400,534.0,1.8957481330377763e-07,5.45,5.450000189574814
red,400,534.6666666666666,2.2097698426808786e-07,5.45,5.4500002209769844
red,400,535.3333333333333,2.5736925561142907e-07,5.45,5.450000257369256
red,400,536.0,2.995068354846678e-07,5.45,5.4500002995068355
red,400,536.6666666666666,3.4825345489057806e-07,5.45,5.450000348253455
red,400,537.3333333333333,4.045959680382849e-07,5.45,5.4500004045959685
red,400,538.0,4.696607847049797e-07,5.45,5.450000469660785
red,400,538.6666666666666,5.447323418279556e-07,5.45,5.450000544732342
red,400,539.3333333333333,6.312738425509926e-07,5.45,5.450000631273843
red,400,540.0,7.309505136283457e-07,5.45,5.450000730950514
red,400,540.6666666666666,8.456556565466778e-07,5.45,5.450000845655657
red,400,541.3333333333333,9.775397940552502e-07,5.45,5.450000977539794
red,400,542.0,1.1290432420895145e-06,5.45,5.450001129043242
red,400,542.6666666666666,1.3029324674218023e-06,5.45,5.450001302932468
red,400,543.3333333333333,1.5023406238558034e-06,5.45,5.450001502340624
red,400,544.0,1.7308126944718606e-06,5.45,5.450001730812694
red,400,544.6666666666666,1.992355704395231e-06,5.45,5.450001992355705
red,400,545.3333333333333,2.2914945078508773e-06,5.45,5.450002291494508
red,400,546.0,2.6333336949255528e-06,5.45,5.450002633333695
red,400,546.6666666666666,3.0236262075086895e-06,5.45,5.450003023626207
red,400,547.3333333333333,3.4688493003321867e-06,5.45,5.4500034688493
red,400,548.0,3.976288531859144e-06,5.45,5.450003976288532
red,400,548.6666666666666,4.554130520950291e-06,5.45,5.450004554130521
red,400,549.3333333333333,5.2115652586944046e-06,5.45,5.450005211565259
red,400,550.0,5.9588988204286e-06,5.45,5.450005958898821
red,400,550.6666666666666,6.807677380672513e-06,5.45,5.450006807677381
red,400,551.3333333333333,7.770823493286457e-06,5.45,5.450007770823493
red,400,552.0,8.862785660423991e-06,5.45,5.45000886278566
red,400,552.6666666666666,1.0099702276543045e-05,5.45,5.4500100997022765
red,400,553.3333333333333,1.149958109755628e-05,5.45,5.450011499581097
red,400,554.0,1.308249544977729e-05,5.45,5.45001308249545
red,400,554.6666666666666,1.4870798458262627e-05,5.45,5.450014870798459
red,400,555.3333333333333,1.6889356638968473e-05,5.45,5.450016889356639
red,400,556.0,1.9165804263294398e-05,5.45,5.450019165804264
red,400,556.6666666666666,2.1730819966485356e-05,5.45,5.450021730819967
red,400,557.3333333333333,2.4618427132313545e-05,5.45,5.450024618427133
red,400,558.0,2.7866319644693645e-05,5.45,5.450027866319645
red,400,558.6666666666666,3.151621465160231e-05,5.45,5.4500315162146515
red,400,559.3333333333333,3.561423403693036e-05,5.45,5.450035614234037
red,400,560.0,4.0211316340688235e-05,5.45,5.450040211316341
red,400,560.6666666666666,4.5363660906271035e-05,5.45,5.450045363660906
red,400,561.3333333333333,5.113320606407597e-05,5.45,5.450051133206064
red,400,562.0,5.75881431823732e-05,5.45,5.450057588143182
red,400,562.6666666666666,6.480346842770912e-05,5.45,5.450064803468428
red,400,563.3333333333333,7.286157407678901e-05,5.45,5.4500728615740766
red,400,564.0,8.185288120825006e-05,5.45,5.450081852881208
red,400,564.6666666666666,9.187651557450377e-05,5.45,5.450091876515574
red,400,565.3333333333333,0.00010304102840922882,5.45,5.4501030410284095
red,400,566.0,0.00011546516386338356,5.45,5.450115465163863
red,400,566.6666666666666,0.00012927867468020545,5.45,5.45012927867468
red,400,567.3333333333333,0.0001446231876156821,5.45,5.450144623187616
red,400,568.0,0.00016165311998358138,5.45,5.4501616531199835
red,400,568.6666666666666,0.000180536648551689,5.45,5.450180536648552
red,400,569.3333333333333,0.00020145673183648316,5.45,5.450201456731837
red,400,570.0,0.0002246121866352301,5.45,5.450224612186635
red,400,570.6666666666666,0.0002502188193959315,5.45,5.450250218819396
red,400,571.3333333333333,0.0002785106127548472,5.45,5.450278510612755
red,400,572.0,0.00030974096726676844,5.45,5.450309740967267
red,400,572.6666666666666,0.000344183998013729,5.45,5.450344183998014
red,400,573.3333333333333,0.00038213588540184367,5.45,5.450382135885402
red,400,574.0,0.0004239162790421431,5.45,5.450423916279043
red,400,574.6666666666666,0.00046986975315925185,5.45,5.450469869753159
red,400,575.3333333333333,0.000520367311480352,5.45,5.450520367311481
red,400,576.0,0.0005758079390256179,5.45,5.450575807939026
red,400,576.6666666666666,0.0006366201976505914,5.45,5.450636620197651
red,400,577.3333333333333,0.0007032638615805829,5.45,5.45070326386158
red,400,578.0,0.000776231588527476,5.45,5.450776231588527
red,400,578.6666666666666,0.0008560506212920933,5.45,5.450856050621292
red,400,579.3333333333333,0.000943284514031355,5.45,5.4509432845140315
red,400,580.0,0.0010385348766104436,5.45,5.451038534876611
red,400,580.6666666666666,0.0011424431296695617,5.45,5.45114244312967
red,400,581.3333333333333,0.0012556922622147715,5.45,5.451255692262215
red,400,582.0,0.0013790085826959101,5.45,5.4513790085826965
red,400,582.6666666666666,0.00151316345366731,5.45,5.451513163453668
red,400,583.3333333333333,0.0016589749992424103,5.45,5.451658974999242
red,400,584.0,0.0018173097736564018,5.45,5.451817309773657
red,400,584.6666666666666,0.0019890843783494047,5.45,5.45198908437835
red,400,585.3333333333333,0.002175267014081526,5.45,5.4521752670140815
red,400,586.0,0.0023768789536971584,5.45,5.4523768789536975
red,400,586.6666666666666,0.002594995920279116,5.45,5.452594995920279
red,400,587.3333333333333,0.0028307493545804505,5.45,5.452830749354581
red,400,588.0,0.0030853275548010112,5.45,5.453085327554801
red,400,588.6666666666666,0.003359976670999986,5.45,5.453359976671
red,400,589.3333333333333,0.003656001535712175,5.45,5.4536560015357125
red,400,590.0,0.003974766311674203,5.45,5.453974766311674
red,400,590.6666666666666,0.00431769493698252,5.45,5.454317694936982
red,400,591.3333333333333,0.00468627134750526,5.45,5.454686271347505
red,400,592.0,0.005082039455966109,5.45,5.4550820394559665
red,400,592.6666666666666,0.005506602866826112,5.45,5.455506602866826
red,400,593.3333333333333,0.0059616243059170335,5.45,5.4559616243059175
red,400,594.0,0.006448824743737671,5.45,5.456448824743738
red,400,594.6666666666666,0.006969982191430261,5.45,5.45696998219143
red,400,595.3333333333333,0.007526930148713466,5.45,5.457526930148713
red,400,596.0,0.008121555683471749,5.45,5.458121555683472
red,400,596.6666666666666,0.008755797123304751,5.45,5.458755797123305
red,400,597.3333333333333,0.009431641340128884,5.45,5.459431641340129
red,400,598.0,0.010151120609903417,5.45,5.460151120609903
red,400,598.6666666666666,0.01091630903074134,5.45,5.4609163090307415
red,400,599.3333333333333,0.011729318484060777,5.45,5.4617293184840605
red,400,600.0,0.012592294125038395,5.45,5.462592294125039
red,400,600.6666666666666,0.013507409390457385,5.45,5.463507409390457
red,400,601.3333333333333,0.01447686051409113,5.45,5.464476860514091
red,400,602.0,0.015502860542029434,5.45,5.4655028605420295
red,400,602.6666666666666,0.016587632842846575,5.45,5.466587632842847
red,400,603.3333333333333,0.017733404110216906,5.45,5.467733404110217
red,400,604.0,0.018942396858494703,5.45,5.468942396858495
red,400,604.6666666666666,0.020216821414898323,5.45,5.4702168214148985
red,400,605.3333333333333,0.021558867415251922,5.45,5.471558867415252
red,400,606.0,0.022970694813723682,5.45,5.472970694813724
red,400,606.6666666666666,0.02445442442066315,5.45,5.474454424420664
red,400,607.3333333333333,0.0260121279864467,5.45,5.476012127986447
red,400,608.0,0.027645817853167762,5.45,5.477645817853168
red,400,608.6666666666666,0.029357436200054775,5.45,5.479357436200055
red,400,609.3333333333333,0.031148843912622817,5.45,5.481148843912623
red,400,610.0,0.0330218091097335,5.45,5.483021809109734
red,400,610.6666666666666,0.034977995366946915,5.45,5.484977995366947
red,400,611.3333333333333,0.03701894967874704,5.45,5.487018949678747
red,400,612.0,0.03914609020637093,5.45,5.489146090206371
red,400,612.6666666666666,0.04136069386206526,5.45,5.491360693862066
red,400,613.3333333333333,0.043663883784570076,5.45,5.493663883784571
red,400,614.0,0.04605661676444826,5.45,5.496056616764449
red,400,614.6666666666666,0.04853967068153276,5.45,5.498539670681533
red,400,615.3333333333333,0.05111363202018467,5.45,5.501113632020185
red,400,616.0,0.05377888353120127,5.45,5.503778883531202
red,400,616.6666666666666,0.056535592112079466,5.45,5.50653559211208
red,400,617.3333333333333,0.059383696979856314,5.45,5.509383696979857
red,400,618.0,0.06232289821287291,5.45,5.512322898212873
red,400,618.6666666666666,0.06535264573954244,5.45,5.515352645739543
red,400,619.3333333333333,0.06847212885347807,5.45,5.518472128853478
red,400,620.0,0.07168026633511372,5.45,5.521680266335114
red,400,620.6666666666666,0.0749756972602438,5.45,5.524975697260244
red,400,621.3333333333333,0.07835677257564937,5.45,5.528356772575649
red,400,622.0,0.0818215475211395,5.45,5.531821547521139
red,400,622.6666666666666,0.0853677749759454,5.45,5.535367774975946
red,400,623.3333333333333,0.08899289980539862,5.45,5.5389928998053986
red,400,624.0,0.09269405428119105,5.45,5.542694054281191
red,400,624.6666666666666,0.0964680546452935,5.45,5.546468054645294
red,400,625.3333333333333,0.10031139888375329,5.45,5.550311398883753
red,400,626.0,0.10422026577209943,5.45,5.554220265772099
red,400,626.6666666666666,0.10819051524901628,5.45,5.5581905152490165
red,400,627.3333333333333,0.11221769016926943,5.45,5.56221769016927
red,400,628.0,0.11629701948059508,5.45,5.566297019480595
red,400,628.6666666666666,0.12042342286247851,5.45,5.570423422862478
red,400,629.3333333333333,0.12459151685742599,5.45,5.574591516857426
red,400,630.0,0.12879562251751245,5.45,5.578795622517513
red,400,630.6666666666666,0.13302977458076248,5.45,5.583029774580763
red,400,631.3333333333333,0.1372877321832891,5.45,5.587287732183289
red,400,632.0,0.1415629911041205,5.45,5.59156299110412
red,400,632.6666666666666,0.14584879753041013,5.45,5.59584879753041
red,400,633.3333333333333,0.15013816332124966,5.45,5.60013816332125
red,400,634.0,0.15442388273865448,5.45,5.604423882738654
red,400,634.6666666666666,0.1586985506045968,5.45,5.608698550604597
red,400,635.3333333333333,0.16295458183322994,5.45,5.61295458183323
red,400,636.0,0.16718423227776227,5.45,5.617184232277762
red,400,636.6666666666666,0.17137962082192312,5.45,5.621379620821923
red,400,637.3333333333333,0.17553275263664653,5.45,5.625532752636647
red,400,638.0,0.1796355435135481,5.45,5.629635543513548
red,400,638.6666666666666,0.18367984517812908,5.45,5.633679845178129
red,400,639.3333333333333,0.1876574714774207,5.45,5.637657471477421
red,400,640.0,0.19156022532906142,5.45,5.641560225329061
red,400,640.6666666666666,0.19537992631170095,5.45,5.645379926311701
red,400,641.3333333333333,0.1991084387701662,5.45,5.649108438770166
red,400,642.0,0.20273770030306243,5.45,5.652737700303063
red,400,642.6666666666666,0.20625975049554016,5.45,5.656259750495541
red,400,643.3333333333333,0.20966675975582477,5.45,5.659666759755825
red,400,644.0,0.21295105811083706,5.45,5.6629510581108375
red,400,644.6666666666666,0.21610516381392006,5.45,5.666105163813921
red,400,645.3333333333333,0.21912181161630842,5.45,5.669121811616309
red,400,646.0,0.22199398055356795,5.45,5.671993980553568
red,400,646.6666666666666,0.22471492109885371,5.45,5.674714921098854
red,400,647.3333333333333,0.22727818153644994,5.45,5.67727818153645
red,400,648.0,0.22967763341167122,5.45,5.679677633411671
red,400,648.6666666666666,0.23190749591685583,5.45,5.681907495916856
red,400,649.3333333333333,0.23396235907780716,5.45,5.683962359077808
red,400,650.0,0.2358372056106272,5.45,5.685837205610627
red,400,650.6666666666666,0.2375274313254303,5.45,5.687527431325431
red,400,651.3333333333333,0.2390288639608539,5.45,5.689028863960854
red,400,652.0,0.24033778034155467,5.45,5.6903377803415545
red,400,652.6666666666666,0.24145092175995841,5.45,5.691450921759959
red,400,653.3333333333333,0.24236550749333252,5.45,5.692365507493332
red,400,654.0,0.24307924637770734,5.45,5.693079246377708
red,400,654.6666666666666,0.2435903463712275,5.45,5.693590346371228
red,400,655.3333333333333,0.24389752205106566,5.45,5.693897522051066
red,400,656.0,0.244,5.45,5.694
red,400,656.6666666666666,0.2438975220510657,5.45,5.693897522051066
red,400,657.3333333333333,0.2435903463712276,5.45,5.693590346371228
red,400,658.0,0.24307924637770734,5.45,5.693079246377708
red,400,658.6666666666666,0.24236550749333266,5.45,5.692365507493333
red,400,659.3333333333333,0.24145092175995858,5.45,5.691450921759959
red,400,660.0,0.24033778034155467,5.45,5.6903377803415545
red,400,660.6666666666666,0.23902886396085413,5.45,5.689028863960854
red,400,661.3333333333333,0.23752743132543055,5.45,5.687527431325431
red,400,662.0,0.2358372056106272,5.45,5.685837205610627
red,400,662.6666666666666,0.2339623590778075,5.45,5.683962359077808
red,400,663.3333333333333,0.2319074959168562,5.45,5.681907495916857
red,400,664.0,0.22967763341167122,5.45,5.679677633411671
red,400,664.6666666666666,0.22727818153645038,5.45,5.67727818153645
red,400,665.3333333333333,0.22471492109885416,5.45,5.674714921098854
red,400,666.0,0.22199398055356795,5.45,5.671993980553568
red,400,666.6666666666666,0.21912181161630895,5.45,5.669121811616309
red,400,667.3333333333333,0.21610516381392061,5.45,5.666105163813921
red,400,668.0,0.21295105811083706,5.45,5.6629510581108375
red,400,668.6666666666666,0.20966675975582533,5.45,5.659666759755826
red,400,669.3333333333333,0.20625975049554077,5.45,5.656259750495541
red,400,670.0,0.20273770030306243,5.45,5.652737700303063
red,400,670.6666666666666,0.19910843877016685,5.45,5.649108438770167
red,400,671.3333333333333,0.1953799263117016,5.45,5.645379926311702
red,400,672.0,0.19156022532906142,5.45,5.641560225329061
red,400,672.6666666666666,0.1876574714774214,5.45,5.6376574714774215
red,400,673.3333333333333,0.1836798451781298,5.45,5.63367984517813
red,400,674.0,0.1796355435135481,5.45,5.629635543513548
red,400,674.6666666666666,0.17553275263664722,5.45,5.625532752636647
red,400,675.3333333333333,0.17137962082192382,5.45,5.621379620821924
red,400,676.0,0.16718423227776227,5.45,5.617184232277762
red,400,676.6666666666666,0.1629545818332307,5.45,5.612954581833231
red,400,677.3333333333333,0.15869855060459753,5.45,5.608698550604598
red,400,678.0,0.15442388273865448,5.45,5.604423882738654
red,400,678.6666666666666,0.15013816332125035,5.45,5.60013816332125
red,400,679.3333333333333,0.14584879753041086,5.45,5.595848797530411
red,400,680.0,0.1415629911041205,5.45,5.59156299110412
red,400,680.6666666666666,0.13728773218328982,5.45,5.58728773218329
red,400,681.3333333333333,0.1330297745807632,5.45,5.583029774580764
red,400,682.0,0.12879562251751245,5.45,5.578795622517513
red,400,682.6666666666666,0.12459151685742673,5.45,5.574591516857427
red,400,683.3333333333333,0.12042342286247926,5.45,5.570423422862479
red,400,684.0,0.11629701948059508,5.45,5.566297019480595
red,400,684.6666666666666,0.1122176901692701,5.45,5.562217690169271
red,400,685.3333333333333,0.10819051524901695,5.45,5.558190515249017
red,400,686.0,0.10422026577209943,5.45,5.554220265772099
red,400,686.6666666666666,0.10031139888375395,5.45,5.550311398883754
red,400,687.3333333333333,0.09646805464529412,5.45,5.5464680546452945
red,400,688.0,0.09269405428119105,5.45,5.542694054281191
red,400,688.6666666666666,0.08899289980539925,5.45,5.538992899805399
red,400,689.3333333333333,0.08536777497594601,5.45,5.5353677749759465
red,400,690.0,0.0818215475211395,5.45,5.531821547521139
red,400,690.6666666666666,0.07835677257564998,5.45,5.52835677257565
red,400,691.3333333333333,0.0749756972602444,5.45,5.524975697260245
red,400,692.0,0.07168026633511372,5.45,5.521680266335114
red,400,692.6666666666666,0.06847212885347861,5.45,5.518472128853479
red,400,693.3333333333333,0.06535264573954294,5.45,5.515352645739543
red,400,694.0,0.06232289821287291,5.45,5.512322898212873
red,400,694.6666666666666,0.0593836969798568,5.45,5.509383696979857
red,400,695.3333333333333,0.056535592112079945,5.45,5.50653559211208
red,400,696.0,0.05377888353120127,5.45,5.503778883531202
red,400,696.6666666666666,0.05111363202018511,5.45,5.501113632020186
red,400,697.3333333333333,0.04853967068153318,5.45,5.4985396706815335
red,400,698.0,0.04605661676444826,5.45,5.496056616764449
red,400,698.6666666666666,0.043663883784570486,5.45,5.493663883784571
red,400,699.3333333333333,0.04136069386206566,5.45,5.491360693862066
red,400,700.0,0.03914609020637093,5.45,5.489146090206371
red,400,700.6666666666666,0.037018949678747394,5.45,5.487018949678747
red,400,701.3333333333333,0.034977995366947255,5.45,5.484977995366948
red,400,702.0,0.0330218091097335,5.45,5.483021809109734
red,400,702.6666666666666,0.031148843912623122,5.45,5.4811488439126235
red,400,703.3333333333333,0.029357436200055074,5.45,5.479357436200055
red,400,704.0,0.027645817853167762,5.45,5.477645817853168
red,400,704.6666666666666,0.026012127986446972,5.45,5.476012127986447
red,400,705.3333333333333,0.02445442442066341,5.45,5.474454424420664
red,400,706.0,0.022970694813723682,5.45,5.472970694813724
red,400,706.6666666666666,0.021558867415252154,5.45,5.471558867415252
red,400,707.3333333333333,0.020216821414898542,5.45,5.4702168214148985
red,400,708.0,0.018942396858494703,5.45,5.468942396858495
red,400,708.6666666666666,0.017733404110217125,5.45,5.467733404110217
red,400,709.3333333333333,0.01658763284284678,5.45,5.466587632842847
red,400,710.0,0.015502860542029434,5.45,5.4655028605420295
red,400,710.6666666666666,0.014476860514091298,5.45,5.464476860514091
red,400,711.3333333333333,0.013507409390457541,5.45,5.463507409390457
red,400,712.0,0.012592294125038395,5.45,5.462592294125039
red,400,712.6666666666666,0.011729318484060917,5.45,5.461729318484061
red,400,713.3333333333333,0.010916309030741476,5.45,5.4609163090307415
red,400,714.0,0.010151120609903417,5.45,5.460151120609903
red,400,714.6666666666666,0.009431641340129002,5.45,5.459431641340129
red,400,715.3333333333333,0.00875579712330486,5.45,5.458755797123305
red,400,716.0,0.008121555683471749,5.45,5.458121555683472
red,400,716.6666666666666,0.007526930148713563,5.45,5.457526930148714
red,400,717.3333333333333,0.006969982191430351,5.45,5.45696998219143
red,400,718.0,0.006448824743737671,5.45,5.456448824743738
red,400,718.6666666666666,0.00596162430591711,5.45,5.4559616243059175
red,400,719.3333333333333,0.005506602866826187,5.45,5.455506602866826
red,400,720.0,0.005082039455966109,5.45,5.4550820394559665
red,400,720.6666666666666,0.004686271347505325,5.45,5.454686271347506
red,400,721.3333333333333,0.0043176949369825805,5.45,5.454317694936983
red,400,722.0,0.003974766311674203,5.45,5.453974766311674
red,400,722.6666666666666,0.003656001535712227,5.45,5.4536560015357125
red,400,723.3333333333333,0.0033599766710000335,5.45,5.453359976671
red,400,724.0,0.0030853275548010112,5.45,5.453085327554801
red,400,724.6666666666666,0.002830749354580495,5.45,5.452830749354581
red,400,725.3333333333333,0.0025949959202791572,5.45,5.452594995920279
red,400,726.0,0.0023768789536971584,5.45,5.4523768789536975
red,400,726.6666666666666,0.002175267014081559,5.45,5.4521752670140815
red,400,727.3333333333333,0.0019890843783494346,5.45,5.45198908437835
red,400,728.0,0.0018173097736564018,5.45,5.451817309773657
red,400,728.6666666666666,0.0016589749992424354,5.45,5.451658974999242
red,400,729.3333333333333,0.001513163453667334,5.45,5.451513163453668
red,400,730.0,0.0013790085826959101,5.45,5.4513790085826965
red,400,730.6666666666666,0.0012556922622147914,5.45,5.451255692262215
red,400,731.3333333333333,0.00114244312966958,5.45,5.45114244312967
red,400,732.0,0.0010385348766104436,5.45,5.451038534876611
red,400,732.6666666666666,0.00094328451403137,5.45,5.4509432845140315
red,400,733.3333333333333,0.000856050621292107,5.45,5.450856050621292
red,400,734.0,0.000776231588527476,5.45,5.450776231588527
red,400,734.6666666666666,0.0007032638615805948,5.45,5.45070326386158
red,400,735.3333333333333,0.0006366201976506022,5.45,5.450636620197651
red,400,736.0,0.0005758079390256178,5.45,5.450575807939026
red,400,736.6666666666666,0.0005203673114803612,5.45,5.450520367311481
red,400,737.3333333333333,0.0004698697531592601,5.45,5.450469869753159
red,400,738.0,0.0004239162790421429,5.45,5.450423916279043
red,400,738.6666666666666,0.0003821358854018498,5.45,5.450382135885402
red,400,739.3333333333333,0.0003441839980137347,5.45,5.450344183998014
red,400,740.0,0.00030974096726676785,5.45,5.450309740967267
red,400,740.6666666666666,0.0002785106127548518,5.45,5.450278510612755
red,400,741.3333333333333,0.00025021881939593513,5.45,5.450250218819396
red,400,742.0,0.00022461218663522841,5.45,5.450224612186635
red,400,742.6666666666666,0.00020145673183648454,5.45,5.450201456731837
red,400,743.3333333333333,0.00018053664855168896,5.45,5.450180536648552
red,400,744.0,0.0001616531199835766,5.45,5.4501616531199835
red,400,744.6666666666666,0.00014462318761567815,5.45,5.450144623187616
red,400,745.3333333333333,0.00012927867468019832,5.45,5.45012927867468
red,400,746.0,0.00011546516386337012,5.45,5.450115465163863
red,400,746.6666666666666,0.00010304102840921185,5.45,5.4501030410284095
red,400,747.3333333333333,9.187651557447904e-05,5.45,5.450091876515574
red,400,748.0,8.185288120821289e-05,5.45,5.450081852881208
red,400,748.6666666666666,7.286157407673853e-05,5.45,5.4500728615740766
red,400,749.3333333333333,6.480346842763781e-05,5.45,5.450064803468428
red,400,750.0,5.758814318227179e-05,5.45,5.450057588143182
red,400,750.6666666666666,5.113320606393562e-05,5.45,5.450051133206064
red,400,751.3333333333333,4.536366090607546e-05,5.45,5.450045363660906
red,400,752.0,4.0211316340415416e-05,5.45,5.450040211316341
red,400,752.6666666666666,3.561423403655286e-05,5.45,5.450035614234037
red,400,753.3333333333333,3.151621465107936e-05,5.45,5.4500315162146515
red,400,754.0,2.7866319643969798e-05,5.45,5.450027866319644
red,400,754.6666666666666,2.4618427131315018e-05,5.45,5.450024618427132
red,400,755.3333333333333,2.173081996510913e-05,5.45,5.450021730819965
red,400,756.0,1.9165804261400263e-05,5.45,5.450019165804261
red,400,756.6666666666666,1.6889356636366733e-05,5.45,5.450016889356637
red,400,757.3333333333333,1.487079845469369e-05,5.45,5.450014870798455
red,400,758.0,1.3082495444888923e-05,5.45,5.450013082495445
red,400,758.6666666666666,1.1499581090871847e-05,5.45,5.450011499581091
red,400,759.3333333333333,1.0099702267416273e-05,5.45,5.450010099702268
red,400,760.0,8.862785647981534e-06,5.45,5.450008862785648
red,400,760.6666666666666,7.77082347635038e-06,5.45,5.450007770823476
red,400,761.3333333333333,6.807677357655004e-06,5.45,5.450006807677358
red,400,762.0,5.958898789193896e-06,5.45,5.45000595889879
red,400,762.6666666666666,5.211565216374564e-06,5.45,5.450005211565217
red,400,763.3333333333333,4.554130463699092e-06,5.45,5.450004554130464
red,400,764.0,3.976288454527429e-06,5.45,5.450003976288455
red,400,764.6666666666666,3.4688491960376293e-06,5.45,5.4500034688491965
red,400,765.3333333333333,3.023626067066312e-06,5.45,5.450003023626067
red,400,766.0,2.6333335060973305e-06,5.45,5.450002633333506
red,400,766.6666666666666,2.291494254357014e-06,5.45,5.450002291494255
red,400,767.3333333333333,1.9923553646133358e-06,5.45,5.450001992355364
red,400,768.0,1.7308122397297547e-06,5.45,5.4500017308122395
red,400,768.6666666666666,1.5023400161937407e-06,5.45,5.450001502340016
red,400,769.3333333333333,1.302931656663843e-06,5.45,5.450001302931657
red,400,770.0,1.129042162018188e-06,5.45,5.450001129042162
red,400,770.6666666666666,9.77538357422571e-07,5.45,5.450000977538358
red,400,771.3333333333333,8.456537485783208e-07,5.45,5.450000845653749
red,400,772.0,7.309479835806503e-07,5.45,5.450000730947984
red,400,772.6666666666666,6.312704927550401e-07,5.45,5.450000631270493
red,400,773.3333333333333,5.447279134965738e-07,5.45,5.450000544727914
red,400,774.0,4.696549395775468e-07,5.45,5.45000046965494
red,400,774.6666666666666,4.0458826468235243e-07,5.45,5.450000404588265
red,400,775.3333333333333,3.4824331815639465e-07,5.45,5.450000348243318
red,400,776.0,2.994935172009275e-07,5.45,5.450000299493517
red,400,776.6666666666666,2.5735178409587886e-07,5.45,5.4500002573517845
red,400,777.3333333333333,2.2095409957951048e-07,5.45,5.4500002209541
red,400,778.0,1.89544884349276e-07,5.45,5.450000189544885
red,400,778.6666666666666,1.6246401986452021e-07,5.45,5.45000016246402
red,400,779.3333333333333,1.39135337321958e-07,5.45,5.450000139135337
red,400,780.0,1.1905641993010343e-07,5.45,5.45000011905642
red,400,780.6666666666666,1.0178957851825632e-07,5.45,5.450000101789579
red,400,781.3333333333333,8.695387416700146e-08,5.45,5.4500000869538745
red,400,782.0,7.421807402491796e-08,5.45,5.4500000742180745
red,400,782.6666666666666,6.329443786165559e-08,5.45,5.450000063294438
red,400,783.3333333333333,5.3933243279367254e-08,5.45,5.450000053933244
red,400,784.0,4.591796693737374e-08,5.45,5.450000045917967
red,400,784.6666666666666,3.906104770997434e-08,5.45,5.450000039061048
red,400,785.3333333333333,3.320016546222633e-08,5.45,5.4500000332001655
red,400,786.0,2.8194976157013105e-08,5.45,5.450000028194976
red,400,786.6666666666666,2.3924250358818936e-08,5.45,5.45000002392425
red,400,787.3333333333333,2.0283367931824775e-08,5.45,5.450000020283368
red,400,788.0,1.7182126894995657e-08,5.45,5.450000017182127
red,400,788.6666666666666,1.454282904393069e-08,5.45,5.450000014542829
red,400,789.3333333333333,1.2298609124337196e-08,5.45,5.450000012298609
red,400,790.0,1.0391978087584984e-08,5.45,5.450000010391978
red,400,790.6666666666666,8.77355431427997e-09,5.45,5.4500000087735545
red,400,791.3333333333333,7.400959693616693e-09,5.45,5.45000000740096
red,400,792.0,6.237860127955669e-09,5.45,5.45000000623786
red,400,792.6666666666666,5.253132424449084e-09,5.45,5.450000005253132
red,400,793.3333333333333,4.420141666943225e-09,5.45,5.450000004420142
red,400,794.0,3.7161150577098815e-09,5.45,5.450000003716116
red,400,794.6666666666666,3.12159990347186e-09,5.45,5.4500000031216
red,400,795.3333333333333,2.61999491528528e-09,5.45,5.450000002619995
red,400,796.0,2.197145316766618e-09,5.45,5.450000002197146
red,400,796.6666666666666,1.8409934277353694e-09,5.45,5.450000001840993
red,400,797.3333333333333,1.541277426773367e-09,5.45,5.4500000015412775
red,400,798.0,1.2892719111098974e-09,5.45,5.450000001289272
red,400,798.6666666666666,1.0775646788472069e-09,5.45,5.450000001077565
red,400,799.3333333333333,8.998648687725249e-10,5.45,5.450000000899865
red,400,800.0,7.508382175895231e-10,5.45,5.450000000750839
red,450,200.0,3.550185172425739e-36,6.05,6.05
red,450,200.66666666666666,5.838656532334583e-36,6.05,6.05
red,450,201.33333333333334,9.587534984543229e-36,6.05,6.05
red,450,202.0,1.5719296541480005e-35,6.05,6.05
red,450,202.66666666666666,2.573305591370228e-35,6.05,6.05
red,450,203.33333333333334,4.206120707384129e-35,6.05,6.05
red,450,204.0,6.864425749075591e-35,6.05,6.05
red,450,204.66666666666666,1.1185587592222237e-34,6.05,6.05
red,450,205.33333333333334,1.8198915389626996e-34,6.05,6.05
red,450,206.0,2.956407669433893e-34,6.05,6.05
red,450,206.66666666666666,4.795294079121588e-34,6.05,6.05
red,450,207.33333333333334,7.76601604599957e-34,6.05,6.05
red,450,208.0,1.2557796253380896e-33,6.05,6.05
red,450,208.66666666666666,2.0274992065983154e-33,6.05,6.05
red,450,209.33333333333334,3.268436598695002e-33,6.05,6.05
red,450,210.0,5.260797055192227e-33,6.05,6.05
red,450,210.66666666666666,8.454640456603601e-33,6.05,6.05
red,450,211.33333333333334,1.3566594677823312e-32,6.05,6.05
red,450,212.0,2.1735952086485398e-32,6.05,6.05
red,450,212.66666666666666,3.477111342387518e-32,6.05,6.05
red,450,213.33333333333334,5.553805149060002e-32,6.05,6.05
red,450,214.0,8.857166146642084e-32,6.05,6.05
red,450,214.66666666666666,1.4103634858788788e-31,6.05,6.05
red,450,215.33333333333334,2.242329504025301e-31,6.05,6.05
red,450,216.0,3.5595895122196536e-31,6.05,6.05
red,450,216.66666666666666,5.641992665680697e-31,6.05,6.05
red,450,217.33333333333334,8.928884959620443e-31,6.05,6.05
red,450,218.0,1.410892904300163e-30,6.05,6.05
red,450,218.66666666666666,2.2259888397302412e-30,6.05,6.05
red,450,219.33333333333334,3.5065822284487706e-30,6.05,6.05
red,450,220.0,5.515402146543093e-30,6.05,6.05
red,450,220.66666666666666,8.661686316617307e-30,6.05,6.05
red,450,221.33333333333334,1.3581878188047423e-29,6.05,6.05
red,450,222.0,2.1264213398460888e-29,6.05,6.05
red,450,222.66666666666666,3.324075844977049e-29,6.05,6.05
red,450,223.33333333333334,5.188294723761183e-29,6.05,6.05
red,450,224.0,8.085566697303409e-29,6.05,6.05
red,450,224.66666666666666,1.258138351251913e-28,6.05,6.05
red,450,225.33333333333334,1.9546925129692597e-28,6.05,6.05
red,450,226.0,3.0322193130610363e-28,6.05,6.05
red,450,226.66666666666666,4.696505996190146e-28,6.05,6.05
red,450,227.33333333333334,7.263087299845862e-28,6.05,6.05
red,450,228.0,1.1215012420669657e-27,6.05,6.05
red,450,228.66666666666666,1.729061198780505e-27,6.05,6.05
red,450,229.33333333333334,2.6616630935756942e-27,6.05,6.05
red,450,230.0,4.0909852339473836e-27,6.05,6.05
red,450,230.66666666666666,6.278195751351118e-27,6.05,6.05
red,450,231.33333333333334,9.619974147757964e-27,6.05,6.05
red,450,232.0,1.471787359714877e-26,6.05,6.05
red,450,232.66666666666666,2.2482693712608202e-26,6.05,6.05
red,450,233.33333333333331,3.429128271567949e-26,6.05,6.05
red,450,234.0,5.222172689375004e-26,6.05,6.05
red,450,234.66666666666666,7.94055464962113e-26,6.05,6.05
red,450,235.33333333333331,1.2055425969407014e-25,6.05,6.05
red,450,236.0,1.8274537454438628e-25,6.05,6.05
red,450,236.66666666666666,2.765937343225583e-25,6.05,6.05
red,450,237.33333333333331,4.179943329548522e-25,6.05,6.05
red,450,238.0,6.307112263132129e-25,6.05,6.05
red,450,238.66666666666666,9.502170969556105e-25,6.05,6.05
red,450,239.33333333333331,1.4293784520751247e-24,6.05,6.05
red,450,240.0,2.146860042081454e-24,6.05,6.05
red,450,240.66666666666666,3.219529037702374e-24,6.05,6.05
red,450,241.33333333333331,4.820732923865037e-24,6.05,6.05
red,450,242.0,7.207188952169308e-24,6.05,6.05
red,450,242.66666666666666,1.0758478501036389e-23,6.05,6.05
red,450,243.33333333333331,1.6034961296539423e-23,6.05,6.05
red,450,244.0,2.3862562957090503e-23,6.05,6.05
red,450,244.66666666666666,3.5456704663841343e-23,6.05,6.05
red,450,245.33333333333331,5.2603151535163666e-23,6.05,6.05
red,450,246.0,7.792149385774227e-23,6.05,6.05
red,450,246.66666666666666,1.1524839534847823e-22,6.05,6.05
red,450,247.33333333333331,1.7019414523552157e-22,6.05,6.05
red,450,248.0,2.5094957031011247e-22,6.05,6.05
red,450,248.66666666666666,3.6945403004981863e-22,6.05,6.05
red,450,249.33333333333331,5.430833292018002e-22,6.05,6.05
red,450,250.0,7.970850186248933e-22,6.05,6.05
red,450,250.66666666666666,1.1680863072214494e-21,6.05,6.05
red,450,251.33333333333331,1.7091387902473434e-21,6.05,6.05
red,450,252.0,2.49696146718761e-21,6.05,6.05
red,450,252.66666666666666,3.642323043338792e-21,6.05,6.05
red,450,253.33333333333331,5.304899905993437e-21,6.05,6.05
red,450,254.0,7.714504522978672e-21,6.05,6.05
red,450,254.66666666666666,1.1201366147490025e-20,6.05,6.05
red,450,255.33333333333331,1.6239253474974526e-20,6.05,6.05
red,450,256.0,2.350678522392127e-20,6.05,6.05
red,450,256.6666666666667,3.3974457401186695e-20,6.05,6.05
red,450,257.3333333333333,4.9027972192281814e-20,6.05,6.05
red,450,258.0,7.064272512288169e-20,6.05,6.05
red,450,258.6666666666667,1.0163026757584437e-19,6.05,6.05
red,450,259.3333333333333,1.4598586424186698e-19,6.05,6.05
red,450,260.0,2.0937781001999125e-19,6.05,6.05
red,450,260.6666666666667,2.998351969317123e-19,6.05,6.05
red,450,261.3333333333333,4.2871302974885617e-19,6.05,6.05
red,450,262.0,6.120443109117312e-19,6.05,6.05
red,450,262.6666666666667,8.724311413405086e-19,6.05,6.05
red,450,263.3333333333333,1.241685371506974e-18,6.05,6.05
red,450,264.0,1.764509827654149e-18,6.05,6.05
red,450,264.66666666666663,2.5036217165050635e-18,6.05,6.05
red,450,265.3333333333333,3.546871461430093e-18,6.05,6.05
red,450,266.0,5.0171178368232726e-18,6.05,6.05
red,450,266.66666666666663,7.085904003141837e-18,6.05,6.05
red,450,267.3333333333333,9.992366136584864e-18,6.05,6.05
red,450,268.0,1.4069333521563387e-17,6.05,6.05
red,450,268.66666666666663,1.9779295668927336e-17,6.05,6.05
red,450,269.3333333333333,2.776388466468802e-17,6.05,6.05
red,450,270.0,3.8911838630874647e-17,6.05,6.05
red,450,270.66666666666663,5.445219415322032e-17,6.05,6.05
red,450,271.3333333333333,7.608186115732736e-17,6.05,6.05
red,450,272.0,1.0613997553691152e-16,6.05,6.05
red,450,272.66666666666663,1.4784578580171125e-16,6.05,6.05
red,450,273.3333333333333,2.056226860927633e-16,6.05,6.05
red,450,274.0,2.855388577628552e-16,6.05,6.05
red,450,274.66666666666663,3.9590548546676257e-16,6.05,6.05
red,450,275.3333333333333,5.480875435948979e-16,6.05,6.050000000000001
red,450,276.0,7.576008552731918e-16,6.05,6.050000000000001
red,450,276.66666666666663,1.045594023322151e-15,6.05,6.050000000000001
red,450,277.3333333333333,1.4408469100792297e-15,6.05,6.050000000000002
red,450,278.0,1.9824612098917518e-15,6.05,6.050000000000002
red,450,278.66666666666663,2.7234767293061243e-15,6.05,6.0500000000000025
red,450,279.3333333333333,3.735723726671903e-15,6.05,6.050000000000003
red,450,280.0,5.116322881834047e-15,6.05,6.050000000000005
red,450,280.66666666666663,6.996377737560587e-15,6.05,6.050000000000007
red,450,281.3333333333333,9.55257960936665e-15,6.05,6.05000000000001
red,450,282.0,1.3022674745096746e-14,6.05,6.050000000000013
red,450,282.66666666666663,1.7726044420666107e-14,6.05,6.050000000000018
red,450,283.3333333333333,2.4091041978114764e-14,6.05,6.050000000000024
red,450,284.0,3.2691243990308586e-14,6.05,6.050000000000033
red,450,284.66666666666663,4.429344107260258e-14,6.05,6.050000000000044
red,450,285.3333333333333,5.992106266964915e-14,6.05,6.050000000000059
red,450,286.0,8.093785748038568e-14,6.05,6.050000000000081
red,450,286.66666666666663,1.0915811127667229e-13,6.05,6.050000000000109
red,450,287.3333333333333,1.4699157144450837e-13,6.05,6.050000000000146
red,450,288.0,1.9763368326298799e-13,6.05,6.050000000000198
red,450,288.66666666666663,2.6531488005208233e-13,6.05,6.050000000000265
red,450,289.3333333333333,3.556267023297662e-13,6.05,6.050000000000355
red,450,290.0,4.75947696174703e-13,6.05,6.050000000000476
red,450,290.66666666666663,6.359986690373716e-13,6.05,6.050000000000636
red,450,291.3333333333333,8.485653542638209e-13,6.05,6.050000000000848
red,450,292.0,1.1304373467177644e-12,6.05,6.0500000000011305
red,450,292.66666666666663,1.5036259401860374e-12,6.05,6.0500000000015035
red,450,293.3333333333333,1.9969409983070024e-12,6.05,6.0500000000019964
red,450,294.0,2.648029194174734e-12,6.05,6.0500000000026475
red,450,294.66666666666663,3.5060040691602076e-12,6.05,6.0500000000035055
red,450,295.3333333333333,4.634833894678994e-12,6.05,6.050000000004634
red,450,296.0,6.117698142208443e-12,6.05,6.050000000006118
red,450,296.66666666666663,8.062579795510623e-12,6.05,6.050000000008063
red,450,297.3333333333333,1.0609431642682008e-11,6.05,6.050000000010609
red,450,298.0,1.3939343603873645e-11,6.05,6.050000000013939
red,450,298.66666666666663,1.828624944218015e-11,6.05,6.050000000018286
red,450,299.3333333333333,2.395185022620835e-11,6.05,6.050000000023951
red,450,300.0,3.132460522968981e-11,6.05,6.050000000031324
red,450,300.66666666666663,4.0903856598702023e-11,6.05,6.050000000040904
red,450,301.3333333333333,5.333042189420004e-11,6.05,6.0500000000533305
red,450,302.0,6.942532046450909e-11,6.05,6.050000000069425
red,450,302.66666666666663,9.023871002260662e-11,6.05,6.050000000090239
red,450,303.3333333333333,1.1711161637543986e-10,6.05,6.0500000001171115
red,450,304.0,1.5175366323446835e-10,6.05,6.050000000151753
red,450,304.66666666666663,1.9634077607194788e-10,6.05,6.0500000001963405
red,450,305.3333333333333,2.5363777493778917e-10,6.05,6.050000000253638
red,450,306.0,3.2715192306810236e-10,6.05,6.0500000003271515
red,450,306.66666666666663,4.213249053720923e-10,6.05,6.050000000421325
red,450,307.3333333333333,5.417724264879252e-10,6.05,6.050000000541773
red,450,308.0,6.955827052198328e-10,6.05,6.050000000695583
red,450,308.66666666666663,8.916876758913114e-10,6.05,6.050000000891687
red,450,309.3333333333333,1.141323776487263e-09,6.05,6.050000001141323
red,450,310.0,1.458602913666419e-09,6.05,6.050000001458603
red,450,310.66666666666663,1.8612186699341556e-09,6.05,6.050000001861219
red,450,311.3333333333333,2.371318204462692e-09,6.05,6.050000002371318
red,450,312.0,3.016576767464986e-09,6.05,6.050000003016577
red,450,312.66666666666663,3.831519498947796e-09,6.05,6.050000003831519
red,450,313.3333333333333,4.859144449671119e-09,6.05,6.050000004859144
red,450,314.0,6.152911816863902e-09,6.05,6.050000006152912
red,450,314.66666666666663,7.77917754465448e-09,6.05,6.050000007779177
red,450,315.3333333333333,9.820165063343669e-09,6.05,6.050000009820165
red,450,316.0,1.2377587452151909e-08,6.05,6.050000012377588
red,450,316.66666666666663,1.5577054188884107e-08,6.05,6.050000015577054
red,450,317.3333333333333,1.9573422448922577e-08,6.05,6.050000019573423
red,450,318.0,2.4557283264841306e-08,6.05,6.050000024557283
red,450,318.66666666666663,3.076280847291902e-08,6.05,6.050000030762808
red,450,319.3333333333333,3.847722606543643e-08,6.05,6.050000038477226
red,450,320.0,4.8052240254142465e-08,6.05,6.05000004805224
red,450,320.66666666666663,5.991776926114945e-08,6.05,6.050000059917769
red,450,321.3333333333333,7.459843974310601e-08,6.05,6.050000074598439
red,450,322.0,9.273335311059959e-08,6.05,6.050000092733353
red,450,322.66666666666663,1.1509972725774794e-07,6.05,6.050000115099727
red,450,323.3333333333333,1.4264111894832503e-07,6.05,6.050000142641119
red,450,324.0,1.7650104905471544e-07,6.05,6.050000176501049
red,450,324.66666666666663,2.1806298691967496e-07,6.05,6.050000218062987
red,450,325.3333333333333,2.689978033822331e-07,6.05,6.050000268997803
red,450,326.0,3.313199767232913e-07,6.05,6.050000331319977
red,450,326.66666666666663,4.0745403435834706e-07,6.05,6.050000407454034
red,450,327.3333333333333,5.00312938113545e-07,6.05,6.050000500312938
red,450,328.0,6.133903751012516e-07,6.05,6.050000613390375
red,450,328.66666666666663,7.508692024376895e-07,6.05,6.050000750869202
red,450,329.3333333333333,9.177486153098575e-07,6.05,6.050000917748615
red,450,330.0,1.1199929672858616e-06,6.05,6.0500011199929675
red,450,330.66666666666663,1.3647055724073959e-06,6.05,6.050001364705572
red,450,331.3333333333333,1.6603312636465595e-06,6.05,6.050001660331263
red,450,332.0,2.016891974841292e-06,6.05,6.050002016891975
red,450,332.66666666666663,2.4462601562158156e-06,6.05,6.050002446260156
red,450,333.3333333333333,2.962475429807733e-06,6.05,6.050002962475429
red,450,334.0,3.5821105430322912e-06,6.05,6.050003582110543
red,450,334.66666666666663,4.324693388274588e-06,6.05,6.050004324693388
red,450,335.3333333333333,5.213192625332111e-06,6.05,6.050005213192625
red,450,336.0,6.274575272575263e-06,6.05,6.0500062745752725
red,450,336.66666666666663,7.540445521862243e-06,6.05,6.050007540445522
red,450,337.3333333333333,9.047774980515605e-06,6.05,6.050009047774981
red,450,338.0,1.0839735548833656e-05,6.05,6.050010839735549
red,450,338.66666666666663,1.296664720003623e-05,6.05,6.0500129666472
red,450,339.3333333333333,1.548705403596191e-05,6.05,6.0500154870540355
red,450,340.0,1.8468943139104904e-05,6.05,6.050018468943139
red,450,340.66666666666663,2.199112192047173e-05,6.05,6.050021991121921
red,450,341.3333333333333,2.6144770861616207e-05,6.05,6.050026144770862
red,450,342.0,3.1035189753880106e-05,6.05,6.050031035189754
red,450,342.66666666666663,3.678375673124589e-05,6.05,6.050036783756731
red,450,343.3333333333333,4.353012055512094e-05,6.05,6.050043530120555
red,450,344.0,5.1434647716328505e-05,6.05,6.050051434647716
red,450,344.66666666666663,6.06811469446355e-05,6.05,6.050060681146944
red,450,345.3333333333333,7.147989462855412e-05,6.05,6.050071479894628
red,450,346.0,8.407098541353694e-05,6.05,6.050084070985413
red,450,346.66666666666663,9.872803282670551e-05,6.05,6.050098728032826
red,450,347.3333333333333,0.0001157622451287473,6.05,6.050115762245128
red,450,348.0,0.0001355269016726148,6.05,6.0501355269016726
red,450,348.66666666666663,0.00015842225480476834,6.05,6.050158422254804
red,450,349.3333333333333,0.00018490088172480688,6.05,6.050184900881725
red,450,350.0,0.0002154735096677977,6.05,6.050215473509668
red,450,350.66666666666663,0.00025071533623214265,6.05,6.050250715336232
red,450,351.3333333333333,0.00029127286458421095,6.05,6.050291272864584
red,450,352.0,0.000337871270568245,6.05,6.050337871270568
red,450,352.66666666666663,0.00039132231537520706,6.05,6.050391322315375
red,450,353.3333333333333,0.00045253281331685604,6.05,6.050452532813317
red,450,354.0,0.0005225136593539222,6.05,6.050522513659354
red,450,354.66666666666663,0.000602389415285815,6.05,6.050602389415285
red,450,355.3333333333333,0.0006934084468747871,6.05,6.050693408446874
red,450,356.0,0.0007969535966084639,6.05,6.050796953596608
red,450,356.66666666666663,0.0009145533682686825,6.05,6.050914553368268
red,450,357.3333333333333,0.0010478935899490996,6.05,6.051047893589949
red,450,358.0,0.0011988295116406654,6.05,6.05119882951164
red,450,358.66666666666663,0.001369398281989366,6.05,6.051369398281989
red,450,359.3333333333333,0.0015618317363470086,6.05,6.051561831736347
red,450,360.0,0.0017785694148269844,6.05,6.051778569414827
red,450,360.66666666666663,0.002022271714807424,6.05,6.052022271714807
red,450,361.3333333333333,0.0022958330672803637,6.05,6.05229583306728
red,450,362.0,0.0026023950107412967,6.05,6.052602395010741
red,450,362.66666666666663,0.0029453590200887677,6.05,6.052945359020089
red,450,363.3333333333333,0.003328398931423994,6.05,6.0533283989314235
red,450,364.0,0.0037554727869032315,6.05,6.053755472786903
red,450,364.66666666666663,0.004230833907126724,6.05,6.054230833907127
red,450,365.3333333333333,0.00475904098219879,6.05,6.054759040982199
red,450,366.0,0.005344966956848225,6.05,6.055344966956848
red,450,366.66666666666663,0.005993806470166862,6.05,6.055993806470167
red,450,367.3333333333333,0.006711081596936257,6.05,6.056711081596936
red,450,368.0,0.007502645625527928,6.05,6.057502645625528
red,450,368.66666666666663,0.008374684597354467,6.05,6.0583746845973545
red,450,369.3333333333333,0.009333716325201864,6.05,6.0593337163252015
red,450,370.0,0.010386586602886997,6.05,6.0603865866028865
red,450,370.66666666666663,0.011540462316958286,6.05,6.061540462316958
red,450,371.3333333333333,0.012802821172981066,6.05,6.062802821172981
red,450,372.0,0.014181437754710648,6.05,6.06418143775471
red,450,372.66666666666663,0.015684365644517667,6.05,6.065684365644517
red,450,373.3333333333333,0.017319915348121922,6.05,6.067319915348122
red,450,374.0,0.01909662778631155,6.05,6.069096627786311
red,450,374.66666666666663,0.02102324314112773,6.05,6.071023243141128
red,450,375.3333333333333,0.0231086648741631,6.05,6.073108664874163
red,450,376.0,0.025361918770286443,6.05,6.0753619187702865
red,450,376.66666666666663,0.02779210690132356,6.05,6.077792106901323
red,450,377.3333333333333,0.03040835645094546,6.05,6.0804083564509455
red,450,378.0,0.03321976339412427,6.05,6.0832197633941245
red,450,378.66666666666663,0.03623533108179612,6.05,6.086235331081796
red,450,379.3333333333333,0.03946390384346806,6.05,6.089463903843468
red,450,380.0,0.04291409578699959,6.05,6.092914095786999
red,450,380.66666666666663,0.04659421504513374,6.05,6.096594215045133
red,450,381.3333333333333,0.050512183791858054,6.05,6.1005121837918574
red,450,382.0,0.05467545442759153,6.05,6.104675454427591
red,450,382.66666666666663,0.059090922409638855,6.05,6.109090922409639
red,450,383.3333333333333,0.06376483628232048,6.05,6.1137648362823205
red,450,384.0,0.06870270553862119,6.05,6.118702705538621
red,450,384.66666666666663,0.0739092070209506,6.05,6.123909207020951
red,450,385.3333333333333,0.07938809064141777,6.05,6.1293880906414175
red,450,386.0,0.0851420852706365,6.05,6.135142085270636
red,450,386.66666666666663,0.09117280570719608,6.05,6.141172805707196
red,450,387.3333333333333,0.09748066169618502,6.05,6.147480661696185
red,450,388.0,0.10406477001326266,6.05,6.154064770013263
red,450,388.66666666666663,0.11092287066945482,6.05,6.160922870669455
red,450,389.3333333333333,0.11805124831983299,6.05,6.168051248319832
red,450,390.0,0.12544465997541204,6.05,6.175444659975412
red,450,390.66666666666663,0.13309627012094652,6.05,6.183096270120946
red,450,391.3333333333333,0.14099759433085293,6.05,6.190997594330852
red,450,392.0,0.14913845245054894,6.05,6.199138452450549
red,450,392.66666666666663,0.15750693237051164,6.05,6.207506932370512
red,450,393.3333333333333,0.16608936536490346,6.05,6.216089365364903
red,450,394.0,0.17487031389561256,6.05,6.224870313895613
red,450,394.66666666666663,0.1838325726960958,6.05,6.2338325726960955
red,450,395.3333333333333,0.1929571838478011,6.05,6.242957183847801
red,450,396.0,0.2022234664458305,6.05,6.25222346644583
red,450,396.66666666666663,0.2116090613207647,6.05,6.2616090613207644
red,450,397.3333333333333,0.2210899911412679,6.05,6.271089991141268
red,450,398.0,0.23064073606867122,6.05,6.280640736068671
red,450,398.66666666666663,0.24023432497182087,6.05,6.290234324971821
red,450,399.3333333333333,0.2498424420398692,6.05,6.299842442039869
red,450,400.0,0.2594355484544952,6.05,6.309435548454495
red,450,400.66666666666663,0.2689830186035191,6.05,6.318983018603519
red,450,401.3333333333333,0.27845329013733566,6.05,6.328453290137335
red,450,402.0,0.28781402699061087,6.05,6.3378140269906105
red,450,402.66666666666663,0.2970322943168363,6.05,6.347032294316836
red,450,403.3333333333333,0.30607474411517527,6.05,6.356074744115175
red,450,404.0,0.3149078101702217,6.05,6.364907810170221
red,450,404.66666666666663,0.32349791077838996,6.05,6.37349791077839
red,450,405.3333333333333,0.33181165760203757,6.05,6.381811657602038
red,450,406.0,0.33981606887647375,6.05,6.389816068876474
red,450,406.66666666666663,0.34747878509783164,6.05,6.397478785097832
red,450,407.3333333333333,0.3547682852432127,6.05,6.404768285243213
red,450,408.0,0.36165410152022665,6.05,6.411654101520226
red,450,408.66666666666663,0.36810703061235567,6.05,6.418107030612355
red,450,409.3333333333333,0.3740993393803899,6.05,6.42409933938039
red,450,410.0,0.37960496299920227,6.05,6.4296049629992025
red,450,410.66666666666663,0.384599693553567,6.05,6.434599693553567
red,450,411.3333333333333,0.3890613571864126,6.05,6.439061357186413
red,450,412.0,0.3929699779873258,6.05,6.4429699779873255
red,450,412.66666666666663,0.3963079269273597,6.05,6.44630792692736
red,450,413.3333333333333,0.3990600542868965,6.05,6.449060054286896
red,450,414.0,0.40121380418483704,6.05,6.451213804184837
red,450,414.66666666666663,0.4027593099977067,6.05,6.452759309997706
red,450,415.3333333333333,0.40368946965403385,6.05,6.453689469654034
red,450,416.0,0.40399999999999997,6.05,6.454
red,450,416.66666666666663,0.4036894696540339,6.05,6.453689469654034
red,450,417.3333333333333,0.4027593099977068,6.05,6.452759309997707
red,450,418.0,0.40121380418483704,6.05,6.451213804184837
red,450,418.66666666666663,0.3990600542868967,6.05,6.449060054286896
red,450,419.3333333333333,0.39630792692735994,6.05,6.44630792692736
red,450,420.0,0.3929699779873258,6.05,6.4429699779873255
red,450,420.66666666666663,0.389061357186413,6.05,6.439061357186413
red,450,421.3333333333333,0.3845996935535674,6.05,6.434599693553567
red,450,422.0,0.37960496299920227,6.05,6.4296049629992025
red,450,422.66666666666663,0.3740993393803904,6.05,6.4240993393803905
red,450,423.3333333333333,0.36810703061235617,6.05,6.418107030612356
red,450,424.0,0.36165410152022665,6.05,6.411654101520226
red,450,424.66666666666663,0.35476828524321324,6.05,6.404768285243213
red,450,425.3333333333333,0.3474787850978323,6.05,6.3974787850978325
red,450,426.0,0.33981606887647375,6.05,6.389816068876474
red,450,426.66666666666663,0.33181165760203823,6.05,6.381811657602038
red,450,427.3333333333333,0.32349791077839063,6.05,6.37349791077839
red,450,428.0,0.3149078101702217,6.05,6.364907810170221
red,450,428.66666666666663,0.30607474411517605,6.05,6.356074744115176
red,450,429.3333333333333,0.2970322943168371,6.05,6.347032294316837
red,450,430.0,0.28781402699061087,6.05,6.3378140269906105
red,450,430.66666666666663,0.2784532901373365,6.05,6.328453290137336
red,450,431.3333333333333,0.26898301860351986,6.05,6.31898301860352
red,450,432.0,0.2594355484544952,6.05,6.309435548454495
red,450,432.66666666666663,0.24984244203987,6.05,6.2998424420398695
red,450,433.3333333333333,0.2402343249718217,6.05,6.290234324971822
red,450,434.0,0.23064073606867122,6.05,6.280640736068671
red,450,434.66666666666663,0.2210899911412687,6.05,6.2710899911412685
red,450,435.3333333333333,0.2116090613207655,6.05,6.261609061320765
red,450,436.0,0.2022234664458305,6.05,6.25222346644583
red,450,436.66666666666663,0.19295718384780192,6.05,6.2429571838478015
red,450,437.3333333333333,0.18383257269609657,6.05,6.233832572696096
red,450,438.0,0.17487031389561256,6.05,6.224870313895613
red,450,438.66666666666663,0.1660893653649042,6.05,6.216089365364904
red,450,439.3333333333333,0.15750693237051236,6.05,6.207506932370512
red,450,440.0,0.14913845245054894,6.05,6.199138452450549
red,450,440.66666666666663,0.14099759433085363,6.05,6.190997594330853
red,450,441.3333333333333,0.13309627012094716,6.05,6.183096270120947
red,450,442.0,0.12544465997541204,6.05,6.175444659975412
red,450,442.66666666666663,0.11805124831983362,6.05,6.168051248319833
red,450,443.3333333333333,0.11092287066945544,6.05,6.160922870669455
red,450,444.0,0.10406477001326266,6.05,6.154064770013263
red,450,444.66666666666663,0.09748066169618558,6.05,6.147480661696186
red,450,445.3333333333333,0.0911728057071966,6.05,6.141172805707196
red,450,446.0,0.0851420852706365,6.05,6.135142085270636
red,450,446.66666666666663,0.07938809064141825,6.05,6.129388090641418
red,450,447.3333333333333,0.0739092070209511,6.05,6.123909207020951
red,450,448.0,0.06870270553862119,6.05,6.118702705538621
red,450,448.66666666666663,0.0637648362823209,6.05,6.1137648362823205
red,450,449.3333333333333,0.059090922409639236,6.05,6.1090909224096395
red,450,450.0,0.05467545442759153,6.05,6.104675454427591
red,450,450.66666666666663,0.050512183791858435,6.05,6.100512183791858
red,450,451.3333333333333,0.04659421504513409,6.05,6.096594215045134
red,450,452.0,0.04291409578699959,6.05,6.092914095786999
red,450,452.66666666666663,0.03946390384346836,6.05,6.089463903843468
red,450,453.3333333333333,0.03623533108179641,6.05,6.086235331081796
red,450,454.0,0.03321976339412427,6.05,6.0832197633941245
red,450,454.66666666666663,0.030408356450945705,6.05,6.0804083564509455
red,450,455.3333333333333,0.02779210690132379,6.05,6.077792106901324
red,450,456.0,0.02536191877028645,6.05,6.0753619187702865
red,450,456.66666666666663,0.023108664874163302,6.05,6.073108664874163
red,450,457.3333333333333,0.0210232431411279,6.05,6.071023243141128
red,450,458.0,0.01909662778631156,6.05,6.069096627786311
red,450,458.66666666666663,0.017319915348122092,6.05,6.067319915348122
red,450,459.3333333333333,0.01568436564451781,6.05,6.065684365644517
red,450,460.0,0.014181437754710672,6.05,6.06418143775471
red,450,460.66666666666663,0.012802821172981217,6.05,6.062802821172981
red,450,461.3333333333333,0.011540462316958424,6.05,6.061540462316958
red,450,462.0,0.010386586602887049,6.05,6.0603865866028865
red,450,462.66666666666663,0.00933371632520201,6.05,6.0593337163252015
red,450,463.3333333333333,0.008374684597354626,6.05,6.0583746845973545
red,450,464.0,0.007502645625528037,6.05,6.057502645625528
red,450,464.66666666666663,0.006711081596936456,6.05,6.056711081596936
red,450,465.3333333333333,0.005993806470167094,6.05,6.055993806470167
red,450,466.0,0.005344966956848452,6.05,6.055344966956849
red,450,466.66666666666663,0.00475904098219912,6.05,6.054759040982199
red,450,467.3333333333333,0.004230833907127131,6.05,6.054230833907127
red,450,468.0,0.003755472786903697,6.05,6.053755472786904
red,450,468.66666666666663,0.003328398931424617,6.05,6.053328398931424
red,450,469.3333333333333,0.0029453590200895453,6.05,6.0529453590200895
red,450,470.0,0.002602395010742245,6.05,6.052602395010742
red,450,470.66666666666663,0.002295833067281589,6.05,6.052295833067282
red,450,471.3333333333333,0.0020222717148089633,6.05,6.052022271714809
red,450,472.0,0.0017785694148289045,6.05,6.051778569414829
red,450,472.66666666666663,0.0015618317363494498,6.05,6.0515618317363495
red,450,473.3333333333333,0.0013693982819924424,6.05,6.0513693982819925
red,450,474.0,0.0011988295116445223,6.05,6.051198829511645
red,450,474.66666666666663,0.0010478935899539692,6.05,6.051047893589954
red,450,475.3333333333333,0.0009145533682748087,6.05,6.050914553368274
red,450,476.0,0.0007969535966161534,6.05,6.050796953596616
red,450,476.66666666666663,0.0006934084468844562,6.05,6.050693408446884
red,450,477.3333333333333,0.0006023894152979525,6.05,6.050602389415298
red,450,478.0,0.0005225136593691371,6.05,6.050522513659369
red,450,478.66666666666663,0.00045253281333593106,6.05,6.050452532813336
red,450,479.3333333333333,0.0003913223153990918,6.05,6.050391322315399
red,450,480.0,0.00033787127059812334,6.05,6.050337871270598
red,450,480.66666666666663,0.00029127286462156757,6.05,6.050291272864621
red,450,481.3333333333333,0.0002507153362788038,6.05,6.050250715336278
red,450,482.0,0.00021547350972602947,6.05,6.050215473509726
red,450,482.66666666666663,0.00018490088179742533,6.05,6.050184900881797
red,450,483.3333333333333,0.00015842225489524754,6.05,6.050158422254895
red,450,484.0,0.00013552690178525136,6.05,6.050135526901785
red,450,484.66666666666663,0.00011576224526885436,6.05,6.050115762245269
red,450,485.3333333333333,9.872803300083483e-05,6.05,6.050098728033
red,450,486.0,8.407098562976644e-05,6.05,6.05008407098563
red,450,486.66666666666663,7.147989489684066e-05,6.05,6.050071479894896
red,450,487.3333333333333,6.068114727723002e-05,6.05,6.0500606811472775
red,450,488.0,5.1434648128299445e-05,6.05,6.050051434648128
red,450,488.66666666666663,4.353012106498504e-05,6.05,6.050043530121065
red,450,489.3333333333333,3.6783757361734196e-05,6.05,6.050036783757362
red,450,490.0,3.10351905328745e-05,6.05,6.050031035190533
red,450,490.66666666666663,2.614477182328905e-05,6.05,6.050026144771823
red,450,491.3333333333333,2.1991123106664392e-05,6.05,6.050021991123106
red,450,492.0,1.8468944601006684e-05,6.05,6.050018468944601
red,450,492.66666666666663,1.5487055836144023e-05,6.05,6.050015487055836
red,450,493.3333333333333,1.2966649414913974e-05,6.05,6.0500129666494145
red,450,494.0,1.0839738271648853e-05,6.05,6.050010839738271
red,450,494.66666666666663,9.047778324942865e-06,6.05,6.050009047778325
red,450,495.3333333333333,7.540449626363966e-06,6.05,6.050007540449626
red,450,496.0,6.274580305660049e-06,6.05,6.050006274580306
red,450,496.66666666666663,5.21319879189539e-06,6.05,6.050005213198792
red,450,497.3333333333333,4.324700937236852e-06,6.05,6.050004324700937
red,450,498.0,3.5821197765340603e-06,6.05,6.050003582119777
red,450,498.66666666666663,2.9624867142668805e-06,6.05,6.050002962486714
red,450,499.3333333333333,2.4462739356118223e-06,6.05,6.050002446273935
red,450,500.0,2.0169087866615e-06,6.05,6.0500020169087865
red,450,500.66666666666663,1.6603517580092396e-06,6.05,6.050001660351758
red,450,501.3333333333333,1.3647305349730755e-06,6.05,6.050001364730535
red,450,502.0,1.1200233466826824e-06,6.05,6.050001120023347
red,450,502.66666666666663,9.177855559312717e-07,6.05,6.050000917785556
red,450,503.3333333333333,7.509140836283667e-07,6.05,6.050000750914084
red,450,504.0,6.134448579323038e-07,6.05,6.050000613444857
red,450,504.66666666666663,5.003790211646257e-07,6.05,6.050000500379021
red,450,505.3333333333333,4.075341201788587e-07,6.05,6.05000040753412
red,450,506.0,3.31416950943466e-07,6.05,6.050000331416951
red,450,506.66666666666663,2.691151287936136e-07,6.05,6.050000269115128
red,450,507.3333333333333,2.182048152527898e-07,6.05,6.050000218204815
red,450,508.0,1.7667235365865252e-07,6.05,6.050000176672354
red,450,508.66666666666663,1.428478521329608e-07,6.05,6.050000142847852
red,450,509.3333333333333,1.153490067077602e-07,6.05,6.050000115349007
red,450,510.0,9.303368253525626e-08,6.05,6.050000093033682
red,450,510.66666666666663,7.495996980351266e-08,6.05,6.05000007495997
red,450,511.3333333333333,6.035260583645919e-08,6.05,6.050000060352605
red,450,512.0,4.857480829165084e-08,6.05,6.050000048574808
red,450,512.6666666666666,3.910469863122674e-08,6.05,6.050000039104699
red,450,513.3333333333333,3.1515612208169277e-08,6.05,6.050000031515612
red,450,514.0,2.5459693290170137e-08,6.05,6.050000025459693
red,450,514.6666666666666,2.0654261881849834e-08,6.05,6.050000020654262
red,450,515.3333333333333,1.687051588928009e-08,6.05,6.0500000168705155
red,450,516.0,1.3924198434728478e-08,6.05,6.0500000139241985
red,450,516.6666666666666,1.166791726829657e-08,6.05,6.050000011667917
red,450,517.3333333333333,9.984852398175697e-09,6.05,6.050000009984852
red,450,518.0,8.78363031096614e-09,6.05,6.0500000087836305
red,450,518.6666666666666,7.994179402921315e-09,6.05,6.050000007994179
red,450,519.3333333333333,7.564412313563777e-09,6.05,6.050000007564412
red,450,520.0,7.457607471963597e-09,6.05,6.050000007457608
red,450,520.6666666666666,7.650384975025048e-09,6.05,6.050000007650385
red,450,521.3333333333333,8.131191481781043e-09,6.05,6.0500000081311915
red,450,522.0,8.899225624881909e-09,6.05,6.050000008899225
red,450,522.6666666666666,9.963749946310352e-09,6.05,6.05000000996375
red,450,523.3333333333333,1.1343747941215976e-08,6.05,6.050000011343748
red,450,524.0,1.3067895776712563e-08,6.05,6.050000013067896
red,450,524.6666666666666,1.5174827935294296e-08,6.05,6.050000015174827
red,450,525.3333333333333,1.7713684673059362e-08,6.05,6.050000017713685
red,450,526.0,2.0744937008025728e-08,6.05,6.050000020744937
red,450,526.6666666666666,2.434149216379627e-08,6.05,6.050000024341492
red,450,527.3333333333333,2.8590089166333966e-08,6.05,6.050000028590089
red,450,528.0,3.3593000785222996e-08,6.05,6.050000033593
red,450,528.6666666666666,3.947006436825144e-08,6.05,6.050000039470064
red,450,529.3333333333333,4.636107046898262e-08,6.05,6.05000004636107
red,450,530.0,5.442854463004934e-08,6.05,6.050000054428544
red,450,530.6666666666666,6.386096437068543e-08,6.05,6.050000063860964
red,450,531.3333333333333,7.48764604392254e-08,6.05,6.05000007487646
red,450,532.0,8.772705882874727e-08,6.05,6.050000087727058
red,450,532.6666666666666,1.0270352801206641e-07,6.05,6.050000102703528
red,450,533.3333333333333,1.201409044237863e-07,6.05,6.050000120140904
red,450,534.0,1.404247784935617e-07,6.05,6.050000140424778
red,450,534.6666666666666,1.639984336075102e-07,6.05,6.050000163998433
red,450,535.3333333333333,1.9137094133494835e-07,6.05,6.050000191370941
red,450,536.0,2.231263281973743e-07,6.05,6.050000223126328
red,450,536.6666666666666,2.599339422692922e-07,6.05,6.050000259933942
red,450,537.3333333333333,3.0256016208048315e-07,6.05,6.050000302560162
red,450,538.0,3.5188160573251213e-07,6.05,6.0500003518816055
red,450,538.6666666666666,4.0890001494657897e-07,6.05,6.050000408900015
red,450,539.3333333333333,4.7475900702368e-07,6.05,6.050000474759007
red,450,540.0,5.50762907520966e-07,6.05,6.050000550762907
red,450,540.6666666666666,6.383978979310158e-07,6.05,6.050000638397898
red,450,541.3333333333333,7.393557358932905e-07,6.05,6.050000739355736
red,450,542.0,8.55560330568077e-07,6.05,6.05000085556033
red,450,542.6666666666666,9.891974828616127e-07,6.05,6.050000989197483
red,450,543.3333333333333,1.142748129300721e-06,6.05,6.050001142748129
red,450,544.0,1.3190254596062745e-06,6.05,6.050001319025459
red,450,544.6666666666666,1.5212163114941827e-06,6.05,6.050001521216311
red,450,545.3333333333333,1.7529272820171535e-06,6.05,6.050001752927282
red,450,546.0,2.0182360329185143e-06,6.05,6.050002018236032
red,450,546.6666666666666,2.3217483080617687e-06,6.05,6.050002321748308
red,450,547.3333333333333,2.668661224069577e-06,6.05,6.050002668661224
red,450,548.0,3.0648334408813565e-06,6.05,6.050003064833441
red,450,548.6666666666666,3.516862867035409e-06,6.05,6.0500035168628665
red,450,549.3333333333333,4.032172605085989e-06,6.05,6.0500040321726045
red,450,550.0,4.619105895643091e-06,6.05,6.050004619105896
red,450,550.6666666666666,5.287030874016087e-06,6.05,6.050005287030874
red,450,551.3333333333333,6.046456011256825e-06,6.05,6.050006046456011
red,450,552.0,6.909157171402081e-06,6.05,6.0500069091571715
red,450,552.6666666666666,7.888317278754257e-06,6.05,6.050007888317278
red,450,553.3333333333333,8.998679652898688e-06,6.05,6.050008998679653
red,450,554.0,1.0256716134577936e-05,6.05,6.050010256716134
red,450,554.6666666666666,1.1680811192236721e-05,6.05,6.050011680811192
red,450,555.3333333333333,1.3291463266647934e-05,6.05,6.050013291463267
red,450,556.0,1.5111504679104966e-05,6.05,6.0500151115046785
red,450,556.6666666666666,1.716634149675824e-05,6.05,6.0500171663414966
red,450,557.3333333333333,1.9484214816221247e-05,6.05,6.050019484214816
red,450,558.0,2.2096484992943816e-05,6.05,6.050022096484993
red,450,558.6666666666666,2.5037940408384625e-05,6.05,6.050025037940408
red,450,559.3333333333333,2.8347132428913126e-05,6.05,6.050028347132429
red,450,560.0,3.206673826877106e-05,6.05,6.050032066738269
red,450,560.6666666666666,3.624395352342245e-05,6.05,6.050036243953524
red,450,561.3333333333333,4.0930916188168276e-05,6.05,6.050040930916188
red,450,562.0,4.618516401886323e-05,6.05,6.050046185164018
red,450,562.6666666666666,5.207012712581083e-05,6.05,6.050052070127125
red,450,563.3333333333333,5.8655657717086937e-05,6.05,6.0500586556577165
red,450,564.0,6.601859892226557e-05,6.05,6.050066018598922
red,450,564.6666666666666,7.424339463039682e-05,6.05,6.05007424339463
red,450,565.3333333333333,8.342274226553094e-05,6.05,6.050083422742265
red,450,566.0,9.365829039742533e-05,6.05,6.050093658290398
red,450,566.6666666666666,0.00010506138304275068,6.05,6.050105061383043
red,450,567.3333333333333,0.00011775385245128176,6.05,6.050117753852451
red,450,568.0,0.00013186886209037193,6.05,6.05013186886209
red,450,568.6666666666666,0.00014755180143777064,6.05,6.050147551801437
red,450,569.3333333333333,0.00016496123406556249,6.05,6.050164961234065
red,450,570.0,0.00018426990034472088,6.05,6.0501842699003445
red,450,570.6666666666666,0.00020566577591880835,6.05,6.050205665775919
red,450,571.3333333333333,0.00022935318688468656,6.05,6.050229353186885
red,450,572.0,0.0002555539823757982,6.05,6.0502555539823755
red,450,572.6666666666666,0.0002845087649682025,6.05,6.050284508764968
red,450,573.3333333333333,0.00031647817901914757,6.05,6.050316478179019
red,450,574.0,0.0003517442567009146,6.05,6.050351744256701
red,450,574.6666666666666,0.0003906118211079218,6.05,6.050390611821108
red,450,575.3333333333333,0.0004334099453910846,6.05,6.0504334099453905
red,450,576.0,0.0004804934664090336,6.05,6.0504804934664085
red,450,576.6666666666666,0.0005322445508806848,6.05,6.0505322445508805
red,450,577.3333333333333,0.0005890743114769469,6.05,6.0505890743114765
red,450,578.0,0.0006514244697005993,6.05,6.0506514244697005
red,450,578.6666666666666,0.0007197690617734346,6.05,6.050719769061773
red,450,579.3333333333333,0.0007946161830786085,6.05,6.050794616183079
red,450,580.0,0.0008765097659944036,6.05,6.0508765097659944
red,450,580.6666666666666,0.0009660313852057037,6.05,6.050966031385205
red,450,581.3333333333333,0.0010638020837924467,6.05,6.051063802083792
red,450,582.0,0.0011704842125723105,6.05,6.051170484212572
red,450,582.6666666666666,0.0012867832743220248,6.05,6.051286783274322
red,450,583.3333333333333,0.0014134497636205958,6.05,6.05141344976362
red,450,584.0,0.001551280992152089,6.05,6.051551280992152
red,450,584.6666666666666,0.0017011228883817904,6.05,6.051701122888382
red,450,585.3333333333333,0.0018638717595817434,6.05,6.051863871759582
red,450,586.0,0.0020404760032353727,6.05,6.052040476003235
red,450,586.6666666666666,0.0022319377539049387,6.05,6.052231937753905
red,450,587.3333333333333,0.002439314450705707,6.05,6.052439314450705
red,450,588.0,0.0026637203096043947,6.05,6.052663720309604
red,450,588.6666666666666,0.0029063276838579024,6.05,6.052906327683858
red,450,589.3333333333333,0.0031683682950389715,6.05,6.053168368295039
red,450,590.0,0.003451134316267014,6.05,6.0534511343162665
red,450,590.6666666666666,0.0037559792884891653,6.05,6.053755979288489
red,450,591.3333333333333,0.004084318849946409,6.05,6.054084318849946
red,450,592.0,0.004437631258323203,6.05,6.054437631258323
red,450,592.6666666666666,0.00481745768453217,6.05,6.054817457684532
red,450,593.3333333333333,0.005225402256636675,6.05,6.055225402256636
red,450,594.0,0.005663131832074807,6.05,6.055663131832075
red,450,594.6666666666666,0.006132375476135658,6.05,6.056132375476135
red,450,595.3333333333333,0.006634923624561193,6.05,6.056634923624561
red,450,596.0,0.007172626908214762,6.05,6.057172626908215
red,450,596.6666666666666,0.0077473946179895505,6.05,6.057747394617989
red,450,597.3333333333333,0.008361192788532137,6.05,6.058361192788532
red,450,598.0,0.009016041879938189,6.05,6.059016041879938
red,450,598.6666666666666,0.009714014037356607,6.05,6.059714014037357
red,450,599.3333333333333,0.010457229909418256,6.05,6.060457229909418
red,450,600.0,0.0112478550075923,6.05,6.0612478550075926
red,450,600.6666666666666,0.01208809558998399,6.05,6.062088095589984
red,450,601.3333333333333,0.012980194054719932,6.05,6.062980194054719
red,450,602.0,0.013926423829923255,6.05,6.063926423829923
red,450,602.6666666666666,0.014929083749375566,6.05,6.064929083749376
red,450,603.3333333333333,0.015990491905286296,6.05,6.0659904919052865
red,450,604.0,0.017112978972139745,6.05,6.06711297897214
red,450,604.6666666666666,0.018298880998376316,6.05,6.068298880998376
red,450,605.3333333333333,0.01955053166567019,6.05,6.06955053166567
red,450,606.0,0.020870254018780243,6.05,6.07087025401878
red,450,606.6666666666666,0.022260351672381443,6.05,6.072260351672381
red,450,607.3333333333333,0.02372309950490261,6.05,6.073723099504902
red,450,608.0,0.02526073385318607,6.05,6.075260733853186
red,450,608.6666666666666,0.026875442225746417,6.05,6.076875442225746
red,450,609.3333333333333,0.028569352556503093,6.05,6.078569352556503
red,450,610.0,0.030344522025066687,6.05,6.080344522025067
red,450,610.6666666666666,0.032202925473972646,6.05,6.082202925473973
red,450,611.3333333333333,0.034146443457626206,6.05,6.084146443457626
red,450,612.0,0.03617684996211975,6.05,6.086176849962119
red,450,612.6666666666666,0.0382957998394988,6.05,6.088295799839498
red,450,613.3333333333333,0.04050481600442974,6.05,6.0905048160044295
red,450,614.0,0.04280527644552129,6.05,6.092805276445521
red,450,614.6666666666666,0.04519840110776383,6.05,6.095198401107764
red,450,615.3333333333333,0.04768523870661114,6.05,6.097685238706611
red,450,616.0,0.05026665353809344,6.05,6.100266653538093
red,450,616.6666666666666,0.05294331235301188,6.05,6.102943312353012
red,450,617.3333333333333,0.05571567136665109,6.05,6.105715671366651
red,450,618.0,0.0585839634785132,6.05,6.108583963478513
red,450,618.6666666666666,0.06154818577932014,6.05,6.11154818577932
red,450,619.3333333333333,0.06460808742487723,6.05,6.114608087424877
red,450,620.0,0.06776315795829728,6.05,6.117763157958297
red,450,620.6666666666666,0.07101261616355446,6.05,6.121012616163554
red,450,621.3333333333333,0.07435539953429815,6.05,6.124355399534298
red,450,622.0,0.07779015444227316,6.05,6.127790154442273
red,450,622.6666666666666,0.0813152270895775,6.05,6.131315227089577
red,450,623.3333333333333,0.08492865532827684,6.05,6.1349286553282765
red,450,624.0,0.08862816142955789,6.05,6.1386281614295575
red,450,624.6666666666666,0.09241114588267141,6.05,6.142411145882671
red,450,625.3333333333333,0.09627468230133213,6.05,6.146274682301332
red,450,626.0,0.10021551351199165,6.05,6.150215513511991
red,450,626.6666666666666,0.10423004889453381,6.05,6.154230048894534
red,450,627.3333333333333,0.10831436304140853,6.05,6.158314363041408
red,450,628.0,0.11246419579602757,6.05,6.162464195796027
red,450,628.6666666666666,0.11667495372545843,6.05,6.166674953725458
red,450,629.3333333333333,0.12094171307604228,6.05,6.170941713076042
red,450,630.0,0.12525922425354405,6.05,6.175259224253544
red,450,630.6666666666666,0.12962191786191352,6.05,6.179621917861914
red,450,631.3333333333333,0.1340239123266717,6.05,6.184023912326672
red,450,632.0,0.13845902312037933,6.05,6.188459023120379
red,450,632.6666666666666,0.1429207735987023,6.05,6.192920773598702
red,450,633.3333333333333,0.14740240744625904,6.05,6.197402407446259
red,450,634.0,0.15189690272177025,6.05,6.20189690272177
red,450,634.6666666666666,0.15639698748216344,6.05,6.206396987482163
red,450,635.3333333333333,0.16089515695521342,6.05,6.210895156955213
red,450,636.0,0.16538369222010366,6.05,6.215383692220104
red,450,636.6666666666666,0.16985468034509996,6.05,6.2198546803451
red,450,637.3333333333333,0.17430003592136348,6.05,6.224300035921363
red,450,638.0,0.17871152392186257,6.05,6.228711523921862
red,450,638.6666666666666,0.18308078380452383,6.05,6.233080783804524
red,450,639.3333333333333,0.18739935476920544,6.05,6.237399354769205
red,450,640.0,0.1916587020688636,6.05,6.241658702068864
red,450,640.6666666666666,0.1958502442665562,6.05,6.245850244266556
red,450,641.3333333333333,0.1999653813217031,6.05,6.249965381321703
red,450,642.0,0.20399552338137578,6.05,6.253995523381375
red,450,642.6666666666666,0.20793212014545268,6.05,6.257932120145452
red,450,643.3333333333333,0.21176669066825776,6.05,6.261766690668257
red,450,644.0,0.2154908534538633,6.05,6.265490853453863
red,450,644.6666666666666,0.2190963566977006,6.05,6.2690963566977
red,450,645.3333333333333,0.2225751085234727,6.05,6.272575108523473
red,450,646.0,0.22591920706165644,6.05,6.275919207061656
red,450,646.6666666666666,0.22912097021420075,6.05,6.2791209702142
red,450,647.3333333333333,0.23217296494935324,6.05,6.282172964949353
red,450,648.0,0.2350680359709027,6.05,6.285068035970903
red,450,648.6666666666666,0.23779933360757216,6.05,6.287799333607572
red,450,649.3333333333333,0.2403603407707888,6.05,6.290360340770788
red,450,650.0,0.24274489883259506,6.05,6.292744898832595
red,450,650.6666666666666,0.2449472322800792,6.05,6.294947232280079
red,450,651.3333333333333,0.2469619720083206,6.05,6.2969619720083205
red,450,652.0,0.2487841771204492,6.05,6.298784177120449
red,450,652.6666666666666,0.2504093551109935,6.05,6.300409355110993
red,450,653.3333333333333,0.2518334803171602,6.05,6.30183348031716
red,450,654.0,0.253053010531994,6.05,6.303053010531994
red,450,654.6666666666666,0.2540649016834772,6.05,6.304064901683477
red,450,655.3333333333333,0.2548666204944343,6.05,6.304866620494434
red,450,656.0,0.2554561550495521,6.05,6.305456155049552
red,450,656.6666666666666,0.25583202320782406,6.05,6.305832023207824
red,450,657.3333333333333,0.2559932788111901,6.05,6.30599327881119
red,450,658.0,0.25593951565296896,6.05,6.305939515652969
red,450,658.6666666666666,0.2556708691827875,6.05,6.305670869182787
red,450,659.3333333333333,0.2551880159379925,6.05,6.3051880159379925
red,450,660.0,0.2544921707048848,6.05,6.304492170704885
red,450,660.6666666666666,0.2535850814264472,6.05,6.303585081426447
red,450,661.3333333333333,0.2524690218864427,6.05,6.302469021886442
red,450,662.0,0.25114678221273923,6.05,6.301146782212739
red,450,662.6666666666666,0.2496216572553754,6.05,6.299621657255376
red,450,663.3333333333333,0.2478974329071173,6.05,6.297897432907117
red,450,664.0,0.24597837044599488,6.05,6.295978370445995
red,450,664.6666666666666,0.24386918899044216,6.05,6.293869188990442
red,450,665.3333333333333,0.24157504616812497,6.05,6.291575046168125
red,450,666.0,0.23910151710926694,6.05,6.289101517109267
red,450,666.6666666666666,0.23645457188417615,6.05,6.286454571884176
red,450,667.3333333333333,0.2336405515126946,6.05,6.283640551512694
red,450,668.0,0.2306661426804017,6.05,6.280666142680402
red,450,668.6666666666666,0.22753835130251063,6.05,6.2775383513025105
red,450,669.3333333333333,0.22426447508150993,6.05,6.27426447508151
red,450,670.0,0.2208520752086923,6.05,6.270852075208692
red,450,670.6666666666666,0.21730894736272469,6.05,6.267308947362724
red,450,671.3333333333333,0.21364309216037256,6.05,6.263643092160373
red,450,672.0,0.20986268521540827,6.05,6.259862685215408
red,450,672.6666666666666,0.2059760469615643,6.05,6.255976046961564
red,450,673.3333333333333,0.20199161239420094,6.05,6.2519916123942005
red,450,674.0,0.19791790088317943,6.05,6.247917900883179
red,450,674.6666666666666,0.19376348620623793,6.05,6.2437634862062374
red,450,675.3333333333333,0.18953696694805985,6.05,6.23953696694806
red,450,676.0,0.18524693740524809,6.05,6.235246937405248
red,450,676.6666666666666,0.1809019591315756,6.05,6.230901959131575
red,450,677.3333333333333,0.17651053325128505,6.05,6.226510533251285
red,450,678.0,0.172081073660931,6.05,6.222081073660931
red,450,678.6666666666666,0.16762188123230382,6.05,6.217621881232303
red,450,679.3333333333333,0.16314111912047688,6.05,6.213141119120476
red,450,680.0,0.15864678927206183,6.05,6.208646789272062
red,450,680.6666666666666,0.15414671021935078,6.05,6.204146710219351
red,450,681.3333333333333,0.14964849623631507,6.05,6.199648496236315
red,450,682.0,0.14515953792249858,6.05,6.195159537922498
red,450,682.6666666666666,0.1406869842707069,6.05,6.190686984270707
red,450,683.3333333333333,0.13623772626419342,6.05,6.186237726264193
red,450,684.0,0.13181838203886218,6.05,6.181818382038862
red,450,684.6666666666666,0.12743528363585133,6.05,6.177435283635851
red,450,685.3333333333333,0.12309446535987441,6.05,6.173094465359874
red,450,686.0,0.1188016537489418,6.05,6.168801653748941
red,450,686.6666666666666,0.11456225915156963,6.05,6.16456225915157
red,450,687.3333333333333,0.11038136889843064,6.05,6.16038136889843
red,450,688.0,0.10626374204666507,6.05,6.156263742046665
red,450,688.6666666666666,0.10221380566674346,6.05,6.152213805666744
red,450,689.3333333333333,0.09823565263396072,6.05,6.148235652633961
red,450,690.0,0.09433304087938361,6.05,6.144333040879383
red,450,690.6666666666666,0.09050939404834513,6.05,6.140509394048345
red,450,691.3333333333333,0.08676780350846935,6.05,6.136767803508469
red,450,692.0,0.08311103164373754,6.05,6.133111031643737
red,450,692.6666666666666,0.07954151636623018,6.05,6.12954151636623
red,450,693.3333333333333,0.07606137677297367,6.05,6.126061376772974
red,450,694.0,0.0726724198717766,6.05,6.122672419871776
red,450,694.6666666666666,0.06937614829701542,6.05,6.1193761482970155
red,450,695.3333333333333,0.06617376893406696,6.05,6.1161737689340665
red,450,696.0,0.06306620236946725,6.05,6.113066202369467
red,450,696.6666666666666,0.060054093082846864,6.05,6.110054093082847
red,450,697.3333333333333,0.05713782029627473,6.05,6.107137820296274
red,450,698.0,0.054317509396812125,6.05,6.104317509396812
red,450,698.6666666666666,0.051593043848761753,6.05,6.101593043848761
red,450,699.3333333333333,0.04896407751331156,6.05,6.098964077513312
red,450,700.0,0.046430047294978155,6.05,6.096430047294978
red,450,700.6666666666666,0.043990186036378734,6.05,6.093990186036379
red,450,701.3333333333333,0.04164353558540475,6.05,6.091643535585405
red,450,702.0,0.039388959961792376,6.05,6.089388959961792
red,450,702.6666666666666,0.03722515855331025,6.05,6.08722515855331
red,450,703.3333333333333,0.03515067927530933,6.05,6.085150679275309
red,450,704.0,0.03316393163115773,6.05,6.083163931631158
red,450,704.6666666666666,0.03126319961504559,6.05,6.081263199615045
red,450,705.3333333333333,0.0294466544027816,6.05,6.079446654402782
red,450,706.0,0.02771236678047291,6.05,6.077712366780473
red,450,706.6666666666666,0.026058319265316782,6.05,6.076058319265317
red,450,707.3333333333333,0.02448241787713006,6.05,6.07448241787713
red,450,708.0,0.022982503523660006,6.05,6.07298250352366
red,450,708.6666666666666,0.021556362967103945,6.05,6.071556362967104
red,450,709.3333333333333,0.020201739343607326,6.05,6.070201739343607
red,450,710.0,0.01891634221177945,6.05,6.06891634221178
red,450,710.6666666666666,0.017697857110416913,6.05,6.067697857110416
red,450,711.3333333333333,0.016543954609654268,6.05,6.066543954609654
red,450,712.0,0.015452298843645434,6.05,6.0654522988436455
red,450,712.6666666666666,0.014420555516582141,6.05,6.064420555516582
red,450,713.3333333333333,0.013446399377380003,6.05,6.06344639937738
red,450,714.0,0.01252752116169151,6.05,6.062527521161691
red,450,714.6666666666666,0.011661634003013769,6.05,6.061661634003014
red,450,715.3333333333333,0.010846479317553741,6.05,6.060846479317553
red,450,716.0,0.010079832170186497,6.05,6.060079832170186
red,450,716.6666666666666,0.009359506131276469,6.05,6.059359506131276
red,450,717.3333333333333,0.00868335763633918,6.05,6.058683357636339
red,450,718.0,0.00804928986250014,6.05,6.0580492898625
red,450,718.6666666666666,0.007455256137448664,6.05,6.057455256137448
red,450,719.3333333333333,0.006899262898104685,6.05,6.056899262898105
red,450,720.0,0.006379372217517205,6.05,6.056379372217517
red,450,720.6666666666666,0.005893703919593807,6.05,6.055893703919594
red,450,721.3333333333333,0.00544043730213816,6.05,6.0554404373021375
red,450,722.0,0.00501781248935409,6.05,6.055017812489354
red,450,722.6666666666666,0.004624131435464031,6.05,6.054624131435464
red,450,723.3333333333333,0.004257758601404433,6.05,6.054257758601405
red,450,724.0,0.003917121326711279,6.05,6.053917121326711
red,450,724.6666666666666,0.0036007099187011942,6.05,6.053600709918701
red,450,725.3333333333333,0.0033070774809064677,6.05,6.053307077480906
red,450,726.0,0.0030348395024463156,6.05,6.0530348395024465
red,450,726.6666666666666,0.0027826732296201543,6.05,6.05278267322962
red,450,727.3333333333333,0.0025493168405090333,6.05,6.0525493168405085
red,450,728.0,0.0023335684427792593,6.05,6.052333568442779
red,450,728.6666666666666,0.0021342849142069404,6.05,6.052134284914207
red,450,729.3333333333333,0.0019503806046985768,6.05,6.051950380604699
red,450,730.0,0.0017808259177817406,6.05,6.051780825917781
red,450,730.6666666666666,0.001624645788689117,6.05,6.051624645788689
red,450,731.3333333333333,0.0014809180752722124,6.05,6.051480918075272
red,450,732.0,0.0013487718770667948,6.05,6.051348771877066
red,450,732.6666666666666,0.0012273857968974563,6.05,6.0512273857968975
red,450,733.3333333333333,0.001115986158464622,6.05,6.0511159861584645
red,450,734.0,0.0010138451924109441,6.05,6.0510138451924105
red,450,734.6666666666666,0.0009202792024207337,6.05,6.050920279202421
red,450,735.3333333333333,0.0008346467219744421,6.05,6.050834646721975
red,450,736.0,0.0007563466714652422,6.05,6.050756346671465
red,450,736.6666666666666,0.0006848165244905818,6.05,6.05068481652449
red,450,737.3333333333333,0.0006195304912639767,6.05,6.0506195304912636
red,450,738.0,0.0005599977262548186,6.05,6.050559997726254
red,450,738.6666666666666,0.0005057605663589194,6.05,6.050505760566359
red,450,739.3333333333333,0.00045639280513366044,6.05,6.050456392805134
red,450,740.0,0.0004114980079008688,6.05,6.050411498007901
red,450,740.6666666666666,0.0003707078718287963,6.05,6.050370707871829
red,450,741.3333333333333,0.0003336806344538509,6.05,6.050333680634454
red,450,742.0,0.00030009953349357117,6.05,6.0503000995334935
red,450,742.6666666666666,0.00026967132023446506,6.05,6.050269671320234
red,450,743.3333333333333,0.0002421248282524329,6.05,6.0502421248282525
red,450,744.0,0.00021720959873897,6.05,6.050217209598739
red,450,744.6666666666666,0.00019469456326218085,6.05,6.050194694563262
red,450,745.3333333333333,0.00017436678438736215,6.05,6.050174366784387
red,450,746.0,0.0001560302542163035,6.05,6.050156030254216
red,450,746.6666666666666,0.00013950475057584175,6.05,6.050139504750575
red,450,747.3333333333333,0.00012462475029349066,6.05,6.050124624750294
red,450,748.0,0.00011123839873942963,6.05,6.050111238398739
red,450,748.6666666666666,9.920653458781997e-05,6.05,6.050099206534588
red,450,749.3333333333333,8.840176855481306e-05,6.05,6.050088401768555
red,450,750.0,7.870761470379115e-05,6.05,6.050078707614704
red,450,750.6666666666666,7.001767276829361e-05,6.05,6.050070017672768
red,450,751.3333333333333,6.223485982804604e-05,6.05,6.050062234859828
red,450,752.0,5.5270689581568785e-05,6.05,6.050055270689581
red,450,752.6666666666666,4.904459738804053e-05,6.05,6.050049044597388
red,450,753.3333333333333,4.348330919972175e-05,6.05,6.050043483309199
red,450,754.0,3.8520252472507626e-05,6.05,6.050038520252472
red,450,754.6666666666666,3.409500712425554e-05,6.05,6.050034095007124
red,450,755.3333333333333,3.0152794606883732e-05,6.05,6.050030152794607
red,450,756.0,2.6644003167251307e-05,6.05,6.050026644003167
red,450,756.6666666666666,2.3523747391935807e-05,6.05,6.050023523747392
red,450,757.3333333333333,2.0751460160897744e-05,6.05,6.050020751460161
red,450,758.0,1.8290515173289553e-05,6.05,6.050018290515173
red,450,758.6666666666666,1.6107878254056337e-05,6.05,6.050016107878254
red,450,759.3333333333333,1.4173785701379127e-05,6.05,6.050014173785701
red,450,760.0,1.246144799134407e-05,6.05,6.0500124614479915
red,450,760.6666666666666,1.0946777216474706e-05,6.05,6.050010946777216
red,450,761.3333333333333,9.608136698080422e-06,6.05,6.050009608136698
red,450,762.0,8.426111277926154e-06,6.05,6.050008426111278
red,450,762.6666666666666,7.383296861766127e-06,6.05,6.050007383296862
red,450,763.3333333333333,6.4641078551748885e-06,6.05,6.050006464107855
red,450,764.0,5.654601200262448e-06,6.05,6.0500056546012
red,450,764.6666666666666,4.94231578974851e-06,6.05,6.050004942315789
red,450,765.3333333333333,4.316126102062787e-06,6.05,6.050004316126102
red,450,766.0,3.76610896724072e-06,6.05,6.050003766108967
red,450,766.6666666666666,3.283422438056896e-06,6.05,6.050003283422438
red,450,767.3333333333333,2.860195803814465e-06,6.05,6.050002860195804
red,450,768.0,2.4894298452562724e-06,6.05,6.050002489429845
red,450,768.6666666666666,2.1649064879875067e-06,6.05,6.050002164906488
red,450,769.3333333333333,1.881107068466002e-06,6.05,6.050001881107068
red,450,770.0,1.6331384809109449e-06,6.05,6.050001633138481
red,450,770.6666666666666,1.4166665253244068e-06,6.05,6.050001416666525
red,450,771.3333333333333,1.2278558261702413e-06,6.05,6.050001227855826
red,450,772.0,1.063315738088542e-06,6.05,6.0500010633157375
red,450,772.6666666666666,9.200516993385576e-07,6.05,6.0500009200516995
red,450,773.3333333333333,7.954215354834216e-07,6.05,6.050000795421536
red,450,774.0,6.870962551920741e-07,6.05,6.050000687096255
red,450,774.6666666666666,5.930249169868499e-07,6.05,6.050000593024917
red,450,775.3333333333333,5.114031803757261e-07,6.05,6.05000051140318
red,450,776.0,4.406451871479663e-07,6.05,6.050000440645187
red,450,776.6666666666666,3.793584487612836e-07,6.05,6.0500003793584485
red,450,777.3333333333333,3.2632144379584846e-07,6.05,6.0500003263214435
red,450,778.0,2.804636554869126e-07,6.05,6.050000280463656
red,450,778.6666666666666,2.4084780346708273e-07,6.05,6.050000240847803
red,450,779.3333333333333,2.0665404614918378e-07,6.05,6.050000206654046
red,450,780.0,1.7716595075788833e-07,6.05,6.05000017716595
red,450,780.6666666666666,1.517580469696216e-07,6.05,6.050000151758047
red,450,781.3333333333333,1.2988479754238564e-07,6.05,6.050000129884797
red,450,782.0,1.1107083530435888e-07,6.05,6.050000111070835
red,450,782.6666666666666,9.490233051424547e-08,6.05,6.05000009490233
red,450,783.3333333333333,8.10193659974216e-08,6.05,6.050000081019366
red,450,784.0,6.910920968609316e-08,6.05,6.05000006910921
red,450,784.6666666666666,5.890038533189684e-08,6.05,6.050000058900385
red,450,785.3333333333333,5.015745229526616e-08,6.05,6.050000050157452
red,450,786.0,4.2676414523087695e-08,6.05,6.050000042676414
red,450,786.6666666666666,3.62806871763366e-08,6.05,6.050000036280687
red,450,787.3333333333333,3.0817556930632726e-08,6.05,6.050000030817556
red,450,788.0,2.6155078808923353e-08,6.05,6.050000026155079
red,450,788.6666666666666,2.217935857682848e-08,6.05,6.050000022179359
red,450,789.3333333333333,1.8792175294023853e-08,6.05,6.050000018792175
red,450,790.0,1.5908903621926913e-08,6.05,6.050000015908903
red,450,790.6666666666666,1.3456699987835356e-08,6.05,6.0500000134567
red,450,791.3333333333333,1.1372920744122864e-08,6.05,6.05000001137292
red,450,792.0,9.603744080245695e-09,6.05,6.050000009603744
red,450,792.6666666666666,8.102970684099546e-09,6.05,6.050000008102971
red,450,793.3333333333333,6.830981043665302e-09,6.05,6.050000006830981
red,450,794.0,5.753829862928387e-09,6.05,6.05000000575383
red,450,794.6666666666666,4.8424603680839135e-09,6.05,6.0500000048424605
red,450,795.3333333333333,4.072023328867356e-09,6.05,6.050000004072023
red,450,796.0,3.421287440881286e-09,6.05,6.050000003421287
red,450,796.6666666666666,2.872129331188499e-09,6.05,6.050000002872129
red,450,797.3333333333333,2.4090928823362893e-09,6.05,6.050000002409092
red,450,798.0,2.019008838532855e-09,6.05,6.050000002019009
red,450,798.6666666666666,1.6906667793084084e-09,6.05,6.050000001690667
red,450,799.3333333333333,1.4145325364139084e-09,6.05,6.050000001414532
red,450,800.0,1.1825050031718366e-09,6.05,6.050000001182505
red,500,200.0,1.641966123887268e-35,6.65,6.65
red,500,200.66666666666666,2.687957820688703e-35,6.65,6.65
red,500,201.33333333333334,4.3935221250398577e-35,6.65,6.65
red,500,202.0,7.170266500272028e-35,6.65,6.65
red,500,202.66666666666666,1.1683955356232139e-34,6.65,6.65
red,500,203.33333333333334,1.9009758154511367e-34,6.65,6.65
red,500,204.0,3.0881288032205513e-34,6.65,6.65
red,500,204.66666666666666,5.008945795518095e-34,6.65,6.65
red,500,205.33333333333334,8.11202666191044e-34,6.65,6.65
red,500,206.0,1.3117302027046381e-33,6.65,6.65
red,500,206.66666666666666,2.117833329664577e-33,6.65,6.65
red,500,207.33333333333334,3.4140600115081456e-33,6.65,6.65
red,500,208.0,5.495189003195841e-33,6.65,6.65
red,500,208.66666666666666,8.831332358135446e-33,6.65,6.65
red,500,209.33333333333334,1.4171046915944155e-32,6.65,6.65
red,500,210.0,2.2704385595289202e-32,6.65,6.65
red,500,210.66666666666666,3.63203214477112e-32,6.65,6.65
red,500,211.33333333333334,5.801251913127032e-32,6.65,6.65
red,500,212.0,9.251792361096434e-32,6.65,6.65
red,500,212.66666666666666,1.4732014629724922e-31,6.65,6.65
red,500,213.33333333333334,2.3422352740066265e-31,6.65,6.65
red,500,214.0,3.718185084546272e-31,6.65,6.65
red,500,214.66666666666666,5.893368576527857e-31,6.65,6.65
red,500,215.33333333333334,9.326706566732246e-31,6.65,6.65
red,500,216.0,1.4737544693432396e-30,6.65,6.65
red,500,216.66666666666666,2.3251665603122816e-30,6.65,6.65
red,500,217.33333333333334,3.66281609011233e-30,6.65,6.65
red,500,218.0,5.761137885745508e-30,6.65,6.65
red,500,218.66666666666666,9.047603033694316e-30,6.65,6.65
red,500,219.33333333333334,1.4187011374643596e-29,6.65,6.65
red,500,220.0,2.2211628846907165e-29,6.65,6.65
red,500,220.66666666666666,3.47217823410969e-29,6.65,6.65
red,500,221.33333333333334,5.419456369869354e-29,6.65,6.65
red,500,222.0,8.445814718470393e-29,6.65,6.65
red,500,222.66666666666666,1.3141940203670975e-28,6.65,6.65
red,500,223.33333333333334,2.041782773448088e-28,6.65,6.65
red,500,224.0,3.167318193345934e-28,6.65,6.65
red,500,224.66666666666666,4.905756263347133e-28,6.65,6.65
red,500,225.33333333333334,7.586690199343946e-28,6.65,6.65
red,500,226.0,1.1714691191887612e-27,6.65,6.65
red,500,226.66666666666666,1.8060985789241913e-27,6.65,6.65
red,500,227.33333333333334,2.7802520432894627e-27,6.65,6.65
red,500,228.0,4.2732568532816735e-27,6.65,6.65
red,500,228.66666666666666,6.557917344233099e-27,6.65,6.65
red,500,229.33333333333334,1.0048586857311537e-26,6.65,6.65
red,500,230.0,1.537362044058609e-26,6.65,6.65
red,500,230.66666666666666,2.348439788792243e-26,6.65,6.65
red,500,231.33333333333334,3.581911214360656e-26,6.65,6.65
red,500,232.0,5.454843749792702e-26,6.65,6.65
red,500,232.66666666666666,8.294341737970587e-26,6.65,6.65
red,500,233.33333333333331,1.259254890863802e-25,6.65,6.65
red,500,234.0,1.9088749519240349e-25,6.65,6.65
red,500,234.66666666666666,2.8891721753494954e-25,6.65,6.65
red,500,235.33333333333331,4.366178428389793e-25,6.65,6.65
red,500,236.0,6.588122215449898e-25,6.65,6.65
red,500,236.66666666666666,9.925535022655139e-25,6.65,6.65
red,500,237.33333333333331,1.4930636306329273e-24,6.65,6.65
red,500,238.0,2.2425122221741924e-24,6.65,6.65
red,500,238.66666666666666,3.3629734007683216e-24,6.65,6.65
red,500,239.33333333333331,5.0355180541362515e-24,6.65,6.65
red,500,240.0,7.528301331226356e-24,6.65,6.65
red,500,240.66666666666666,1.1237816652072664e-23,6.65,6.65
red,500,241.33333333333331,1.6749390265197122e-23,6.65,6.65
red,500,242.0,2.4925746455178695e-23,6.65,6.65
red,500,242.66666666666666,3.7036458832032297e-23,6.65,6.65
red,500,243.33333333333331,5.494685630653234e-23,6.65,6.65
red,500,244.0,8.139324358407733e-23,6.65,6.65
red,500,244.66666666666666,1.203832248442025e-22,6.65,6.65
red,500,245.33333333333331,1.7777705269651015e-22,6.65,6.65
red,500,246.0,2.621304917595729e-22,6.65,6.65
red,500,246.66666666666666,3.859148531708502e-22,6.65,6.65
red,500,247.33333333333331,5.672801111959398e-22,6.65,6.65
red,500,248.0,8.3259870757352715e-22,6.65,6.65
red,500,248.66666666666666,1.2201297565530982e-21,6.65,6.65
red,500,249.33333333333331,1.7852885383276706e-21,6.65,6.65
red,500,250.0,2.6082122256266622e-21,6.65,6.65
red,500,250.66666666666666,3.80460476309151e-21,6.65,6.65
red,500,251.33333333333331,5.541256832498096e-21,6.65,6.65
red,500,252.0,8.058220071032178e-21,6.65,6.65
red,500,252.66666666666666,1.1700436916437601e-20,6.65,6.65
red,500,253.33333333333331,1.6962784570394184e-20,6.65,6.65
red,500,254.0,2.4554117238848458e-20,6.65,6.65
red,500,254.66666666666666,3.548817084975392e-20,6.65,6.65
red,500,255.33333333333331,5.121238679490823e-20,6.65,6.65
red,500,256.0,7.379017327192097e-20,6.65,6.65
red,500,256.6666666666667,1.0615834880447111e-19,6.65,6.65
red,500,257.3333333333333,1.5249018492591057e-19,6.65,6.65
red,500,258.0,2.1870652432781265e-19,6.65,6.65
red,500,258.6666666666667,3.1319419085441235e-19,6.65,6.65
red,500,259.3333333333333,4.47814105331726e-19,6.65,6.65
red,500,260.0,6.39313611892947e-19,6.65,6.65
red,500,260.6666666666667,9.113018357566698e-19,6.65,6.65
red,500,261.3333333333333,1.2970079870691658e-18,6.65,6.65
red,500,262.0,1.8431266021535915e-18,6.65,6.65
red,500,262.6666666666667,2.615169218725679e-18,6.65,6.65
red,500,263.3333333333333,3.704900387929454e-18,6.65,6.65
red,500,264.0,5.240652789949062e-18,6.65,6.65
red,500,264.66666666666663,7.401612597341226e-18,6.65,6.65
red,500,265.3333333333333,1.0437570568412904e-17,6.65,6.65
red,500,266.0,1.469618501509839e-17,6.65,6.65
red,500,266.66666666666663,2.0660551416552812e-17,6.65,6.65
red,500,267.3333333333333,2.90008894269761e-17,6.65,6.65
red,500,268.0,4.064553441145817e-17,6.65,6.65
red,500,268.66666666666663,5.687828201153211e-17,6.65,6.65
red,500,269.3333333333333,7.947164705047561e-17,6.65,6.65
red,500,270.0,1.1086898434796204e-16,6.65,6.65
red,500,270.66666666666663,1.5443297427802514e-16,6.65,6.65
red,500,271.3333333333333,2.147840928988765e-16,6.65,6.65
red,500,272.0,2.9826088607902207e-16,6.65,6.65
red,500,272.66666666666663,4.135448387796381e-16,6.65,6.65
red,500,273.3333333333333,5.725072856362547e-16,6.65,6.650000000000001
red,500,274.0,7.913553488249677e-16,6.65,6.650000000000001
red,500,274.66666666666663,1.0921798956483854e-15,6.65,6.650000000000001
red,500,275.3333333333333,1.5050430595382055e-15,6.65,6.650000000000002
red,500,276.0,2.0707886895403944e-15,6.65,6.650000000000002
red,500,276.66666666666663,2.8448197518989716e-15,6.65,6.650000000000003
red,500,277.3333333333333,3.90216686300877e-15,6.65,6.650000000000004
red,500,278.0,5.344277861717742e-15,6.65,6.650000000000006
red,500,278.66666666666663,7.308097537748931e-15,6.65,6.6500000000000075
red,500,279.3333333333333,9.978189591962195e-15,6.65,6.65000000000001
red,500,280.0,1.3602892926808977e-14,6.65,6.650000000000014
red,500,280.66666666666663,1.8515818677032417e-14,6.65,6.650000000000019
red,500,281.3333333333333,2.5164405234565426e-14,6.65,6.650000000000025
red,500,282.0,3.414778456413422e-14,6.65,6.650000000000034
red,500,282.66666666666663,4.626691121940171e-14,6.65,6.6500000000000465
red,500,283.3333333333333,6.259081298661372e-14,6.65,6.6500000000000625
red,500,284.0,8.454399964535337e-14,6.65,6.650000000000085
red,500,284.66666666666663,1.1402159148206858e-13,6.65,6.650000000000114
red,500,285.3333333333333,1.535407008653033e-13,6.65,6.650000000000154
red,500,286.0,2.0643914439846766e-13,6.65,6.650000000000206
red,500,286.66666666666663,2.771358400544028e-13,6.65,6.6500000000002775
red,500,287.3333333333333,3.714714563939637e-13,6.65,6.650000000000372
red,500,288.0,4.971532865983284e-13,6.65,6.650000000000498
red,500,288.66666666666663,6.643352434004228e-13,6.65,6.650000000000665
red,500,289.3333333333333,8.863727215330012e-13,6.65,6.650000000000887
red,500,290.0,1.1808033671160805e-12,6.65,6.650000000001181
red,500,290.66666666666663,1.5706191751448214e-12,6.65,6.650000000001571
red,500,291.3333333333333,2.085913617043453e-12,6.65,6.650000000002087
red,500,292.0,2.7660106929250938e-12,6.65,6.650000000002766
red,500,292.66666666666663,3.662212171251504e-12,6.65,6.650000000003662
red,500,293.3333333333333,4.841336394936969e-12,6.65,6.650000000004842
red,500,294.0,6.39026885151476e-12,6.65,6.650000000006391
red,500,294.66666666666663,8.421803647785848e-12,6.65,6.650000000008422
red,500,295.3333333333333,1.1082129092108434e-11,6.65,6.650000000011082
red,500,296.0,1.456040346741257e-11,6.65,6.650000000014561
red,500,296.66666666666663,1.9100983328217883e-11,6.65,6.6500000000191015
red,500,297.3333333333333,2.5019011869950305e-11,6.65,6.6500000000250195
red,500,298.0,3.27202559577453e-11,6.65,6.650000000032721
red,500,298.66666666666663,4.272630565507984e-11,6.65,6.650000000042727
red,500,299.3333333333333,5.570652980037727e-11,6.65,6.650000000055707
red,500,300.0,7.251852781193771e-11,6.65,6.650000000072519
red,500,300.66666666666663,9.425924660777227e-11,6.65,6.650000000094259
red,500,301.3333333333333,1.223294606693951e-10,6.65,6.65000000012233
red,500,302.0,1.5851496506174665e-10,6.65,6.650000000158515
red,500,302.66666666666663,2.0508863243158913e-10,6.65,6.650000000205089
red,500,303.3333333333333,2.64938467880562e-10,6.65,6.650000000264939
red,500,304.0,3.4172799884836436e-10,6.65,6.650000000341729
red,500,304.66666666666663,4.4009680709659147e-10,6.65,6.650000000440097
red,500,305.3333333333333,5.659108019255061e-10,6.65,6.650000000565911
red,500,306.0,7.265740138682413e-10,6.65,6.650000000726575
red,500,306.66666666666663,9.31416334718152e-10,6.65,6.650000000931417
red,500,307.3333333333333,1.1921748358357055e-09,6.65,6.650000001192176
red,500,308.0,1.523590172196111e-09,6.65,6.6500000015235905
red,500,308.66666666666663,1.9441442542381525e-09,6.65,6.650000001944145
red,500,309.3333333333333,2.4769709957506333e-09,6.65,6.650000002476971
red,500,310.0,3.15097870264907e-09,6.65,6.650000003150979
red,500,310.66666666666663,4.002230763752401e-09,6.65,6.650000004002231
red,500,311.3333333333333,5.075640984557457e-09,6.65,6.650000005075642
red,500,312.0,6.427051452268729e-09,6.65,6.650000006427052
red,500,312.66666666666663,8.125774563970769e-09,6.65,6.650000008125775
red,500,313.3333333333333,1.0257697170126307e-08,6.65,6.650000010257697
red,500,314.0,1.2929064120812142e-08,6.65,6.650000012929064
red,500,314.66666666666663,1.6271081355715576e-08,6.65,6.650000016271082
red,500,315.3333333333333,2.0445505627339922e-08,6.65,6.650000020445506
red,500,316.0,2.5651419647928295e-08,6.65,6.65000002565142
red,500,316.66666666666663,3.213342865240551e-08,6.65,6.650000032133429
red,500,317.3333333333333,4.0191557919837065e-08,6.65,6.650000040191558
red,500,318.0,5.0193181651604255e-08,6.65,6.650000050193182
red,500,318.66666666666663,6.258737284209176e-08,6.65,6.650000062587373
red,500,319.3333333333333,7.792213260294737e-08,6.65,6.650000077922133
red,500,320.0,9.686503716008175e-08,6.65,6.650000096865037
red,500,320.66666666666663,1.2022793292764762e-07,6.65,6.650000120227933
red,500,321.3333333333333,1.489964163272108e-07,6.65,6.6500001489964164
red,500,322.0,1.8436495718091565e-07,6.65,6.650000184364957
red,500,322.66666666666663,2.2777866455470998e-07,6.65,6.650000227778665
red,500,323.3333333333333,2.8098285402797617e-07,6.65,6.650000280982854
red,500,324.0,3.4608175786442805e-07,6.65,6.650000346081758
red,500,324.66666666666663,4.2560792697827345e-07,6.65,6.650000425607927
red,500,325.3333333333333,5.226041086235545e-07,6.65,6.650000522604109
red,500,326.0,6.407196492394262e-07,6.65,6.650000640719649
red,500,326.66666666666663,7.843237708631311e-07,6.65,6.650000784323772
red,500,327.3333333333333,9.586384051008908e-07,6.65,6.6500009586384055
red,500,328.0,1.1698936440461229e-06,6.65,6.6500011698936445
red,500,328.66666666666663,1.4255092860295076e-06,6.65,6.650001425509286
red,500,329.3333333333333,1.734306418957545e-06,6.65,6.65000173430642
red,500,330.0,2.106753498472835e-06,6.65,6.650002106753499
red,500,330.66666666666663,2.555251945354144e-06,6.65,6.6500025552519455
red,500,331.3333333333333,3.094466909353622e-06,6.65,6.65000309446691
red,500,332.0,3.741709527622839e-06,6.65,6.650003741709528
red,500,332.66666666666663,4.51737774715811e-06,6.65,6.650004517377748
red,500,333.3333333333333,5.445463583886512e-06,6.65,6.650005445463584
red,500,334.0,6.5541355569969335e-06,6.65,6.650006554135557
red,500,334.66666666666663,7.87640596590561e-06,6.65,6.650007876405966
red,500,335.3333333333333,9.4508936677663e-06,6.65,6.650009450893668
red,500,336.0,1.132269406338565e-05,6.65,6.650011322694064
red,500,336.66666666666663,1.3544369104988338e-05,6.65,6.650013544369106
red,500,337.3333333333333,1.617707129498992e-05,6.65,6.650016177071295
red,500,338.0,1.929181684332245e-05,6.65,6.650019291816844
red,500,338.66666666666663,2.2970924382274927e-05,6.65,6.6500229709243825
red,500,339.3333333333333,2.730963689010406e-05,6.65,6.65002730963689
red,500,340.0,3.241794573301338e-05,6.65,6.6500324179457335
red,500,340.66666666666663,3.842263698164794e-05,6.65,6.650038422636982
red,500,341.3333333333333,4.546958137193326e-05,6.65,6.650045469581372
red,500,342.0,5.372629043636295e-05,6.65,6.6500537262904365
red,500,342.66666666666663,6.33847624025648e-05,6.65,6.650063384762403
red,500,343.3333333333333,7.466464240903427e-05,6.65,6.65007466464241
red,500,344.0,8.78167223874074e-05,6.65,6.650087816722388
red,500,344.66666666666663,0.00010312680656650922,6.65,6.650103126806567
red,500,345.3333333333333,0.00012091996892161228,6.65,6.650120919968922
red,500,346.0,0.00014156522897486,6.65,6.650141565228975
red,500,346.66666666666663,0.00016548067209805011,6.65,6.650165480672098
red,500,347.3333333333333,0.00019313903982145667,6.65,6.650193139039822
red,500,348.0,0.0002250738145539867,6.65,6.650225073814554
red,500,348.66666666666663,0.0002618858215098124,6.65,6.65026188582151
red,500,349.3333333333333,0.0003042503684518243,6.65,6.650304250368452
red,500,350.0,0.00035292494103910743,6.65,6.650352924941039
red,500,350.66666666666663,0.0004087574680404391,6.65,6.650408757468041
red,500,351.3333333333333,0.00047269516638542885,6.65,6.6504726951663855
red,500,352.0,0.000545793970909295,6.65,6.65054579397091
red,500,352.66666666666663,0.0006292285476500345,6.65,6.6506292285476505
red,500,353.3333333333333,0.0007243028826266341,6.65,6.650724302882627
red,500,354.0,0.0008324614301207222,6.65,6.650832461430121
red,500,354.66666666666663,0.0009553007955677823,6.65,6.650955300795568
red,500,355.3333333333333,0.0010945819182141586,6.65,6.651094581918215
red,500,356.0,0.0012522427077038634,6.65,6.651252242707704
red,500,356.66666666666663,0.0014304110767314666,6.65,6.651430411076732
red,500,357.3333333333333,0.001631418298857519,6.65,6.651631418298858
red,500,358.0,0.0018578126065767018,6.65,6.651857812606577
red,500,358.66666666666663,0.002112372929823597,6.65,6.652112372929824
red,500,359.3333333333333,0.002398122659386915,6.65,6.652398122659387
red,500,360.0,0.0027183433032990775,6.65,6.6527183433033
red,500,360.66666666666663,0.0030765878873204454,6.65,6.653076587887321
red,500,361.3333333333333,0.003476693933319123,6.65,6.653476693933319
red,500,362.0,0.003922795831864267,6.65,6.653922795831865
red,500,362.66666666666663,0.004419336407939301,6.65,6.65441933640794
red,500,363.3333333333333,0.004971077461603687,6.65,6.654971077461604
red,500,364.0,0.005583109048985027,6.65,6.655583109048985
red,500,364.66666666666663,0.006260857253491129,6.65,6.656260857253492
red,500,365.3333333333333,0.007010090182938368,6.65,6.657010090182939
red,500,366.0,0.007836921915774222,6.65,6.6578369219157745
red,500,366.66666666666663,0.008747814109117784,6.65,6.658747814109118
red,500,367.3333333333333,0.009749574973354422,6.65,6.659749574973355
red,500,368.0,0.010849355312916616,6.65,6.660849355312917
red,500,368.66666666666663,0.012054641331080189,6.65,6.66205464133108
red,500,369.3333333333333,0.013373243898509926,6.65,6.66337324389851
red,500,370.0,0.014813283991306667,6.65,6.6648132839913075
red,500,370.66666666666663,0.01638317401481796,6.65,6.666383174014818
red,500,371.3333333333333,0.018091594744820427,6.65,6.668091594744821
red,500,372.0,0.019947467638176914,6.65,6.669947467638178
red,500,372.66666666666663,0.02195992229097996,6.65,6.671959922290981
red,500,373.3333333333333,0.024138258853705023,6.65,6.674138258853706
red,500,374.0,0.02649190525015069,6.65,6.676491905250151
red,500,374.66666666666663,0.029030369089996396,6.65,6.679030369089997
red,500,375.3333333333333,0.031763184213611344,6.65,6.681763184213612
red,500,376.0,0.03469985186217931,6.65,6.68469985186218
red,500,376.66666666666663,0.037849776526034565,6.65,6.6878497765260345
red,500,377.3333333333333,0.04122219658896911,6.65,6.69122219658897
red,500,378.0,0.0448261099557273,6.65,6.694826109955728
red,500,378.66666666666663,0.04867019492338227,6.65,6.698670194923382
red,500,379.3333333333333,0.05276272663406956,6.65,6.70276272663407
red,500,380.0,0.05711148952585056,6.65,6.707111489525851
red,500,380.66666666666663,0.061723686279375245,6.65,6.711723686279376
red,500,381.3333333333333,0.06660584383945357,6.65,6.716605843839454
red,500,382.0,0.07176371717153007,6.65,6.72176371717153
red,500,382.66666666666663,0.07720219149218109,6.65,6.727202191492181
red,500,383.3333333333333,0.08292518378880767,6.65,6.732925183788808
red,500,384.0,0.08893554451536784,6.65,6.7389355445153685
red,500,384.66666666666663,0.09523496041692263,6.65,6.745234960416923
red,500,385.3333333333333,0.1018238594945299,6.65,6.751823859494531
red,500,386.0,0.10870131917226941,6.65,6.758701319172269
red,500,386.66666666666663,0.11586497876858895,6.65,6.765864978768589
red,500,387.3333333333333,0.1233109574033899,6.65,6.77331095740339
red,500,388.0,0.13103377848916803,6.65,6.781033778489168
red,500,388.66666666666663,0.13902630195801838,6.65,6.789026301958018
red,500,389.3333333333333,0.14727966536539588,6.65,6.797279665365396
red,500,390.0,0.1557832349854744,6.65,6.8057832349854746
red,500,390.66666666666663,0.164524567971178,6.65,6.814524567971178
red,500,391.3333333333333,0.17348938659403285,6.65,6.823489386594034
red,500,392.0,0.18266156550482301,6.65,6.832661565504823
red,500,392.66666666666663,0.1920231328657238,6.65,6.842023132865724
red,500,393.3333333333333,0.20155428609844572,6.65,6.851554286098446
red,500,394.0,0.21123342287163485,6.65,6.861233422871635
red,500,394.66666666666663,0.22103718781525422,6.65,6.871037187815254
red,500,395.3333333333333,0.23094053530102737,6.65,6.880940535301027
red,500,396.0,0.24091680846777044,6.65,6.890916808467771
red,500,396.66666666666663,0.25093783450026835,6.65,6.900937834500269
red,500,397.3333333333333,0.2609740359921406,6.65,6.910974035992141
red,500,398.0,0.27099455803910144,6.65,6.9209945580391015
red,500,398.66666666666663,0.28096741052149765,6.65,6.9309674105214985
red,500,399.3333333333333,0.2908596248464249,6.65,6.940859624846425
red,500,400.0,0.3006374242327668,6.65,6.9506374242327675
red,500,400.66666666666663,0.31026640643986364,6.65,6.960266406439864
red,500,401.3333333333333,0.3197117376648613,6.65,6.969711737664862
red,500,402.0,0.32893835616790484,6.65,6.978938356167905
red,500,402.66666666666663,0.3379111840308925,6.65,6.987911184030893
red,500,403.3333333333333,0.3465953453169799,6.65,6.9965953453169805
red,500,404.0,0.3549563887769107,6.65,7.004956388776911
red,500,404.66666666666663,0.362960513146745,6.65,7.012960513146745
red,500,405.3333333333333,0.37057479300157364,6.65,7.020574793001574
red,500,406.0,0.3777674030731081,6.65,7.027767403073108
red,500,406.66666666666663,0.3845078389069656,6.65,7.034507838906966
red,500,407.3333333333333,0.39076713172902117,6.65,7.040767131729021
red,500,408.0,0.39651805541005786,6.65,7.046518055410059
red,500,408.66666666666663,0.4017353234643695,6.65,7.05173532346437
red,500,409.3333333333333,0.4063957740907577,6.65,7.056395774090758
red,500,410.0,0.4104785413629988,6.65,7.060478541362999
red,500,410.66666666666663,0.4139652108003609,6.65,7.063965210800362
red,500,411.3333333333333,0.41683995769571863,6.65,7.066839957695719
red,500,412.0,0.41908966674752784,6.65,7.069089666747528
red,500,412.66666666666663,0.4207040317302778,6.65,7.070704031730278
red,500,413.3333333333333,0.42167563414357007,6.65,7.0716756341435705
red,500,414.0,0.422,6.65,7.072
red,500,414.66666666666663,0.4216756341435701,6.65,7.0716756341435705
red,500,415.3333333333333,0.4207040317302779,6.65,7.070704031730278
red,500,416.0,0.41908966674752784,6.65,7.069089666747528
red,500,416.66666666666663,0.4168399576957189,6.65,7.066839957695719
red,500,417.3333333333333,0.41396521080036114,6.65,7.063965210800362
red,500,418.0,0.4104785413629988,6.65,7.060478541362999
red,500,418.66666666666663,0.4063957740907581,6.65,7.056395774090759
red,500,419.3333333333333,0.4017353234643699,6.65,7.051735323464371
red,500,420.0,0.39651805541005786,6.65,7.046518055410059
red,500,420.66666666666663,0.39076713172902167,6.65,7.040767131729022
red,500,421.3333333333333,0.3845078389069661,6.65,7.034507838906967
red,500,422.0,0.3777674030731081,6.65,7.027767403073108
red,500,422.66666666666663,0.37057479300157425,6.65,7.0205747930015745
red,500,423.3333333333333,0.3629605131467456,6.65,7.012960513146746
red,500,424.0,0.3549563887769107,6.65,7.004956388776911
red,500,424.66666666666663,0.34659534531698055,6.65,6.996595345316981
red,500,425.3333333333333,0.3379111840308932,6.65,6.987911184030893
red,500,426.0,0.32893835616790484,6.65,6.978938356167905
red,500,426.66666666666663,0.3197117376648621,6.65,6.969711737664863
red,500,427.3333333333333,0.31026640643986453,6.65,6.960266406439865
red,500,428.0,0.3006374242327668,6.65,6.9506374242327675
red,500,428.66666666666663,0.29085962484642575,6.65,6.940859624846426
red,500,429.3333333333333,0.2809674105214985,6.65,6.9309674105214985
red,500,430.0,0.27099455803910144,6.65,6.9209945580391015
red,500,430.66666666666663,0.2609740359921414,6.65,6.910974035992142
red,500,431.3333333333333,0.2509378345002692,6.65,6.90093783450027
red,500,432.0,0.24091680846777044,6.65,6.890916808467771
red,500,432.66666666666663,0.2309405353010282,6.65,6.880940535301028
red,500,433.3333333333333,0.22103718781525508,6.65,6.871037187815255
red,500,434.0,0.21123342287163485,6.65,6.861233422871635
red,500,434.66666666666663,0.20155428609844656,6.65,6.851554286098447
red,500,435.3333333333333,0.19202313286572464,6.65,6.842023132865725
red,500,436.0,0.18266156550482301,6.65,6.832661565504823
red,500,436.66666666666663,0.17348938659403362,6.65,6.823489386594034
red,500,437.3333333333333,0.16452456797117876,6.65,6.814524567971179
red,500,438.0,0.1557832349854744,6.65,6.8057832349854746
red,500,438.66666666666663,0.1472796653653966,6.65,6.797279665365397
red,500,439.3333333333333,0.13902630195801907,6.65,6.789026301958019
red,500,440.0,0.13103377848916803,6.65,6.781033778489168
red,500,440.66666666666663,0.12331095740339056,6.65,6.773310957403391
red,500,441.3333333333333,0.1158649787685896,6.65,6.76586497876859
red,500,442.0,0.10870131917226941,6.65,6.758701319172269
red,500,442.66666666666663,0.10182385949453049,6.65,6.751823859494531
red,500,443.3333333333333,0.09523496041692318,6.65,6.745234960416924
red,500,444.0,0.08893554451536784,6.65,6.7389355445153685
red,500,444.66666666666663,0.08292518378880817,6.65,6.732925183788809
red,500,445.3333333333333,0.0772021914921816,6.65,6.727202191492182
red,500,446.0,0.07176371717153007,6.65,6.72176371717153
red,500,446.66666666666663,0.066605843839454,6.65,6.716605843839455
red,500,447.3333333333333,0.06172368627937564,6.65,6.711723686279376
red,500,448.0,0.05711148952585056,6.65,6.707111489525851
red,500,448.66666666666663,0.05276272663406995,6.65,6.70276272663407
red,500,449.3333333333333,0.04867019492338264,6.65,6.698670194923383
red,500,450.0,0.0448261099557273,6.65,6.694826109955728
red,500,450.66666666666663,0.041222196588969424,6.65,6.69122219658897
red,500,451.3333333333333,0.03784977652603486,6.65,6.687849776526035
red,500,452.0,0.03469985186217931,6.65,6.68469985186218
red,500,452.66666666666663,0.0317631842136116,6.65,6.681763184213612
red,500,453.3333333333333,0.02903036908999663,6.65,6.679030369089997
red,500,454.0,0.02649190525015069,6.65,6.676491905250151
red,500,454.66666666666663,0.024138258853705227,6.65,6.674138258853706
red,500,455.3333333333333,0.02195992229098013,6.65,6.671959922290981
red,500,456.0,0.019947467638176918,6.65,6.669947467638178
red,500,456.66666666666663,0.01809159474482059,6.65,6.668091594744821
red,500,457.3333333333333,0.01638317401481809,6.65,6.666383174014818
red,500,458.0,0.014813283991306674,6.65,6.6648132839913075
red,500,458.66666666666663,0.01337324389851006,6.65,6.66337324389851
red,500,459.3333333333333,0.012054641331080303,6.65,6.662054641331081
red,500,460.0,0.010849355312916632,6.65,6.660849355312917
red,500,460.66666666666663,0.009749574973354524,6.65,6.659749574973355
red,500,461.3333333333333,0.008747814109117886,6.65,6.658747814109118
red,500,462.0,0.007836921915774253,6.65,6.6578369219157745
red,500,462.66666666666663,0.007010090182938469,6.65,6.657010090182939
red,500,463.3333333333333,0.006260857253491236,6.65,6.656260857253492
red,500,464.0,0.005583109048985093,6.65,6.655583109048986
red,500,464.66666666666663,0.004971077461603815,6.65,6.654971077461604
red,500,465.3333333333333,0.004419336407939452,6.65,6.65441933640794
red,500,466.0,0.003922795831864404,6.65,6.653922795831865
red,500,466.66666666666663,0.003476693933319332,6.65,6.65347669393332
red,500,467.3333333333333,0.0030765878873206987,6.65,6.6530765878873215
red,500,468.0,0.0027183433032993616,6.65,6.6527183433033
red,500,468.66666666666663,0.002398122659387301,6.65,6.652398122659387
red,500,469.3333333333333,0.002112372929824076,6.65,6.652112372929825
red,500,470.0,0.001857812606577284,6.65,6.651857812606577
red,500,470.66666666666663,0.0016314182988582749,6.65,6.651631418298859
red,500,471.3333333333333,0.0014304110767324205,6.65,6.651430411076733
red,500,472.0,0.0012522427077050486,6.65,6.651252242707705
red,500,472.66666666666663,0.00109458191821567,6.65,6.651094581918216
red,500,473.3333333333333,0.00095530079556969,6.65,6.65095530079557
red,500,474.0,0.0008324614301231169,6.65,6.650832461430124
red,500,474.66666666666663,0.0007243028826296639,6.65,6.65072430288263
red,500,475.3333333333333,0.0006292285476538537,6.65,6.650629228547654
red,500,476.0,0.0005457939709140962,6.65,6.650545793970914
red,500,476.66666666666663,0.0004726951663914792,6.65,6.650472695166392
red,500,477.3333333333333,0.0004087574680480468,6.65,6.650408757468049
red,500,478.0,0.00035292494104866164,6.65,6.650352924941049
red,500,478.66666666666663,0.0003042503684638254,6.65,6.650304250368464
red,500,479.3333333333333,0.0002618858215248678,6.65,6.650261885821525
red,500,480.0,0.0002250738145728555,6.65,6.650225073814573
red,500,480.66666666666663,0.0001931390398450931,6.65,6.650193139039845
red,500,481.3333333333333,0.0001654806721276294,6.65,6.650165480672128
red,500,482.0,0.00014156522901184369,6.65,6.650141565229013
red,500,482.66666666666663,0.00012091996896782004,6.65,6.650120919968968
red,500,483.3333333333333,0.0001031268066241915,6.65,6.650103126806624
red,500,484.0,8.781672245935105e-05,6.65,6.6500878167224595
red,500,484.66666666666663,7.466464249869371e-05,6.65,6.650074664642499
red,500,485.3333333333333,6.33847625142063e-05,6.65,6.650063384762515
red,500,486.0,5.372629057525935e-05,6.65,6.650053726290576
red,500,486.66666666666663,4.546958154459466e-05,6.65,6.650045469581545
red,500,487.3333333333333,3.842263719610161e-05,6.65,6.650038422637197
red,500,488.0,3.2417945999150554e-05,6.65,6.650032417945999
red,500,488.66666666666663,2.730963722010452e-05,6.65,6.65002730963722
red,500,489.3333333333333,2.2970924791119164e-05,6.65,6.650022970924791
red,500,490.0,1.9291817349422304e-05,6.65,6.65001929181735
red,500,490.66666666666663,1.617707192095507e-05,6.65,6.6500161770719215
red,500,491.3333333333333,1.3544369878557354e-05,6.65,6.650013544369879
red,500,492.0,1.132269501856075e-05,6.65,6.650011322695019
red,500,492.66666666666663,9.450894846192043e-06,6.65,6.650009450894847
red,500,493.3333333333333,7.876407418540594e-06,6.65,6.650007876407419
red,500,494.0,6.554137346143343e-06,6.65,6.650006554137346
red,500,494.66666666666663,5.4454657856488625e-06,6.65,6.650005445465786
red,500,495.3333333333333,4.517380454418959e-06,6.65,6.650004517380455
red,500,496.0,3.7417128536430154e-06,6.65,6.650003741712854
red,500,496.66666666666663,3.094470992122517e-06,6.65,6.650003094470993
red,500,497.3333333333333,2.5552569528411618e-06,6.65,6.650002555256953
red,500,498.0,2.106759634962221e-06,6.65,6.6500021067596355
red,500,498.66666666666663,1.7343139326821266e-06,6.65,6.650001734313933
red,500,499.3333333333333,1.4255184783609943e-06,6.65,6.650001425518479
red,500,500.0,1.1699048805499795e-06,6.65,6.650001169904881
red,500,500.66666666666663,9.586521288211923e-07,6.65,6.65000095865213
red,500,501.3333333333333,7.843405182724138e-07,6.65,6.650000784340518
red,500,502.0,6.407400693708441e-07,6.65,6.650000640740069
red,500,502.66666666666663,5.226289859987058e-07,6.65,6.650000522628987
red,500,503.3333333333333,4.2563820905818085e-07,6.65,6.6500004256382095
red,500,504.0,3.46118587885734e-07,6.65,6.650000346118588
red,500,504.66666666666663,2.8102761024411975e-07,6.65,6.65000028102761
red,500,505.3333333333333,2.2783300708776712e-07,6.65,6.650000227833007
red,500,506.0,1.844308839082082e-07,6.65,6.650000184430884
red,500,506.66666666666663,1.4907632948266045e-07,6.65,6.650000149076329
red,500,507.3333333333333,1.2032471839804807e-07,6.65,6.6500001203247185
red,500,508.0,9.698215880793681e-08,6.65,6.6500000969821595
red,500,508.66666666666663,7.806374435837648e-08,6.65,6.650000078063745
red,500,509.3333333333333,6.275845178650436e-08,6.65,6.650000062758452
red,500,510.0,5.0399685876221627e-08,6.65,6.650000050399687
red,500,510.66666666666663,4.0440613595361324e-08,6.65,6.650000040440614
red,500,511.3333333333333,3.243355150692285e-08,6.65,6.650000032433552
red,500,512.0,2.6012776935151354e-08,6.65,6.650000026012777
red,500,512.6666666666666,2.0880225695670133e-08,6.65,6.650000020880226
red,500,513.3333333333333,1.679361912236888e-08,6.65,6.650000016793619
red,500,514.0,1.3556632139416412e-08,6.65,6.650000013556633
red,500,514.6666666666666,1.1010773583394744e-08,6.65,6.650000011010774
red,500,515.3333333333333,9.028701087890486e-09,6.65,6.650000009028702
red,500,516.0,7.508736681897822e-09,6.65,6.650000007508737
red,500,516.6666666666666,6.370386786148244e-09,6.65,6.650000006370387
red,500,517.3333333333333,5.550702371498577e-09,6.65,6.6500000055507025
red,500,518.0,5.0013424252294756e-09,6.65,6.650000005001343
red,500,518.6666666666666,4.6862272195469076e-09,6.65,6.650000004686228
red,500,519.3333333333333,4.5796877762471845e-09,6.65,6.650000004579688
red,500,520.0,4.6650348848358854e-09,6.65,6.650000004665035
red,500,520.6666666666666,4.933485506672785e-09,6.65,6.650000004933486
red,500,521.3333333333333,5.383396776444672e-09,6.65,6.650000005383397
red,500,522.0,6.019768435852803e-09,6.65,6.650000006019769
red,500,522.6666666666666,6.853983700383947e-09,6.65,6.650000006853984
red,500,523.3333333333333,7.903766527688537e-09,6.65,6.650000007903767
red,500,524.0,9.193340251512766e-09,6.65,6.650000009193341
red,500,524.6666666666666,1.0753778765862144e-08,6.65,6.6500000107537796
red,500,525.3333333333333,1.2623547063165158e-08,6.65,6.650000012623547
red,500,526.0,1.484923309993398e-08,6.65,6.650000014849233
red,500,526.6666666666666,1.7486477818578267e-08,6.65,6.650000017486478
red,500,527.3333333333333,2.060111481480459e-08,6.65,6.650000020601115
red,500,528.0,2.427053571458431e-08,6.65,6.650000024270536
red,500,528.6666666666666,2.8585301911483817e-08,6.65,6.6500000285853025
red,500,529.3333333333333,3.365102800490867e-08,6.65,6.650000033651028
red,500,530.0,3.959056715724612e-08,6.65,6.650000039590568
red,500,530.6666666666666,4.654653373335965e-08,6.65,6.650000046546534
red,500,531.3333333333333,5.468420407660511e-08,6.65,6.650000054684204
red,500,532.0,6.419484218676664e-08,6.65,6.650000064194843
red,500,532.6666666666666,7.529950347157931e-08,6.65,6.650000075299504
red,500,533.3333333333333,8.825337671913271e-08,6.65,6.650000088253377
red,500,534.0,1.0335073205847549e-07,6.65,6.650000103350733
red,500,534.6666666666666,1.209305510167544e-07,6.65,6.650000120930551
red,500,535.3333333333333,1.4138292392136927e-07,6.65,6.650000141382924
red,500,536.0,1.6515630991536385e-07,6.65,6.65000016515631
red,500,536.6666666666666,1.9276576583686055e-07,6.65,6.650000192765766
red,500,537.3333333333333,2.2480226224447118e-07,6.65,6.6500002248022625
red,500,538.0,2.6194321803878485e-07,6.65,6.650000261943219
red,500,538.6666666666666,3.0496439952717385e-07,6.65,6.6500003049644
red,500,539.3333333333333,3.547533454992939e-07,6.65,6.650000354753346
red,500,540.0,4.123244970204953e-07,6.65,6.650000412324498
red,500,540.6666666666666,4.78836229309528e-07,6.65,6.65000047883623
red,500,541.3333333333333,5.55610003346083e-07,6.65,6.650000555610004
red,500,542.0,6.441518768546065e-07,6.65,6.650000644151877
red,500,542.6666666666666,7.461766381373006e-07,6.65,6.650000746176638
red,500,543.3333333333333,8.636348519830419e-07,6.65,6.650000863634852
red,500,544.0,9.987431346610834e-07,6.65,6.650000998743135
red,500,544.6666666666666,1.154018004918957e-06,6.65,6.650001154018005
red,500,545.3333333333333,1.3323136900374459e-06,6.65,6.65000133231369
red,500,546.0,1.5368643004410119e-06,6.65,6.650001536864301
red,500,546.6666666666666,1.771330823204985e-06,6.65,6.650001771330824
red,500,547.3333333333333,2.039853424114201e-06,6.65,6.650002039853424
red,500,548.0,2.347109589774007e-06,6.65,6.65000234710959
red,500,548.6666666666666,2.6983786857076324e-06,6.65,6.650002698378686
red,500,549.3333333333333,3.0996135534260947e-06,6.65,6.650003099613554
red,500,550.0,3.5575198191437553e-06,6.65,6.6500035575198195
red,500,550.6666666666666,4.079643639133707e-06,6.65,6.650004079643639
red,500,551.3333333333333,4.6744686616405115e-06,6.65,6.650004674468662
red,500,552.0,5.351523042733734e-06,6.65,6.650005351523043
red,500,552.6666666666666,6.121497413413621e-06,6.65,6.650006121497413
red,500,553.3333333333333,6.9963747575406834e-06,6.65,6.650006996374758
red,500,554.0,7.989573224589614e-06,6.65,6.650007989573225
red,500,554.6666666666666,9.116102967627333e-06,6.65,6.650009116102968
red,500,555.3333333333333,1.0392738165027304e-05,6.65,6.6500103927381655
red,500,556.0,1.1838205453944345e-05,6.65,6.6500118382054545
red,500,556.6666666666666,1.3473390074143895e-05,6.65,6.650013473390074
red,500,557.3333333333333,1.5321561091970464e-05,6.65,6.650015321561092
red,500,558.0,1.740861714556257e-05,6.65,6.6500174086171455
red,500,558.6666666666666,1.976335422333569e-05,6.65,6.650019763354224
red,500,559.3333333333333,2.2417757057623543e-05,6.65,6.650022417757058
red,500,560.0,2.5407315783463498e-05,6.65,6.650025407315784
red,500,560.6666666666666,2.8771369578088625e-05,6.65,6.650028771369579
red,500,561.3333333333333,3.255347905884297e-05,6.65,6.650032553479059
red,500,562.0,3.6801829274993586e-05,6.65,6.650036801829275
red,500,562.6666666666666,4.156966518127803e-05,6.65,6.650041569665182
red,500,563.3333333333333,4.691576152680573e-05,6.65,6.650046915761527
red,500,564.0,5.2904929130895364e-05,6.65,6.650052904929131
red,500,564.6666666666666,5.960855954629478e-05,6.65,6.6500596085595465
red,500,565.3333333333333,6.710521012854422e-05,6.65,6.650067105210129
red,500,566.0,7.548123153646476e-05,6.65,6.650075481231537
red,500,566.6666666666666,8.483143968138715e-05,6.65,6.650084831439682
red,500,567.3333333333333,9.525983412002341e-05,6.65,6.650095259834121
red,500,568.0,0.00010688036484606301,6.65,6.650106880364846
red,500,568.6666666666666,0.00011981774937691932,6.65,6.650119817749378
red,500,569.3333333333333,0.00013420834195262716,6.65,6.650134208341953
red,500,570.0,0.00015020105656168254,6.65,6.650150201056562
red,500,570.6666666666666,0.00016795834538187873,6.65,6.650167958345382
red,500,571.3333333333333,0.00018765723407077406,6.65,6.6501876572340715
red,500,572.0,0.00020949041515831254,6.65,6.6502094904151585
red,500,572.6666666666666,0.00023366740058155841,6.65,6.650233667400582
red,500,573.3333333333333,0.000260415734156401,6.65,6.650260415734157
red,500,574.0,0.000289982264501474,6.65,6.650289982264502
red,500,574.6666666666666,0.00032263447861395644,6.65,6.650322634478615
red,500,575.3333333333333,0.00035866189594347216,6.65,6.650358661895944
red,500,576.0,0.0003983775224173147,6.65,6.650398377522418
red,500,576.6666666666666,0.0004421193634368213,6.65,6.650442119363437
red,500,577.3333333333333,0.0004902519943893591,6.65,6.650490251994389
red,500,578.0,0.0005431681867020891,6.65,6.650543168186703
red,500,578.6666666666666,0.0006012905869023271,6.65,6.650601290586903
red,500,579.3333333333333,0.0006650734455441995,6.65,6.650665073445545
red,500,580.0,0.0007350043922122329,6.65,6.650735004392213
red,500,580.6666666666666,0.000811606252120715,6.65,6.650811606252121
red,500,581.3333333333333,0.0008954388990933809,6.65,6.650895438899093
red,500,582.0,0.0009871011389322752,6.65,6.6509871011389325
red,500,582.6666666666666,0.0010872326163703754,6.65,6.651087232616371
red,500,583.3333333333333,0.001196515737951288,6.65,6.651196515737952
red,500,584.0,0.0013156776022936374,6.65,6.651315677602294
red,500,584.6666666666666,0.0014454919282825866,6.65,6.651445491928283
red,500,585.3333333333333,0.0015867809707892954,6.65,6.651586780970789
red,500,586.0,0.0017404174125554574,6.65,6.651740417412555
red,500,586.6666666666666,0.0019073262199016691,6.65,6.651907326219902
red,500,587.3333333333333,0.0020884864489299094,6.65,6.65208848644893
red,500,588.0,0.002284932987898359,6.65,6.652284932987898
red,500,588.6666666666666,0.0024977582204608116,6.65,6.652497758220461
red,500,589.3333333333333,0.0027281135934896592,6.65,6.65272811359349
red,500,590.0,0.002977211072248938,6.65,6.652977211072249
red,500,590.6666666666666,0.003246324464764886,6.65,6.6532463244647655
red,500,591.3333333333333,0.0035367905963635403,6.65,6.653536790596364
red,500,592.0,0.0038500103145182904,6.65,6.653850010314518
red,500,592.6666666666666,0.0041874493033898785,6.65,6.65418744930339
red,500,593.3333333333333,0.004550638686755822,6.65,6.654550638686756
red,500,594.0,0.0049411753974271085,6.65,6.654941175397427
red,500,594.6666666666666,0.005360722290754146,6.65,6.655360722290754
red,500,595.3333333333333,0.005811007979440388,6.65,6.655811007979441
red,500,596.0,0.006293826366622609,6.65,6.656293826366623
red,500,596.6666666666666,0.0068110358540598714,6.65,6.65681103585406
red,500,597.3333333333333,0.007364558202307043,6.65,6.657364558202308
red,500,598.0,0.007956377019944266,6.65,6.657956377019945
red,500,598.6666666666666,0.008588535859310319,6.65,6.658588535859311
red,500,599.3333333333333,0.00926313589675127,6.65,6.659263135896752
red,500,600.0,0.009982333176154691,6.65,6.659982333176155
red,500,600.6666666666666,0.010748335395514131,6.65,6.660748335395515
red,500,601.3333333333333,0.011563398217458566,6.65,6.661563398217459
red,500,602.0,0.012429821086094636,6.65,6.662429821086095
red,500,602.6666666666666,0.013349942534161583,6.65,6.663349942534162
red,500,603.3333333333333,0.014326134966386692,6.65,6.664326134966387
red,500,604.0,0.015360798907053214,6.65,6.665360798907053
red,500,604.6666666666666,0.016456356702167982,6.65,6.666456356702168
red,500,605.3333333333333,0.017615245669230034,6.65,6.66761524566923
red,500,606.0,0.018839910690450167,6.65,6.66883991069045
red,500,606.6666666666666,0.020132796248363727,6.65,6.670132796248364
red,500,607.3333333333333,0.021496337906095578,6.65,6.671496337906096
red,500,608.0,0.022932953238063276,6.65,6.672932953238064
red,500,608.6666666666666,0.024445032220648887,6.65,6.67444503222065
red,500,609.3333333333333,0.026034927096298986,6.65,6.6760349270963
red,500,610.0,0.027704941728607515,6.65,6.677704941728608
red,500,610.6666666666666,0.029457320470195725,6.65,6.679457320470196
red,500,611.3333333333333,0.03129423656958706,6.65,6.681294236569587
red,500,612.0,0.03321778014775323,6.65,6.6832177801477535
red,500,612.6666666666666,0.03522994577957581,6.65,6.685229945779576
red,500,613.3333333333333,0.03733261972007449,6.65,6.687332619720075
red,500,614.0,0.039527566819860506,6.65,6.689527566819861
red,500,614.6666666666666,0.04181641717887544,6.65,6.691816417178876
red,500,615.3333333333333,0.04420065259200767,6.65,6.694200652592008
red,500,616.0,0.04668159284460029,6.65,6.696681592844601
red,500,616.6666666666666,0.049260381920165276,6.65,6.6992603819201655
red,500,617.3333333333333,0.05193797418672845,6.65,6.701937974186729
red,500,618.0,0.05471512063210335,6.65,6.704715120632104
red,500,618.6666666666666,0.057592355222020275,6.65,6.707592355222021
red,500,619.3333333333333,0.060569981458346196,6.65,6.710569981458346
red,500,620.0,0.06364805921757173,6.65,6.713648059217572
red,500,620.6666666666666,0.06682639195231521,6.65,6.716826391952315
red,500,621.3333333333333,0.07010451434071838,6.65,6.7201045143407185
red,500,622.0,0.07348168047024514,6.65,6.723481680470245
red,500,622.6666666666666,0.07695685264354592,6.65,6.726956852643546
red,500,623.3333333333333,0.0805286908946442,6.65,6.730528690894644
red,500,624.0,0.08419554330370045,6.65,6.7341955433037
red,500,624.6666666666666,0.08795543719803132,6.65,6.737955437198032
red,500,625.3333333333333,0.09180607132584256,6.65,6.7418060713258425
red,500,626.0,0.09574480908724314,6.65,6.745744809087244
red,500,626.6666666666666,0.09976867290458727,6.65,6.749768672904588
red,500,627.3333333333333,0.10387433981097734,6.65,6.753874339810977
red,500,628.0,0.10805813833184658,6.65,6.7580581383318465
red,500,628.6666666666666,0.11231604672998138,6.65,6.762316046729982
red,500,629.3333333333333,0.11664369267909337,6.65,6.766643692679094
red,500,630.0,0.12103635442511874,6.65,6.771036354425119
red,500,630.6666666666666,0.1254889634878856,6.65,6.775488963487886
red,500,631.3333333333333,0.12999610894861496,6.65,6.779996108948615
red,500,632.0,0.13455204336094015,6.65,6.78455204336094
red,500,632.6666666666666,0.13915069031483637,6.65,6.789150690314837
red,500,633.3333333333333,0.14378565367403462,6.65,6.793785653674035
red,500,634.0,0.14845022849819742,6.65,6.798450228498198
red,500,634.6666666666666,0.15313741365147762,6.65,6.803137413651478
red,500,635.3333333333333,0.15783992608906208,6.65,6.807839926089063
red,500,636.0,0.16255021680298576,6.65,6.812550216802986
red,500,636.6666666666666,0.1672604883980209,6.65,6.817260488398022
red,500,637.3333333333333,0.17196271425781354,6.65,6.821962714257814
red,500,638.0,0.17664865925072795,6.65,6.826648659250728
red,500,638.6666666666666,0.18130990191421878,6.65,6.831309901914219
red,500,639.3333333333333,0.18593785804599533,6.65,6.8359378580459955
red,500,640.0,0.19052380561985666,6.65,6.840523805619857
red,500,640.6666666666666,0.19505891093401143,6.65,6.845058910934012
red,500,641.3333333333333,0.19953425588996984,6.65,6.84953425588997
red,500,642.0,0.20394086629079194,6.65,6.853940866290793
red,500,642.6666666666666,0.20826974103874477,6.65,6.858269741038745
red,500,643.3333333333333,0.21251188210427138,6.65,6.862511882104272
red,500,644.0,0.2166583251306897,6.65,6.86665832513069
red,500,644.6666666666666,0.2207001705323513,6.65,6.870700170532352
red,500,645.3333333333333,0.22462861493810146,6.65,6.874628614938102
red,500,646.0,0.22843498282686195,6.65,6.878434982826862
red,500,646.6666666666666,0.23211075819811683,6.65,6.882110758198118
red,500,647.3333333333333,0.235647616117008,6.65,6.885647616117009
red,500,648.0,0.23903745397169046,6.65,6.8890374539716905
red,500,648.6666666666666,0.2422724222796396,6.65,6.89227242227964
red,500,649.3333333333333,0.2453449548797138,6.65,6.8953449548797145
red,500,650.0,0.24824779834798114,6.65,6.898247798347981
red,500,650.6666666666666,0.2509740404776659,6.65,6.900974040477666
red,500,651.3333333333333,0.2535171376670129,6.65,6.903517137667013
red,500,652.0,0.25587094106339386,6.65,6.9058709410633945
red,500,652.6666666666666,0.2580297213176171,6.65,6.908029721317617
red,500,653.3333333333333,0.25998819180906224,6.65,6.909988191809062
red,500,654.0,0.26174153020993046,6.65,6.911741530209931
red,500,654.6666666666666,0.2632853982655434,6.65,6.913285398265543
red,500,655.3333333333333,0.2646159596771608,6.65,6.914615959677161
red,500,656.0,0.2657298959841509,6.65,6.9157298959841516
red,500,656.6666666666666,0.2666244203535,6.65,6.9166244203535
red,500,657.3333333333333,0.2672972891964633,6.65,6.917297289196464
red,500,658.0,0.26774681154458424,6.65,6.917746811544585
red,500,658.6666666666666,0.26797185613024377,6.65,6.917971856130244
red,500,659.3333333333333,0.2679718561302438,6.65,6.917971856130245
red,500,660.0,0.26774681154458424,6.65,6.917746811544585
red,500,660.6666666666666,0.2672972891964634,6.65,6.917297289196464
red,500,661.3333333333333,0.26662442035350015,6.65,6.9166244203535
red,500,662.0,0.2657298959841509,6.65,6.9157298959841516
red,500,662.6666666666666,0.264615959677161,6.65,6.914615959677161
red,500,663.3333333333333,0.2632853982655437,6.65,6.913285398265544
red,500,664.0,0.26174153020993046,6.65,6.911741530209931
red,500,664.6666666666666,0.2599881918090626,6.65,6.909988191809063
red,500,665.3333333333333,0.2580297213176175,6.65,6.908029721317618
red,500,666.0,0.25587094106339386,6.65,6.9058709410633945
red,500,666.6666666666666,0.2535171376670133,6.65,6.903517137667014
red,500,667.3333333333333,0.25097404047766636,6.65,6.900974040477667
red,500,668.0,0.24824779834798114,6.65,6.898247798347981
red,500,668.6666666666666,0.2453449548797143,6.65,6.8953449548797145
red,500,669.3333333333333,0.24227242227964013,6.65,6.892272422279641
red,500,670.0,0.23903745397169046,6.65,6.8890374539716905
red,500,670.6666666666666,0.23564761611700857,6.65,6.885647616117009
red,500,671.3333333333333,0.23211075819811747,6.65,6.882110758198118
red,500,672.0,0.22843498282686195,6.65,6.878434982826862
red,500,672.6666666666666,0.2246286149381021,6.65,6.874628614938103
red,500,673.3333333333333,0.220700170532352,6.65,6.870700170532352
red,500,674.0,0.2166583251306897,6.65,6.86665832513069
red,500,674.6666666666666,0.2125118821042721,6.65,6.862511882104273
red,500,675.3333333333333,0.2082697410387455,6.65,6.858269741038746
red,500,676.0,0.20394086629079194,6.65,6.853940866290793
red,500,676.6666666666666,0.19953425588997062,6.65,6.849534255889971
red,500,677.3333333333333,0.1950589109340122,6.65,6.8450589109340125
red,500,678.0,0.19052380561985666,6.65,6.840523805619857
red,500,678.6666666666666,0.1859378580459961,6.65,6.835937858045996
red,500,679.3333333333333,0.18130990191421956,6.65,6.83130990191422
red,500,680.0,0.17664865925072795,6.65,6.826648659250728
red,500,680.6666666666666,0.17196271425781434,6.65,6.821962714257815
red,500,681.3333333333333,0.16726048839802174,6.65,6.817260488398022
red,500,682.0,0.16255021680298576,6.65,6.812550216802986
red,500,682.6666666666666,0.1578399260890629,6.65,6.807839926089064
red,500,683.3333333333333,0.15313741365147837,6.65,6.803137413651479
red,500,684.0,0.14845022849819742,6.65,6.798450228498198
red,500,684.6666666666666,0.14378565367403542,6.65,6.7937856536740355
red,500,685.3333333333333,0.13915069031483718,6.65,6.7891506903148375
red,500,686.0,0.13455204336094015,6.65,6.78455204336094
red,500,686.6666666666666,0.1299961089486157,6.65,6.779996108948616
red,500,687.3333333333333,0.12548896348788638,6.65,6.775488963487887
red,500,688.0,0.12103635442511874,6.65,6.771036354425119
red,500,688.6666666666666,0.1166436926790941,6.65,6.766643692679095
red,500,689.3333333333333,0.11231604672998212,6.65,6.762316046729983
red,500,690.0,0.10805813833184658,6.65,6.7580581383318465
red,500,690.6666666666666,0.10387433981097804,6.65,6.753874339810978
red,500,691.3333333333333,0.09976867290458795,6.65,6.7497686729045885
red,500,692.0,0.09574480908724314,6.65,6.745744809087244
red,500,692.6666666666666,0.09180607132584324,6.65,6.741806071325843
red,500,693.3333333333333,0.08795543719803198,6.65,6.737955437198032
red,500,694.0,0.08419554330370045,6.65,6.7341955433037
red,500,694.6666666666666,0.08052869089464482,6.65,6.730528690894645
red,500,695.3333333333333,0.0769568526435465,6.65,6.726956852643547
red,500,696.0,0.07348168047024514,6.65,6.723481680470245
red,500,696.6666666666666,0.07010451434071892,6.65,6.720104514340719
red,500,697.3333333333333,0.06682639195231575,6.65,6.716826391952316
red,500,698.0,0.06364805921757173,6.65,6.713648059217572
red,500,698.6666666666666,0.0605699814583467,6.65,6.710569981458347
red,500,699.3333333333333,0.057592355222020775,6.65,6.707592355222021
red,500,700.0,0.05471512063210335,6.65,6.704715120632104
red,500,700.6666666666666,0.05193797418672894,6.65,6.7019379741867295
red,500,701.3333333333333,0.04926038192016574,6.65,6.699260381920166
red,500,702.0,0.04668159284460029,6.65,6.696681592844601
red,500,702.6666666666666,0.04420065259200808,6.65,6.694200652592008
red,500,703.3333333333333,0.04181641717887584,6.65,6.6918164171788765
red,500,704.0,0.039527566819860506,6.65,6.689527566819861
red,500,704.6666666666666,0.03733261972007485,6.65,6.687332619720075
red,500,705.3333333333333,0.035229945779576194,6.65,6.685229945779577
red,500,706.0,0.03321778014775323,6.65,6.6832177801477535
red,500,706.6666666666666,0.03129423656958738,6.65,6.681294236569587
red,500,707.3333333333333,0.029457320470196027,6.65,6.679457320470196
red,500,708.0,0.027704941728607515,6.65,6.677704941728608
red,500,708.6666666666666,0.026034927096299267,6.65,6.6760349270963
red,500,709.3333333333333,0.024445032220649147,6.65,6.67444503222065
red,500,710.0,0.022932953238063276,6.65,6.672932953238064
red,500,710.6666666666666,0.02149633790609581,6.65,6.671496337906096
red,500,711.3333333333333,0.020132796248363963,6.65,6.670132796248365
red,500,712.0,0.018839910690450167,6.65,6.66883991069045
red,500,712.6666666666666,0.01761524566923024,6.65,6.66761524566923
red,500,713.3333333333333,0.01645635670216817,6.65,6.666456356702168
red,500,714.0,0.015360798907053214,6.65,6.665360798907053
red,500,714.6666666666666,0.014326134966386862,6.65,6.664326134966387
red,500,715.3333333333333,0.013349942534161743,6.65,6.663349942534162
red,500,716.0,0.012429821086094636,6.65,6.662429821086095
red,500,716.6666666666666,0.011563398217458705,6.65,6.661563398217459
red,500,717.3333333333333,0.010748335395514265,6.65,6.660748335395515
red,500,718.0,0.009982333176154691,6.65,6.659982333176155
red,500,718.6666666666666,0.009263135896751389,6.65,6.659263135896752
red,500,719.3333333333333,0.008588535859310431,6.65,6.658588535859311
red,500,720.0,0.007956377019944266,6.65,6.657956377019945
red,500,720.6666666666666,0.007364558202307148,6.65,6.657364558202308
red,500,721.3333333333333,0.006811035854059969,6.65,6.65681103585406
red,500,722.0,0.006293826366622609,6.65,6.656293826366623
red,500,722.6666666666666,0.005811007979440468,6.65,6.655811007979441
red,500,723.3333333333333,0.0053607222907542185,6.65,6.655360722290754
red,500,724.0,0.0049411753974271085,6.65,6.654941175397427
red,500,724.6666666666666,0.004550638686755887,6.65,6.654550638686756
red,500,725.3333333333333,0.004187449303389938,6.65,6.65418744930339
red,500,726.0,0.0038500103145182904,6.65,6.653850010314518
red,500,726.6666666666666,0.0035367905963635906,6.65,6.653536790596364
red,500,727.3333333333333,0.003246324464764935,6.65,6.6532463244647655
red,500,728.0,0.002977211072248938,6.65,6.652977211072249
red,500,728.6666666666666,0.002728113593489698,6.65,6.65272811359349
red,500,729.3333333333333,0.0024977582204608493,6.65,6.652497758220461
red,500,730.0,0.002284932987898359,6.65,6.652284932987898
red,500,730.6666666666666,0.002088486448929941,6.65,6.65208848644893
red,500,731.3333333333333,0.001907326219901698,6.65,6.651907326219902
red,500,732.0,0.0017404174125554574,6.65,6.651740417412555
red,500,732.6666666666666,0.0015867809707893208,6.65,6.651586780970789
red,500,733.3333333333333,0.0014454919282826098,6.65,6.651445491928283
red,500,734.0,0.0013156776022936374,6.65,6.651315677602294
red,500,734.6666666666666,0.0011965157379513083,6.65,6.651196515737952
red,500,735.3333333333333,0.0010872326163703947,6.65,6.651087232616371
red,500,736.0,0.0009871011389322752,6.65,6.6509871011389325
red,500,736.6666666666666,0.0008954388990933961,6.65,6.650895438899094
red,500,737.3333333333333,0.0008116062521207287,6.65,6.650811606252121
red,500,738.0,0.0007350043922122329,6.65,6.650735004392213
red,500,738.6666666666666,0.0006650734455442108,6.65,6.650665073445545
red,500,739.3333333333333,0.0006012905869023374,6.65,6.650601290586903
red,500,740.0,0.0005431681867020891,6.65,6.650543168186703
red,500,740.6666666666666,0.0004902519943893673,6.65,6.650490251994389
red,500,741.3333333333333,0.0004421193634368292,6.65,6.650442119363437
red,500,742.0,0.0003983775224173147,6.65,6.650398377522418
red,500,742.6666666666666,0.00035866189594347856,6.65,6.650358661895944
red,500,743.3333333333333,0.0003226344786139624,6.65,6.650322634478615
red,500,744.0,0.000289982264501474,6.65,6.650289982264502
red,500,744.6666666666666,0.00026041573415640576,6.65,6.650260415734157
red,500,745.3333333333333,0.0002336674005815625,6.65,6.650233667400582
red,500,746.0,0.00020949041515831246,6.65,6.6502094904151585
red,500,746.6666666666666,0.00018765723407077747,6.65,6.6501876572340715
red,500,747.3333333333333,0.00016795834538188168,6.65,6.650167958345382
red,500,748.0,0.00015020105656168232,6.65,6.650150201056562
red,500,748.6666666666666,0.00013420834195262933,6.65,6.650134208341953
red,500,749.3333333333333,0.00011981774937692122,6.65,6.650119817749378
red,500,750.0,0.00010688036484606237,6.65,6.650106880364846
red,500,750.6666666666666,9.525983412002452e-05,6.65,6.650095259834121
red,500,751.3333333333333,8.483143968138767e-05,6.65,6.650084831439682
red,500,752.0,7.548123153646291e-05,6.65,6.650075481231537
red,500,752.6666666666666,6.71052101285428e-05,6.65,6.650067105210129
red,500,753.3333333333333,5.9608559546292136e-05,6.65,6.6500596085595465
red,500,754.0,5.2904929130890126e-05,6.65,6.650052904929131
red,500,754.6666666666666,4.691576152679932e-05,6.65,6.650046915761527
red,500,755.3333333333333,4.156966518126855e-05,6.65,6.650041569665182
red,500,756.0,3.680182927497889e-05,6.65,6.650036801829275
red,500,756.6666666666666,3.255347905882288e-05,6.65,6.650032553479059
red,500,757.3333333333333,2.877136957806019e-05,6.65,6.650028771369579
red,500,758.0,2.5407315783422854e-05,6.65,6.650025407315784
red,500,758.6666666666666,2.2417757057567178e-05,6.65,6.650022417757058
red,500,759.3333333333333,1.976335422325667e-05,6.65,6.650019763354224
red,500,760.0,1.74086171454517e-05,6.65,6.6500174086171455
red,500,760.6666666666666,1.5321561091816412e-05,6.65,6.650015321561092
red,500,761.3333333333333,1.3473390073929422e-05,6.65,6.650013473390074
red,500,762.0,1.1838205453646084e-05,6.65,6.650011838205454
red,500,762.6666666666666,1.0392738164613962e-05,6.65,6.650010392738165
red,500,763.3333333333333,9.116102967055005e-06,6.65,6.650009116102967
red,500,764.0,7.989573223798258e-06,6.65,6.650007989573224
red,500,764.6666666666666,6.9963747564486775e-06,6.65,6.650006996374757
red,500,765.3333333333333,6.121497411908731e-06,6.65,6.650006121497412
red,500,766.0,5.351523040662945e-06,6.65,6.650005351523041
red,500,766.6666666666666,4.674468658795792e-06,6.65,6.650004674468659
red,500,767.3333333333333,4.079643635231626e-06,6.65,6.650004079643636
red,500,768.0,3.5575198137994776e-06,6.65,6.650003557519814
red,500,768.6666666666666,3.0996135461180744e-06,6.65,6.650003099613547
red,500,769.3333333333333,2.6983786757295098e-06,6.65,6.650002698378676
red,500,770.0,2.347109576171114e-06,6.65,6.650002347109576
red,500,770.6666666666666,2.039853405598426e-06,6.65,6.650002039853406
red,500,771.3333333333333,1.7713307980406174e-06,6.65,6.650001771330799
red,500,772.0,1.5368642662932274e-06,6.65,6.650001536864266
red,500,772.6666666666666,1.33231364377057e-06,6.65,6.650001332313644
red,500,773.3333333333333,1.1540179423281746e-06,6.65,6.650001154017943
red,500,774.0,9.987430501170838e-07,6.65,6.65000099874305
red,500,774.6666666666666,8.636347379614732e-07,6.65,6.650000863634738
red,500,775.3333333333333,7.461764845966196e-07,6.65,6.6500007461764845
red,500,776.0,6.441516704154621e-07,6.65,6.650000644151671
red,500,776.6666666666666,5.556097262102559e-07,6.65,6.650000555609727
red,500,777.3333333333333,4.788358578380826e-07,6.65,6.650000478835858
red,500,778.0,4.123239998672087e-07,6.65,6.650000412324
red,500,778.6666666666666,3.547526811640606e-07,6.65,6.650000354752682
red,500,779.3333333333333,3.04963513154461e-07,6.65,6.6500003049635135
red,500,780.0,2.619420372354177e-07,6.65,6.650000261942037
red,500,780.6666666666666,2.2480069162530123e-07,6.65,6.650000224800692
red,500,781.3333333333333,1.9276367992324798e-07,6.65,6.65000019276368
red,500,782.0,1.6515354390467093e-07,6.65,6.6500001651535445
red,500,782.6666666666666,1.4137926170920208e-07,6.65,6.650000141379262
red,500,783.3333333333333,1.2092570968036287e-07,6.65,6.65000012092571
red,500,784.0,1.0334434178962397e-07,6.65,6.650000103344342
red,500,784.6666666666666,8.82449549154871e-08,6.65,6.650000088244956
red,500,785.3333333333333,7.528842134248906e-08,6.65,6.650000075288422
red,500,786.0,6.418028178329923e-08,6.65,6.650000064180282
red,500,786.6666666666666,5.466510309327854e-08,6.65,6.650000054665103
red,500,787.3333333333333,4.652151472149101e-08,6.65,6.650000046521515
red,500,788.0,3.955784690128837e-08,6.65,6.650000039557847
red,500,788.6666666666666,3.36083016992546e-08,6.65,6.650000033608302
red,500,789.3333333333333,2.8529595381684357e-08,6.65,6.650000028529596
red,500,790.0,2.4198017186772374e-08,6.65,6.650000024198017
red,500,790.6666666666666,2.0506855568197324e-08,6.65,6.650000020506856
red,500,791.3333333333333,1.7364148357909302e-08,6.65,6.650000017364149
red,500,792.0,1.4690718134872234e-08,6.65,6.650000014690718
red,500,792.6666666666666,1.2418458430733958e-08,6.65,6.650000012418459
red,500,793.3333333333333,1.0488840297981913e-08,6.65,6.65000001048884
red,500,794.0,8.851612252664402e-09,6.65,6.650000008851612
red,500,794.6666666666666,7.463669720592139e-09,6.65,6.65000000746367
red,500,795.3333333333333,6.288072898458585e-09,6.65,6.6500000062880735
red,500,796.0,5.293194421984561e-09,6.65,6.650000005293195
red,500,796.6666666666666,4.451980441726619e-09,6.65,6.6500000044519805
red,500,797.3333333333333,3.7413106708371776e-09,6.65,6.650000003741311
red,500,798.0,3.141444712639774e-09,6.65,6.650000003141445
red,500,798.6666666666666,2.6355435220090316e-09,6.65,6.650000002635544
red,500,799.3333333333333,2.2092562237962763e-09,6.65,6.650000002209256
red,500,800.0,1.8503637225804053e-09,6.65,6.650000001850364
red,550,200.0,7.476107251468464e-35,7.25,7.25
red,550,200.66666666666666,1.218232312024204e-34,7.25,7.25
red,550,201.33333333333334,1.9820600919395737e-34,7.25,7.25
red,550,202.0,3.2198499370072095e-34,7.25,7.25
red,550,202.66666666666666,5.222597511914601e-34,7.25,7.25
red,550,203.33333333333334,8.458037277821312e-34,7.25,7.25
red,550,204.0,1.3676807800711866e-33,7.25,7.25
red,550,204.66666666666666,2.2081674527308384e-33,7.25,7.25
red,550,205.33333333333334,3.559683424321289e-33,7.25,7.25
red,550,206.0,5.7295809511994546e-33,7.25,7.25
red,550,206.66666666666666,9.208024259667289e-33,7.25,7.25
red,550,207.33333333333334,1.4775499154064994e-32,7.25,7.25
red,550,208.0,2.3672819104093004e-32,7.25,7.25
red,550,208.66666666666666,3.7869529471547225e-32,7.25,7.25
red,550,209.33333333333334,6.048698677194061e-32,7.25,7.25
red,550,210.0,9.646418575550784e-32,7.25,7.25
red,550,210.66666666666666,1.5360394400661056e-31,7.25,7.25
red,550,211.33333333333334,2.4421410439879517e-31,7.25,7.25
red,550,212.0,3.8767806568728902e-31,7.25,7.25
red,550,212.66666666666666,6.144744487375016e-31,7.25,7.25
red,550,213.33333333333334,9.724528173844047e-31,7.25,7.25
red,550,214.0,1.5366160343863159e-30,7.25,7.25
red,550,214.66666666666666,2.424344280894322e-30,7.25,7.25
red,550,215.33333333333334,3.8190499517758884e-30,7.25,7.25
red,550,216.0,6.0068736249479226e-30,7.25,7.25
red,550,216.66666666666666,9.433519750771324e-30,7.25,7.25
red,550,217.33333333333334,1.4792144561239768e-29,7.25,7.25
red,550,218.0,2.315904429535344e-29,7.25,7.25
red,550,218.66666666666666,3.620280623242331e-29,7.25,7.25
red,550,219.33333333333334,5.650618015977526e-29,7.25,7.25
red,550,220.0,8.806062739637375e-29,7.25,7.25
red,550,220.66666666666666,1.3702496894822814e-28,7.25,7.25
red,550,221.33333333333334,2.1288730339269163e-28,7.25,7.25
red,550,222.0,3.302417073630831e-28,7.25,7.25
red,550,222.66666666666666,5.115006530504119e-28,7.25,7.25
red,550,223.33333333333334,7.910293098842028e-28,7.25,7.25
red,550,224.0,1.2214369963105566e-27,7.25,7.25
red,550,224.66666666666666,1.8831359590678767e-27,7.25,7.25
red,550,225.33333333333334,2.8988409930032312e-27,7.25,7.25
red,550,226.0,4.455528472615962e-27,7.25,7.25
red,550,226.66666666666666,6.837638937115079e-27,7.25,7.25
red,550,227.33333333333334,1.0477199566865109e-26,7.25,7.25
red,550,228.0,1.602936728402341e-26,7.25,7.25
red,550,228.66666666666666,2.4486102063236655e-26,7.25,7.25
red,550,229.33333333333334,3.734694157153291e-26,7.25,7.25
red,550,230.0,5.687514810210399e-26,7.25,7.25
red,550,230.66666666666666,8.648128826320043e-26,7.25,7.25
red,550,231.33333333333334,1.3129671847869305e-25,7.25,7.25
red,550,232.0,1.9902961584042067e-25,7.25,7.25
red,550,232.66666666666666,3.0124070074734073e-25,7.25,7.25
red,550,233.33333333333331,4.552413527231063e-25,7.25,7.25
red,550,234.0,6.869132167767665e-25,7.25,7.25
red,550,234.66666666666666,1.0348899075754173e-24,7.25,7.25
red,550,235.33333333333331,1.5567488091907296e-24,7.25,7.25
red,550,236.0,2.33816440226693e-24,7.25,7.25
red,550,236.66666666666666,3.506417763834269e-24,7.25,7.25
red,550,237.33333333333331,5.250303184407465e-24,7.25,7.25
red,550,238.0,7.849413710283405e-24,7.25,7.25
red,550,238.66666666666666,1.1717154803108938e-23,7.25,7.25
red,550,239.33333333333331,1.7463819233854816e-23,7.25,7.25
red,550,240.0,2.5988929953266884e-23,7.25,7.25
red,550,240.66666666666666,3.8616213000223244e-23,7.25,7.25
red,550,241.33333333333331,5.729056107790102e-23,7.25,7.25
red,550,242.0,8.486499331041238e-23,7.25,7.25
red,550,242.66666666666666,1.2551805433992678e-22,7.25,7.25
red,550,243.33333333333331,1.8535996015749871e-22,7.25,7.25
red,550,244.0,2.7331141320903334e-22,7.25,7.25
red,550,244.66666666666666,4.023756762918817e-22,7.25,7.25
red,550,245.33333333333331,5.914768931900794e-22,7.25,7.25
red,550,246.0,8.68112396522161e-22,7.25,7.25
red,550,246.66666666666666,1.2721732058847469e-21,7.25,7.25
red,550,247.33333333333331,1.8614382864079977e-21,7.25,7.25
red,550,248.0,2.719462984065714e-21,7.25,7.25
red,550,248.66666666666666,3.9668864828442286e-21,7.25,7.25
red,550,249.33333333333331,5.777613759002753e-21,7.25,7.25
red,550,250.0,8.401935619085682e-21,7.25,7.25
red,550,250.66666666666666,1.2199507685385175e-20,7.25,7.25
red,550,251.33333333333331,1.768631566581384e-20,7.25,7.25
red,550,252.0,2.560144925377564e-20,7.25,7.25
red,550,252.66666666666666,3.700188429832162e-20,7.25,7.25
red,550,253.33333333333331,5.339680139753464e-20,7.25,7.25
red,550,254.0,7.693762142096025e-20,7.25,7.25
red,550,254.66666666666666,1.1068643003309624e-19,7.25,7.25
red,550,255.33333333333331,1.5899450560995413e-19,7.25,7.25
red,550,256.0,2.28035238635634e-19,7.25,7.25
red,550,256.6666666666667,3.265531847771124e-19,7.25,7.25
red,550,257.3333333333333,4.669151809145958e-19,7.25,7.25
red,550,258.0,6.665829128741627e-19,7.25,7.25
red,550,258.6666666666667,9.50172530172831e-19,7.25,7.25
red,550,259.3333333333333,1.3523306026313575e-18,7.25,7.25
red,550,260.0,1.9217433766530335e-18,7.25,7.25
red,550,260.6666666666667,2.7267167209462053e-18,7.25,7.25
red,550,261.3333333333333,3.8629293144288136e-18,7.25,7.25
red,550,262.0,5.464187743074851e-18,7.25,7.25
red,550,262.6666666666667,7.717321191540888e-18,7.25,7.25
red,550,263.3333333333333,1.0882775000240942e-17,7.25,7.25
red,550,264.0,1.532303650863339e-17,7.25,7.25
red,550,264.66666666666663,2.1541807164178285e-17,7.25,7.25
red,550,265.3333333333333,3.0237894189264175e-17,7.25,7.25
red,550,266.0,4.237923019204169e-17,7.25,7.25
red,550,266.66666666666663,5.93043698698439e-17,7.25,7.25
red,550,267.3333333333333,8.286143294362386e-17,7.25,7.25
red,550,268.0,1.1559799315901254e-16,7.25,7.25
red,550,268.66666666666663,1.6102016275433898e-16,7.25,7.25
red,550,269.3333333333333,2.2394549970498973e-16,7.25,7.25
red,550,270.0,3.109829143951888e-16,7.25,7.25
red,550,270.66666666666663,4.3118419209251367e-16,7.25,7.25
red,550,271.3333333333333,5.969270276776115e-16,7.25,7.250000000000001
red,550,272.0,8.251098423767435e-16,7.25,7.250000000000001
red,550,272.66666666666663,1.1387657679746197e-15,7.25,7.250000000000001
red,550,273.3333333333333,1.5692392089971809e-15,7.25,7.250000000000002
red,550,274.0,2.1591161691890366e-15,7.25,7.250000000000002
red,550,274.66666666666663,2.9661627744918185e-15,7.25,7.250000000000003
red,550,275.3333333333333,4.068609999345636e-15,7.25,7.250000000000004
red,550,276.0,5.572232841601436e-15,7.25,7.250000000000005
red,550,276.66666666666663,7.619817337937274e-15,7.25,7.250000000000008
red,550,277.3333333333333,1.0403799574557738e-14,7.25,7.250000000000011
red,550,278.0,1.4183111108521207e-14,7.25,7.250000000000014
red,550,278.66666666666663,1.9305592933398727e-14,7.25,7.2500000000000195
red,550,279.3333333333333,2.623776849101608e-14,7.25,7.250000000000027
red,550,280.0,3.5604325137959843e-14,7.25,7.2500000000000355
red,550,280.66666666666663,4.8240381366200824e-14,7.25,7.250000000000048
red,550,281.3333333333333,6.526056330357829e-14,7.25,7.250000000000065
red,550,282.0,8.815014181032103e-14,7.25,7.250000000000088
red,550,282.66666666666663,1.1888507168746486e-13,7.25,7.250000000000119
red,550,283.3333333333333,1.600898302860982e-13,7.25,7.25000000000016
red,550,284.0,2.152446055339473e-13,7.25,7.250000000000215
red,550,284.66666666666663,2.889568000567233e-13,7.25,7.250000000000289
red,550,285.3333333333333,3.873162104581612e-13,7.25,7.250000000000387
red,550,286.0,5.183588770219538e-13,7.25,7.250000000000519
red,550,286.66666666666663,6.92671817763474e-13,7.25,7.250000000000693
red,550,287.3333333333333,9.241800888021813e-13,7.25,7.250000000000925
red,550,288.0,1.2311693875143966e-12,7.25,7.250000000001231
red,550,288.66666666666663,1.637612410103605e-12,7.25,7.250000000001638
red,550,289.3333333333333,2.1748862357799034e-12,7.25,7.250000000002175
red,550,290.0,2.883992191675453e-12,7.25,7.250000000002884
red,550,290.66666666666663,3.8184202733428e-12,7.25,7.250000000003818
red,550,291.3333333333333,5.0478388951949436e-12,7.25,7.2500000000050475
red,550,292.0,6.662839560821076e-12,7.25,7.250000000006663
red,550,292.66666666666663,8.781027500061074e-12,7.25,7.250000000008781
red,550,293.3333333333333,1.1554826541534859e-11,7.25,7.250000000011555
red,550,294.0,1.5181463330951494e-11,7.25,7.250000000015182
red,550,294.66666666666663,1.991571721425561e-11,7.25,7.250000000019916
red,550,295.3333333333333,2.608617351369226e-11,7.25,7.250000000026086
red,550,296.0,3.4115906685800786e-11,7.25,7.250000000034116
red,550,296.66666666666663,4.454875471145765e-11,7.25,7.250000000044548
red,550,297.3333333333333,5.80826377065545e-11,7.25,7.250000000058082
red,550,298.0,7.561173515936633e-11,7.25,7.2500000000756115
red,550,298.66666666666663,9.827978319293791e-11,7.25,7.25000000009828
red,550,299.3333333333333,1.2754730496335032e-10,7.25,7.250000000127547
red,550,300.0,1.6527626688902493e-10,7.25,7.250000000165277
red,550,300.66666666666663,2.1383648879123036e-10,7.25,7.250000000213836
red,550,301.3333333333333,2.7623916082333474e-10,7.25,7.2500000002762395
red,550,302.0,3.563040746286263e-10,7.25,7.250000000356304
red,550,302.66666666666663,4.588687088210906e-10,7.25,7.2500000004588685
red,550,303.3333333333333,5.900491773630868e-10,7.25,7.250000000590049
red,550,304.0,7.575653225166495e-10,7.25,7.250000000757566
red,550,304.66666666666663,9.711449935449927e-10,7.25,7.250000000971145
red,550,305.3333333333333,1.2430258951841478e-09,7.25,7.250000001243026
red,550,306.0,1.5885774307258026e-09,7.25,7.250000001588577
red,550,306.66666666666663,2.0270698385421494e-09,7.25,7.25000000202707
red,550,307.3333333333333,2.5826237870385748e-09,7.25,7.250000002582624
red,550,308.0,3.2853806378331533e-09,7.25,7.250000003285381
red,550,308.66666666666663,4.172942028557005e-09,7.25,7.250000004172942
red,550,309.3333333333333,5.292137519443793e-09,7.25,7.250000005292137
red,550,310.0,6.701191087673556e-09,7.25,7.250000006701191
red,550,310.66666666666663,8.472371583287058e-09,7.25,7.250000008472371
red,550,311.3333333333333,1.0695229276908945e-08,7.25,7.25000001069523
red,550,312.0,1.3480540789472374e-08,7.25,7.250000013480541
red,550,312.66666666666663,1.6965108522547044e-08,7.25,7.250000016965108
red,550,313.3333333333333,2.131758880575726e-08,7.25,7.250000021317589
red,550,314.0,2.674555603101528e-08,7.25,7.250000026745556
red,550,314.66666666666663,3.3504048831892004e-08,7.25,7.250000033504048
red,550,315.3333333333333,4.190588977423769e-08,7.25,7.250000041905889
red,550,316.0,5.2334123049066045e-08,7.25,7.250000052334123
red,550,316.66666666666663,6.525697642303405e-08,7.25,7.250000065256977
red,550,317.3333333333333,8.124582546278872e-08,7.25,7.250000081245825
red,550,318.0,1.009967212095639e-07,7.25,7.250000100996721
red,550,318.66666666666663,1.2535613859754725e-07,7.25,7.250000125356139
red,550,319.3333333333333,1.5535171370609656e-07,7.25,7.250000155351714
red,550,320.0,1.922288653071158e-07,7.25,7.250000192228866
red,550,320.66666666666663,2.3749434218974498e-07,7.25,7.250000237494342
red,550,321.3333333333333,2.9296790467371924e-07,7.25,7.250000292967905
red,550,322.0,3.6084353900556476e-07,7.25,7.250000360843539
red,550,322.66666666666663,4.437618195981998e-07,7.25,7.250000443761819
red,550,323.3333333333333,5.448952791335639e-07,7.25,7.250000544895279
red,550,324.0,6.680489233776008e-07,7.25,7.250000668048924
red,550,324.66666666666663,8.177783392885727e-07,7.25,7.250000817778339
red,550,325.3333333333333,9.995281948919241e-07,7.25,7.250000999528195
red,550,326.0,1.219794320806384e-06,7.25,7.250001219794321
red,550,326.66666666666663,1.4863129996516192e-06,7.25,7.250001486313
red,550,327.3333333333333,1.8082815742685302e-06,7.25,7.250001808281574
red,550,328.0,2.1966150221043773e-06,7.25,7.250002196615022
red,550,328.66666666666663,2.664243734492472e-06,7.25,7.250002664243734
red,550,329.3333333333333,3.226458388899511e-06,7.25,7.2500032264583885
red,550,330.0,3.901308512213386e-06,7.25,7.250003901308512
red,550,330.66666666666663,4.71006210604163e-06,7.25,7.250004710062106
red,550,331.3333333333333,5.677734542440913e-06,7.25,7.250005677734542
red,550,332.0,6.833695841418603e-06,7.25,7.250006833695841
red,550,332.66666666666663,8.212366409948978e-06,7.25,7.25000821236641
red,550,333.3333333333333,9.854012355016994e-06,7.25,7.250009854012355
red,550,334.0,1.1805652577937644e-05,7.25,7.250011805652578
red,550,334.66666666666663,1.4122091009940447e-05,7.25,7.25001412209101
red,550,335.3333333333333,1.6867088554017922e-05,7.25,7.250016867088554
red,550,336.0,2.011469054753999e-05,7.25,7.250020114690548
red,550,336.66666666666663,2.3950726844078122e-05,7.25,7.2500239507268445
red,550,337.3333333333333,2.847450291859191e-05,7.25,7.250028474502918
red,550,338.0,3.380070171214664e-05,7.25,7.250033800701712
red,550,338.66666666666663,4.0061517232049984e-05,7.25,7.2500400615172325
red,550,339.3333333333333,4.740904218874558e-05,7.25,7.250047409042189
red,550,340.0,5.601793315639738e-05,7.25,7.250056017933156
red,550,340.66666666666663,6.608837786049411e-05,7.25,7.250066088377861
red,550,341.3333333333333,7.78493901895144e-05,7.25,7.250077849390189
red,550,342.0,9.156245936127785e-05,7.25,7.250091562459361
red,550,342.66666666666663,0.00010752558030631293,7.25,7.250107525580306
red,550,343.3333333333333,0.00012607769271447724,7.25,7.250126077692714
red,550,344.0,0.0001476035562771052,7.25,7.250147603556277
red,550,344.66666666666663,0.00017253908939133186,7.25,7.250172539089391
red,550,345.3333333333333,0.00020137719791810647,7.25,7.250201377197918
red,550,346.0,0.0002346741194401757,7.25,7.25023467411944
red,550,346.66666666666663,0.0002730563067874821,7.25,7.250273056306788
red,550,347.3333333333333,0.0003172278723194376,7.25,7.250317227872319
red,550,348.0,0.0003679786115099698,7.25,7.25036797861151
red,550,348.66666666666663,0.00042619262070567104,7.25,7.250426192620706
red,550,349.3333333333333,0.0004928575194540016,7.25,7.250492857519454
red,550,350.0,0.0005690742824646677,7.25,7.250569074282465
red,550,350.66666666666663,0.000656067680014254,7.25,7.250656067680015
red,550,351.3333333333333,0.000755197318378481,7.25,7.250755197318378
red,550,352.0,0.0008679692636329804,7.25,7.250867969263633
red,550,352.66666666666663,0.0009960482228668819,7.25,7.250996048222867
red,550,353.3333333333333,0.0011412702464792175,7.25,7.251141270246479
red,550,354.0,0.0013056559037670612,7.25,7.251305655903767
red,550,354.66666666666663,0.0014914238714735669,7.25,7.251491423871474
red,550,355.3333333333333,0.001701004861368029,7.25,7.251701004861368
red,550,356.0,0.0019370557983264187,7.25,7.251937055798327
red,550,356.66666666666663,0.002202474144839769,7.25,7.252202474144839
red,550,357.3333333333333,0.0025004122514934654,7.25,7.252500412251494
red,550,358.0,0.002834291595856858,7.25,7.252834291595857
red,550,358.66666666666663,0.003207816754552123,7.25,7.253207816754552
red,550,359.3333333333333,0.003624988935214251,7.25,7.253624988935214
red,550,360.0,0.004090118876825302,7.25,7.254090118876825
red,550,360.66666666666663,0.004607838908751877,7.25,7.254607838908752
red,550,361.3333333333333,0.005183113941008583,7.25,7.255183113941008
red,550,362.0,0.005821251141121829,7.25,7.255821251141122
red,550,362.66666666666663,0.006527908036815394,7.25,7.256527908036816
red,550,363.3333333333333,0.007309098768940477,7.25,7.257309098768941
red,550,364.0,0.008171198206020514,7.25,7.25817119820602
red,550,364.66666666666663,0.009120943620881101,7.25,7.259120943620881
red,550,365.3333333333333,0.01016543362150698,7.25,7.260165433621507
red,550,366.0,0.011312124022946235,7.25,7.261312124022946
red,550,366.66666666666663,0.012568820345202092,7.25,7.262568820345202
red,550,367.3333333333333,0.013943666624038785,7.25,7.263943666624039
red,550,368.0,0.015445130227902684,7.25,7.265445130227903
red,550,368.66666666666663,0.01708198238511825,7.25,7.267081982385118
red,550,369.3333333333333,0.018863274141518924,7.25,7.268863274141519
red,550,370.0,0.02079830749004228,7.25,7.270798307490042
red,550,370.66666666666663,0.022896601440832182,7.25,7.2728966014408325
red,550,371.3333333333333,0.02516785283324694,7.25,7.275167852833247
red,550,372.0,0.027621891730014937,7.25,7.277621891730015
red,550,372.66666666666663,0.030268631278669224,7.25,7.280268631278669
red,550,373.3333333333333,0.03311801197627723,7.25,7.283118011976277
red,550,374.0,0.03617994033023435,7.25,7.286179940330235
red,550,374.66666666666663,0.039464221970273,7.25,7.289464221970273
red,550,375.3333333333333,0.042980489334470164,7.25,7.29298048933447
red,550,376.0,0.046738124124455,7.25,7.296738124124455
red,550,376.66666666666663,0.0507461748016308,7.25,7.300746174801631
red,550,377.3333333333333,0.055013269476281046,7.25,7.305013269476281
red,550,378.0,0.05954752462410958,7.25,7.30954752462411
red,550,378.66666666666663,0.06435645014911162,7.25,7.314356450149112
red,550,379.3333333333333,0.06944685139658666,7.25,7.319446851396586
red,550,380.0,0.07482472880443893,7.25,7.324824728804439
red,550,380.66666666666663,0.08049517596341156,7.25,7.330495175963412
red,550,381.3333333333333,0.08646227693619757,7.25,7.336462276936198
red,550,382.0,0.09272900376009915,7.25,7.342729003760099
red,550,382.66666666666663,0.09929711512664918,7.25,7.3492971151266495
red,550,383.3333333333333,0.10616705729287478,7.25,7.356167057292875
red,550,384.0,0.11333786833127615,7.25,7.363337868331276
red,550,384.66666666666663,0.12080708686772307,7.25,7.370807086867723
red,550,385.3333333333333,0.12857066648694682,7.25,7.378570666486947
red,550,386.0,0.13662289700292402,7.25,7.386622897002924
red,550,386.66666666666663,0.14495633379509024,7.25,7.39495633379509
red,550,387.3333333333333,0.1535617363999388,7.25,7.403561736399939
red,550,388.0,0.16242801752039984,7.25,7.4124280175204
red,550,388.66666666666663,0.17154220357184435,7.25,7.421542203571844
red,550,389.3333333333333,0.18088940782316218,7.25,7.430889407823162
red,550,390.0,0.19045281711403347,7.25,7.440452817114034
red,550,390.66666666666663,0.20021369303535183,7.25,7.4502136930353515
red,550,391.3333333333333,0.21015138834909033,7.25,7.46015138834909
red,550,392.0,0.22024337929743915,7.25,7.470243379297439
red,550,392.66666666666663,0.23046531430974374,7.25,7.480465314309744
red,550,393.3333333333333,0.24079107946078682,7.25,7.490791079460787
red,550,394.0,0.25119288086686964,7.25,7.50119288086687
red,550,394.66666666666663,0.2616413440287158,7.25,7.511641344028716
red,550,395.3333333333333,0.27210562994441195,7.25,7.522105629944412
red,550,396.0,0.28255356762370765,7.25,7.532553567623708
red,550,396.66666666666663,0.2929518024394762,7.25,7.542951802439476
red,550,397.3333333333333,0.3032659595555141,7.25,7.553265959555514
red,550,398.0,0.3134608214749227,7.25,7.563460821474923
red,550,398.66666666666663,0.32350051856289097,7.25,7.573500518562891
red,550,399.3333333333333,0.3333487312145473,7.25,7.5833487312145476
red,550,400.0,0.34296890216558795,7.25,7.5929689021655875
red,550,400.66666666666663,0.35232445728339495,7.25,7.602324457283395
red,550,401.3333333333333,0.3613790330319221,7.25,7.611379033031922
red,550,402.0,0.3700967086773476,7.25,7.620096708677347
red,550,402.66666666666663,0.3784422411956582,7.25,7.628442241195658
red,550,403.3333333333333,0.3863813007599346,7.25,7.636381300759934
red,550,404.0,0.3938807046259894,7.25,7.64388070462599
red,550,404.66666666666663,0.4009086472015755,7.25,7.650908647201575
red,550,405.3333333333333,0.40743492407765236,7.25,7.657434924077652
red,550,406.0,0.4134311478209134,7.25,7.663431147820914
red,550,406.66666666666663,0.41887095337517194,7.25,7.668870953375172
red,550,407.3333333333333,0.42373019099510284,7.25,7.673730190995103
red,550,408.0,0.42798710473867163,7.25,7.677987104738672
red,550,408.66666666666663,0.43162249467336206,7.25,7.681622494673362
red,550,409.3333333333333,0.43461986110454076,7.25,7.684619861104541
red,550,410.0,0.4369655293102186,7.25,7.686965529310219
red,550,410.66666666666663,0.4386487534628489,7.25,7.688648753462849
red,550,411.3333333333333,0.43966179863310617,7.25,7.689661798633106
red,550,412.0,0.43999999999999995,7.25,7.6899999999999995
red,550,412.66666666666663,0.4396617986331062,7.25,7.689661798633106
red,550,413.3333333333333,0.43864875346284904,7.25,7.688648753462849
red,550,414.0,0.4369655293102186,7.25,7.686965529310219
red,550,414.66666666666663,0.434619861104541,7.25,7.684619861104541
red,550,415.3333333333333,0.4316224946733623,7.25,7.681622494673363
red,550,416.0,0.42798710473867163,7.25,7.677987104738672
red,550,416.66666666666663,0.42373019099510323,7.25,7.673730190995103
red,550,417.3333333333333,0.4188709533751724,7.25,7.668870953375173
red,550,418.0,0.4134311478209134,7.25,7.663431147820914
red,550,418.66666666666663,0.4074349240776529,7.25,7.657434924077653
red,550,419.3333333333333,0.40090864720157604,7.25,7.650908647201576
red,550,420.0,0.3938807046259894,7.25,7.64388070462599
red,550,420.66666666666663,0.3863813007599352,7.25,7.636381300759935
red,550,421.3333333333333,0.3784422411956589,7.25,7.628442241195659
red,550,422.0,0.3700967086773476,7.25,7.620096708677347
red,550,422.66666666666663,0.3613790330319228,7.25,7.611379033031922
red,550,423.3333333333333,0.35232445728339573,7.25,7.6023244572833955
red,550,424.0,0.34296890216558795,7.25,7.5929689021655875
red,550,424.66666666666663,0.3333487312145481,7.25,7.583348731214548
red,550,425.3333333333333,0.32350051856289186,7.25,7.573500518562891
red,550,426.0,0.3134608214749227,7.25,7.563460821474923
red,550,426.66666666666663,0.30326595955551494,7.25,7.553265959555515
red,550,427.3333333333333,0.29295180243947705,7.25,7.542951802439477
red,550,428.0,0.28255356762370765,7.25,7.532553567623708
red,550,428.66666666666663,0.27210562994441284,7.25,7.522105629944413
red,550,429.3333333333333,0.2616413440287167,7.25,7.511641344028717
red,550,430.0,0.25119288086686964,7.25,7.50119288086687
red,550,430.66666666666663,0.24079107946078768,7.25,7.490791079460788
red,550,431.3333333333333,0.2304653143097446,7.25,7.480465314309745
red,550,432.0,0.22024337929743915,7.25,7.470243379297439
red,550,432.66666666666663,0.21015138834909117,7.25,7.460151388349091
red,550,433.3333333333333,0.2002136930353527,7.25,7.450213693035352
red,550,434.0,0.19045281711403347,7.25,7.440452817114034
red,550,434.66666666666663,0.18088940782316298,7.25,7.430889407823163
red,550,435.3333333333333,0.17154220357184513,7.25,7.421542203571845
red,550,436.0,0.16242801752039984,7.25,7.4124280175204
red,550,436.66666666666663,0.15356173639993959,7.25,7.40356173639994
red,550,437.3333333333333,0.14495633379509096,7.25,7.394956333795091
red,550,438.0,0.13662289700292402,7.25,7.386622897002924
red,550,438.66666666666663,0.12857066648694748,7.25,7.378570666486947
red,550,439.3333333333333,0.12080708686772375,7.25,7.370807086867724
red,550,440.0,0.11333786833127615,7.25,7.363337868331276
red,550,440.66666666666663,0.10616705729287537,7.25,7.3561670572928755
red,550,441.3333333333333,0.09929711512664975,7.25,7.3492971151266495
red,550,442.0,0.09272900376009915,7.25,7.342729003760099
red,550,442.66666666666663,0.08646227693619808,7.25,7.3364622769361985
red,550,443.3333333333333,0.08049517596341209,7.25,7.330495175963412
red,550,444.0,0.07482472880443893,7.25,7.324824728804439
red,550,444.66666666666663,0.0694468513965871,7.25,7.319446851396587
red,550,445.3333333333333,0.06435645014911204,7.25,7.314356450149112
red,550,446.0,0.05954752462410958,7.25,7.30954752462411
red,550,446.66666666666663,0.05501326947628146,7.25,7.305013269476281
red,550,447.3333333333333,0.05074617480163119,7.25,7.300746174801631
red,550,448.0,0.046738124124455,7.25,7.296738124124455
red,550,448.66666666666663,0.04298048933447049,7.25,7.292980489334471
red,550,449.3333333333333,0.039464221970273314,7.25,7.289464221970273
red,550,450.0,0.03617994033023435,7.25,7.286179940330235
red,550,450.66666666666663,0.03311801197627749,7.25,7.283118011976278
red,550,451.3333333333333,0.03026863127866947,7.25,7.28026863127867
red,550,452.0,0.027621891730014937,7.25,7.277621891730015
red,550,452.66666666666663,0.025167852833247153,7.25,7.275167852833247
red,550,453.3333333333333,0.022896601440832356,7.25,7.2728966014408325
red,550,454.0,0.02079830749004228,7.25,7.270798307490042
red,550,454.66666666666663,0.018863274141519094,7.25,7.268863274141519
red,550,455.3333333333333,0.01708198238511838,7.25,7.267081982385118
red,550,456.0,0.015445130227902686,7.25,7.265445130227903
red,550,456.66666666666663,0.013943666624038916,7.25,7.263943666624039
red,550,457.3333333333333,0.012568820345202202,7.25,7.262568820345202
red,550,458.0,0.011312124022946238,7.25,7.261312124022946
red,550,458.66666666666663,0.010165433621507071,7.25,7.260165433621507
red,550,459.3333333333333,0.00912094362088119,7.25,7.259120943620881
red,550,460.0,0.008171198206020523,7.25,7.25817119820602
red,550,460.66666666666663,0.007309098768940553,7.25,7.257309098768941
red,550,461.3333333333333,0.006527908036815467,7.25,7.256527908036816
red,550,462.0,0.005821251141121848,7.25,7.255821251141122
red,550,462.66666666666663,0.0051831139410086526,7.25,7.255183113941008
red,550,463.3333333333333,0.004607838908751953,7.25,7.254607838908752
red,550,464.0,0.004090118876825342,7.25,7.254090118876825
red,550,464.66666666666663,0.003624988935214337,7.25,7.253624988935214
red,550,465.3333333333333,0.0032078167545522194,7.25,7.253207816754553
red,550,466.0,0.0028342915958569407,7.25,7.252834291595857
red,550,466.66666666666663,0.0025004122514935977,7.25,7.252500412251494
red,550,467.3333333333333,0.002202474144839925,7.25,7.25220247414484
red,550,468.0,0.0019370557983265908,7.25,7.251937055798327
red,550,468.66666666666663,0.0017010048613682665,7.25,7.251701004861368
red,550,469.3333333333333,0.0014914238714738646,7.25,7.251491423871474
red,550,470.0,0.0013056559037674163,7.25,7.251305655903767
red,550,470.66666666666663,0.001141270246479681,7.25,7.25114127024648
red,550,471.3333333333333,0.0009960482228674673,7.25,7.250996048222867
red,550,472.0,0.0008679692636337075,7.25,7.250867969263633
red,550,472.66666666666663,0.0007551973183794108,7.25,7.250755197318379
red,550,473.3333333333333,0.0006560676800154301,7.25,7.250656067680016
red,550,474.0,0.0005690742824661451,7.25,7.250569074282466
red,550,474.66666666666663,0.0004928575194558763,7.25,7.250492857519456
red,550,475.3333333333333,0.0004261926207080368,7.25,7.250426192620708
red,550,476.0,0.00036797861151294904,7.25,7.250367978611513
red,550,476.66666666666663,0.00031722787232319936,7.25,7.250317227872324
red,550,477.3333333333333,0.00027305630679222084,7.25,7.250273056306792
red,550,478.0,0.0002346741194461378,7.25,7.250234674119446
red,550,478.66666666666663,0.00020137719792561004,7.25,7.250201377197926
red,550,479.3333333333333,0.00017253908940076276,7.25,7.250172539089401
red,550,480.0,0.00014760355628894685,7.25,7.250147603556289
red,550,480.66666666666663,0.00012607769272933867,7.25,7.250126077692729
red,550,481.3333333333333,0.00010752558032494681,7.25,7.250107525580325
red,550,482.0,9.156245938462004e-05,7.25,7.250091562459384
red,550,482.66666666666663,7.784939021873393e-05,7.25,7.250077849390219
red,550,483.3333333333333,6.608837789703774e-05,7.25,7.250066088377897
red,550,484.0,5.601793320206274e-05,7.25,7.250056017933202
red,550,484.66666666666663,4.740904224576323e-05,7.25,7.250047409042246
red,550,485.3333333333333,4.006151730318169e-05,7.25,7.2500400615173035
red,550,486.0,3.380070180081083e-05,7.25,7.250033800701801
red,550,486.66666666666663,2.8474503029018605e-05,7.25,7.250028474503029
red,550,487.3333333333333,2.395072698149261e-05,7.25,7.250023950726981
red,550,488.0,2.0114690718394218e-05,7.25,7.250020114690718
red,550,488.66666666666663,1.6867088766271765e-05,7.25,7.250016867088767
red,550,489.3333333333333,1.4122091273403692e-05,7.25,7.250014122091273
red,550,490.0,1.1805652904690441e-05,7.25,7.250011805652905
red,550,490.66666666666663,9.854012759923037e-06,7.25,7.2500098540127595
red,550,491.3333333333333,8.212366911279447e-06,7.25,7.250008212366911
red,550,492.0,6.833696461614674e-06,7.25,7.250006833696462
red,550,492.66666666666663,5.677735309041605e-06,7.25,7.2500056777353095
red,550,493.3333333333333,4.710063052811576e-06,7.25,7.2500047100630525
red,550,494.0,3.90130968051457e-06,7.25,7.250003901309681
red,550,494.66666666666663,3.226459829356675e-06,7.25,7.250003226459829
red,550,495.3333333333333,2.664245509012815e-06,7.25,7.250002664245509
red,550,496.0,2.196617206326154e-06,7.25,7.250002196617206
red,550,496.66666666666663,1.8082842605259196e-06,7.25,7.25000180828426
red,550,497.3333333333333,1.4863163005612139e-06,7.25,7.2500014863163
red,550,498.0,1.2197983736025202e-06,7.25,7.250001219798373
red,550,498.66666666666663,9.995331666617601e-07,7.25,7.2500009995331665
red,550,499.3333333333333,8.177844332877774e-07,7.25,7.250000817784433
red,550,500.0,6.680563866431399e-07,7.25,7.250000668056386
red,550,500.66666666666663,5.449044116511971e-07,7.25,7.250000544904411
red,550,501.3333333333333,4.437729853319485e-07,7.25,7.2500004437729855
red,550,502.0,3.6085717915533986e-07,7.25,7.250000360857179
red,550,502.66666666666663,2.9298455359631836e-07,7.25,7.250000292984554
red,550,503.3333333333333,2.3751464650054375e-07,7.25,7.250000237514646
red,550,504.0,1.9225360677681354e-07,7.25,7.250000192253607
red,550,504.66666666666663,1.553818366809399e-07,7.25,7.250000155381836
red,550,505.3333333333333,1.253927828061989e-07,7.25,7.250000125392782
red,550,506.0,1.0104126097842072e-07,7.25,7.250000101041261
red,550,506.66666666666663,8.129991654789445e-08,7.25,7.250000081299916
red,550,507.3333333333333,6.532261188585517e-08,7.25,7.250000065322612
red,550,508.0,5.2413699860510785e-08,7.25,7.2500000524137
red,550,508.66666666666663,4.200228813264798e-08,7.25,7.250000042002288
red,550,509.3333333333333,3.362072653372956e-08,7.25,7.250000033620727
red,550,510.0,2.6886660645910253e-08,7.25,7.250000026886661
red,550,510.66666666666663,2.1488090890113634e-08,7.25,7.250000021488091
red,550,511.3333333333333,1.717095966923734e-08,7.25,7.25000001717096
red,550,512.0,1.3728860968061415e-08,7.25,7.250000013728861
red,550,512.6666666666666,1.0994528684046097e-08,7.25,7.250000010994529
red,550,513.3333333333333,8.832813113310865e-09,7.25,7.250000008832813
red,550,514.0,7.134900568447804e-09,7.25,7.250000007134901
red,550,514.6666666666666,5.813570060128902e-09,7.25,7.25000000581357
red,550,515.3333333333333,4.799314219775495e-09,7.25,7.250000004799314
red,550,516.0,4.03717995944179e-09,7.25,7.25000000403718
red,550,516.6666666666666,3.484208447442959e-09,7.25,7.2500000034842085
red,550,517.3333333333333,3.107374429759833e-09,7.25,7.250000003107375
red,550,518.0,2.881942277944999e-09,7.25,7.250000002881943
red,550,518.6666666666666,2.7901708568868323e-09,7.25,7.250000002790171
red,550,519.3333333333333,2.82031178341355e-09,7.25,7.250000002820312
red,550,520.0,2.9658562396619595e-09,7.25,7.250000002965856
red,550,520.6666666666666,3.224994517418322e-09,7.25,7.2500000032249945
red,550,521.3333333333333,3.6002601648084303e-09,7.25,7.2500000036002605
red,550,522.0,4.098337213092533e-09,7.25,7.250000004098337
red,550,522.6666666666666,4.7300146767718996e-09,7.25,7.250000004730015
red,550,523.3333333333333,5.51027751638287e-09,7.25,7.250000005510278
red,550,524.0,6.4585276794669495e-09,7.25,7.250000006458528
red,550,524.6666666666666,7.598932821472066e-09,7.25,7.250000007598933
red,550,525.3333333333333,8.960903968926569e-09,7.25,7.250000008960904
red,550,526.0,1.0579706822928097e-08,7.25,7.250000010579707
red,550,526.6666666666666,1.2497214701590587e-08,7.25,7.250000012497215
red,550,527.3333333333333,1.4762814366405962e-08,7.25,7.250000014762814
red,550,528.0,1.7434479243168362e-08,7.25,7.25000001743448
red,550,528.6666666666666,2.0580027901351703e-08,7.25,7.2500000205800275
red,550,529.3333333333333,2.4278589160619635e-08,7.25,7.250000024278589
red,550,530.0,2.862229891059087e-08,7.25,7.250000028622299
red,550,530.6666666666666,3.371825771942025e-08,7.25,7.2500000337182575
red,550,531.3333333333333,3.969078262661723e-08,7.25,7.250000039690782
red,550,532.0,4.6683991224187986e-08,7.25,7.250000046683991
red,550,532.6666666666666,5.48647612868409e-08,7.25,7.250000054864762
red,550,533.3333333333333,6.442611487703357e-08,7.25,7.250000064426115
red,550,534.0,7.559108208635608e-08,7.25,7.250000075591082
red,550,534.6666666666666,8.861710644591313e-08,7.25,7.2500000886171065
red,550,535.3333333333333,1.0380106161236314e-07,7.25,7.250000103801062
red,550,536.0,1.2148495728353005e-07,7.25,7.250000121484957
red,550,536.6666666666666,1.4206242149206982e-07,7.25,7.250000142062421
red,550,537.3333333333333,1.659860565448373e-07,7.25,7.250000165986057
red,550,538.0,1.937757770003174e-07,7.25,7.250000193775777
red,550,538.6666666666666,2.260282502918742e-07,7.25,7.25000022602825
red,550,539.3333333333333,2.6342757399891433e-07,7.25,7.250000263427574
red,550,540.0,3.067573384334162e-07,7.25,7.250000306757339
red,550,540.6666666666666,3.569142392415313e-07,7.25,7.2500003569142395
red,550,541.3333333333333,4.14923422217716e-07,7.25,7.250000414923422
red,550,542.0,4.819557615932299e-07,7.25,7.2500004819557615
red,550,542.6666666666666,5.593472937964989e-07,7.25,7.250000559347294
red,550,543.3333333333333,6.486210511947311e-07,7.25,7.250000648621051
red,550,544.0,7.515115647206562e-07,7.25,7.250000751511565
red,550,544.6666666666666,8.699923306727425e-07,7.25,7.250000869992331
red,550,545.3333333333333,1.0063065654571172e-06,7.25,7.250001006306565
red,550,546.0,1.163001602717454e-06,7.25,7.250001163001603
red,550,546.6666666666666,1.3429673202774655e-06,7.25,7.2500013429673205
red,550,547.3333333333333,1.549479019693349e-06,7.25,7.25000154947902
red,550,548.0,1.7862452190685791e-06,7.25,7.250001786245219
red,550,548.6666666666666,2.0574608602032452e-06,7.25,7.25000205746086
red,550,549.3333333333333,2.3678664742024353e-06,7.25,7.2500023678664745
red,550,550.0,2.722813895408164e-06,7.25,7.250002722813895
red,550,550.6666666666666,3.128339161991244e-06,7.25,7.250003128339162
red,550,551.3333333333333,3.5912432927634197e-06,7.25,7.250003591243293
red,550,552.0,4.119181683744648e-06,7.25,7.250004119181684
red,550,552.6666666666666,4.720762924727983e-06,7.25,7.250004720762925
red,550,553.3333333333333,5.405657895468483e-06,7.25,7.2500054056578955
red,550,554.0,6.184720063098036e-06,7.25,7.250006184720063
red,550,554.6666666666666,7.070117966821329e-06,7.25,7.250007070117967
red,550,555.3333333333333,8.075480942717565e-06,7.25,7.250008075480943
red,550,556.0,9.21605921034733e-06,7.25,7.25000921605921
red,550,556.6666666666666,1.0508899513608063e-05,7.25,7.250010508899513
red,550,557.3333333333333,1.1973037580578217e-05,7.25,7.250011973037581
red,550,558.0,1.3629708740574956e-05,7.25,7.25001362970874
red,550,558.6666666666666,1.5502578110913357e-05,7.25,7.250015502578111
red,550,559.3333333333333,1.7617991840395318e-05,7.25,7.2500176179918405
red,550,560.0,2.0005250970800774e-05,7.25,7.2500200052509705
red,550,560.6666666666666,2.2696909550992267e-05,7.25,7.250022696909551
red,550,561.3333333333333,2.5729098709936916e-05,7.25,7.25002572909871
red,550,562.0,2.9141878464186584e-05,7.25,7.250029141878464
red,550,562.6666666666666,3.297961910128236e-05,7.25,7.250032979619101
red,550,563.3333333333333,3.7291414042156564e-05,7.25,7.250037291414042
red,550,564.0,4.2131526141807145e-05,7.25,7.250042131526142
red,550,564.6666666666666,4.7559869437195934e-05,7.25,7.250047559869437
red,550,565.3333333333333,5.364252839316905e-05,7.25,7.2500536425283935
red,550,566.0,6.045231672984153e-05,7.25,7.25006045231673
red,550,566.6666666666666,6.806937793692437e-05,7.25,7.250068069377937
red,550,567.3333333333333,7.658182959031984e-05,7.25,7.250076581829591
red,550,568.0,8.608645358227181e-05,7.25,7.2500860864535825
red,550,568.6666666666666,9.668943435682507e-05,7.25,7.250096689434357
red,550,569.3333333333333,0.00010850714720542619,7.25,7.250108507147205
red,550,570.0,0.00012166699862125124,7.25,7.250121666998621
red,550,570.6666666666666,0.00013630832063350282,7.25,7.250136308320633
red,550,571.3333333333333,0.00015258332094232412,7.25,7.250152583320943
red,550,572.0,0.000170658090549082,7.25,7.250170658090549
red,550,572.6666666666666,0.0001907136704236735,7.25,7.250190713670424
red,550,573.3333333333333,0.00021294717856800598,7.25,7.250212947178568
red,550,574.0,0.00023757299862074845,7.25,7.25023757299862
red,550,574.6666666666666,0.00026482403090109357,7.25,7.250264824030901
red,550,575.3333333333333,0.0002949530065064409,7.25,7.250294953006507
red,550,576.0,0.0003282338647585935,7.25,7.250328233864758
red,550,576.6666666666666,0.000364963193933893,7.25,7.250364963193934
red,550,577.3333333333333,0.0004054617348127388,7.25,7.250405461734813
red,550,578.0,0.00045007594614157533,7.25,7.250450075946142
red,550,578.6666666666666,0.0004991796306149323,7.25,7.250499179630615
red,550,579.3333333333333,0.0005531756194550587,7.25,7.250553175619455
red,550,580.0,0.0006124975130912079,7.25,7.2506124975130914
red,550,580.6666666666666,0.0006776114748199626,7.25,7.25067761147482
red,550,581.3333333333333,0.0007490180736615613,7.25,7.250749018073662
red,550,582.0,0.0008272541719151087,7.25,7.250827254171915
red,550,582.6666666666666,0.0009128948521595314,7.25,7.25091289485216
red,550,583.3333333333333,0.0010065553776476615,7.25,7.251006555377647
red,550,584.0,0.0011088931791994703,7.25,7.251108893179199
red,550,584.6666666666666,0.0012206098608206607,7.25,7.2512206098608205
red,550,585.3333333333333,0.0013424532153565715,7.25,7.251342453215357
red,550,586.0,0.0014752192405418068,7.25,7.251475219240541
red,550,586.6666666666666,0.0016197541448289552,7.25,7.251619754144829
red,550,587.3333333333333,0.0017769563313786917,7.25,7.251776956331379
red,550,588.0,0.0019477783475737788,7.25,7.251947778347573
red,550,588.6666666666666,0.0021332287863890364,7.25,7.252133228786389
red,550,589.3333333333333,0.002334374124913806,7.25,7.2523343741249136
red,550,590.0,0.002552340484289815,7.25,7.25255234048429
red,550,590.6666666666666,0.002788315294306713,7.25,7.252788315294307
red,550,591.3333333333333,0.003043548844896998,7.25,7.253043548844897
red,550,592.0,0.003319355705800658,7.25,7.2533193557058
red,550,592.6666666666666,0.003617115994741398,7.25,7.253617115994741
red,550,593.3333333333333,0.0039382764735793755,7.25,7.25393827647358
red,550,594.0,0.0042843514510904615,7.25,7.254284351451091
red,550,594.6666666666666,0.004656923470286033,7.25,7.254656923470286
red,550,595.3333333333333,0.005057643757538713,7.25,7.255057643757539
red,550,596.0,0.005488232410231037,7.25,7.255488232410231
red,550,596.6666666666666,0.005950478299213531,7.25,7.255950478299214
red,550,597.3333333333333,0.006446238662055641,7.25,7.256446238662056
red,550,598.0,0.006977438362909444,7.25,7.2569774383629095
red,550,598.6666666666666,0.0075460687948019,7.25,7.2575460687948015
red,550,599.3333333333333,0.00815418640033437,7.25,7.2581541864003345
red,550,600.0,0.00880391078710953,7.25,7.258803910787109
red,550,600.6666666666666,0.009497422414745856,7.25,7.2594974224147455
red,550,601.3333333333333,0.010236959831083506,7.25,7.260236959831084
red,550,602.0,0.011024816436141482,7.25,7.261024816436142
red,550,602.6666666666666,0.011863336753574245,7.25,7.261863336753574
red,550,603.3333333333333,0.012754912190796141,7.25,7.262754912190796
red,550,604.0,0.01370197627060009,7.25,7.2637019762706
red,550,604.6666666666666,0.014706999319009208,7.25,7.264706999319009
red,550,605.3333333333333,0.015772482596261534,7.25,7.265772482596262
red,550,606.0,0.016900951860237195,7.25,7.266900951860237
red,550,606.6666666666666,0.018094950354309147,7.25,7.2680949503543095
red,550,607.3333333333333,0.019357031214518285,7.25,7.269357031214518
red,550,608.0,0.020689749294133777,7.25,7.270689749294133
red,550,608.6666666666666,0.02209565240707027,7.25,7.27209565240707
red,550,609.3333333333333,0.023577271995269693,7.25,7.273577271995269
red,550,610.0,0.02513711322900313,7.25,7.275137113229003
red,550,610.6666666666666,0.026777644553110717,7.25,7.2767776445531105
red,550,611.3333333333333,0.02850128669643994,7.25,7.27850128669644
red,550,612.0,0.030310401166142246,7.25,7.280310401166142
red,550,612.6666666666666,0.03220727825304206,7.25,7.2822072782530425
red,550,613.3333333333333,0.03419412457895578,7.25,7.284194124578955
red,550,614.0,0.03627305022157877,7.25,7.2862730502215785
red,550,614.6666666666666,0.03844605545736919,7.25,7.288446055457369
red,550,615.3333333333333,0.040715017167682686,7.25,7.290715017167683
red,550,616.0,0.043081674958210414,7.25,7.29308167495821
red,550,616.6666666666666,0.045547617046536024,7.25,7.295547617046536
red,550,617.3333333333333,0.04811426597728881,7.25,7.298114265977289
red,550,618.0,0.05078286422888236,7.25,7.300782864228882
red,550,618.6666666666666,0.05355445978018405,7.25,7.303554459780184
red,550,619.3333333333333,0.05642989170958268,7.25,7.306429891709582
red,550,620.0,0.059409775902763265,7.25,7.309409775902763
red,550,620.6666666666666,0.06249449094904995,7.25,7.31249449094905
red,550,621.3333333333333,0.06568416430936322,7.25,7.3156841643093635
red,550,622.0,0.06897865884160481,7.25,7.318978658841605
red,550,622.6666666666666,0.07237755977163512,7.25,7.322377559771635
red,550,623.3333333333333,0.07588016219985999,7.25,7.32588016219986
red,550,624.0,0.07948545923475567,7.25,7.329485459234756
red,550,624.6666666666666,0.08319213084543935,7.25,7.33319213084544
red,550,625.3333333333333,0.08699853352556358,7.25,7.336998533525564
red,550,626.0,0.09090269086033793,7.25,7.340902690860338
red,550,626.6666666666666,0.0949022850873877,7.25,7.344902285087388
red,550,627.3333333333333,0.09899464974037678,7.25,7.348994649740376
red,550,628.0,0.10317676346182585,7.25,7.353176763461826
red,550,628.6666666666666,0.10744524506839379,7.25,7.357445245068393
red,550,629.3333333333333,0.1117963499479999,7.25,7.3617963499479995
red,550,630.0,0.11622596786353993,7.25,7.36622596786354
red,550,630.6666666666666,0.12072962223265775,7.25,7.370729622232658
red,550,631.3333333333333,0.1253024709470285,7.25,7.3753024709470285
red,550,632.0,0.1299393087879051,7.25,7.379939308787905
red,550,632.6666666666666,0.13463457148736185,7.25,7.384634571487362
red,550,633.3333333333333,0.13938234147671158,7.25,7.389382341476711
red,550,634.0,0.14417635535500553,7.25,7.394176355355006
red,550,634.6666666666666,0.14901001310146075,7.25,7.399010013101461
red,550,635.3333333333333,0.15387638904608483,7.25,7.403876389046085
red,550,636.0,0.15876824460273284,7.25,7.408768244602733
red,550,636.6666666666666,0.16367804275846873,7.25,7.413678042758469
red,550,637.3333333333333,0.16859796430241406,7.25,7.418597964302414
red,550,638.0,0.17351992576631764,7.25,7.423519925766318
red,550,638.6666666666666,0.17843559903802075,7.25,7.42843559903802
red,550,639.3333333333333,0.18333643259783147,7.25,7.433336432597831
red,550,640.0,0.1882136743166433,7.25,7.438213674316644
red,550,640.6666666666666,0.19305839574359218,7.25,7.443058395743592
red,550,641.3333333333333,0.19786151780016004,7.25,7.44786151780016
red,550,642.0,0.2026138377869901,7.25,7.45261383778699
red,550,642.6666666666666,0.20730605759943965,7.25,7.45730605759944
red,550,643.3333333333333,0.21192881303807198,7.25,7.461928813038072
red,550,644.0,0.2164727040909775,7.25,7.466472704090977
red,550,644.6666666666666,0.22092832605615653,7.25,7.470928326056157
red,550,645.3333333333333,0.2252863013642102,7.25,7.475286301364211
red,550,646.0,0.2295373119543528,7.25,7.479537311954353
red,550,646.6666666666666,0.2336721320504068,7.25,7.4836721320504065
red,550,647.3333333333333,0.23768166117797948,7.25,7.487681661177979
red,550,648.0,0.24155695725950724,7.25,7.491556957259507
red,550,648.6666666666666,0.24528926962040087,7.25,7.495289269620401
red,550,649.3333333333333,0.24887007173712042,7.25,7.49887007173712
red,550,650.0,0.2522910935566894,7.25,7.502291093556689
red,550,650.6666666666666,0.2555443532170092,7.25,7.505544353217009
red,550,651.3333333333333,0.25862218799831715,7.25,7.508622187998317
red,550,652.0,0.26151728433826077,7.25,7.511517284338261
red,550,652.6666666666666,0.26422270674638626,7.25,7.514222706746386
red,550,653.3333333333333,0.2667319254582957,7.25,7.516731925458296
red,550,654.0,0.2690388426753069,7.25,7.5190388426753065
red,550,654.6666666666666,0.27113781724215924,7.25,7.52113781724216
red,550,655.3333333333333,0.2730236876230666,7.25,7.523023687623066
red,550,656.0,0.27469179304518354,7.25,7.524691793045184
red,550,656.6666666666666,0.2761379926882965,7.25,7.526137992688296
red,550,657.3333333333333,0.27735868281017645,7.25,7.527358682810177
red,550,658.0,0.2783508117084677,7.25,7.528350811708468
red,550,658.6666666666666,0.2791118924321792,7.25,7.529111892432179
red,550,659.3333333333333,0.2796400131686737,7.25,7.529640013168674
red,550,660.0,0.2799338452454348,7.25,7.529933845245435
red,550,660.6666666666666,0.2799926486997392,7.25,7.529992648699739
red,550,661.3333333333333,0.2798162753835576,7.25,7.529816275383558
red,550,662.0,0.27940516958544764,7.25,7.529405169585448
red,550,662.6666666666666,0.2787603661657877,7.25,7.528760366165788
red,550,663.3333333333333,0.2778834862163034,7.25,7.527883486216304
red,550,664.0,0.2767767302693685,7.25,7.526776730269368
red,550,664.6666666666666,0.2754428690968942,7.25,7.525442869096894
red,550,665.3333333333333,0.2738852321526494,7.25,7.523885232152649
red,550,666.0,0.2721076937254913,7.25,7.522107693725491
red,550,666.6666666666666,0.2701146568841011,7.25,7.520114656884101
red,550,667.3333333333333,0.26791103530633703,7.25,7.517911035306337
red,550,668.0,0.26550223309815085,7.25,7.515502233098151
red,550,668.6666666666666,0.26289412271805074,7.25,7.512894122718051
red,550,669.3333333333333,0.2600930211332826,7.25,7.510093021133283
red,550,670.0,0.25710566434317483,7.25,7.507105664343175
red,550,670.6666666666666,0.25393918041335567,7.25,7.503939180413355
red,550,671.3333333333333,0.25060106117178266,7.25,7.500601061171783
red,550,672.0,0.24709913272368675,7.25,7.497099132723687
red,550,672.6666666666666,0.24344152494754892,7.25,7.493441524947549
red,550,673.3333333333333,0.23963664013811073,7.25,7.4896366401381105
red,550,674.0,0.23569312096516298,7.25,7.485693120965163
red,550,674.6666666666666,0.23161981791840763,7.25,7.481619817918408
red,550,675.3333333333333,0.2274257564090896,7.25,7.477425756409089
red,550,676.0,0.22312010369837976,7.25,7.473120103698379
red,550,676.6666666666666,0.21871213582061355,7.25,7.468712135820613
red,550,677.3333333333333,0.21421120466654664,7.25,7.4642112046665465
red,550,678.0,0.20962670538781958,7.25,7.459626705387819
red,550,678.6666666666666,0.2049680442788193,7.25,7.454968044278819
red,550,679.3333333333333,0.20024460728619878,7.25,7.450244607286199
red,550,680.0,0.1954657292895372,7.25,7.445465729289538
red,550,680.6666666666666,0.19064066428899215,7.25,7.440640664288992
red,550,681.3333333333333,0.18577855662745393,7.25,7.435778556627454
red,550,682.0,0.18088841336573838,7.25,7.4308884133657385
red,550,682.6666666666666,0.17597907791976553,7.25,7.425979077919766
red,550,683.3333333333333,0.17105920505861708,7.25,7.421059205058617
red,550,684.0,0.16613723735193625,7.25,7.416137237351936
red,550,684.6666666666666,0.1612213831443467,7.25,7.411221383144347
red,550,685.3333333333333,0.1563195961235815,7.25,7.4063195961235815
red,550,686.0,0.1514395565379149,7.25,7.401439556537915
red,550,686.6666666666666,0.14658865410729804,7.25,7.396588654107298
red,550,687.3333333333333,0.14177397266146874,7.25,7.391773972661468
red,550,688.0,0.1370022765273138,7.25,7.387002276527314
red,550,688.6666666666666,0.13227999867692206,7.25,7.382279998676922
red,550,689.3333333333333,0.12761323063722094,7.25,7.377613230637221
red,550,690.0,0.12300771415190516,7.25,7.373007714151905
red,550,690.6666666666666,0.11846883457654138,7.25,7.368468834576541
red,550,691.3333333333333,0.11400161597839713,7.25,7.364001615978397
red,550,692.0,0.10961071790374087,7.25,7.359610717903741
red,550,692.6666666666666,0.10530043376708273,7.25,7.355300433767082
red,550,693.3333333333333,0.10107469080917254,7.25,7.351074690809172
red,550,694.0,0.09693705156357894,7.25,7.346937051563579
red,550,694.6666666666666,0.0928907167653035,7.25,7.342890716765304
red,550,695.3333333333333,0.08893852962922606,7.25,7.338938529629226
red,550,696.0,0.08508298142123628,7.25,7.335082981421237
red,550,696.6666666666666,0.08132621824063922,7.25,7.33132621824064
red,550,697.3333333333333,0.0776700489288883,7.25,7.327670048928888
red,550,698.0,0.07411595401688766,7.25,7.324115954016888
red,550,698.6666666666666,0.07066509562096006,7.25,7.32066509562096
red,550,699.3333333333333,0.067318328196132,7.25,7.317318328196132
red,550,700.0,0.06407621005462381,7.25,7.3140762100546235
red,550,700.6666666666666,0.060939015557275156,7.25,7.310939015557275
red,550,701.3333333333333,0.05790674788610725,7.25,7.307906747886107
red,550,702.0,0.054979152307289704,7.25,7.30497915230729
red,550,702.6666666666666,0.05215572983535642,7.25,7.3021557298353565
red,550,703.3333333333333,0.04943575121161714,7.25,7.299435751211617
red,550,704.0,0.04681827111228891,7.25,7.296818271112289
red,550,704.6666666666666,0.044302142504845446,7.25,7.294302142504845
red,550,705.3333333333333,0.04188603107445221,7.25,7.291886031074452
red,550,706.0,0.03956842964606848,7.25,7.289568429646068
red,550,706.6666666666666,0.03734767253177903,7.25,7.287347672531779
red,550,707.3333333333333,0.035221949737157934,7.25,7.285221949737158
red,550,708.0,0.03318932096491669,7.25,7.283189320964917
red,550,708.6666666666666,0.031247729358675577,7.25,7.281247729358675
red,550,709.3333333333333,0.029395014934410452,7.25,7.27939501493441
red,550,710.0,0.027628927651922267,7.25,7.277628927651922
red,550,710.6666666666666,0.02594714008348753,7.25,7.275947140083487
red,550,711.3333333333333,0.024347259641667496,7.25,7.274347259641668
red,550,712.0,0.02282684033304089,7.25,7.272826840333041
red,550,712.6666666666666,0.02138339400932701,7.25,7.271383394009327
red,550,713.3333333333333,0.02001440109197433,7.25,7.2700144010919745
red,550,714.0,0.018717320750777845,7.25,7.268717320750778
red,550,714.6666666666666,0.01748960052140709,7.25,7.267489600521407
red,550,715.3333333333333,0.016328685350879717,7.25,7.26632868535088
red,550,716.0,0.015232026063978561,7.25,7.265232026063979
red,550,716.6666666666666,0.014197087247350092,7.25,7.26419708724735
red,550,717.3333333333333,0.01322135455154515,7.25,7.263221354551545
red,550,718.0,0.012302341414554078,7.25,7.262302341414554
red,550,718.6666666666666,0.01143759521342636,7.25,7.261437595213426
red,550,719.3333333333333,0.010624702853358928,7.25,7.260624702853359
red,550,720.0,0.009861295806182396,7.25,7.259861295806182
red,550,720.6666666666666,0.009145054612457144,7.25,7.259145054612457
red,550,721.3333333333333,0.00847371286342618,7.25,7.2584737128634265
red,550,722.0,0.007845060680859895,7.25,7.25784506068086
red,550,722.6666666666666,0.0072569477143638985,7.25,7.257256947714364
red,550,723.3333333333333,0.006707285677023465,7.25,7.256707285677024
red,550,724.0,0.00619405044133182,7.25,7.256194050441332
red,550,724.6666666666666,0.0057152837181964474,7.25,7.255715283718197
red,550,725.3333333333333,0.005269094342457142,7.25,7.255269094342457
red,550,726.0,0.004853659188791004,7.25,7.254853659188791
red,550,726.6666666666666,0.00446722374212895,7.25,7.254467223742129
red,550,727.3333333333333,0.004108102346785083,7.25,7.254108102346785
red,550,728.0,0.003774678158417047,7.25,7.253774678158417
red,550,728.6666666666666,0.003465402822698925,7.25,7.253465402822699
red,550,729.3333333333333,0.003178795904219626,7.25,7.25317879590422
red,550,730.0,0.002913444088629807,7.25,7.252913444088629
red,550,730.6666666666666,0.0026680001804594076,7.25,7.252668000180459
red,550,731.3333333333333,0.002441181918333564,7.25,7.252441181918334
red,550,732.0,0.002231770628538689,7.25,7.252231770628539
red,550,732.6666666666666,0.0020386097370425627,7.25,7.252038609737043
red,550,733.3333333333333,0.0018606031591676116,7.25,7.251860603159168
red,550,734.0,0.0016967135851663473,7.25,7.251696713585166
red,550,734.6666666666666,0.0015459606789600517,7.25,7.25154596067896
red,550,735.3333333333333,0.0014074192062897375,7.25,7.25140741920629
red,550,736.0,0.0012802171075009647,7.25,7.251280217107501
red,550,736.6666666666666,0.0011635335291480071,7.25,7.251163533529148
red,550,737.3333333333333,0.0010565968275687554,7.25,7.251056596827569
red,550,738.0,0.000958682556556379,7.25,7.250958682556556
red,550,738.6666666666666,0.0008691114502422428,7.25,7.250869111450243
red,550,739.3333333333333,0.0007872474113147074,7.25,7.250787247411314
red,550,740.0,0.0007124955137350306,7.25,7.250712495513735
red,550,740.6666666666666,0.0006443000281779228,7.25,7.250644300028178
red,550,741.3333333333333,0.0005821424775257598,7.25,7.250582142477525
red,550,742.0,0.0005255397288848805,7.25,7.250525539728885
red,550,742.6666666666666,0.0004740421277715071,7.25,7.250474042127771
red,550,743.3333333333333,0.0004272316793367967,7.25,7.250427231679337
red,550,744.0,0.00038472028076662535,7.25,7.250384720280767
red,550,744.6666666666666,0.00034614800830219867,7.25,7.250346148008302
red,550,745.3333333333333,0.00031118146168397686,7.25,7.250311181461684
red,550,746.0,0.0002795121682235291,7.25,7.250279512168223
red,550,746.6666666666666,0.0002508550481551303,7.25,7.250250855048155
red,550,747.3333333333333,0.00022494694241120036,7.25,7.250224946942411
red,550,748.0,0.00020154520350203778,7.25,7.2502015452035025
red,550,748.6666666666666,0.00018042634975921142,7.25,7.250180426349759
red,550,749.3333333333333,0.0001613847828225633,7.25,7.250161384782823
red,550,750.0,0.00014423156791134236,7.25,7.250144231567911
red,550,750.6666666666666,0.00012879327611858921,7.25,7.250128793276119
red,550,751.3333333333333,0.00011491088770300683,7.25,7.250114910887703
red,550,752.0,0.00010243875512217849,7.25,7.250102438755122
red,550,752.6666666666666,9.124362435291834e-05,7.25,7.250091243624353
red,550,753.3333333333333,8.120371287698704e-05,7.25,7.250081203712877
red,550,754.0,7.22078425712126e-05,7.25,7.250072207842571
red,550,754.6666666666666,6.415462562804358e-05,7.25,7.250064154625628
red,550,755.3333333333333,5.6951701543826447e-05,7.25,7.250056951701544
red,550,756.0,5.05150231455891e-05,7.25,7.250050515023146
red,550,756.6666666666666,4.476818958075038e-05,7.25,7.25004476818958
red,550,757.3333333333333,3.964182416616087e-05,7.25,7.250039641824166
red,550,758.0,3.5072994981352266e-05,7.25,7.250035072994981
red,550,758.6666666666666,3.1004676093962746e-05,7.25,7.250031004676094
red,550,759.3333333333333,2.738524732144642e-05,7.25,7.250027385247321
red,550,760.0,2.4168030460719995e-05,7.25,7.2500241680304605
red,550,760.6666666666666,2.1310859954809383e-05,7.25,7.250021310859955
red,550,761.3333333333333,1.8775686011480226e-05,7.25,7.250018775686011
red,550,762.0,1.652820824194243e-05,7.25,7.250016528208242
red,550,762.6666666666666,1.4537537946752895e-05,7.25,7.250014537537947
red,550,763.3333333333333,1.2775887239933284e-05,7.25,7.25001277588724
red,550,764.0,1.12182832700263e-05,7.25,7.25001121828327
red,550,764.6666666666666,9.842305867379383e-06,7.25,7.250009842305867
red,550,765.3333333333333,8.627847019551735e-06,7.25,7.25000862784702
red,550,766.0,7.556890650625048e-06,7.25,7.250007556890651
red,550,766.6666666666666,6.613311254660004e-06,7.25,7.250006613311255
red,550,767.3333333333333,5.782690008007075e-06,7.25,7.250005782690008
red,550,768.0,5.052147059116081e-06,7.25,7.250005052147059
red,550,768.6666666666666,4.410188767425057e-06,7.25,7.250004410188767
red,550,769.3333333333333,3.846568734470498e-06,7.25,7.250003846568735
red,550,770.0,3.352161540207936e-06,7.25,7.25000335216154
red,550,770.6666666666666,2.9188481653802107e-06,7.25,7.250002918848165
red,550,771.3333333333333,2.5394121464039517e-06,7.25,7.250002539412146
red,550,772.0,2.2074455724788438e-06,7.25,7.250002207445572
red,550,772.6666666666666,1.917264095314629e-06,7.25,7.250001917264095
red,550,773.3333333333333,1.6638301799247757e-06,7.25,7.25000166383018
red,550,774.0,1.4426838802825216e-06,7.25,7.25000144268388
red,550,774.6666666666666,1.2498804762345426e-06,7.25,7.2500012498804765
red,550,775.3333333333333,1.0819343579132063e-06,7.25,7.250001081934358
red,550,776.0,9.357685909910417e-07,7.25,7.250000935768591
red,550,776.6666666666666,8.086696405097637e-07,7.25,7.250000808669641
red,550,777.3333333333333,6.982467727437123e-07,7.25,7.250000698246772
red,550,778.0,6.023956936852087e-07,7.25,7.250000602395693
red,550,778.6666666666666,5.192660193412917e-07,7.25,7.2500005192660195
red,550,779.3333333333333,4.4723220719361577e-07,7.25,7.250000447232207
red,550,780.0,3.8486760998800405e-07,7.25,7.25000038486761
red,550,780.6666666666666,3.309213425835854e-07,7.25,7.250000330921343
red,550,781.3333333333333,2.8429768000747255e-07,7.25,7.25000028429768
red,550,782.0,2.440377302335351e-07,7.25,7.2500002440377305
red,550,782.6666666666666,2.0930314863845435e-07,7.25,7.250000209303149
red,550,783.3333333333333,1.793616826923602e-07,7.25,7.250000179361683
red,550,784.0,1.535743553202664e-07,7.25,7.250000153574355
red,550,784.6666666666666,1.3138411362819192e-07,7.25,7.250000131384113
red,550,785.3333333333333,1.1230578642701553e-07,7.25,7.250000112305786
red,550,786.0,9.591720930697235e-08,7.25,7.250000095917209
red,550,786.6666666666666,8.185139001225029e-08,7.25,7.25000008185139
red,550,787.3333333333333,6.97895996314924e-08,7.25,7.2500000697896
red,550,788.0,5.945528674485841e-08,7.25,7.250000059455287
red,550,788.6666666666666,5.0608722236363774e-08,7.25,7.2500000506087225
red,550,789.3333333333333,4.304229207236544e-08,7.25,7.250000043042292
red,550,790.0,3.657636403967495e-08,7.25,7.250000036576364
red,550,790.6666666666666,3.105566230184995e-08,7.25,7.250000031055662
red,550,791.3333333333333,2.6346090737814708e-08,7.25,7.250000026346091
red,550,792.0,2.2331952436672403e-08,7.25,7.250000022331952
red,550,792.6666666666666,1.89135184959084e-08,7.25,7.250000018913519
red,550,793.3333333333333,1.6004904462757355e-08,7.25,7.250000016004904
red,550,794.0,1.3532217421945174e-08,7.25,7.250000013532217
red,550,794.6666666666666,1.1431940915199175e-08,7.25,7.250000011431941
red,550,795.3333333333333,9.64952862324429e-09,7.25,7.250000009649528
red,550,796.0,8.138181090391943e-09,7.25,7.250000008138181
red,550,796.6666666666666,6.857782762957648e-09,7.25,7.250000006857783
red,550,797.3333333333333,5.7739792803027056e-09,7.25,7.2500000057739795
red,550,798.0,4.857377333045356e-09,7.25,7.250000004857378
red,550,798.6666666666666,4.082851515986165e-09,7.25,7.250000004082851
red,550,799.3333333333333,3.428944480117393e-09,7.25,7.250000003428944
red,550,800.0,2.8773483529243214e-09,7.25,7.250000002877348
